<?xml version="1.0" encoding="UTF-8"?>
<gpx creator="StravaGPX" version="1.1" xmlns="http://www.topografix.com/GPX/1/1" xmlns:xsi="http://www.w3.org/2001/XMLSchema-instance" xsi:schemaLocation="http://www.topografix.com/GPX/1/1 http://www.topografix.com/GPX/1/1/gpx.xsd http://www.garmin.com/xmlschemas/GpxExtensions/v3 http://www.garmin.com/xmlschemas/GpxExtensionsv3.xsd http://www.garmin.com/xmlschemas/TrackPointExtension/v1 http://www.garmin.com/xmlschemas/TrackPointExtensionv1.xsd" xmlns:gpxtpx="http://www.garmin.com/xmlschemas/TrackPointExtension/v1" xmlns:gpxx="http://www.garmin.com/xmlschemas/GpxExtensions/v3">
 <metadata>
  <name>Lorena - Lencois Maranhenses Dia 2 (16 jun)</name>
  <time>2026-06-16T09:18:51Z</time>
 </metadata>
 <trk>
  <name>Lorena - Lencois Maranhenses Dia 2 (16 jun)</name>
  <type>Hike</type>
  <trkseg>
   <trkpt lat="-2.6499020" lon="-43.0322680">
    <ele>41.8</ele>
    <time>2026-06-16T09:18:51Z</time>
     <extensions>
      <gpxtpx:TrackPointExtension>
       <gpxtpx:hr>108</gpxtpx:hr>
      </gpxtpx:TrackPointExtension>
     </extensions>
   </trkpt>
   <trkpt lat="-2.6498970" lon="-43.0322610">
    <ele>37.4</ele>
    <time>2026-06-16T09:18:56Z</time>
     <extensions>
      <gpxtpx:TrackPointExtension>
       <gpxtpx:hr>108</gpxtpx:hr>
      </gpxtpx:TrackPointExtension>
     </extensions>
   </trkpt>
   <trkpt lat="-2.6498970" lon="-43.0322550">
    <ele>35.2</ele>
    <time>2026-06-16T09:19:01Z</time>
     <extensions>
      <gpxtpx:TrackPointExtension>
       <gpxtpx:hr>108</gpxtpx:hr>
      </gpxtpx:TrackPointExtension>
     </extensions>
   </trkpt>
   <trkpt lat="-2.6498910" lon="-43.0322510">
    <ele>35.0</ele>
    <time>2026-06-16T09:19:06Z</time>
     <extensions>
      <gpxtpx:TrackPointExtension>
       <gpxtpx:hr>106</gpxtpx:hr>
      </gpxtpx:TrackPointExtension>
     </extensions>
   </trkpt>
   <trkpt lat="-2.6499070" lon="-43.0322430">
    <ele>35.0</ele>
    <time>2026-06-16T09:19:11Z</time>
     <extensions>
      <gpxtpx:TrackPointExtension>
       <gpxtpx:hr>106</gpxtpx:hr>
      </gpxtpx:TrackPointExtension>
     </extensions>
   </trkpt>
   <trkpt lat="-2.6499100" lon="-43.0322440">
    <ele>35.0</ele>
    <time>2026-06-16T09:19:16Z</time>
     <extensions>
      <gpxtpx:TrackPointExtension>
       <gpxtpx:hr>103</gpxtpx:hr>
      </gpxtpx:TrackPointExtension>
     </extensions>
   </trkpt>
   <trkpt lat="-2.6499150" lon="-43.0322460">
    <ele>35.0</ele>
    <time>2026-06-16T09:19:21Z</time>
     <extensions>
      <gpxtpx:TrackPointExtension>
       <gpxtpx:hr>101</gpxtpx:hr>
      </gpxtpx:TrackPointExtension>
     </extensions>
   </trkpt>
   <trkpt lat="-2.6499160" lon="-43.0322470">
    <ele>35.0</ele>
    <time>2026-06-16T09:19:26Z</time>
     <extensions>
      <gpxtpx:TrackPointExtension>
       <gpxtpx:hr>100</gpxtpx:hr>
      </gpxtpx:TrackPointExtension>
     </extensions>
   </trkpt>
   <trkpt lat="-2.6499170" lon="-43.0322450">
    <ele>35.0</ele>
    <time>2026-06-16T09:19:31Z</time>
     <extensions>
      <gpxtpx:TrackPointExtension>
       <gpxtpx:hr>102</gpxtpx:hr>
      </gpxtpx:TrackPointExtension>
     </extensions>
   </trkpt>
   <trkpt lat="-2.6499220" lon="-43.0322250">
    <ele>35.0</ele>
    <time>2026-06-16T09:19:36Z</time>
     <extensions>
      <gpxtpx:TrackPointExtension>
       <gpxtpx:hr>102</gpxtpx:hr>
      </gpxtpx:TrackPointExtension>
     </extensions>
   </trkpt>
   <trkpt lat="-2.6499230" lon="-43.0322120">
    <ele>35.0</ele>
    <time>2026-06-16T09:19:41Z</time>
     <extensions>
      <gpxtpx:TrackPointExtension>
       <gpxtpx:hr>99</gpxtpx:hr>
      </gpxtpx:TrackPointExtension>
     </extensions>
   </trkpt>
   <trkpt lat="-2.6499120" lon="-43.0321900">
    <ele>35.0</ele>
    <time>2026-06-16T09:19:46Z</time>
     <extensions>
      <gpxtpx:TrackPointExtension>
       <gpxtpx:hr>102</gpxtpx:hr>
      </gpxtpx:TrackPointExtension>
     </extensions>
   </trkpt>
   <trkpt lat="-2.6498940" lon="-43.0321550">
    <ele>35.0</ele>
    <time>2026-06-16T09:19:51Z</time>
     <extensions>
      <gpxtpx:TrackPointExtension>
       <gpxtpx:hr>102</gpxtpx:hr>
      </gpxtpx:TrackPointExtension>
     </extensions>
   </trkpt>
   <trkpt lat="-2.6498810" lon="-43.0321130">
    <ele>35.0</ele>
    <time>2026-06-16T09:19:56Z</time>
     <extensions>
      <gpxtpx:TrackPointExtension>
       <gpxtpx:hr>109</gpxtpx:hr>
      </gpxtpx:TrackPointExtension>
     </extensions>
   </trkpt>
   <trkpt lat="-2.6498670" lon="-43.0320760">
    <ele>34.8</ele>
    <time>2026-06-16T09:20:01Z</time>
     <extensions>
      <gpxtpx:TrackPointExtension>
       <gpxtpx:hr>107</gpxtpx:hr>
      </gpxtpx:TrackPointExtension>
     </extensions>
   </trkpt>
   <trkpt lat="-2.6498580" lon="-43.0320410">
    <ele>34.8</ele>
    <time>2026-06-16T09:20:06Z</time>
     <extensions>
      <gpxtpx:TrackPointExtension>
       <gpxtpx:hr>106</gpxtpx:hr>
      </gpxtpx:TrackPointExtension>
     </extensions>
   </trkpt>
   <trkpt lat="-2.6498550" lon="-43.0320030">
    <ele>34.8</ele>
    <time>2026-06-16T09:20:11Z</time>
     <extensions>
      <gpxtpx:TrackPointExtension>
       <gpxtpx:hr>106</gpxtpx:hr>
      </gpxtpx:TrackPointExtension>
     </extensions>
   </trkpt>
   <trkpt lat="-2.6498360" lon="-43.0319640">
    <ele>34.8</ele>
    <time>2026-06-16T09:20:16Z</time>
     <extensions>
      <gpxtpx:TrackPointExtension>
       <gpxtpx:hr>110</gpxtpx:hr>
      </gpxtpx:TrackPointExtension>
     </extensions>
   </trkpt>
   <trkpt lat="-2.6498140" lon="-43.0319310">
    <ele>34.8</ele>
    <time>2026-06-16T09:20:21Z</time>
     <extensions>
      <gpxtpx:TrackPointExtension>
       <gpxtpx:hr>116</gpxtpx:hr>
      </gpxtpx:TrackPointExtension>
     </extensions>
   </trkpt>
   <trkpt lat="-2.6497920" lon="-43.0318960">
    <ele>34.6</ele>
    <time>2026-06-16T09:20:26Z</time>
     <extensions>
      <gpxtpx:TrackPointExtension>
       <gpxtpx:hr>116</gpxtpx:hr>
      </gpxtpx:TrackPointExtension>
     </extensions>
   </trkpt>
   <trkpt lat="-2.6497810" lon="-43.0318600">
    <ele>34.6</ele>
    <time>2026-06-16T09:20:31Z</time>
     <extensions>
      <gpxtpx:TrackPointExtension>
       <gpxtpx:hr>119</gpxtpx:hr>
      </gpxtpx:TrackPointExtension>
     </extensions>
   </trkpt>
   <trkpt lat="-2.6497710" lon="-43.0318270">
    <ele>34.8</ele>
    <time>2026-06-16T09:20:36Z</time>
     <extensions>
      <gpxtpx:TrackPointExtension>
       <gpxtpx:hr>119</gpxtpx:hr>
      </gpxtpx:TrackPointExtension>
     </extensions>
   </trkpt>
   <trkpt lat="-2.6497520" lon="-43.0318060">
    <ele>34.8</ele>
    <time>2026-06-16T09:20:41Z</time>
     <extensions>
      <gpxtpx:TrackPointExtension>
       <gpxtpx:hr>122</gpxtpx:hr>
      </gpxtpx:TrackPointExtension>
     </extensions>
   </trkpt>
   <trkpt lat="-2.6497160" lon="-43.0317930">
    <ele>34.8</ele>
    <time>2026-06-16T09:20:46Z</time>
     <extensions>
      <gpxtpx:TrackPointExtension>
       <gpxtpx:hr>124</gpxtpx:hr>
      </gpxtpx:TrackPointExtension>
     </extensions>
   </trkpt>
   <trkpt lat="-2.6496660" lon="-43.0317820">
    <ele>34.6</ele>
    <time>2026-06-16T09:20:51Z</time>
     <extensions>
      <gpxtpx:TrackPointExtension>
       <gpxtpx:hr>124</gpxtpx:hr>
      </gpxtpx:TrackPointExtension>
     </extensions>
   </trkpt>
   <trkpt lat="-2.6496260" lon="-43.0317800">
    <ele>34.4</ele>
    <time>2026-06-16T09:20:56Z</time>
     <extensions>
      <gpxtpx:TrackPointExtension>
       <gpxtpx:hr>123</gpxtpx:hr>
      </gpxtpx:TrackPointExtension>
     </extensions>
   </trkpt>
   <trkpt lat="-2.6495880" lon="-43.0317940">
    <ele>34.4</ele>
    <time>2026-06-16T09:21:01Z</time>
     <extensions>
      <gpxtpx:TrackPointExtension>
       <gpxtpx:hr>120</gpxtpx:hr>
      </gpxtpx:TrackPointExtension>
     </extensions>
   </trkpt>
   <trkpt lat="-2.6495460" lon="-43.0318150">
    <ele>34.4</ele>
    <time>2026-06-16T09:21:06Z</time>
     <extensions>
      <gpxtpx:TrackPointExtension>
       <gpxtpx:hr>120</gpxtpx:hr>
      </gpxtpx:TrackPointExtension>
     </extensions>
   </trkpt>
   <trkpt lat="-2.6495050" lon="-43.0318280">
    <ele>34.4</ele>
    <time>2026-06-16T09:21:11Z</time>
     <extensions>
      <gpxtpx:TrackPointExtension>
       <gpxtpx:hr>116</gpxtpx:hr>
      </gpxtpx:TrackPointExtension>
     </extensions>
   </trkpt>
   <trkpt lat="-2.6494650" lon="-43.0318530">
    <ele>34.4</ele>
    <time>2026-06-16T09:21:16Z</time>
     <extensions>
      <gpxtpx:TrackPointExtension>
       <gpxtpx:hr>113</gpxtpx:hr>
      </gpxtpx:TrackPointExtension>
     </extensions>
   </trkpt>
   <trkpt lat="-2.6494190" lon="-43.0318730">
    <ele>34.6</ele>
    <time>2026-06-16T09:21:21Z</time>
     <extensions>
      <gpxtpx:TrackPointExtension>
       <gpxtpx:hr>114</gpxtpx:hr>
      </gpxtpx:TrackPointExtension>
     </extensions>
   </trkpt>
   <trkpt lat="-2.6493830" lon="-43.0318820">
    <ele>34.6</ele>
    <time>2026-06-16T09:21:26Z</time>
     <extensions>
      <gpxtpx:TrackPointExtension>
       <gpxtpx:hr>114</gpxtpx:hr>
      </gpxtpx:TrackPointExtension>
     </extensions>
   </trkpt>
   <trkpt lat="-2.6493360" lon="-43.0318920">
    <ele>34.8</ele>
    <time>2026-06-16T09:21:31Z</time>
     <extensions>
      <gpxtpx:TrackPointExtension>
       <gpxtpx:hr>113</gpxtpx:hr>
      </gpxtpx:TrackPointExtension>
     </extensions>
   </trkpt>
   <trkpt lat="-2.6492960" lon="-43.0318970">
    <ele>34.8</ele>
    <time>2026-06-16T09:21:36Z</time>
     <extensions>
      <gpxtpx:TrackPointExtension>
       <gpxtpx:hr>113</gpxtpx:hr>
      </gpxtpx:TrackPointExtension>
     </extensions>
   </trkpt>
   <trkpt lat="-2.6492490" lon="-43.0319050">
    <ele>34.8</ele>
    <time>2026-06-16T09:21:41Z</time>
     <extensions>
      <gpxtpx:TrackPointExtension>
       <gpxtpx:hr>118</gpxtpx:hr>
      </gpxtpx:TrackPointExtension>
     </extensions>
   </trkpt>
   <trkpt lat="-2.6492010" lon="-43.0319120">
    <ele>35.0</ele>
    <time>2026-06-16T09:21:46Z</time>
     <extensions>
      <gpxtpx:TrackPointExtension>
       <gpxtpx:hr>118</gpxtpx:hr>
      </gpxtpx:TrackPointExtension>
     </extensions>
   </trkpt>
   <trkpt lat="-2.6491600" lon="-43.0318930">
    <ele>35.0</ele>
    <time>2026-06-16T09:21:51Z</time>
     <extensions>
      <gpxtpx:TrackPointExtension>
       <gpxtpx:hr>118</gpxtpx:hr>
      </gpxtpx:TrackPointExtension>
     </extensions>
   </trkpt>
   <trkpt lat="-2.6491320" lon="-43.0318720">
    <ele>35.0</ele>
    <time>2026-06-16T09:21:56Z</time>
     <extensions>
      <gpxtpx:TrackPointExtension>
       <gpxtpx:hr>121</gpxtpx:hr>
      </gpxtpx:TrackPointExtension>
     </extensions>
   </trkpt>
   <trkpt lat="-2.6490940" lon="-43.0318620">
    <ele>34.8</ele>
    <time>2026-06-16T09:22:01Z</time>
     <extensions>
      <gpxtpx:TrackPointExtension>
       <gpxtpx:hr>120</gpxtpx:hr>
      </gpxtpx:TrackPointExtension>
     </extensions>
   </trkpt>
   <trkpt lat="-2.6490450" lon="-43.0318590">
    <ele>34.8</ele>
    <time>2026-06-16T09:22:06Z</time>
     <extensions>
      <gpxtpx:TrackPointExtension>
       <gpxtpx:hr>116</gpxtpx:hr>
      </gpxtpx:TrackPointExtension>
     </extensions>
   </trkpt>
   <trkpt lat="-2.6490040" lon="-43.0318480">
    <ele>34.6</ele>
    <time>2026-06-16T09:22:11Z</time>
     <extensions>
      <gpxtpx:TrackPointExtension>
       <gpxtpx:hr>118</gpxtpx:hr>
      </gpxtpx:TrackPointExtension>
     </extensions>
   </trkpt>
   <trkpt lat="-2.6489680" lon="-43.0318410">
    <ele>34.4</ele>
    <time>2026-06-16T09:22:16Z</time>
     <extensions>
      <gpxtpx:TrackPointExtension>
       <gpxtpx:hr>116</gpxtpx:hr>
      </gpxtpx:TrackPointExtension>
     </extensions>
   </trkpt>
   <trkpt lat="-2.6489210" lon="-43.0318250">
    <ele>34.4</ele>
    <time>2026-06-16T09:22:21Z</time>
     <extensions>
      <gpxtpx:TrackPointExtension>
       <gpxtpx:hr>115</gpxtpx:hr>
      </gpxtpx:TrackPointExtension>
     </extensions>
   </trkpt>
   <trkpt lat="-2.6488840" lon="-43.0318010">
    <ele>34.2</ele>
    <time>2026-06-16T09:22:26Z</time>
     <extensions>
      <gpxtpx:TrackPointExtension>
       <gpxtpx:hr>116</gpxtpx:hr>
      </gpxtpx:TrackPointExtension>
     </extensions>
   </trkpt>
   <trkpt lat="-2.6488430" lon="-43.0317720">
    <ele>34.2</ele>
    <time>2026-06-16T09:22:31Z</time>
     <extensions>
      <gpxtpx:TrackPointExtension>
       <gpxtpx:hr>116</gpxtpx:hr>
      </gpxtpx:TrackPointExtension>
     </extensions>
   </trkpt>
   <trkpt lat="-2.6488000" lon="-43.0317350">
    <ele>34.2</ele>
    <time>2026-06-16T09:22:36Z</time>
     <extensions>
      <gpxtpx:TrackPointExtension>
       <gpxtpx:hr>116</gpxtpx:hr>
      </gpxtpx:TrackPointExtension>
     </extensions>
   </trkpt>
   <trkpt lat="-2.6487600" lon="-43.0316950">
    <ele>34.0</ele>
    <time>2026-06-16T09:22:41Z</time>
     <extensions>
      <gpxtpx:TrackPointExtension>
       <gpxtpx:hr>117</gpxtpx:hr>
      </gpxtpx:TrackPointExtension>
     </extensions>
   </trkpt>
   <trkpt lat="-2.6487160" lon="-43.0316670">
    <ele>34.0</ele>
    <time>2026-06-16T09:22:46Z</time>
     <extensions>
      <gpxtpx:TrackPointExtension>
       <gpxtpx:hr>117</gpxtpx:hr>
      </gpxtpx:TrackPointExtension>
     </extensions>
   </trkpt>
   <trkpt lat="-2.6486760" lon="-43.0316450">
    <ele>34.0</ele>
    <time>2026-06-16T09:22:51Z</time>
     <extensions>
      <gpxtpx:TrackPointExtension>
       <gpxtpx:hr>117</gpxtpx:hr>
      </gpxtpx:TrackPointExtension>
     </extensions>
   </trkpt>
   <trkpt lat="-2.6486430" lon="-43.0315990">
    <ele>33.8</ele>
    <time>2026-06-16T09:22:56Z</time>
     <extensions>
      <gpxtpx:TrackPointExtension>
       <gpxtpx:hr>115</gpxtpx:hr>
      </gpxtpx:TrackPointExtension>
     </extensions>
   </trkpt>
   <trkpt lat="-2.6486110" lon="-43.0315550">
    <ele>33.8</ele>
    <time>2026-06-16T09:23:01Z</time>
     <extensions>
      <gpxtpx:TrackPointExtension>
       <gpxtpx:hr>113</gpxtpx:hr>
      </gpxtpx:TrackPointExtension>
     </extensions>
   </trkpt>
   <trkpt lat="-2.6485800" lon="-43.0315150">
    <ele>33.8</ele>
    <time>2026-06-16T09:23:06Z</time>
     <extensions>
      <gpxtpx:TrackPointExtension>
       <gpxtpx:hr>113</gpxtpx:hr>
      </gpxtpx:TrackPointExtension>
     </extensions>
   </trkpt>
   <trkpt lat="-2.6485520" lon="-43.0314880">
    <ele>33.8</ele>
    <time>2026-06-16T09:23:11Z</time>
     <extensions>
      <gpxtpx:TrackPointExtension>
       <gpxtpx:hr>115</gpxtpx:hr>
      </gpxtpx:TrackPointExtension>
     </extensions>
   </trkpt>
   <trkpt lat="-2.6485180" lon="-43.0314480">
    <ele>33.8</ele>
    <time>2026-06-16T09:23:16Z</time>
     <extensions>
      <gpxtpx:TrackPointExtension>
       <gpxtpx:hr>116</gpxtpx:hr>
      </gpxtpx:TrackPointExtension>
     </extensions>
   </trkpt>
   <trkpt lat="-2.6484950" lon="-43.0314070">
    <ele>33.8</ele>
    <time>2026-06-16T09:23:21Z</time>
     <extensions>
      <gpxtpx:TrackPointExtension>
       <gpxtpx:hr>116</gpxtpx:hr>
      </gpxtpx:TrackPointExtension>
     </extensions>
   </trkpt>
   <trkpt lat="-2.6484820" lon="-43.0313860">
    <ele>33.8</ele>
    <time>2026-06-16T09:23:26Z</time>
     <extensions>
      <gpxtpx:TrackPointExtension>
       <gpxtpx:hr>115</gpxtpx:hr>
      </gpxtpx:TrackPointExtension>
     </extensions>
   </trkpt>
   <trkpt lat="-2.6484680" lon="-43.0313560">
    <ele>33.8</ele>
    <time>2026-06-16T09:23:31Z</time>
     <extensions>
      <gpxtpx:TrackPointExtension>
       <gpxtpx:hr>114</gpxtpx:hr>
      </gpxtpx:TrackPointExtension>
     </extensions>
   </trkpt>
   <trkpt lat="-2.6484560" lon="-43.0313330">
    <ele>33.8</ele>
    <time>2026-06-16T09:23:36Z</time>
     <extensions>
      <gpxtpx:TrackPointExtension>
       <gpxtpx:hr>113</gpxtpx:hr>
      </gpxtpx:TrackPointExtension>
     </extensions>
   </trkpt>
   <trkpt lat="-2.6484370" lon="-43.0313100">
    <ele>33.8</ele>
    <time>2026-06-16T09:23:41Z</time>
     <extensions>
      <gpxtpx:TrackPointExtension>
       <gpxtpx:hr>113</gpxtpx:hr>
      </gpxtpx:TrackPointExtension>
     </extensions>
   </trkpt>
   <trkpt lat="-2.6484180" lon="-43.0312690">
    <ele>33.8</ele>
    <time>2026-06-16T09:23:46Z</time>
     <extensions>
      <gpxtpx:TrackPointExtension>
       <gpxtpx:hr>115</gpxtpx:hr>
      </gpxtpx:TrackPointExtension>
     </extensions>
   </trkpt>
   <trkpt lat="-2.6484210" lon="-43.0312220">
    <ele>33.8</ele>
    <time>2026-06-16T09:23:51Z</time>
     <extensions>
      <gpxtpx:TrackPointExtension>
       <gpxtpx:hr>115</gpxtpx:hr>
      </gpxtpx:TrackPointExtension>
     </extensions>
   </trkpt>
   <trkpt lat="-2.6484450" lon="-43.0311690">
    <ele>33.8</ele>
    <time>2026-06-16T09:23:56Z</time>
     <extensions>
      <gpxtpx:TrackPointExtension>
       <gpxtpx:hr>115</gpxtpx:hr>
      </gpxtpx:TrackPointExtension>
     </extensions>
   </trkpt>
   <trkpt lat="-2.6484540" lon="-43.0311120">
    <ele>33.8</ele>
    <time>2026-06-16T09:24:01Z</time>
     <extensions>
      <gpxtpx:TrackPointExtension>
       <gpxtpx:hr>115</gpxtpx:hr>
      </gpxtpx:TrackPointExtension>
     </extensions>
   </trkpt>
   <trkpt lat="-2.6484520" lon="-43.0310640">
    <ele>33.8</ele>
    <time>2026-06-16T09:24:06Z</time>
     <extensions>
      <gpxtpx:TrackPointExtension>
       <gpxtpx:hr>115</gpxtpx:hr>
      </gpxtpx:TrackPointExtension>
     </extensions>
   </trkpt>
   <trkpt lat="-2.6484440" lon="-43.0310190">
    <ele>33.8</ele>
    <time>2026-06-16T09:24:11Z</time>
     <extensions>
      <gpxtpx:TrackPointExtension>
       <gpxtpx:hr>115</gpxtpx:hr>
      </gpxtpx:TrackPointExtension>
     </extensions>
   </trkpt>
   <trkpt lat="-2.6484340" lon="-43.0309660">
    <ele>33.8</ele>
    <time>2026-06-16T09:24:16Z</time>
     <extensions>
      <gpxtpx:TrackPointExtension>
       <gpxtpx:hr>115</gpxtpx:hr>
      </gpxtpx:TrackPointExtension>
     </extensions>
   </trkpt>
   <trkpt lat="-2.6484280" lon="-43.0309200">
    <ele>33.8</ele>
    <time>2026-06-16T09:24:21Z</time>
     <extensions>
      <gpxtpx:TrackPointExtension>
       <gpxtpx:hr>118</gpxtpx:hr>
      </gpxtpx:TrackPointExtension>
     </extensions>
   </trkpt>
   <trkpt lat="-2.6484120" lon="-43.0308720">
    <ele>33.8</ele>
    <time>2026-06-16T09:24:26Z</time>
     <extensions>
      <gpxtpx:TrackPointExtension>
       <gpxtpx:hr>120</gpxtpx:hr>
      </gpxtpx:TrackPointExtension>
     </extensions>
   </trkpt>
   <trkpt lat="-2.6484040" lon="-43.0308380">
    <ele>33.8</ele>
    <time>2026-06-16T09:24:31Z</time>
     <extensions>
      <gpxtpx:TrackPointExtension>
       <gpxtpx:hr>120</gpxtpx:hr>
      </gpxtpx:TrackPointExtension>
     </extensions>
   </trkpt>
   <trkpt lat="-2.6484030" lon="-43.0307780">
    <ele>33.8</ele>
    <time>2026-06-16T09:24:36Z</time>
     <extensions>
      <gpxtpx:TrackPointExtension>
       <gpxtpx:hr>118</gpxtpx:hr>
      </gpxtpx:TrackPointExtension>
     </extensions>
   </trkpt>
   <trkpt lat="-2.6483970" lon="-43.0307300">
    <ele>33.8</ele>
    <time>2026-06-16T09:24:41Z</time>
     <extensions>
      <gpxtpx:TrackPointExtension>
       <gpxtpx:hr>115</gpxtpx:hr>
      </gpxtpx:TrackPointExtension>
     </extensions>
   </trkpt>
   <trkpt lat="-2.6483750" lon="-43.0306980">
    <ele>33.8</ele>
    <time>2026-06-16T09:24:46Z</time>
     <extensions>
      <gpxtpx:TrackPointExtension>
       <gpxtpx:hr>115</gpxtpx:hr>
      </gpxtpx:TrackPointExtension>
     </extensions>
   </trkpt>
   <trkpt lat="-2.6483420" lon="-43.0306500">
    <ele>33.8</ele>
    <time>2026-06-16T09:24:51Z</time>
     <extensions>
      <gpxtpx:TrackPointExtension>
       <gpxtpx:hr>115</gpxtpx:hr>
      </gpxtpx:TrackPointExtension>
     </extensions>
   </trkpt>
   <trkpt lat="-2.6483240" lon="-43.0306010">
    <ele>33.8</ele>
    <time>2026-06-16T09:24:56Z</time>
     <extensions>
      <gpxtpx:TrackPointExtension>
       <gpxtpx:hr>114</gpxtpx:hr>
      </gpxtpx:TrackPointExtension>
     </extensions>
   </trkpt>
   <trkpt lat="-2.6483030" lon="-43.0305540">
    <ele>33.6</ele>
    <time>2026-06-16T09:25:01Z</time>
     <extensions>
      <gpxtpx:TrackPointExtension>
       <gpxtpx:hr>114</gpxtpx:hr>
      </gpxtpx:TrackPointExtension>
     </extensions>
   </trkpt>
   <trkpt lat="-2.6482840" lon="-43.0304980">
    <ele>33.8</ele>
    <time>2026-06-16T09:25:06Z</time>
     <extensions>
      <gpxtpx:TrackPointExtension>
       <gpxtpx:hr>115</gpxtpx:hr>
      </gpxtpx:TrackPointExtension>
     </extensions>
   </trkpt>
   <trkpt lat="-2.6482560" lon="-43.0304630">
    <ele>33.8</ele>
    <time>2026-06-16T09:25:11Z</time>
     <extensions>
      <gpxtpx:TrackPointExtension>
       <gpxtpx:hr>115</gpxtpx:hr>
      </gpxtpx:TrackPointExtension>
     </extensions>
   </trkpt>
   <trkpt lat="-2.6482060" lon="-43.0304330">
    <ele>33.8</ele>
    <time>2026-06-16T09:25:16Z</time>
     <extensions>
      <gpxtpx:TrackPointExtension>
       <gpxtpx:hr>117</gpxtpx:hr>
      </gpxtpx:TrackPointExtension>
     </extensions>
   </trkpt>
   <trkpt lat="-2.6481720" lon="-43.0304020">
    <ele>34.0</ele>
    <time>2026-06-16T09:25:21Z</time>
     <extensions>
      <gpxtpx:TrackPointExtension>
       <gpxtpx:hr>118</gpxtpx:hr>
      </gpxtpx:TrackPointExtension>
     </extensions>
   </trkpt>
   <trkpt lat="-2.6481350" lon="-43.0303690">
    <ele>34.0</ele>
    <time>2026-06-16T09:25:26Z</time>
     <extensions>
      <gpxtpx:TrackPointExtension>
       <gpxtpx:hr>119</gpxtpx:hr>
      </gpxtpx:TrackPointExtension>
     </extensions>
   </trkpt>
   <trkpt lat="-2.6481090" lon="-43.0303320">
    <ele>34.0</ele>
    <time>2026-06-16T09:25:31Z</time>
     <extensions>
      <gpxtpx:TrackPointExtension>
       <gpxtpx:hr>119</gpxtpx:hr>
      </gpxtpx:TrackPointExtension>
     </extensions>
   </trkpt>
   <trkpt lat="-2.6480790" lon="-43.0303060">
    <ele>34.0</ele>
    <time>2026-06-16T09:25:36Z</time>
     <extensions>
      <gpxtpx:TrackPointExtension>
       <gpxtpx:hr>119</gpxtpx:hr>
      </gpxtpx:TrackPointExtension>
     </extensions>
   </trkpt>
   <trkpt lat="-2.6480290" lon="-43.0303030">
    <ele>33.8</ele>
    <time>2026-06-16T09:25:41Z</time>
     <extensions>
      <gpxtpx:TrackPointExtension>
       <gpxtpx:hr>119</gpxtpx:hr>
      </gpxtpx:TrackPointExtension>
     </extensions>
   </trkpt>
   <trkpt lat="-2.6479870" lon="-43.0303250">
    <ele>33.8</ele>
    <time>2026-06-16T09:25:46Z</time>
     <extensions>
      <gpxtpx:TrackPointExtension>
       <gpxtpx:hr>120</gpxtpx:hr>
      </gpxtpx:TrackPointExtension>
     </extensions>
   </trkpt>
   <trkpt lat="-2.6479440" lon="-43.0303510">
    <ele>33.8</ele>
    <time>2026-06-16T09:25:51Z</time>
     <extensions>
      <gpxtpx:TrackPointExtension>
       <gpxtpx:hr>119</gpxtpx:hr>
      </gpxtpx:TrackPointExtension>
     </extensions>
   </trkpt>
   <trkpt lat="-2.6479010" lon="-43.0303780">
    <ele>33.8</ele>
    <time>2026-06-16T09:25:56Z</time>
     <extensions>
      <gpxtpx:TrackPointExtension>
       <gpxtpx:hr>119</gpxtpx:hr>
      </gpxtpx:TrackPointExtension>
     </extensions>
   </trkpt>
   <trkpt lat="-2.6478610" lon="-43.0304000">
    <ele>34.0</ele>
    <time>2026-06-16T09:26:01Z</time>
     <extensions>
      <gpxtpx:TrackPointExtension>
       <gpxtpx:hr>124</gpxtpx:hr>
      </gpxtpx:TrackPointExtension>
     </extensions>
   </trkpt>
   <trkpt lat="-2.6478170" lon="-43.0304210">
    <ele>34.2</ele>
    <time>2026-06-16T09:26:06Z</time>
     <extensions>
      <gpxtpx:TrackPointExtension>
       <gpxtpx:hr>124</gpxtpx:hr>
      </gpxtpx:TrackPointExtension>
     </extensions>
   </trkpt>
   <trkpt lat="-2.6477850" lon="-43.0304220">
    <ele>34.2</ele>
    <time>2026-06-16T09:26:11Z</time>
     <extensions>
      <gpxtpx:TrackPointExtension>
       <gpxtpx:hr>124</gpxtpx:hr>
      </gpxtpx:TrackPointExtension>
     </extensions>
   </trkpt>
   <trkpt lat="-2.6477910" lon="-43.0304120">
    <ele>34.2</ele>
    <time>2026-06-16T09:26:16Z</time>
     <extensions>
      <gpxtpx:TrackPointExtension>
       <gpxtpx:hr>120</gpxtpx:hr>
      </gpxtpx:TrackPointExtension>
     </extensions>
   </trkpt>
   <trkpt lat="-2.6477980" lon="-43.0304090">
    <ele>34.2</ele>
    <time>2026-06-16T09:26:21Z</time>
     <extensions>
      <gpxtpx:TrackPointExtension>
       <gpxtpx:hr>114</gpxtpx:hr>
      </gpxtpx:TrackPointExtension>
     </extensions>
   </trkpt>
   <trkpt lat="-2.6477960" lon="-43.0304100">
    <ele>34.4</ele>
    <time>2026-06-16T09:26:26Z</time>
     <extensions>
      <gpxtpx:TrackPointExtension>
       <gpxtpx:hr>119</gpxtpx:hr>
      </gpxtpx:TrackPointExtension>
     </extensions>
   </trkpt>
   <trkpt lat="-2.6477770" lon="-43.0304150">
    <ele>34.4</ele>
    <time>2026-06-16T09:26:31Z</time>
     <extensions>
      <gpxtpx:TrackPointExtension>
       <gpxtpx:hr>115</gpxtpx:hr>
      </gpxtpx:TrackPointExtension>
     </extensions>
   </trkpt>
   <trkpt lat="-2.6477390" lon="-43.0304280">
    <ele>34.4</ele>
    <time>2026-06-16T09:26:36Z</time>
     <extensions>
      <gpxtpx:TrackPointExtension>
       <gpxtpx:hr>120</gpxtpx:hr>
      </gpxtpx:TrackPointExtension>
     </extensions>
   </trkpt>
   <trkpt lat="-2.6476960" lon="-43.0304360">
    <ele>34.6</ele>
    <time>2026-06-16T09:26:41Z</time>
     <extensions>
      <gpxtpx:TrackPointExtension>
       <gpxtpx:hr>120</gpxtpx:hr>
      </gpxtpx:TrackPointExtension>
     </extensions>
   </trkpt>
   <trkpt lat="-2.6476520" lon="-43.0304520">
    <ele>34.8</ele>
    <time>2026-06-16T09:26:46Z</time>
     <extensions>
      <gpxtpx:TrackPointExtension>
       <gpxtpx:hr>117</gpxtpx:hr>
      </gpxtpx:TrackPointExtension>
     </extensions>
   </trkpt>
   <trkpt lat="-2.6476190" lon="-43.0304590">
    <ele>35.0</ele>
    <time>2026-06-16T09:26:51Z</time>
     <extensions>
      <gpxtpx:TrackPointExtension>
       <gpxtpx:hr>117</gpxtpx:hr>
      </gpxtpx:TrackPointExtension>
     </extensions>
   </trkpt>
   <trkpt lat="-2.6475810" lon="-43.0304750">
    <ele>35.0</ele>
    <time>2026-06-16T09:26:56Z</time>
     <extensions>
      <gpxtpx:TrackPointExtension>
       <gpxtpx:hr>118</gpxtpx:hr>
      </gpxtpx:TrackPointExtension>
     </extensions>
   </trkpt>
   <trkpt lat="-2.6475350" lon="-43.0305010">
    <ele>35.0</ele>
    <time>2026-06-16T09:27:01Z</time>
     <extensions>
      <gpxtpx:TrackPointExtension>
       <gpxtpx:hr>115</gpxtpx:hr>
      </gpxtpx:TrackPointExtension>
     </extensions>
   </trkpt>
   <trkpt lat="-2.6475060" lon="-43.0305300">
    <ele>34.8</ele>
    <time>2026-06-16T09:27:06Z</time>
     <extensions>
      <gpxtpx:TrackPointExtension>
       <gpxtpx:hr>115</gpxtpx:hr>
      </gpxtpx:TrackPointExtension>
     </extensions>
   </trkpt>
   <trkpt lat="-2.6474870" lon="-43.0305690">
    <ele>34.8</ele>
    <time>2026-06-16T09:27:11Z</time>
     <extensions>
      <gpxtpx:TrackPointExtension>
       <gpxtpx:hr>121</gpxtpx:hr>
      </gpxtpx:TrackPointExtension>
     </extensions>
   </trkpt>
   <trkpt lat="-2.6474720" lon="-43.0306100">
    <ele>34.6</ele>
    <time>2026-06-16T09:27:16Z</time>
     <extensions>
      <gpxtpx:TrackPointExtension>
       <gpxtpx:hr>120</gpxtpx:hr>
      </gpxtpx:TrackPointExtension>
     </extensions>
   </trkpt>
   <trkpt lat="-2.6474520" lon="-43.0306500">
    <ele>34.6</ele>
    <time>2026-06-16T09:27:21Z</time>
     <extensions>
      <gpxtpx:TrackPointExtension>
       <gpxtpx:hr>123</gpxtpx:hr>
      </gpxtpx:TrackPointExtension>
     </extensions>
   </trkpt>
   <trkpt lat="-2.6474220" lon="-43.0306870">
    <ele>34.4</ele>
    <time>2026-06-16T09:27:26Z</time>
     <extensions>
      <gpxtpx:TrackPointExtension>
       <gpxtpx:hr>124</gpxtpx:hr>
      </gpxtpx:TrackPointExtension>
     </extensions>
   </trkpt>
   <trkpt lat="-2.6473750" lon="-43.0307100">
    <ele>34.2</ele>
    <time>2026-06-16T09:27:32Z</time>
     <extensions>
      <gpxtpx:TrackPointExtension>
       <gpxtpx:hr>127</gpxtpx:hr>
      </gpxtpx:TrackPointExtension>
     </extensions>
   </trkpt>
   <trkpt lat="-2.6473390" lon="-43.0307080">
    <ele>33.8</ele>
    <time>2026-06-16T09:27:37Z</time>
     <extensions>
      <gpxtpx:TrackPointExtension>
       <gpxtpx:hr>122</gpxtpx:hr>
      </gpxtpx:TrackPointExtension>
     </extensions>
   </trkpt>
   <trkpt lat="-2.6472990" lon="-43.0307040">
    <ele>33.2</ele>
    <time>2026-06-16T09:27:42Z</time>
     <extensions>
      <gpxtpx:TrackPointExtension>
       <gpxtpx:hr>123</gpxtpx:hr>
      </gpxtpx:TrackPointExtension>
     </extensions>
   </trkpt>
   <trkpt lat="-2.6472780" lon="-43.0307070">
    <ele>33.0</ele>
    <time>2026-06-16T09:27:47Z</time>
     <extensions>
      <gpxtpx:TrackPointExtension>
       <gpxtpx:hr>122</gpxtpx:hr>
      </gpxtpx:TrackPointExtension>
     </extensions>
   </trkpt>
   <trkpt lat="-2.6472520" lon="-43.0307170">
    <ele>32.8</ele>
    <time>2026-06-16T09:27:52Z</time>
     <extensions>
      <gpxtpx:TrackPointExtension>
       <gpxtpx:hr>121</gpxtpx:hr>
      </gpxtpx:TrackPointExtension>
     </extensions>
   </trkpt>
   <trkpt lat="-2.6472420" lon="-43.0307370">
    <ele>32.6</ele>
    <time>2026-06-16T09:27:57Z</time>
     <extensions>
      <gpxtpx:TrackPointExtension>
       <gpxtpx:hr>114</gpxtpx:hr>
      </gpxtpx:TrackPointExtension>
     </extensions>
   </trkpt>
   <trkpt lat="-2.6472340" lon="-43.0307720">
    <ele>32.8</ele>
    <time>2026-06-16T09:28:02Z</time>
     <extensions>
      <gpxtpx:TrackPointExtension>
       <gpxtpx:hr>113</gpxtpx:hr>
      </gpxtpx:TrackPointExtension>
     </extensions>
   </trkpt>
   <trkpt lat="-2.6472010" lon="-43.0308150">
    <ele>32.8</ele>
    <time>2026-06-16T09:28:07Z</time>
     <extensions>
      <gpxtpx:TrackPointExtension>
       <gpxtpx:hr>114</gpxtpx:hr>
      </gpxtpx:TrackPointExtension>
     </extensions>
   </trkpt>
   <trkpt lat="-2.6471730" lon="-43.0308570">
    <ele>33.0</ele>
    <time>2026-06-16T09:28:12Z</time>
     <extensions>
      <gpxtpx:TrackPointExtension>
       <gpxtpx:hr>115</gpxtpx:hr>
      </gpxtpx:TrackPointExtension>
     </extensions>
   </trkpt>
   <trkpt lat="-2.6471370" lon="-43.0308990">
    <ele>33.0</ele>
    <time>2026-06-16T09:28:17Z</time>
     <extensions>
      <gpxtpx:TrackPointExtension>
       <gpxtpx:hr>123</gpxtpx:hr>
      </gpxtpx:TrackPointExtension>
     </extensions>
   </trkpt>
   <trkpt lat="-2.6470970" lon="-43.0309360">
    <ele>33.2</ele>
    <time>2026-06-16T09:28:22Z</time>
     <extensions>
      <gpxtpx:TrackPointExtension>
       <gpxtpx:hr>114</gpxtpx:hr>
      </gpxtpx:TrackPointExtension>
     </extensions>
   </trkpt>
   <trkpt lat="-2.6470610" lon="-43.0309600">
    <ele>33.2</ele>
    <time>2026-06-16T09:28:27Z</time>
     <extensions>
      <gpxtpx:TrackPointExtension>
       <gpxtpx:hr>115</gpxtpx:hr>
      </gpxtpx:TrackPointExtension>
     </extensions>
   </trkpt>
   <trkpt lat="-2.6470430" lon="-43.0310070">
    <ele>33.2</ele>
    <time>2026-06-16T09:28:32Z</time>
     <extensions>
      <gpxtpx:TrackPointExtension>
       <gpxtpx:hr>116</gpxtpx:hr>
      </gpxtpx:TrackPointExtension>
     </extensions>
   </trkpt>
   <trkpt lat="-2.6470250" lon="-43.0310500">
    <ele>33.2</ele>
    <time>2026-06-16T09:28:37Z</time>
     <extensions>
      <gpxtpx:TrackPointExtension>
       <gpxtpx:hr>117</gpxtpx:hr>
      </gpxtpx:TrackPointExtension>
     </extensions>
   </trkpt>
   <trkpt lat="-2.6470180" lon="-43.0310880">
    <ele>33.2</ele>
    <time>2026-06-16T09:28:42Z</time>
     <extensions>
      <gpxtpx:TrackPointExtension>
       <gpxtpx:hr>115</gpxtpx:hr>
      </gpxtpx:TrackPointExtension>
     </extensions>
   </trkpt>
   <trkpt lat="-2.6470130" lon="-43.0311140">
    <ele>33.2</ele>
    <time>2026-06-16T09:28:47Z</time>
     <extensions>
      <gpxtpx:TrackPointExtension>
       <gpxtpx:hr>115</gpxtpx:hr>
      </gpxtpx:TrackPointExtension>
     </extensions>
   </trkpt>
   <trkpt lat="-2.6470070" lon="-43.0311140">
    <ele>33.2</ele>
    <time>2026-06-16T09:28:52Z</time>
     <extensions>
      <gpxtpx:TrackPointExtension>
       <gpxtpx:hr>113</gpxtpx:hr>
      </gpxtpx:TrackPointExtension>
     </extensions>
   </trkpt>
   <trkpt lat="-2.6470040" lon="-43.0311170">
    <ele>33.4</ele>
    <time>2026-06-16T09:28:57Z</time>
     <extensions>
      <gpxtpx:TrackPointExtension>
       <gpxtpx:hr>112</gpxtpx:hr>
      </gpxtpx:TrackPointExtension>
     </extensions>
   </trkpt>
   <trkpt lat="-2.6470000" lon="-43.0311180">
    <ele>33.4</ele>
    <time>2026-06-16T09:29:02Z</time>
     <extensions>
      <gpxtpx:TrackPointExtension>
       <gpxtpx:hr>117</gpxtpx:hr>
      </gpxtpx:TrackPointExtension>
     </extensions>
   </trkpt>
   <trkpt lat="-2.6469820" lon="-43.0311290">
    <ele>33.4</ele>
    <time>2026-06-16T09:29:07Z</time>
     <extensions>
      <gpxtpx:TrackPointExtension>
       <gpxtpx:hr>118</gpxtpx:hr>
      </gpxtpx:TrackPointExtension>
     </extensions>
   </trkpt>
   <trkpt lat="-2.6469610" lon="-43.0311610">
    <ele>33.2</ele>
    <time>2026-06-16T09:29:12Z</time>
     <extensions>
      <gpxtpx:TrackPointExtension>
       <gpxtpx:hr>115</gpxtpx:hr>
      </gpxtpx:TrackPointExtension>
     </extensions>
   </trkpt>
   <trkpt lat="-2.6469580" lon="-43.0311880">
    <ele>33.2</ele>
    <time>2026-06-16T09:29:17Z</time>
     <extensions>
      <gpxtpx:TrackPointExtension>
       <gpxtpx:hr>112</gpxtpx:hr>
      </gpxtpx:TrackPointExtension>
     </extensions>
   </trkpt>
   <trkpt lat="-2.6469580" lon="-43.0312020">
    <ele>33.2</ele>
    <time>2026-06-16T09:29:22Z</time>
     <extensions>
      <gpxtpx:TrackPointExtension>
       <gpxtpx:hr>109</gpxtpx:hr>
      </gpxtpx:TrackPointExtension>
     </extensions>
   </trkpt>
   <trkpt lat="-2.6469470" lon="-43.0312480">
    <ele>33.2</ele>
    <time>2026-06-16T09:29:27Z</time>
     <extensions>
      <gpxtpx:TrackPointExtension>
       <gpxtpx:hr>106</gpxtpx:hr>
      </gpxtpx:TrackPointExtension>
     </extensions>
   </trkpt>
   <trkpt lat="-2.6469240" lon="-43.0312920">
    <ele>33.2</ele>
    <time>2026-06-16T09:29:32Z</time>
     <extensions>
      <gpxtpx:TrackPointExtension>
       <gpxtpx:hr>107</gpxtpx:hr>
      </gpxtpx:TrackPointExtension>
     </extensions>
   </trkpt>
   <trkpt lat="-2.6468970" lon="-43.0313300">
    <ele>33.2</ele>
    <time>2026-06-16T09:29:37Z</time>
     <extensions>
      <gpxtpx:TrackPointExtension>
       <gpxtpx:hr>108</gpxtpx:hr>
      </gpxtpx:TrackPointExtension>
     </extensions>
   </trkpt>
   <trkpt lat="-2.6468790" lon="-43.0313710">
    <ele>33.0</ele>
    <time>2026-06-16T09:29:42Z</time>
     <extensions>
      <gpxtpx:TrackPointExtension>
       <gpxtpx:hr>109</gpxtpx:hr>
      </gpxtpx:TrackPointExtension>
     </extensions>
   </trkpt>
   <trkpt lat="-2.6468760" lon="-43.0314000">
    <ele>33.2</ele>
    <time>2026-06-16T09:29:47Z</time>
     <extensions>
      <gpxtpx:TrackPointExtension>
       <gpxtpx:hr>111</gpxtpx:hr>
      </gpxtpx:TrackPointExtension>
     </extensions>
   </trkpt>
   <trkpt lat="-2.6468720" lon="-43.0314290">
    <ele>33.2</ele>
    <time>2026-06-16T09:29:52Z</time>
     <extensions>
      <gpxtpx:TrackPointExtension>
       <gpxtpx:hr>110</gpxtpx:hr>
      </gpxtpx:TrackPointExtension>
     </extensions>
   </trkpt>
   <trkpt lat="-2.6468640" lon="-43.0314490">
    <ele>33.2</ele>
    <time>2026-06-16T09:29:57Z</time>
     <extensions>
      <gpxtpx:TrackPointExtension>
       <gpxtpx:hr>113</gpxtpx:hr>
      </gpxtpx:TrackPointExtension>
     </extensions>
   </trkpt>
   <trkpt lat="-2.6468540" lon="-43.0314720">
    <ele>33.4</ele>
    <time>2026-06-16T09:30:02Z</time>
     <extensions>
      <gpxtpx:TrackPointExtension>
       <gpxtpx:hr>112</gpxtpx:hr>
      </gpxtpx:TrackPointExtension>
     </extensions>
   </trkpt>
   <trkpt lat="-2.6468390" lon="-43.0315060">
    <ele>33.4</ele>
    <time>2026-06-16T09:30:07Z</time>
     <extensions>
      <gpxtpx:TrackPointExtension>
       <gpxtpx:hr>113</gpxtpx:hr>
      </gpxtpx:TrackPointExtension>
     </extensions>
   </trkpt>
   <trkpt lat="-2.6468370" lon="-43.0315300">
    <ele>33.2</ele>
    <time>2026-06-16T09:30:12Z</time>
     <extensions>
      <gpxtpx:TrackPointExtension>
       <gpxtpx:hr>114</gpxtpx:hr>
      </gpxtpx:TrackPointExtension>
     </extensions>
   </trkpt>
   <trkpt lat="-2.6468370" lon="-43.0315280">
    <ele>33.0</ele>
    <time>2026-06-16T09:30:17Z</time>
     <extensions>
      <gpxtpx:TrackPointExtension>
       <gpxtpx:hr>114</gpxtpx:hr>
      </gpxtpx:TrackPointExtension>
     </extensions>
   </trkpt>
   <trkpt lat="-2.6468370" lon="-43.0315270">
    <ele>33.0</ele>
    <time>2026-06-16T09:30:22Z</time>
     <extensions>
      <gpxtpx:TrackPointExtension>
       <gpxtpx:hr>111</gpxtpx:hr>
      </gpxtpx:TrackPointExtension>
     </extensions>
   </trkpt>
   <trkpt lat="-2.6468340" lon="-43.0315250">
    <ele>33.0</ele>
    <time>2026-06-16T09:30:27Z</time>
     <extensions>
      <gpxtpx:TrackPointExtension>
       <gpxtpx:hr>113</gpxtpx:hr>
      </gpxtpx:TrackPointExtension>
     </extensions>
   </trkpt>
   <trkpt lat="-2.6468320" lon="-43.0315230">
    <ele>33.0</ele>
    <time>2026-06-16T09:30:32Z</time>
     <extensions>
      <gpxtpx:TrackPointExtension>
       <gpxtpx:hr>112</gpxtpx:hr>
      </gpxtpx:TrackPointExtension>
     </extensions>
   </trkpt>
   <trkpt lat="-2.6468330" lon="-43.0315220">
    <ele>33.0</ele>
    <time>2026-06-16T09:30:37Z</time>
     <extensions>
      <gpxtpx:TrackPointExtension>
       <gpxtpx:hr>113</gpxtpx:hr>
      </gpxtpx:TrackPointExtension>
     </extensions>
   </trkpt>
   <trkpt lat="-2.6468300" lon="-43.0315220">
    <ele>33.0</ele>
    <time>2026-06-16T09:30:42Z</time>
     <extensions>
      <gpxtpx:TrackPointExtension>
       <gpxtpx:hr>113</gpxtpx:hr>
      </gpxtpx:TrackPointExtension>
     </extensions>
   </trkpt>
   <trkpt lat="-2.6468250" lon="-43.0315270">
    <ele>33.0</ele>
    <time>2026-06-16T09:30:47Z</time>
     <extensions>
      <gpxtpx:TrackPointExtension>
       <gpxtpx:hr>110</gpxtpx:hr>
      </gpxtpx:TrackPointExtension>
     </extensions>
   </trkpt>
   <trkpt lat="-2.6468240" lon="-43.0315310">
    <ele>33.0</ele>
    <time>2026-06-16T09:30:52Z</time>
     <extensions>
      <gpxtpx:TrackPointExtension>
       <gpxtpx:hr>108</gpxtpx:hr>
      </gpxtpx:TrackPointExtension>
     </extensions>
   </trkpt>
   <trkpt lat="-2.6468280" lon="-43.0315490">
    <ele>33.0</ele>
    <time>2026-06-16T09:30:57Z</time>
     <extensions>
      <gpxtpx:TrackPointExtension>
       <gpxtpx:hr>106</gpxtpx:hr>
      </gpxtpx:TrackPointExtension>
     </extensions>
   </trkpt>
   <trkpt lat="-2.6468360" lon="-43.0315930">
    <ele>33.0</ele>
    <time>2026-06-16T09:31:02Z</time>
     <extensions>
      <gpxtpx:TrackPointExtension>
       <gpxtpx:hr>102</gpxtpx:hr>
      </gpxtpx:TrackPointExtension>
     </extensions>
   </trkpt>
   <trkpt lat="-2.6468310" lon="-43.0316240">
    <ele>33.4</ele>
    <time>2026-06-16T09:31:07Z</time>
     <extensions>
      <gpxtpx:TrackPointExtension>
       <gpxtpx:hr>109</gpxtpx:hr>
      </gpxtpx:TrackPointExtension>
     </extensions>
   </trkpt>
   <trkpt lat="-2.6468210" lon="-43.0316680">
    <ele>34.0</ele>
    <time>2026-06-16T09:31:12Z</time>
     <extensions>
      <gpxtpx:TrackPointExtension>
       <gpxtpx:hr>114</gpxtpx:hr>
      </gpxtpx:TrackPointExtension>
     </extensions>
   </trkpt>
   <trkpt lat="-2.6468150" lon="-43.0316990">
    <ele>34.6</ele>
    <time>2026-06-16T09:31:17Z</time>
     <extensions>
      <gpxtpx:TrackPointExtension>
       <gpxtpx:hr>122</gpxtpx:hr>
      </gpxtpx:TrackPointExtension>
     </extensions>
   </trkpt>
   <trkpt lat="-2.6468070" lon="-43.0317430">
    <ele>35.0</ele>
    <time>2026-06-16T09:31:22Z</time>
     <extensions>
      <gpxtpx:TrackPointExtension>
       <gpxtpx:hr>131</gpxtpx:hr>
      </gpxtpx:TrackPointExtension>
     </extensions>
   </trkpt>
   <trkpt lat="-2.6468030" lon="-43.0317760">
    <ele>35.6</ele>
    <time>2026-06-16T09:31:27Z</time>
     <extensions>
      <gpxtpx:TrackPointExtension>
       <gpxtpx:hr>133</gpxtpx:hr>
      </gpxtpx:TrackPointExtension>
     </extensions>
   </trkpt>
   <trkpt lat="-2.6468060" lon="-43.0318070">
    <ele>36.2</ele>
    <time>2026-06-16T09:31:32Z</time>
     <extensions>
      <gpxtpx:TrackPointExtension>
       <gpxtpx:hr>132</gpxtpx:hr>
      </gpxtpx:TrackPointExtension>
     </extensions>
   </trkpt>
   <trkpt lat="-2.6468030" lon="-43.0318400">
    <ele>36.8</ele>
    <time>2026-06-16T09:31:37Z</time>
     <extensions>
      <gpxtpx:TrackPointExtension>
       <gpxtpx:hr>136</gpxtpx:hr>
      </gpxtpx:TrackPointExtension>
     </extensions>
   </trkpt>
   <trkpt lat="-2.6467960" lon="-43.0318810">
    <ele>37.2</ele>
    <time>2026-06-16T09:31:42Z</time>
     <extensions>
      <gpxtpx:TrackPointExtension>
       <gpxtpx:hr>139</gpxtpx:hr>
      </gpxtpx:TrackPointExtension>
     </extensions>
   </trkpt>
   <trkpt lat="-2.6467900" lon="-43.0319140">
    <ele>37.8</ele>
    <time>2026-06-16T09:31:47Z</time>
     <extensions>
      <gpxtpx:TrackPointExtension>
       <gpxtpx:hr>141</gpxtpx:hr>
      </gpxtpx:TrackPointExtension>
     </extensions>
   </trkpt>
   <trkpt lat="-2.6467770" lon="-43.0319550">
    <ele>38.2</ele>
    <time>2026-06-16T09:31:52Z</time>
     <extensions>
      <gpxtpx:TrackPointExtension>
       <gpxtpx:hr>143</gpxtpx:hr>
      </gpxtpx:TrackPointExtension>
     </extensions>
   </trkpt>
   <trkpt lat="-2.6467710" lon="-43.0319900">
    <ele>38.8</ele>
    <time>2026-06-16T09:31:57Z</time>
     <extensions>
      <gpxtpx:TrackPointExtension>
       <gpxtpx:hr>146</gpxtpx:hr>
      </gpxtpx:TrackPointExtension>
     </extensions>
   </trkpt>
   <trkpt lat="-2.6467780" lon="-43.0320240">
    <ele>39.4</ele>
    <time>2026-06-16T09:32:02Z</time>
     <extensions>
      <gpxtpx:TrackPointExtension>
       <gpxtpx:hr>148</gpxtpx:hr>
      </gpxtpx:TrackPointExtension>
     </extensions>
   </trkpt>
   <trkpt lat="-2.6467880" lon="-43.0320800">
    <ele>39.8</ele>
    <time>2026-06-16T09:32:07Z</time>
     <extensions>
      <gpxtpx:TrackPointExtension>
       <gpxtpx:hr>149</gpxtpx:hr>
      </gpxtpx:TrackPointExtension>
     </extensions>
   </trkpt>
   <trkpt lat="-2.6467860" lon="-43.0321130">
    <ele>40.2</ele>
    <time>2026-06-16T09:32:12Z</time>
     <extensions>
      <gpxtpx:TrackPointExtension>
       <gpxtpx:hr>150</gpxtpx:hr>
      </gpxtpx:TrackPointExtension>
     </extensions>
   </trkpt>
   <trkpt lat="-2.6467870" lon="-43.0321150">
    <ele>40.4</ele>
    <time>2026-06-16T09:32:17Z</time>
     <extensions>
      <gpxtpx:TrackPointExtension>
       <gpxtpx:hr>151</gpxtpx:hr>
      </gpxtpx:TrackPointExtension>
     </extensions>
   </trkpt>
   <trkpt lat="-2.6467870" lon="-43.0321310">
    <ele>40.6</ele>
    <time>2026-06-16T09:32:22Z</time>
     <extensions>
      <gpxtpx:TrackPointExtension>
       <gpxtpx:hr>151</gpxtpx:hr>
      </gpxtpx:TrackPointExtension>
     </extensions>
   </trkpt>
   <trkpt lat="-2.6467880" lon="-43.0321440">
    <ele>40.6</ele>
    <time>2026-06-16T09:32:27Z</time>
     <extensions>
      <gpxtpx:TrackPointExtension>
       <gpxtpx:hr>150</gpxtpx:hr>
      </gpxtpx:TrackPointExtension>
     </extensions>
   </trkpt>
   <trkpt lat="-2.6467910" lon="-43.0321440">
    <ele>40.6</ele>
    <time>2026-06-16T09:32:32Z</time>
     <extensions>
      <gpxtpx:TrackPointExtension>
       <gpxtpx:hr>142</gpxtpx:hr>
      </gpxtpx:TrackPointExtension>
     </extensions>
   </trkpt>
   <trkpt lat="-2.6467860" lon="-43.0321560">
    <ele>40.6</ele>
    <time>2026-06-16T09:32:37Z</time>
     <extensions>
      <gpxtpx:TrackPointExtension>
       <gpxtpx:hr>140</gpxtpx:hr>
      </gpxtpx:TrackPointExtension>
     </extensions>
   </trkpt>
   <trkpt lat="-2.6467510" lon="-43.0321920">
    <ele>40.8</ele>
    <time>2026-06-16T09:32:42Z</time>
     <extensions>
      <gpxtpx:TrackPointExtension>
       <gpxtpx:hr>137</gpxtpx:hr>
      </gpxtpx:TrackPointExtension>
     </extensions>
   </trkpt>
   <trkpt lat="-2.6467280" lon="-43.0322240">
    <ele>40.8</ele>
    <time>2026-06-16T09:32:47Z</time>
     <extensions>
      <gpxtpx:TrackPointExtension>
       <gpxtpx:hr>131</gpxtpx:hr>
      </gpxtpx:TrackPointExtension>
     </extensions>
   </trkpt>
   <trkpt lat="-2.6467040" lon="-43.0322660">
    <ele>40.8</ele>
    <time>2026-06-16T09:32:52Z</time>
     <extensions>
      <gpxtpx:TrackPointExtension>
       <gpxtpx:hr>135</gpxtpx:hr>
      </gpxtpx:TrackPointExtension>
     </extensions>
   </trkpt>
   <trkpt lat="-2.6466870" lon="-43.0323040">
    <ele>40.6</ele>
    <time>2026-06-16T09:32:57Z</time>
     <extensions>
      <gpxtpx:TrackPointExtension>
       <gpxtpx:hr>126</gpxtpx:hr>
      </gpxtpx:TrackPointExtension>
     </extensions>
   </trkpt>
   <trkpt lat="-2.6466710" lon="-43.0323520">
    <ele>40.2</ele>
    <time>2026-06-16T09:33:02Z</time>
     <extensions>
      <gpxtpx:TrackPointExtension>
       <gpxtpx:hr>126</gpxtpx:hr>
      </gpxtpx:TrackPointExtension>
     </extensions>
   </trkpt>
   <trkpt lat="-2.6466540" lon="-43.0324010">
    <ele>39.8</ele>
    <time>2026-06-16T09:33:07Z</time>
     <extensions>
      <gpxtpx:TrackPointExtension>
       <gpxtpx:hr>123</gpxtpx:hr>
      </gpxtpx:TrackPointExtension>
     </extensions>
   </trkpt>
   <trkpt lat="-2.6466270" lon="-43.0324500">
    <ele>39.2</ele>
    <time>2026-06-16T09:33:12Z</time>
     <extensions>
      <gpxtpx:TrackPointExtension>
       <gpxtpx:hr>121</gpxtpx:hr>
      </gpxtpx:TrackPointExtension>
     </extensions>
   </trkpt>
   <trkpt lat="-2.6465980" lon="-43.0324850">
    <ele>38.6</ele>
    <time>2026-06-16T09:33:17Z</time>
     <extensions>
      <gpxtpx:TrackPointExtension>
       <gpxtpx:hr>122</gpxtpx:hr>
      </gpxtpx:TrackPointExtension>
     </extensions>
   </trkpt>
   <trkpt lat="-2.6465700" lon="-43.0325210">
    <ele>37.8</ele>
    <time>2026-06-16T09:33:22Z</time>
     <extensions>
      <gpxtpx:TrackPointExtension>
       <gpxtpx:hr>123</gpxtpx:hr>
      </gpxtpx:TrackPointExtension>
     </extensions>
   </trkpt>
   <trkpt lat="-2.6465590" lon="-43.0325590">
    <ele>37.0</ele>
    <time>2026-06-16T09:33:27Z</time>
     <extensions>
      <gpxtpx:TrackPointExtension>
       <gpxtpx:hr>115</gpxtpx:hr>
      </gpxtpx:TrackPointExtension>
     </extensions>
   </trkpt>
   <trkpt lat="-2.6465650" lon="-43.0326050">
    <ele>36.0</ele>
    <time>2026-06-16T09:33:32Z</time>
     <extensions>
      <gpxtpx:TrackPointExtension>
       <gpxtpx:hr>115</gpxtpx:hr>
      </gpxtpx:TrackPointExtension>
     </extensions>
   </trkpt>
   <trkpt lat="-2.6465590" lon="-43.0326510">
    <ele>35.0</ele>
    <time>2026-06-16T09:33:37Z</time>
     <extensions>
      <gpxtpx:TrackPointExtension>
       <gpxtpx:hr>117</gpxtpx:hr>
      </gpxtpx:TrackPointExtension>
     </extensions>
   </trkpt>
   <trkpt lat="-2.6465480" lon="-43.0326940">
    <ele>34.2</ele>
    <time>2026-06-16T09:33:42Z</time>
     <extensions>
      <gpxtpx:TrackPointExtension>
       <gpxtpx:hr>116</gpxtpx:hr>
      </gpxtpx:TrackPointExtension>
     </extensions>
   </trkpt>
   <trkpt lat="-2.6465310" lon="-43.0327350">
    <ele>34.0</ele>
    <time>2026-06-16T09:33:47Z</time>
     <extensions>
      <gpxtpx:TrackPointExtension>
       <gpxtpx:hr>116</gpxtpx:hr>
      </gpxtpx:TrackPointExtension>
     </extensions>
   </trkpt>
   <trkpt lat="-2.6465170" lon="-43.0327790">
    <ele>34.2</ele>
    <time>2026-06-16T09:33:52Z</time>
     <extensions>
      <gpxtpx:TrackPointExtension>
       <gpxtpx:hr>117</gpxtpx:hr>
      </gpxtpx:TrackPointExtension>
     </extensions>
   </trkpt>
   <trkpt lat="-2.6465150" lon="-43.0328190">
    <ele>34.4</ele>
    <time>2026-06-16T09:33:57Z</time>
     <extensions>
      <gpxtpx:TrackPointExtension>
       <gpxtpx:hr>118</gpxtpx:hr>
      </gpxtpx:TrackPointExtension>
     </extensions>
   </trkpt>
   <trkpt lat="-2.6465030" lon="-43.0328540">
    <ele>34.8</ele>
    <time>2026-06-16T09:34:02Z</time>
     <extensions>
      <gpxtpx:TrackPointExtension>
       <gpxtpx:hr>125</gpxtpx:hr>
      </gpxtpx:TrackPointExtension>
     </extensions>
   </trkpt>
   <trkpt lat="-2.6464850" lon="-43.0328980">
    <ele>35.4</ele>
    <time>2026-06-16T09:34:07Z</time>
     <extensions>
      <gpxtpx:TrackPointExtension>
       <gpxtpx:hr>126</gpxtpx:hr>
      </gpxtpx:TrackPointExtension>
     </extensions>
   </trkpt>
   <trkpt lat="-2.6464690" lon="-43.0329370">
    <ele>36.2</ele>
    <time>2026-06-16T09:34:12Z</time>
     <extensions>
      <gpxtpx:TrackPointExtension>
       <gpxtpx:hr>133</gpxtpx:hr>
      </gpxtpx:TrackPointExtension>
     </extensions>
   </trkpt>
   <trkpt lat="-2.6464460" lon="-43.0329780">
    <ele>36.8</ele>
    <time>2026-06-16T09:34:17Z</time>
     <extensions>
      <gpxtpx:TrackPointExtension>
       <gpxtpx:hr>139</gpxtpx:hr>
      </gpxtpx:TrackPointExtension>
     </extensions>
   </trkpt>
   <trkpt lat="-2.6464240" lon="-43.0330180">
    <ele>37.4</ele>
    <time>2026-06-16T09:34:22Z</time>
     <extensions>
      <gpxtpx:TrackPointExtension>
       <gpxtpx:hr>140</gpxtpx:hr>
      </gpxtpx:TrackPointExtension>
     </extensions>
   </trkpt>
   <trkpt lat="-2.6464080" lon="-43.0330540">
    <ele>38.2</ele>
    <time>2026-06-16T09:34:27Z</time>
     <extensions>
      <gpxtpx:TrackPointExtension>
       <gpxtpx:hr>150</gpxtpx:hr>
      </gpxtpx:TrackPointExtension>
     </extensions>
   </trkpt>
   <trkpt lat="-2.6463900" lon="-43.0330990">
    <ele>38.8</ele>
    <time>2026-06-16T09:34:32Z</time>
     <extensions>
      <gpxtpx:TrackPointExtension>
       <gpxtpx:hr>151</gpxtpx:hr>
      </gpxtpx:TrackPointExtension>
     </extensions>
   </trkpt>
   <trkpt lat="-2.6463950" lon="-43.0331530">
    <ele>39.4</ele>
    <time>2026-06-16T09:34:37Z</time>
     <extensions>
      <gpxtpx:TrackPointExtension>
       <gpxtpx:hr>154</gpxtpx:hr>
      </gpxtpx:TrackPointExtension>
     </extensions>
   </trkpt>
   <trkpt lat="-2.6463970" lon="-43.0332020">
    <ele>40.0</ele>
    <time>2026-06-16T09:34:42Z</time>
     <extensions>
      <gpxtpx:TrackPointExtension>
       <gpxtpx:hr>154</gpxtpx:hr>
      </gpxtpx:TrackPointExtension>
     </extensions>
   </trkpt>
   <trkpt lat="-2.6463910" lon="-43.0332460">
    <ele>40.4</ele>
    <time>2026-06-16T09:34:47Z</time>
     <extensions>
      <gpxtpx:TrackPointExtension>
       <gpxtpx:hr>153</gpxtpx:hr>
      </gpxtpx:TrackPointExtension>
     </extensions>
   </trkpt>
   <trkpt lat="-2.6463860" lon="-43.0332630">
    <ele>40.6</ele>
    <time>2026-06-16T09:34:52Z</time>
     <extensions>
      <gpxtpx:TrackPointExtension>
       <gpxtpx:hr>152</gpxtpx:hr>
      </gpxtpx:TrackPointExtension>
     </extensions>
   </trkpt>
   <trkpt lat="-2.6463710" lon="-43.0332610">
    <ele>41.0</ele>
    <time>2026-06-16T09:34:57Z</time>
     <extensions>
      <gpxtpx:TrackPointExtension>
       <gpxtpx:hr>151</gpxtpx:hr>
      </gpxtpx:TrackPointExtension>
     </extensions>
   </trkpt>
   <trkpt lat="-2.6463910" lon="-43.0332730">
    <ele>41.0</ele>
    <time>2026-06-16T09:35:02Z</time>
     <extensions>
      <gpxtpx:TrackPointExtension>
       <gpxtpx:hr>150</gpxtpx:hr>
      </gpxtpx:TrackPointExtension>
     </extensions>
   </trkpt>
   <trkpt lat="-2.6463900" lon="-43.0332860">
    <ele>41.0</ele>
    <time>2026-06-16T09:35:07Z</time>
     <extensions>
      <gpxtpx:TrackPointExtension>
       <gpxtpx:hr>148</gpxtpx:hr>
      </gpxtpx:TrackPointExtension>
     </extensions>
   </trkpt>
   <trkpt lat="-2.6463870" lon="-43.0332880">
    <ele>41.0</ele>
    <time>2026-06-16T09:35:12Z</time>
     <extensions>
      <gpxtpx:TrackPointExtension>
       <gpxtpx:hr>139</gpxtpx:hr>
      </gpxtpx:TrackPointExtension>
     </extensions>
   </trkpt>
   <trkpt lat="-2.6463860" lon="-43.0332850">
    <ele>41.0</ele>
    <time>2026-06-16T09:35:17Z</time>
     <extensions>
      <gpxtpx:TrackPointExtension>
       <gpxtpx:hr>142</gpxtpx:hr>
      </gpxtpx:TrackPointExtension>
     </extensions>
   </trkpt>
   <trkpt lat="-2.6463840" lon="-43.0332850">
    <ele>41.0</ele>
    <time>2026-06-16T09:35:22Z</time>
     <extensions>
      <gpxtpx:TrackPointExtension>
       <gpxtpx:hr>133</gpxtpx:hr>
      </gpxtpx:TrackPointExtension>
     </extensions>
   </trkpt>
   <trkpt lat="-2.6463830" lon="-43.0332850">
    <ele>41.0</ele>
    <time>2026-06-16T09:35:27Z</time>
     <extensions>
      <gpxtpx:TrackPointExtension>
       <gpxtpx:hr>129</gpxtpx:hr>
      </gpxtpx:TrackPointExtension>
     </extensions>
   </trkpt>
   <trkpt lat="-2.6463820" lon="-43.0332840">
    <ele>41.0</ele>
    <time>2026-06-16T09:35:32Z</time>
     <extensions>
      <gpxtpx:TrackPointExtension>
       <gpxtpx:hr>114</gpxtpx:hr>
      </gpxtpx:TrackPointExtension>
     </extensions>
   </trkpt>
   <trkpt lat="-2.6463850" lon="-43.0332810">
    <ele>41.0</ele>
    <time>2026-06-16T09:35:37Z</time>
     <extensions>
      <gpxtpx:TrackPointExtension>
       <gpxtpx:hr>114</gpxtpx:hr>
      </gpxtpx:TrackPointExtension>
     </extensions>
   </trkpt>
   <trkpt lat="-2.6463880" lon="-43.0332770">
    <ele>41.0</ele>
    <time>2026-06-16T09:35:42Z</time>
     <extensions>
      <gpxtpx:TrackPointExtension>
       <gpxtpx:hr>109</gpxtpx:hr>
      </gpxtpx:TrackPointExtension>
     </extensions>
   </trkpt>
   <trkpt lat="-2.6463880" lon="-43.0332770">
    <ele>41.0</ele>
    <time>2026-06-16T09:35:47Z</time>
     <extensions>
      <gpxtpx:TrackPointExtension>
       <gpxtpx:hr>108</gpxtpx:hr>
      </gpxtpx:TrackPointExtension>
     </extensions>
   </trkpt>
   <trkpt lat="-2.6463890" lon="-43.0332790">
    <ele>41.0</ele>
    <time>2026-06-16T09:35:52Z</time>
     <extensions>
      <gpxtpx:TrackPointExtension>
       <gpxtpx:hr>97</gpxtpx:hr>
      </gpxtpx:TrackPointExtension>
     </extensions>
   </trkpt>
   <trkpt lat="-2.6463910" lon="-43.0332840">
    <ele>41.0</ele>
    <time>2026-06-16T09:35:57Z</time>
     <extensions>
      <gpxtpx:TrackPointExtension>
       <gpxtpx:hr>93</gpxtpx:hr>
      </gpxtpx:TrackPointExtension>
     </extensions>
   </trkpt>
   <trkpt lat="-2.6463900" lon="-43.0332870">
    <ele>41.0</ele>
    <time>2026-06-16T09:36:02Z</time>
     <extensions>
      <gpxtpx:TrackPointExtension>
       <gpxtpx:hr>93</gpxtpx:hr>
      </gpxtpx:TrackPointExtension>
     </extensions>
   </trkpt>
   <trkpt lat="-2.6463860" lon="-43.0332860">
    <ele>41.0</ele>
    <time>2026-06-16T09:36:07Z</time>
     <extensions>
      <gpxtpx:TrackPointExtension>
       <gpxtpx:hr>99</gpxtpx:hr>
      </gpxtpx:TrackPointExtension>
     </extensions>
   </trkpt>
   <trkpt lat="-2.6463850" lon="-43.0332850">
    <ele>41.0</ele>
    <time>2026-06-16T09:36:12Z</time>
     <extensions>
      <gpxtpx:TrackPointExtension>
       <gpxtpx:hr>105</gpxtpx:hr>
      </gpxtpx:TrackPointExtension>
     </extensions>
   </trkpt>
   <trkpt lat="-2.6463800" lon="-43.0332900">
    <ele>41.0</ele>
    <time>2026-06-16T09:36:17Z</time>
     <extensions>
      <gpxtpx:TrackPointExtension>
       <gpxtpx:hr>106</gpxtpx:hr>
      </gpxtpx:TrackPointExtension>
     </extensions>
   </trkpt>
   <trkpt lat="-2.6463790" lon="-43.0332880">
    <ele>40.8</ele>
    <time>2026-06-16T09:36:22Z</time>
     <extensions>
      <gpxtpx:TrackPointExtension>
       <gpxtpx:hr>102</gpxtpx:hr>
      </gpxtpx:TrackPointExtension>
     </extensions>
   </trkpt>
   <trkpt lat="-2.6463780" lon="-43.0332870">
    <ele>40.8</ele>
    <time>2026-06-16T09:36:27Z</time>
     <extensions>
      <gpxtpx:TrackPointExtension>
       <gpxtpx:hr>98</gpxtpx:hr>
      </gpxtpx:TrackPointExtension>
     </extensions>
   </trkpt>
   <trkpt lat="-2.6463780" lon="-43.0332860">
    <ele>40.6</ele>
    <time>2026-06-16T09:36:32Z</time>
     <extensions>
      <gpxtpx:TrackPointExtension>
       <gpxtpx:hr>93</gpxtpx:hr>
      </gpxtpx:TrackPointExtension>
     </extensions>
   </trkpt>
   <trkpt lat="-2.6463780" lon="-43.0332850">
    <ele>40.6</ele>
    <time>2026-06-16T09:36:37Z</time>
     <extensions>
      <gpxtpx:TrackPointExtension>
       <gpxtpx:hr>95</gpxtpx:hr>
      </gpxtpx:TrackPointExtension>
     </extensions>
   </trkpt>
   <trkpt lat="-2.6463800" lon="-43.0332830">
    <ele>40.6</ele>
    <time>2026-06-16T09:36:42Z</time>
     <extensions>
      <gpxtpx:TrackPointExtension>
       <gpxtpx:hr>96</gpxtpx:hr>
      </gpxtpx:TrackPointExtension>
     </extensions>
   </trkpt>
   <trkpt lat="-2.6463800" lon="-43.0332800">
    <ele>40.6</ele>
    <time>2026-06-16T09:36:47Z</time>
     <extensions>
      <gpxtpx:TrackPointExtension>
       <gpxtpx:hr>96</gpxtpx:hr>
      </gpxtpx:TrackPointExtension>
     </extensions>
   </trkpt>
   <trkpt lat="-2.6463830" lon="-43.0332790">
    <ele>40.8</ele>
    <time>2026-06-16T09:36:52Z</time>
     <extensions>
      <gpxtpx:TrackPointExtension>
       <gpxtpx:hr>98</gpxtpx:hr>
      </gpxtpx:TrackPointExtension>
     </extensions>
   </trkpt>
   <trkpt lat="-2.6463850" lon="-43.0332870">
    <ele>41.0</ele>
    <time>2026-06-16T09:36:57Z</time>
     <extensions>
      <gpxtpx:TrackPointExtension>
       <gpxtpx:hr>98</gpxtpx:hr>
      </gpxtpx:TrackPointExtension>
     </extensions>
   </trkpt>
   <trkpt lat="-2.6463720" lon="-43.0332970">
    <ele>40.8</ele>
    <time>2026-06-16T09:37:02Z</time>
     <extensions>
      <gpxtpx:TrackPointExtension>
       <gpxtpx:hr>102</gpxtpx:hr>
      </gpxtpx:TrackPointExtension>
     </extensions>
   </trkpt>
   <trkpt lat="-2.6463490" lon="-43.0333030">
    <ele>40.8</ele>
    <time>2026-06-16T09:37:07Z</time>
     <extensions>
      <gpxtpx:TrackPointExtension>
       <gpxtpx:hr>102</gpxtpx:hr>
      </gpxtpx:TrackPointExtension>
     </extensions>
   </trkpt>
   <trkpt lat="-2.6463430" lon="-43.0333010">
    <ele>40.6</ele>
    <time>2026-06-16T09:37:12Z</time>
     <extensions>
      <gpxtpx:TrackPointExtension>
       <gpxtpx:hr>103</gpxtpx:hr>
      </gpxtpx:TrackPointExtension>
     </extensions>
   </trkpt>
   <trkpt lat="-2.6463310" lon="-43.0332890">
    <ele>40.6</ele>
    <time>2026-06-16T09:37:17Z</time>
     <extensions>
      <gpxtpx:TrackPointExtension>
       <gpxtpx:hr>102</gpxtpx:hr>
      </gpxtpx:TrackPointExtension>
     </extensions>
   </trkpt>
   <trkpt lat="-2.6463250" lon="-43.0332760">
    <ele>40.8</ele>
    <time>2026-06-16T09:37:22Z</time>
     <extensions>
      <gpxtpx:TrackPointExtension>
       <gpxtpx:hr>106</gpxtpx:hr>
      </gpxtpx:TrackPointExtension>
     </extensions>
   </trkpt>
   <trkpt lat="-2.6463020" lon="-43.0332650">
    <ele>40.8</ele>
    <time>2026-06-16T09:37:27Z</time>
     <extensions>
      <gpxtpx:TrackPointExtension>
       <gpxtpx:hr>99</gpxtpx:hr>
      </gpxtpx:TrackPointExtension>
     </extensions>
   </trkpt>
   <trkpt lat="-2.6462950" lon="-43.0332620">
    <ele>41.0</ele>
    <time>2026-06-16T09:37:32Z</time>
     <extensions>
      <gpxtpx:TrackPointExtension>
       <gpxtpx:hr>105</gpxtpx:hr>
      </gpxtpx:TrackPointExtension>
     </extensions>
   </trkpt>
   <trkpt lat="-2.6462960" lon="-43.0332610">
    <ele>41.0</ele>
    <time>2026-06-16T09:37:37Z</time>
     <extensions>
      <gpxtpx:TrackPointExtension>
       <gpxtpx:hr>110</gpxtpx:hr>
      </gpxtpx:TrackPointExtension>
     </extensions>
   </trkpt>
   <trkpt lat="-2.6462960" lon="-43.0332610">
    <ele>41.0</ele>
    <time>2026-06-16T09:37:42Z</time>
     <extensions>
      <gpxtpx:TrackPointExtension>
       <gpxtpx:hr>112</gpxtpx:hr>
      </gpxtpx:TrackPointExtension>
     </extensions>
   </trkpt>
   <trkpt lat="-2.6462960" lon="-43.0332610">
    <ele>41.0</ele>
    <time>2026-06-16T09:37:47Z</time>
     <extensions>
      <gpxtpx:TrackPointExtension>
       <gpxtpx:hr>111</gpxtpx:hr>
      </gpxtpx:TrackPointExtension>
     </extensions>
   </trkpt>
   <trkpt lat="-2.6462960" lon="-43.0332630">
    <ele>41.0</ele>
    <time>2026-06-16T09:37:52Z</time>
     <extensions>
      <gpxtpx:TrackPointExtension>
       <gpxtpx:hr>110</gpxtpx:hr>
      </gpxtpx:TrackPointExtension>
     </extensions>
   </trkpt>
   <trkpt lat="-2.6462950" lon="-43.0332730">
    <ele>41.0</ele>
    <time>2026-06-16T09:37:57Z</time>
     <extensions>
      <gpxtpx:TrackPointExtension>
       <gpxtpx:hr>103</gpxtpx:hr>
      </gpxtpx:TrackPointExtension>
     </extensions>
   </trkpt>
   <trkpt lat="-2.6462960" lon="-43.0332770">
    <ele>41.0</ele>
    <time>2026-06-16T09:38:02Z</time>
     <extensions>
      <gpxtpx:TrackPointExtension>
       <gpxtpx:hr>102</gpxtpx:hr>
      </gpxtpx:TrackPointExtension>
     </extensions>
   </trkpt>
   <trkpt lat="-2.6462950" lon="-43.0332760">
    <ele>41.0</ele>
    <time>2026-06-16T09:38:07Z</time>
     <extensions>
      <gpxtpx:TrackPointExtension>
       <gpxtpx:hr>101</gpxtpx:hr>
      </gpxtpx:TrackPointExtension>
     </extensions>
   </trkpt>
   <trkpt lat="-2.6462950" lon="-43.0332760">
    <ele>41.0</ele>
    <time>2026-06-16T09:38:12Z</time>
     <extensions>
      <gpxtpx:TrackPointExtension>
       <gpxtpx:hr>104</gpxtpx:hr>
      </gpxtpx:TrackPointExtension>
     </extensions>
   </trkpt>
   <trkpt lat="-2.6462960" lon="-43.0332750">
    <ele>41.0</ele>
    <time>2026-06-16T09:38:17Z</time>
     <extensions>
      <gpxtpx:TrackPointExtension>
       <gpxtpx:hr>98</gpxtpx:hr>
      </gpxtpx:TrackPointExtension>
     </extensions>
   </trkpt>
   <trkpt lat="-2.6462960" lon="-43.0332740">
    <ele>40.8</ele>
    <time>2026-06-16T09:38:22Z</time>
     <extensions>
      <gpxtpx:TrackPointExtension>
       <gpxtpx:hr>99</gpxtpx:hr>
      </gpxtpx:TrackPointExtension>
     </extensions>
   </trkpt>
   <trkpt lat="-2.6462970" lon="-43.0332730">
    <ele>40.8</ele>
    <time>2026-06-16T09:38:27Z</time>
     <extensions>
      <gpxtpx:TrackPointExtension>
       <gpxtpx:hr>107</gpxtpx:hr>
      </gpxtpx:TrackPointExtension>
     </extensions>
   </trkpt>
   <trkpt lat="-2.6462970" lon="-43.0332730">
    <ele>40.8</ele>
    <time>2026-06-16T09:38:32Z</time>
     <extensions>
      <gpxtpx:TrackPointExtension>
       <gpxtpx:hr>108</gpxtpx:hr>
      </gpxtpx:TrackPointExtension>
     </extensions>
   </trkpt>
   <trkpt lat="-2.6462960" lon="-43.0332730">
    <ele>40.8</ele>
    <time>2026-06-16T09:38:37Z</time>
     <extensions>
      <gpxtpx:TrackPointExtension>
       <gpxtpx:hr>105</gpxtpx:hr>
      </gpxtpx:TrackPointExtension>
     </extensions>
   </trkpt>
   <trkpt lat="-2.6462950" lon="-43.0332740">
    <ele>40.8</ele>
    <time>2026-06-16T09:38:42Z</time>
     <extensions>
      <gpxtpx:TrackPointExtension>
       <gpxtpx:hr>107</gpxtpx:hr>
      </gpxtpx:TrackPointExtension>
     </extensions>
   </trkpt>
   <trkpt lat="-2.6462950" lon="-43.0332740">
    <ele>40.8</ele>
    <time>2026-06-16T09:38:47Z</time>
     <extensions>
      <gpxtpx:TrackPointExtension>
       <gpxtpx:hr>99</gpxtpx:hr>
      </gpxtpx:TrackPointExtension>
     </extensions>
   </trkpt>
   <trkpt lat="-2.6462960" lon="-43.0332740">
    <ele>40.8</ele>
    <time>2026-06-16T09:38:52Z</time>
     <extensions>
      <gpxtpx:TrackPointExtension>
       <gpxtpx:hr>103</gpxtpx:hr>
      </gpxtpx:TrackPointExtension>
     </extensions>
   </trkpt>
   <trkpt lat="-2.6462980" lon="-43.0332720">
    <ele>40.8</ele>
    <time>2026-06-16T09:38:57Z</time>
     <extensions>
      <gpxtpx:TrackPointExtension>
       <gpxtpx:hr>98</gpxtpx:hr>
      </gpxtpx:TrackPointExtension>
     </extensions>
   </trkpt>
   <trkpt lat="-2.6463010" lon="-43.0332720">
    <ele>40.8</ele>
    <time>2026-06-16T09:39:02Z</time>
     <extensions>
      <gpxtpx:TrackPointExtension>
       <gpxtpx:hr>110</gpxtpx:hr>
      </gpxtpx:TrackPointExtension>
     </extensions>
   </trkpt>
   <trkpt lat="-2.6463050" lon="-43.0332760">
    <ele>40.8</ele>
    <time>2026-06-16T09:39:07Z</time>
     <extensions>
      <gpxtpx:TrackPointExtension>
       <gpxtpx:hr>104</gpxtpx:hr>
      </gpxtpx:TrackPointExtension>
     </extensions>
   </trkpt>
   <trkpt lat="-2.6463030" lon="-43.0332800">
    <ele>40.8</ele>
    <time>2026-06-16T09:39:12Z</time>
     <extensions>
      <gpxtpx:TrackPointExtension>
       <gpxtpx:hr>104</gpxtpx:hr>
      </gpxtpx:TrackPointExtension>
     </extensions>
   </trkpt>
   <trkpt lat="-2.6462790" lon="-43.0332870">
    <ele>40.8</ele>
    <time>2026-06-16T09:39:17Z</time>
     <extensions>
      <gpxtpx:TrackPointExtension>
       <gpxtpx:hr>103</gpxtpx:hr>
      </gpxtpx:TrackPointExtension>
     </extensions>
   </trkpt>
   <trkpt lat="-2.6462410" lon="-43.0333010">
    <ele>41.2</ele>
    <time>2026-06-16T09:39:22Z</time>
     <extensions>
      <gpxtpx:TrackPointExtension>
       <gpxtpx:hr>104</gpxtpx:hr>
      </gpxtpx:TrackPointExtension>
     </extensions>
   </trkpt>
   <trkpt lat="-2.6462120" lon="-43.0333230">
    <ele>41.6</ele>
    <time>2026-06-16T09:39:27Z</time>
     <extensions>
      <gpxtpx:TrackPointExtension>
       <gpxtpx:hr>108</gpxtpx:hr>
      </gpxtpx:TrackPointExtension>
     </extensions>
   </trkpt>
   <trkpt lat="-2.6461800" lon="-43.0333450">
    <ele>42.2</ele>
    <time>2026-06-16T09:39:32Z</time>
     <extensions>
      <gpxtpx:TrackPointExtension>
       <gpxtpx:hr>109</gpxtpx:hr>
      </gpxtpx:TrackPointExtension>
     </extensions>
   </trkpt>
   <trkpt lat="-2.6461330" lon="-43.0333550">
    <ele>42.4</ele>
    <time>2026-06-16T09:39:37Z</time>
     <extensions>
      <gpxtpx:TrackPointExtension>
       <gpxtpx:hr>121</gpxtpx:hr>
      </gpxtpx:TrackPointExtension>
     </extensions>
   </trkpt>
   <trkpt lat="-2.6460910" lon="-43.0333600">
    <ele>43.0</ele>
    <time>2026-06-16T09:39:42Z</time>
     <extensions>
      <gpxtpx:TrackPointExtension>
       <gpxtpx:hr>121</gpxtpx:hr>
      </gpxtpx:TrackPointExtension>
     </extensions>
   </trkpt>
   <trkpt lat="-2.6460850" lon="-43.0333720">
    <ele>43.6</ele>
    <time>2026-06-16T09:39:47Z</time>
     <extensions>
      <gpxtpx:TrackPointExtension>
       <gpxtpx:hr>128</gpxtpx:hr>
      </gpxtpx:TrackPointExtension>
     </extensions>
   </trkpt>
   <trkpt lat="-2.6460700" lon="-43.0333890">
    <ele>44.0</ele>
    <time>2026-06-16T09:39:52Z</time>
     <extensions>
      <gpxtpx:TrackPointExtension>
       <gpxtpx:hr>133</gpxtpx:hr>
      </gpxtpx:TrackPointExtension>
     </extensions>
   </trkpt>
   <trkpt lat="-2.6460490" lon="-43.0334100">
    <ele>44.4</ele>
    <time>2026-06-16T09:39:57Z</time>
     <extensions>
      <gpxtpx:TrackPointExtension>
       <gpxtpx:hr>140</gpxtpx:hr>
      </gpxtpx:TrackPointExtension>
     </extensions>
   </trkpt>
   <trkpt lat="-2.6460230" lon="-43.0334340">
    <ele>44.6</ele>
    <time>2026-06-16T09:40:03Z</time>
     <extensions>
      <gpxtpx:TrackPointExtension>
       <gpxtpx:hr>131</gpxtpx:hr>
      </gpxtpx:TrackPointExtension>
     </extensions>
   </trkpt>
   <trkpt lat="-2.6459950" lon="-43.0334600">
    <ele>44.4</ele>
    <time>2026-06-16T09:40:08Z</time>
     <extensions>
      <gpxtpx:TrackPointExtension>
       <gpxtpx:hr>132</gpxtpx:hr>
      </gpxtpx:TrackPointExtension>
     </extensions>
   </trkpt>
   <trkpt lat="-2.6459670" lon="-43.0334850">
    <ele>44.2</ele>
    <time>2026-06-16T09:40:13Z</time>
     <extensions>
      <gpxtpx:TrackPointExtension>
       <gpxtpx:hr>135</gpxtpx:hr>
      </gpxtpx:TrackPointExtension>
     </extensions>
   </trkpt>
   <trkpt lat="-2.6459360" lon="-43.0335100">
    <ele>43.8</ele>
    <time>2026-06-16T09:40:18Z</time>
     <extensions>
      <gpxtpx:TrackPointExtension>
       <gpxtpx:hr>131</gpxtpx:hr>
      </gpxtpx:TrackPointExtension>
     </extensions>
   </trkpt>
   <trkpt lat="-2.6459060" lon="-43.0335270">
    <ele>43.2</ele>
    <time>2026-06-16T09:40:23Z</time>
     <extensions>
      <gpxtpx:TrackPointExtension>
       <gpxtpx:hr>130</gpxtpx:hr>
      </gpxtpx:TrackPointExtension>
     </extensions>
   </trkpt>
   <trkpt lat="-2.6458690" lon="-43.0335390">
    <ele>42.6</ele>
    <time>2026-06-16T09:40:28Z</time>
     <extensions>
      <gpxtpx:TrackPointExtension>
       <gpxtpx:hr>130</gpxtpx:hr>
      </gpxtpx:TrackPointExtension>
     </extensions>
   </trkpt>
   <trkpt lat="-2.6458390" lon="-43.0335700">
    <ele>42.2</ele>
    <time>2026-06-16T09:40:33Z</time>
     <extensions>
      <gpxtpx:TrackPointExtension>
       <gpxtpx:hr>118</gpxtpx:hr>
      </gpxtpx:TrackPointExtension>
     </extensions>
   </trkpt>
   <trkpt lat="-2.6458120" lon="-43.0335970">
    <ele>41.6</ele>
    <time>2026-06-16T09:40:38Z</time>
     <extensions>
      <gpxtpx:TrackPointExtension>
       <gpxtpx:hr>114</gpxtpx:hr>
      </gpxtpx:TrackPointExtension>
     </extensions>
   </trkpt>
   <trkpt lat="-2.6457790" lon="-43.0336110">
    <ele>41.0</ele>
    <time>2026-06-16T09:40:43Z</time>
     <extensions>
      <gpxtpx:TrackPointExtension>
       <gpxtpx:hr>117</gpxtpx:hr>
      </gpxtpx:TrackPointExtension>
     </extensions>
   </trkpt>
   <trkpt lat="-2.6457490" lon="-43.0336250">
    <ele>40.4</ele>
    <time>2026-06-16T09:40:48Z</time>
     <extensions>
      <gpxtpx:TrackPointExtension>
       <gpxtpx:hr>110</gpxtpx:hr>
      </gpxtpx:TrackPointExtension>
     </extensions>
   </trkpt>
   <trkpt lat="-2.6457330" lon="-43.0336420">
    <ele>40.0</ele>
    <time>2026-06-16T09:40:53Z</time>
     <extensions>
      <gpxtpx:TrackPointExtension>
       <gpxtpx:hr>110</gpxtpx:hr>
      </gpxtpx:TrackPointExtension>
     </extensions>
   </trkpt>
   <trkpt lat="-2.6457150" lon="-43.0336570">
    <ele>39.8</ele>
    <time>2026-06-16T09:40:58Z</time>
     <extensions>
      <gpxtpx:TrackPointExtension>
       <gpxtpx:hr>104</gpxtpx:hr>
      </gpxtpx:TrackPointExtension>
     </extensions>
   </trkpt>
   <trkpt lat="-2.6456990" lon="-43.0336870">
    <ele>39.6</ele>
    <time>2026-06-16T09:41:03Z</time>
     <extensions>
      <gpxtpx:TrackPointExtension>
       <gpxtpx:hr>99</gpxtpx:hr>
      </gpxtpx:TrackPointExtension>
     </extensions>
   </trkpt>
   <trkpt lat="-2.6457000" lon="-43.0337010">
    <ele>39.4</ele>
    <time>2026-06-16T09:41:08Z</time>
     <extensions>
      <gpxtpx:TrackPointExtension>
       <gpxtpx:hr>102</gpxtpx:hr>
      </gpxtpx:TrackPointExtension>
     </extensions>
   </trkpt>
   <trkpt lat="-2.6457020" lon="-43.0337030">
    <ele>39.2</ele>
    <time>2026-06-16T09:41:13Z</time>
     <extensions>
      <gpxtpx:TrackPointExtension>
       <gpxtpx:hr>104</gpxtpx:hr>
      </gpxtpx:TrackPointExtension>
     </extensions>
   </trkpt>
   <trkpt lat="-2.6457020" lon="-43.0337020">
    <ele>39.2</ele>
    <time>2026-06-16T09:41:18Z</time>
     <extensions>
      <gpxtpx:TrackPointExtension>
       <gpxtpx:hr>104</gpxtpx:hr>
      </gpxtpx:TrackPointExtension>
     </extensions>
   </trkpt>
   <trkpt lat="-2.6457010" lon="-43.0337030">
    <ele>39.2</ele>
    <time>2026-06-16T09:41:23Z</time>
     <extensions>
      <gpxtpx:TrackPointExtension>
       <gpxtpx:hr>98</gpxtpx:hr>
      </gpxtpx:TrackPointExtension>
     </extensions>
   </trkpt>
   <trkpt lat="-2.6456870" lon="-43.0337160">
    <ele>39.2</ele>
    <time>2026-06-16T09:41:28Z</time>
     <extensions>
      <gpxtpx:TrackPointExtension>
       <gpxtpx:hr>103</gpxtpx:hr>
      </gpxtpx:TrackPointExtension>
     </extensions>
   </trkpt>
   <trkpt lat="-2.6456610" lon="-43.0337330">
    <ele>39.0</ele>
    <time>2026-06-16T09:41:33Z</time>
     <extensions>
      <gpxtpx:TrackPointExtension>
       <gpxtpx:hr>98</gpxtpx:hr>
      </gpxtpx:TrackPointExtension>
     </extensions>
   </trkpt>
   <trkpt lat="-2.6456380" lon="-43.0337630">
    <ele>38.8</ele>
    <time>2026-06-16T09:41:38Z</time>
     <extensions>
      <gpxtpx:TrackPointExtension>
       <gpxtpx:hr>101</gpxtpx:hr>
      </gpxtpx:TrackPointExtension>
     </extensions>
   </trkpt>
   <trkpt lat="-2.6456150" lon="-43.0338060">
    <ele>38.4</ele>
    <time>2026-06-16T09:41:43Z</time>
     <extensions>
      <gpxtpx:TrackPointExtension>
       <gpxtpx:hr>101</gpxtpx:hr>
      </gpxtpx:TrackPointExtension>
     </extensions>
   </trkpt>
   <trkpt lat="-2.6455960" lon="-43.0338610">
    <ele>38.0</ele>
    <time>2026-06-16T09:41:48Z</time>
     <extensions>
      <gpxtpx:TrackPointExtension>
       <gpxtpx:hr>94</gpxtpx:hr>
      </gpxtpx:TrackPointExtension>
     </extensions>
   </trkpt>
   <trkpt lat="-2.6455760" lon="-43.0339080">
    <ele>37.6</ele>
    <time>2026-06-16T09:41:53Z</time>
     <extensions>
      <gpxtpx:TrackPointExtension>
       <gpxtpx:hr>102</gpxtpx:hr>
      </gpxtpx:TrackPointExtension>
     </extensions>
   </trkpt>
   <trkpt lat="-2.6455580" lon="-43.0339630">
    <ele>37.2</ele>
    <time>2026-06-16T09:41:58Z</time>
     <extensions>
      <gpxtpx:TrackPointExtension>
       <gpxtpx:hr>102</gpxtpx:hr>
      </gpxtpx:TrackPointExtension>
     </extensions>
   </trkpt>
   <trkpt lat="-2.6455440" lon="-43.0340170">
    <ele>37.0</ele>
    <time>2026-06-16T09:42:03Z</time>
     <extensions>
      <gpxtpx:TrackPointExtension>
       <gpxtpx:hr>105</gpxtpx:hr>
      </gpxtpx:TrackPointExtension>
     </extensions>
   </trkpt>
   <trkpt lat="-2.6455190" lon="-43.0340660">
    <ele>36.8</ele>
    <time>2026-06-16T09:42:08Z</time>
     <extensions>
      <gpxtpx:TrackPointExtension>
       <gpxtpx:hr>113</gpxtpx:hr>
      </gpxtpx:TrackPointExtension>
     </extensions>
   </trkpt>
   <trkpt lat="-2.6454910" lon="-43.0341130">
    <ele>36.6</ele>
    <time>2026-06-16T09:42:13Z</time>
     <extensions>
      <gpxtpx:TrackPointExtension>
       <gpxtpx:hr>115</gpxtpx:hr>
      </gpxtpx:TrackPointExtension>
     </extensions>
   </trkpt>
   <trkpt lat="-2.6454630" lon="-43.0341640">
    <ele>36.4</ele>
    <time>2026-06-16T09:42:18Z</time>
     <extensions>
      <gpxtpx:TrackPointExtension>
       <gpxtpx:hr>115</gpxtpx:hr>
      </gpxtpx:TrackPointExtension>
     </extensions>
   </trkpt>
   <trkpt lat="-2.6454310" lon="-43.0342120">
    <ele>36.4</ele>
    <time>2026-06-16T09:42:23Z</time>
     <extensions>
      <gpxtpx:TrackPointExtension>
       <gpxtpx:hr>115</gpxtpx:hr>
      </gpxtpx:TrackPointExtension>
     </extensions>
   </trkpt>
   <trkpt lat="-2.6454030" lon="-43.0342610">
    <ele>36.2</ele>
    <time>2026-06-16T09:42:28Z</time>
     <extensions>
      <gpxtpx:TrackPointExtension>
       <gpxtpx:hr>114</gpxtpx:hr>
      </gpxtpx:TrackPointExtension>
     </extensions>
   </trkpt>
   <trkpt lat="-2.6453750" lon="-43.0343130">
    <ele>36.2</ele>
    <time>2026-06-16T09:42:33Z</time>
     <extensions>
      <gpxtpx:TrackPointExtension>
       <gpxtpx:hr>114</gpxtpx:hr>
      </gpxtpx:TrackPointExtension>
     </extensions>
   </trkpt>
   <trkpt lat="-2.6453520" lon="-43.0343600">
    <ele>36.2</ele>
    <time>2026-06-16T09:42:38Z</time>
     <extensions>
      <gpxtpx:TrackPointExtension>
       <gpxtpx:hr>114</gpxtpx:hr>
      </gpxtpx:TrackPointExtension>
     </extensions>
   </trkpt>
   <trkpt lat="-2.6453240" lon="-43.0344030">
    <ele>36.2</ele>
    <time>2026-06-16T09:42:43Z</time>
     <extensions>
      <gpxtpx:TrackPointExtension>
       <gpxtpx:hr>112</gpxtpx:hr>
      </gpxtpx:TrackPointExtension>
     </extensions>
   </trkpt>
   <trkpt lat="-2.6452940" lon="-43.0344440">
    <ele>36.2</ele>
    <time>2026-06-16T09:42:48Z</time>
     <extensions>
      <gpxtpx:TrackPointExtension>
       <gpxtpx:hr>115</gpxtpx:hr>
      </gpxtpx:TrackPointExtension>
     </extensions>
   </trkpt>
   <trkpt lat="-2.6452630" lon="-43.0344870">
    <ele>36.0</ele>
    <time>2026-06-16T09:42:53Z</time>
     <extensions>
      <gpxtpx:TrackPointExtension>
       <gpxtpx:hr>113</gpxtpx:hr>
      </gpxtpx:TrackPointExtension>
     </extensions>
   </trkpt>
   <trkpt lat="-2.6452410" lon="-43.0345310">
    <ele>36.0</ele>
    <time>2026-06-16T09:42:58Z</time>
     <extensions>
      <gpxtpx:TrackPointExtension>
       <gpxtpx:hr>115</gpxtpx:hr>
      </gpxtpx:TrackPointExtension>
     </extensions>
   </trkpt>
   <trkpt lat="-2.6452200" lon="-43.0345780">
    <ele>35.8</ele>
    <time>2026-06-16T09:43:03Z</time>
     <extensions>
      <gpxtpx:TrackPointExtension>
       <gpxtpx:hr>116</gpxtpx:hr>
      </gpxtpx:TrackPointExtension>
     </extensions>
   </trkpt>
   <trkpt lat="-2.6452000" lon="-43.0346230">
    <ele>35.4</ele>
    <time>2026-06-16T09:43:08Z</time>
     <extensions>
      <gpxtpx:TrackPointExtension>
       <gpxtpx:hr>115</gpxtpx:hr>
      </gpxtpx:TrackPointExtension>
     </extensions>
   </trkpt>
   <trkpt lat="-2.6451880" lon="-43.0346610">
    <ele>34.8</ele>
    <time>2026-06-16T09:43:13Z</time>
     <extensions>
      <gpxtpx:TrackPointExtension>
       <gpxtpx:hr>115</gpxtpx:hr>
      </gpxtpx:TrackPointExtension>
     </extensions>
   </trkpt>
   <trkpt lat="-2.6451740" lon="-43.0347090">
    <ele>34.2</ele>
    <time>2026-06-16T09:43:18Z</time>
     <extensions>
      <gpxtpx:TrackPointExtension>
       <gpxtpx:hr>116</gpxtpx:hr>
      </gpxtpx:TrackPointExtension>
     </extensions>
   </trkpt>
   <trkpt lat="-2.6451600" lon="-43.0347520">
    <ele>33.4</ele>
    <time>2026-06-16T09:43:23Z</time>
     <extensions>
      <gpxtpx:TrackPointExtension>
       <gpxtpx:hr>116</gpxtpx:hr>
      </gpxtpx:TrackPointExtension>
     </extensions>
   </trkpt>
   <trkpt lat="-2.6451400" lon="-43.0347930">
    <ele>32.8</ele>
    <time>2026-06-16T09:43:28Z</time>
     <extensions>
      <gpxtpx:TrackPointExtension>
       <gpxtpx:hr>111</gpxtpx:hr>
      </gpxtpx:TrackPointExtension>
     </extensions>
   </trkpt>
   <trkpt lat="-2.6451190" lon="-43.0348390">
    <ele>32.2</ele>
    <time>2026-06-16T09:43:33Z</time>
     <extensions>
      <gpxtpx:TrackPointExtension>
       <gpxtpx:hr>107</gpxtpx:hr>
      </gpxtpx:TrackPointExtension>
     </extensions>
   </trkpt>
   <trkpt lat="-2.6451110" lon="-43.0348830">
    <ele>31.6</ele>
    <time>2026-06-16T09:43:38Z</time>
     <extensions>
      <gpxtpx:TrackPointExtension>
       <gpxtpx:hr>106</gpxtpx:hr>
      </gpxtpx:TrackPointExtension>
     </extensions>
   </trkpt>
   <trkpt lat="-2.6451070" lon="-43.0349280">
    <ele>31.0</ele>
    <time>2026-06-16T09:43:43Z</time>
     <extensions>
      <gpxtpx:TrackPointExtension>
       <gpxtpx:hr>106</gpxtpx:hr>
      </gpxtpx:TrackPointExtension>
     </extensions>
   </trkpt>
   <trkpt lat="-2.6451040" lon="-43.0349490">
    <ele>30.6</ele>
    <time>2026-06-16T09:43:48Z</time>
     <extensions>
      <gpxtpx:TrackPointExtension>
       <gpxtpx:hr>104</gpxtpx:hr>
      </gpxtpx:TrackPointExtension>
     </extensions>
   </trkpt>
   <trkpt lat="-2.6450820" lon="-43.0349700">
    <ele>30.4</ele>
    <time>2026-06-16T09:43:53Z</time>
     <extensions>
      <gpxtpx:TrackPointExtension>
       <gpxtpx:hr>101</gpxtpx:hr>
      </gpxtpx:TrackPointExtension>
     </extensions>
   </trkpt>
   <trkpt lat="-2.6450350" lon="-43.0349990">
    <ele>30.2</ele>
    <time>2026-06-16T09:43:58Z</time>
     <extensions>
      <gpxtpx:TrackPointExtension>
       <gpxtpx:hr>103</gpxtpx:hr>
      </gpxtpx:TrackPointExtension>
     </extensions>
   </trkpt>
   <trkpt lat="-2.6449810" lon="-43.0349970">
    <ele>30.2</ele>
    <time>2026-06-16T09:44:03Z</time>
     <extensions>
      <gpxtpx:TrackPointExtension>
       <gpxtpx:hr>105</gpxtpx:hr>
      </gpxtpx:TrackPointExtension>
     </extensions>
   </trkpt>
   <trkpt lat="-2.6449410" lon="-43.0349720">
    <ele>30.2</ele>
    <time>2026-06-16T09:44:08Z</time>
     <extensions>
      <gpxtpx:TrackPointExtension>
       <gpxtpx:hr>105</gpxtpx:hr>
      </gpxtpx:TrackPointExtension>
     </extensions>
   </trkpt>
   <trkpt lat="-2.6449020" lon="-43.0349430">
    <ele>30.0</ele>
    <time>2026-06-16T09:44:13Z</time>
     <extensions>
      <gpxtpx:TrackPointExtension>
       <gpxtpx:hr>112</gpxtpx:hr>
      </gpxtpx:TrackPointExtension>
     </extensions>
   </trkpt>
   <trkpt lat="-2.6448620" lon="-43.0349320">
    <ele>29.8</ele>
    <time>2026-06-16T09:44:18Z</time>
     <extensions>
      <gpxtpx:TrackPointExtension>
       <gpxtpx:hr>116</gpxtpx:hr>
      </gpxtpx:TrackPointExtension>
     </extensions>
   </trkpt>
   <trkpt lat="-2.6448160" lon="-43.0349150">
    <ele>29.8</ele>
    <time>2026-06-16T09:44:23Z</time>
     <extensions>
      <gpxtpx:TrackPointExtension>
       <gpxtpx:hr>116</gpxtpx:hr>
      </gpxtpx:TrackPointExtension>
     </extensions>
   </trkpt>
   <trkpt lat="-2.6447670" lon="-43.0348960">
    <ele>29.8</ele>
    <time>2026-06-16T09:44:28Z</time>
     <extensions>
      <gpxtpx:TrackPointExtension>
       <gpxtpx:hr>116</gpxtpx:hr>
      </gpxtpx:TrackPointExtension>
     </extensions>
   </trkpt>
   <trkpt lat="-2.6447170" lon="-43.0348820">
    <ele>29.8</ele>
    <time>2026-06-16T09:44:33Z</time>
     <extensions>
      <gpxtpx:TrackPointExtension>
       <gpxtpx:hr>118</gpxtpx:hr>
      </gpxtpx:TrackPointExtension>
     </extensions>
   </trkpt>
   <trkpt lat="-2.6446600" lon="-43.0348710">
    <ele>29.8</ele>
    <time>2026-06-16T09:44:38Z</time>
     <extensions>
      <gpxtpx:TrackPointExtension>
       <gpxtpx:hr>118</gpxtpx:hr>
      </gpxtpx:TrackPointExtension>
     </extensions>
   </trkpt>
   <trkpt lat="-2.6446160" lon="-43.0348560">
    <ele>29.8</ele>
    <time>2026-06-16T09:44:43Z</time>
     <extensions>
      <gpxtpx:TrackPointExtension>
       <gpxtpx:hr>125</gpxtpx:hr>
      </gpxtpx:TrackPointExtension>
     </extensions>
   </trkpt>
   <trkpt lat="-2.6445730" lon="-43.0348460">
    <ele>29.8</ele>
    <time>2026-06-16T09:44:48Z</time>
     <extensions>
      <gpxtpx:TrackPointExtension>
       <gpxtpx:hr>125</gpxtpx:hr>
      </gpxtpx:TrackPointExtension>
     </extensions>
   </trkpt>
   <trkpt lat="-2.6445190" lon="-43.0348360">
    <ele>29.8</ele>
    <time>2026-06-16T09:44:53Z</time>
     <extensions>
      <gpxtpx:TrackPointExtension>
       <gpxtpx:hr>117</gpxtpx:hr>
      </gpxtpx:TrackPointExtension>
     </extensions>
   </trkpt>
   <trkpt lat="-2.6444710" lon="-43.0348330">
    <ele>29.8</ele>
    <time>2026-06-16T09:44:58Z</time>
     <extensions>
      <gpxtpx:TrackPointExtension>
       <gpxtpx:hr>118</gpxtpx:hr>
      </gpxtpx:TrackPointExtension>
     </extensions>
   </trkpt>
   <trkpt lat="-2.6444210" lon="-43.0348240">
    <ele>29.8</ele>
    <time>2026-06-16T09:45:03Z</time>
     <extensions>
      <gpxtpx:TrackPointExtension>
       <gpxtpx:hr>118</gpxtpx:hr>
      </gpxtpx:TrackPointExtension>
     </extensions>
   </trkpt>
   <trkpt lat="-2.6443760" lon="-43.0348070">
    <ele>29.8</ele>
    <time>2026-06-16T09:45:08Z</time>
     <extensions>
      <gpxtpx:TrackPointExtension>
       <gpxtpx:hr>118</gpxtpx:hr>
      </gpxtpx:TrackPointExtension>
     </extensions>
   </trkpt>
   <trkpt lat="-2.6443280" lon="-43.0347960">
    <ele>29.8</ele>
    <time>2026-06-16T09:45:13Z</time>
     <extensions>
      <gpxtpx:TrackPointExtension>
       <gpxtpx:hr>118</gpxtpx:hr>
      </gpxtpx:TrackPointExtension>
     </extensions>
   </trkpt>
   <trkpt lat="-2.6442760" lon="-43.0347910">
    <ele>29.8</ele>
    <time>2026-06-16T09:45:18Z</time>
     <extensions>
      <gpxtpx:TrackPointExtension>
       <gpxtpx:hr>118</gpxtpx:hr>
      </gpxtpx:TrackPointExtension>
     </extensions>
   </trkpt>
   <trkpt lat="-2.6442220" lon="-43.0347860">
    <ele>29.8</ele>
    <time>2026-06-16T09:45:23Z</time>
     <extensions>
      <gpxtpx:TrackPointExtension>
       <gpxtpx:hr>119</gpxtpx:hr>
      </gpxtpx:TrackPointExtension>
     </extensions>
   </trkpt>
   <trkpt lat="-2.6441680" lon="-43.0347920">
    <ele>30.0</ele>
    <time>2026-06-16T09:45:28Z</time>
     <extensions>
      <gpxtpx:TrackPointExtension>
       <gpxtpx:hr>122</gpxtpx:hr>
      </gpxtpx:TrackPointExtension>
     </extensions>
   </trkpt>
   <trkpt lat="-2.6441150" lon="-43.0348010">
    <ele>30.0</ele>
    <time>2026-06-16T09:45:33Z</time>
     <extensions>
      <gpxtpx:TrackPointExtension>
       <gpxtpx:hr>122</gpxtpx:hr>
      </gpxtpx:TrackPointExtension>
     </extensions>
   </trkpt>
   <trkpt lat="-2.6440690" lon="-43.0348060">
    <ele>30.0</ele>
    <time>2026-06-16T09:45:38Z</time>
     <extensions>
      <gpxtpx:TrackPointExtension>
       <gpxtpx:hr>125</gpxtpx:hr>
      </gpxtpx:TrackPointExtension>
     </extensions>
   </trkpt>
   <trkpt lat="-2.6440200" lon="-43.0348030">
    <ele>30.2</ele>
    <time>2026-06-16T09:45:43Z</time>
     <extensions>
      <gpxtpx:TrackPointExtension>
       <gpxtpx:hr>125</gpxtpx:hr>
      </gpxtpx:TrackPointExtension>
     </extensions>
   </trkpt>
   <trkpt lat="-2.6439750" lon="-43.0348020">
    <ele>30.2</ele>
    <time>2026-06-16T09:45:48Z</time>
     <extensions>
      <gpxtpx:TrackPointExtension>
       <gpxtpx:hr>122</gpxtpx:hr>
      </gpxtpx:TrackPointExtension>
     </extensions>
   </trkpt>
   <trkpt lat="-2.6439230" lon="-43.0348060">
    <ele>30.2</ele>
    <time>2026-06-16T09:45:53Z</time>
     <extensions>
      <gpxtpx:TrackPointExtension>
       <gpxtpx:hr>117</gpxtpx:hr>
      </gpxtpx:TrackPointExtension>
     </extensions>
   </trkpt>
   <trkpt lat="-2.6438710" lon="-43.0348180">
    <ele>30.2</ele>
    <time>2026-06-16T09:45:58Z</time>
     <extensions>
      <gpxtpx:TrackPointExtension>
       <gpxtpx:hr>117</gpxtpx:hr>
      </gpxtpx:TrackPointExtension>
     </extensions>
   </trkpt>
   <trkpt lat="-2.6438200" lon="-43.0348320">
    <ele>30.2</ele>
    <time>2026-06-16T09:46:03Z</time>
     <extensions>
      <gpxtpx:TrackPointExtension>
       <gpxtpx:hr>116</gpxtpx:hr>
      </gpxtpx:TrackPointExtension>
     </extensions>
   </trkpt>
   <trkpt lat="-2.6437680" lon="-43.0348460">
    <ele>30.2</ele>
    <time>2026-06-16T09:46:08Z</time>
     <extensions>
      <gpxtpx:TrackPointExtension>
       <gpxtpx:hr>119</gpxtpx:hr>
      </gpxtpx:TrackPointExtension>
     </extensions>
   </trkpt>
   <trkpt lat="-2.6437250" lon="-43.0348500">
    <ele>30.2</ele>
    <time>2026-06-16T09:46:13Z</time>
     <extensions>
      <gpxtpx:TrackPointExtension>
       <gpxtpx:hr>116</gpxtpx:hr>
      </gpxtpx:TrackPointExtension>
     </extensions>
   </trkpt>
   <trkpt lat="-2.6436860" lon="-43.0348550">
    <ele>30.2</ele>
    <time>2026-06-16T09:46:18Z</time>
     <extensions>
      <gpxtpx:TrackPointExtension>
       <gpxtpx:hr>119</gpxtpx:hr>
      </gpxtpx:TrackPointExtension>
     </extensions>
   </trkpt>
   <trkpt lat="-2.6436700" lon="-43.0348800">
    <ele>30.4</ele>
    <time>2026-06-16T09:46:23Z</time>
     <extensions>
      <gpxtpx:TrackPointExtension>
       <gpxtpx:hr>119</gpxtpx:hr>
      </gpxtpx:TrackPointExtension>
     </extensions>
   </trkpt>
   <trkpt lat="-2.6436630" lon="-43.0349280">
    <ele>30.8</ele>
    <time>2026-06-16T09:46:28Z</time>
     <extensions>
      <gpxtpx:TrackPointExtension>
       <gpxtpx:hr>115</gpxtpx:hr>
      </gpxtpx:TrackPointExtension>
     </extensions>
   </trkpt>
   <trkpt lat="-2.6436510" lon="-43.0349680">
    <ele>31.2</ele>
    <time>2026-06-16T09:46:33Z</time>
     <extensions>
      <gpxtpx:TrackPointExtension>
       <gpxtpx:hr>118</gpxtpx:hr>
      </gpxtpx:TrackPointExtension>
     </extensions>
   </trkpt>
   <trkpt lat="-2.6436270" lon="-43.0350030">
    <ele>31.8</ele>
    <time>2026-06-16T09:46:38Z</time>
     <extensions>
      <gpxtpx:TrackPointExtension>
       <gpxtpx:hr>126</gpxtpx:hr>
      </gpxtpx:TrackPointExtension>
     </extensions>
   </trkpt>
   <trkpt lat="-2.6436130" lon="-43.0350440">
    <ele>32.2</ele>
    <time>2026-06-16T09:46:44Z</time>
     <extensions>
      <gpxtpx:TrackPointExtension>
       <gpxtpx:hr>126</gpxtpx:hr>
      </gpxtpx:TrackPointExtension>
     </extensions>
   </trkpt>
   <trkpt lat="-2.6435940" lon="-43.0350860">
    <ele>32.4</ele>
    <time>2026-06-16T09:46:49Z</time>
     <extensions>
      <gpxtpx:TrackPointExtension>
       <gpxtpx:hr>131</gpxtpx:hr>
      </gpxtpx:TrackPointExtension>
     </extensions>
   </trkpt>
   <trkpt lat="-2.6435700" lon="-43.0351310">
    <ele>32.6</ele>
    <time>2026-06-16T09:46:54Z</time>
     <extensions>
      <gpxtpx:TrackPointExtension>
       <gpxtpx:hr>134</gpxtpx:hr>
      </gpxtpx:TrackPointExtension>
     </extensions>
   </trkpt>
   <trkpt lat="-2.6435500" lon="-43.0351790">
    <ele>32.8</ele>
    <time>2026-06-16T09:46:59Z</time>
     <extensions>
      <gpxtpx:TrackPointExtension>
       <gpxtpx:hr>136</gpxtpx:hr>
      </gpxtpx:TrackPointExtension>
     </extensions>
   </trkpt>
   <trkpt lat="-2.6435320" lon="-43.0352210">
    <ele>33.0</ele>
    <time>2026-06-16T09:47:04Z</time>
     <extensions>
      <gpxtpx:TrackPointExtension>
       <gpxtpx:hr>132</gpxtpx:hr>
      </gpxtpx:TrackPointExtension>
     </extensions>
   </trkpt>
   <trkpt lat="-2.6435190" lon="-43.0352560">
    <ele>33.0</ele>
    <time>2026-06-16T09:47:09Z</time>
     <extensions>
      <gpxtpx:TrackPointExtension>
       <gpxtpx:hr>132</gpxtpx:hr>
      </gpxtpx:TrackPointExtension>
     </extensions>
   </trkpt>
   <trkpt lat="-2.6434980" lon="-43.0353030">
    <ele>32.6</ele>
    <time>2026-06-16T09:47:14Z</time>
     <extensions>
      <gpxtpx:TrackPointExtension>
       <gpxtpx:hr>137</gpxtpx:hr>
      </gpxtpx:TrackPointExtension>
     </extensions>
   </trkpt>
   <trkpt lat="-2.6434740" lon="-43.0353470">
    <ele>32.2</ele>
    <time>2026-06-16T09:47:19Z</time>
     <extensions>
      <gpxtpx:TrackPointExtension>
       <gpxtpx:hr>128</gpxtpx:hr>
      </gpxtpx:TrackPointExtension>
     </extensions>
   </trkpt>
   <trkpt lat="-2.6434390" lon="-43.0353880">
    <ele>31.6</ele>
    <time>2026-06-16T09:47:24Z</time>
     <extensions>
      <gpxtpx:TrackPointExtension>
       <gpxtpx:hr>132</gpxtpx:hr>
      </gpxtpx:TrackPointExtension>
     </extensions>
   </trkpt>
   <trkpt lat="-2.6434050" lon="-43.0354210">
    <ele>31.2</ele>
    <time>2026-06-16T09:47:29Z</time>
     <extensions>
      <gpxtpx:TrackPointExtension>
       <gpxtpx:hr>123</gpxtpx:hr>
      </gpxtpx:TrackPointExtension>
     </extensions>
   </trkpt>
   <trkpt lat="-2.6433850" lon="-43.0354470">
    <ele>31.2</ele>
    <time>2026-06-16T09:47:34Z</time>
     <extensions>
      <gpxtpx:TrackPointExtension>
       <gpxtpx:hr>123</gpxtpx:hr>
      </gpxtpx:TrackPointExtension>
     </extensions>
   </trkpt>
   <trkpt lat="-2.6433670" lon="-43.0354640">
    <ele>31.4</ele>
    <time>2026-06-16T09:47:39Z</time>
     <extensions>
      <gpxtpx:TrackPointExtension>
       <gpxtpx:hr>116</gpxtpx:hr>
      </gpxtpx:TrackPointExtension>
     </extensions>
   </trkpt>
   <trkpt lat="-2.6433550" lon="-43.0354810">
    <ele>32.0</ele>
    <time>2026-06-16T09:47:44Z</time>
     <extensions>
      <gpxtpx:TrackPointExtension>
       <gpxtpx:hr>116</gpxtpx:hr>
      </gpxtpx:TrackPointExtension>
     </extensions>
   </trkpt>
   <trkpt lat="-2.6433480" lon="-43.0354950">
    <ele>32.4</ele>
    <time>2026-06-16T09:47:49Z</time>
     <extensions>
      <gpxtpx:TrackPointExtension>
       <gpxtpx:hr>122</gpxtpx:hr>
      </gpxtpx:TrackPointExtension>
     </extensions>
   </trkpt>
   <trkpt lat="-2.6433370" lon="-43.0355120">
    <ele>33.0</ele>
    <time>2026-06-16T09:47:54Z</time>
     <extensions>
      <gpxtpx:TrackPointExtension>
       <gpxtpx:hr>127</gpxtpx:hr>
      </gpxtpx:TrackPointExtension>
     </extensions>
   </trkpt>
   <trkpt lat="-2.6433270" lon="-43.0355280">
    <ele>33.4</ele>
    <time>2026-06-16T09:47:59Z</time>
     <extensions>
      <gpxtpx:TrackPointExtension>
       <gpxtpx:hr>132</gpxtpx:hr>
      </gpxtpx:TrackPointExtension>
     </extensions>
   </trkpt>
   <trkpt lat="-2.6433220" lon="-43.0355470">
    <ele>34.0</ele>
    <time>2026-06-16T09:48:04Z</time>
     <extensions>
      <gpxtpx:TrackPointExtension>
       <gpxtpx:hr>137</gpxtpx:hr>
      </gpxtpx:TrackPointExtension>
     </extensions>
   </trkpt>
   <trkpt lat="-2.6433120" lon="-43.0355650">
    <ele>34.6</ele>
    <time>2026-06-16T09:48:09Z</time>
     <extensions>
      <gpxtpx:TrackPointExtension>
       <gpxtpx:hr>137</gpxtpx:hr>
      </gpxtpx:TrackPointExtension>
     </extensions>
   </trkpt>
   <trkpt lat="-2.6433030" lon="-43.0355820">
    <ele>35.4</ele>
    <time>2026-06-16T09:48:14Z</time>
     <extensions>
      <gpxtpx:TrackPointExtension>
       <gpxtpx:hr>139</gpxtpx:hr>
      </gpxtpx:TrackPointExtension>
     </extensions>
   </trkpt>
   <trkpt lat="-2.6432860" lon="-43.0355940">
    <ele>35.8</ele>
    <time>2026-06-16T09:48:19Z</time>
     <extensions>
      <gpxtpx:TrackPointExtension>
       <gpxtpx:hr>137</gpxtpx:hr>
      </gpxtpx:TrackPointExtension>
     </extensions>
   </trkpt>
   <trkpt lat="-2.6432680" lon="-43.0356080">
    <ele>36.0</ele>
    <time>2026-06-16T09:48:24Z</time>
     <extensions>
      <gpxtpx:TrackPointExtension>
       <gpxtpx:hr>139</gpxtpx:hr>
      </gpxtpx:TrackPointExtension>
     </extensions>
   </trkpt>
   <trkpt lat="-2.6432630" lon="-43.0356250">
    <ele>36.4</ele>
    <time>2026-06-16T09:48:29Z</time>
     <extensions>
      <gpxtpx:TrackPointExtension>
       <gpxtpx:hr>139</gpxtpx:hr>
      </gpxtpx:TrackPointExtension>
     </extensions>
   </trkpt>
   <trkpt lat="-2.6432600" lon="-43.0356540">
    <ele>37.0</ele>
    <time>2026-06-16T09:48:34Z</time>
     <extensions>
      <gpxtpx:TrackPointExtension>
       <gpxtpx:hr>142</gpxtpx:hr>
      </gpxtpx:TrackPointExtension>
     </extensions>
   </trkpt>
   <trkpt lat="-2.6432450" lon="-43.0356770">
    <ele>37.4</ele>
    <time>2026-06-16T09:48:39Z</time>
     <extensions>
      <gpxtpx:TrackPointExtension>
       <gpxtpx:hr>142</gpxtpx:hr>
      </gpxtpx:TrackPointExtension>
     </extensions>
   </trkpt>
   <trkpt lat="-2.6431990" lon="-43.0356780">
    <ele>37.6</ele>
    <time>2026-06-16T09:48:44Z</time>
     <extensions>
      <gpxtpx:TrackPointExtension>
       <gpxtpx:hr>140</gpxtpx:hr>
      </gpxtpx:TrackPointExtension>
     </extensions>
   </trkpt>
   <trkpt lat="-2.6431330" lon="-43.0356530">
    <ele>37.8</ele>
    <time>2026-06-16T09:48:49Z</time>
     <extensions>
      <gpxtpx:TrackPointExtension>
       <gpxtpx:hr>137</gpxtpx:hr>
      </gpxtpx:TrackPointExtension>
     </extensions>
   </trkpt>
   <trkpt lat="-2.6430770" lon="-43.0356370">
    <ele>38.0</ele>
    <time>2026-06-16T09:48:54Z</time>
     <extensions>
      <gpxtpx:TrackPointExtension>
       <gpxtpx:hr>138</gpxtpx:hr>
      </gpxtpx:TrackPointExtension>
     </extensions>
   </trkpt>
   <trkpt lat="-2.6430310" lon="-43.0356200">
    <ele>38.4</ele>
    <time>2026-06-16T09:48:59Z</time>
     <extensions>
      <gpxtpx:TrackPointExtension>
       <gpxtpx:hr>138</gpxtpx:hr>
      </gpxtpx:TrackPointExtension>
     </extensions>
   </trkpt>
   <trkpt lat="-2.6429840" lon="-43.0356040">
    <ele>38.8</ele>
    <time>2026-06-16T09:49:04Z</time>
     <extensions>
      <gpxtpx:TrackPointExtension>
       <gpxtpx:hr>136</gpxtpx:hr>
      </gpxtpx:TrackPointExtension>
     </extensions>
   </trkpt>
   <trkpt lat="-2.6429380" lon="-43.0355870">
    <ele>39.0</ele>
    <time>2026-06-16T09:49:09Z</time>
     <extensions>
      <gpxtpx:TrackPointExtension>
       <gpxtpx:hr>136</gpxtpx:hr>
      </gpxtpx:TrackPointExtension>
     </extensions>
   </trkpt>
   <trkpt lat="-2.6428890" lon="-43.0355870">
    <ele>39.0</ele>
    <time>2026-06-16T09:49:14Z</time>
     <extensions>
      <gpxtpx:TrackPointExtension>
       <gpxtpx:hr>136</gpxtpx:hr>
      </gpxtpx:TrackPointExtension>
     </extensions>
   </trkpt>
   <trkpt lat="-2.6428450" lon="-43.0355920">
    <ele>39.2</ele>
    <time>2026-06-16T09:49:19Z</time>
     <extensions>
      <gpxtpx:TrackPointExtension>
       <gpxtpx:hr>133</gpxtpx:hr>
      </gpxtpx:TrackPointExtension>
     </extensions>
   </trkpt>
   <trkpt lat="-2.6428170" lon="-43.0355920">
    <ele>39.4</ele>
    <time>2026-06-16T09:49:24Z</time>
     <extensions>
      <gpxtpx:TrackPointExtension>
       <gpxtpx:hr>135</gpxtpx:hr>
      </gpxtpx:TrackPointExtension>
     </extensions>
   </trkpt>
   <trkpt lat="-2.6428100" lon="-43.0356100">
    <ele>40.0</ele>
    <time>2026-06-16T09:49:29Z</time>
     <extensions>
      <gpxtpx:TrackPointExtension>
       <gpxtpx:hr>135</gpxtpx:hr>
      </gpxtpx:TrackPointExtension>
     </extensions>
   </trkpt>
   <trkpt lat="-2.6427910" lon="-43.0356030">
    <ele>40.4</ele>
    <time>2026-06-16T09:49:34Z</time>
     <extensions>
      <gpxtpx:TrackPointExtension>
       <gpxtpx:hr>145</gpxtpx:hr>
      </gpxtpx:TrackPointExtension>
     </extensions>
   </trkpt>
   <trkpt lat="-2.6427520" lon="-43.0355950">
    <ele>41.0</ele>
    <time>2026-06-16T09:49:39Z</time>
     <extensions>
      <gpxtpx:TrackPointExtension>
       <gpxtpx:hr>145</gpxtpx:hr>
      </gpxtpx:TrackPointExtension>
     </extensions>
   </trkpt>
   <trkpt lat="-2.6426980" lon="-43.0355860">
    <ele>41.8</ele>
    <time>2026-06-16T09:49:44Z</time>
     <extensions>
      <gpxtpx:TrackPointExtension>
       <gpxtpx:hr>149</gpxtpx:hr>
      </gpxtpx:TrackPointExtension>
     </extensions>
   </trkpt>
   <trkpt lat="-2.6426580" lon="-43.0355900">
    <ele>42.6</ele>
    <time>2026-06-16T09:49:49Z</time>
     <extensions>
      <gpxtpx:TrackPointExtension>
       <gpxtpx:hr>152</gpxtpx:hr>
      </gpxtpx:TrackPointExtension>
     </extensions>
   </trkpt>
   <trkpt lat="-2.6426190" lon="-43.0356210">
    <ele>43.0</ele>
    <time>2026-06-16T09:49:54Z</time>
     <extensions>
      <gpxtpx:TrackPointExtension>
       <gpxtpx:hr>155</gpxtpx:hr>
      </gpxtpx:TrackPointExtension>
     </extensions>
   </trkpt>
   <trkpt lat="-2.6425870" lon="-43.0356430">
    <ele>43.0</ele>
    <time>2026-06-16T09:49:59Z</time>
     <extensions>
      <gpxtpx:TrackPointExtension>
       <gpxtpx:hr>155</gpxtpx:hr>
      </gpxtpx:TrackPointExtension>
     </extensions>
   </trkpt>
   <trkpt lat="-2.6425590" lon="-43.0356680">
    <ele>43.0</ele>
    <time>2026-06-16T09:50:04Z</time>
     <extensions>
      <gpxtpx:TrackPointExtension>
       <gpxtpx:hr>155</gpxtpx:hr>
      </gpxtpx:TrackPointExtension>
     </extensions>
   </trkpt>
   <trkpt lat="-2.6425360" lon="-43.0356900">
    <ele>43.0</ele>
    <time>2026-06-16T09:50:09Z</time>
     <extensions>
      <gpxtpx:TrackPointExtension>
       <gpxtpx:hr>152</gpxtpx:hr>
      </gpxtpx:TrackPointExtension>
     </extensions>
   </trkpt>
   <trkpt lat="-2.6425080" lon="-43.0357230">
    <ele>42.8</ele>
    <time>2026-06-16T09:50:14Z</time>
     <extensions>
      <gpxtpx:TrackPointExtension>
       <gpxtpx:hr>152</gpxtpx:hr>
      </gpxtpx:TrackPointExtension>
     </extensions>
   </trkpt>
   <trkpt lat="-2.6424740" lon="-43.0357540">
    <ele>42.4</ele>
    <time>2026-06-16T09:50:19Z</time>
     <extensions>
      <gpxtpx:TrackPointExtension>
       <gpxtpx:hr>149</gpxtpx:hr>
      </gpxtpx:TrackPointExtension>
     </extensions>
   </trkpt>
   <trkpt lat="-2.6424400" lon="-43.0357740">
    <ele>42.2</ele>
    <time>2026-06-16T09:50:24Z</time>
     <extensions>
      <gpxtpx:TrackPointExtension>
       <gpxtpx:hr>145</gpxtpx:hr>
      </gpxtpx:TrackPointExtension>
     </extensions>
   </trkpt>
   <trkpt lat="-2.6423970" lon="-43.0358050">
    <ele>42.0</ele>
    <time>2026-06-16T09:50:29Z</time>
     <extensions>
      <gpxtpx:TrackPointExtension>
       <gpxtpx:hr>139</gpxtpx:hr>
      </gpxtpx:TrackPointExtension>
     </extensions>
   </trkpt>
   <trkpt lat="-2.6423570" lon="-43.0358360">
    <ele>41.6</ele>
    <time>2026-06-16T09:50:34Z</time>
     <extensions>
      <gpxtpx:TrackPointExtension>
       <gpxtpx:hr>139</gpxtpx:hr>
      </gpxtpx:TrackPointExtension>
     </extensions>
   </trkpt>
   <trkpt lat="-2.6423190" lon="-43.0358690">
    <ele>41.2</ele>
    <time>2026-06-16T09:50:39Z</time>
     <extensions>
      <gpxtpx:TrackPointExtension>
       <gpxtpx:hr>127</gpxtpx:hr>
      </gpxtpx:TrackPointExtension>
     </extensions>
   </trkpt>
   <trkpt lat="-2.6422850" lon="-43.0359080">
    <ele>40.6</ele>
    <time>2026-06-16T09:50:44Z</time>
     <extensions>
      <gpxtpx:TrackPointExtension>
       <gpxtpx:hr>123</gpxtpx:hr>
      </gpxtpx:TrackPointExtension>
     </extensions>
   </trkpt>
   <trkpt lat="-2.6422560" lon="-43.0359400">
    <ele>40.0</ele>
    <time>2026-06-16T09:50:49Z</time>
     <extensions>
      <gpxtpx:TrackPointExtension>
       <gpxtpx:hr>123</gpxtpx:hr>
      </gpxtpx:TrackPointExtension>
     </extensions>
   </trkpt>
   <trkpt lat="-2.6422190" lon="-43.0359800">
    <ele>39.6</ele>
    <time>2026-06-16T09:50:54Z</time>
     <extensions>
      <gpxtpx:TrackPointExtension>
       <gpxtpx:hr>120</gpxtpx:hr>
      </gpxtpx:TrackPointExtension>
     </extensions>
   </trkpt>
   <trkpt lat="-2.6421860" lon="-43.0360160">
    <ele>39.6</ele>
    <time>2026-06-16T09:50:59Z</time>
     <extensions>
      <gpxtpx:TrackPointExtension>
       <gpxtpx:hr>120</gpxtpx:hr>
      </gpxtpx:TrackPointExtension>
     </extensions>
   </trkpt>
   <trkpt lat="-2.6421530" lon="-43.0360490">
    <ele>39.6</ele>
    <time>2026-06-16T09:51:04Z</time>
     <extensions>
      <gpxtpx:TrackPointExtension>
       <gpxtpx:hr>114</gpxtpx:hr>
      </gpxtpx:TrackPointExtension>
     </extensions>
   </trkpt>
   <trkpt lat="-2.6421270" lon="-43.0360890">
    <ele>39.8</ele>
    <time>2026-06-16T09:51:09Z</time>
     <extensions>
      <gpxtpx:TrackPointExtension>
       <gpxtpx:hr>114</gpxtpx:hr>
      </gpxtpx:TrackPointExtension>
     </extensions>
   </trkpt>
   <trkpt lat="-2.6421200" lon="-43.0361400">
    <ele>39.8</ele>
    <time>2026-06-16T09:51:14Z</time>
     <extensions>
      <gpxtpx:TrackPointExtension>
       <gpxtpx:hr>121</gpxtpx:hr>
      </gpxtpx:TrackPointExtension>
     </extensions>
   </trkpt>
   <trkpt lat="-2.6421140" lon="-43.0361780">
    <ele>39.8</ele>
    <time>2026-06-16T09:51:19Z</time>
     <extensions>
      <gpxtpx:TrackPointExtension>
       <gpxtpx:hr>120</gpxtpx:hr>
      </gpxtpx:TrackPointExtension>
     </extensions>
   </trkpt>
   <trkpt lat="-2.6421000" lon="-43.0362240">
    <ele>39.6</ele>
    <time>2026-06-16T09:51:24Z</time>
     <extensions>
      <gpxtpx:TrackPointExtension>
       <gpxtpx:hr>124</gpxtpx:hr>
      </gpxtpx:TrackPointExtension>
     </extensions>
   </trkpt>
   <trkpt lat="-2.6420640" lon="-43.0362560">
    <ele>39.4</ele>
    <time>2026-06-16T09:51:29Z</time>
     <extensions>
      <gpxtpx:TrackPointExtension>
       <gpxtpx:hr>126</gpxtpx:hr>
      </gpxtpx:TrackPointExtension>
     </extensions>
   </trkpt>
   <trkpt lat="-2.6420360" lon="-43.0362920">
    <ele>39.2</ele>
    <time>2026-06-16T09:51:34Z</time>
     <extensions>
      <gpxtpx:TrackPointExtension>
       <gpxtpx:hr>126</gpxtpx:hr>
      </gpxtpx:TrackPointExtension>
     </extensions>
   </trkpt>
   <trkpt lat="-2.6420160" lon="-43.0363240">
    <ele>38.8</ele>
    <time>2026-06-16T09:51:39Z</time>
     <extensions>
      <gpxtpx:TrackPointExtension>
       <gpxtpx:hr>118</gpxtpx:hr>
      </gpxtpx:TrackPointExtension>
     </extensions>
   </trkpt>
   <trkpt lat="-2.6419840" lon="-43.0363640">
    <ele>38.4</ele>
    <time>2026-06-16T09:51:44Z</time>
     <extensions>
      <gpxtpx:TrackPointExtension>
       <gpxtpx:hr>111</gpxtpx:hr>
      </gpxtpx:TrackPointExtension>
     </extensions>
   </trkpt>
   <trkpt lat="-2.6419520" lon="-43.0364030">
    <ele>37.8</ele>
    <time>2026-06-16T09:51:49Z</time>
     <extensions>
      <gpxtpx:TrackPointExtension>
       <gpxtpx:hr>112</gpxtpx:hr>
      </gpxtpx:TrackPointExtension>
     </extensions>
   </trkpt>
   <trkpt lat="-2.6419200" lon="-43.0364440">
    <ele>37.2</ele>
    <time>2026-06-16T09:51:54Z</time>
     <extensions>
      <gpxtpx:TrackPointExtension>
       <gpxtpx:hr>112</gpxtpx:hr>
      </gpxtpx:TrackPointExtension>
     </extensions>
   </trkpt>
   <trkpt lat="-2.6418880" lon="-43.0364810">
    <ele>36.4</ele>
    <time>2026-06-16T09:51:59Z</time>
     <extensions>
      <gpxtpx:TrackPointExtension>
       <gpxtpx:hr>112</gpxtpx:hr>
      </gpxtpx:TrackPointExtension>
     </extensions>
   </trkpt>
   <trkpt lat="-2.6418550" lon="-43.0365230">
    <ele>35.6</ele>
    <time>2026-06-16T09:52:04Z</time>
     <extensions>
      <gpxtpx:TrackPointExtension>
       <gpxtpx:hr>105</gpxtpx:hr>
      </gpxtpx:TrackPointExtension>
     </extensions>
   </trkpt>
   <trkpt lat="-2.6418290" lon="-43.0365530">
    <ele>34.8</ele>
    <time>2026-06-16T09:52:09Z</time>
     <extensions>
      <gpxtpx:TrackPointExtension>
       <gpxtpx:hr>107</gpxtpx:hr>
      </gpxtpx:TrackPointExtension>
     </extensions>
   </trkpt>
   <trkpt lat="-2.6418040" lon="-43.0365810">
    <ele>34.0</ele>
    <time>2026-06-16T09:52:14Z</time>
     <extensions>
      <gpxtpx:TrackPointExtension>
       <gpxtpx:hr>107</gpxtpx:hr>
      </gpxtpx:TrackPointExtension>
     </extensions>
   </trkpt>
   <trkpt lat="-2.6417730" lon="-43.0366040">
    <ele>33.2</ele>
    <time>2026-06-16T09:52:19Z</time>
     <extensions>
      <gpxtpx:TrackPointExtension>
       <gpxtpx:hr>113</gpxtpx:hr>
      </gpxtpx:TrackPointExtension>
     </extensions>
   </trkpt>
   <trkpt lat="-2.6417430" lon="-43.0366300">
    <ele>32.4</ele>
    <time>2026-06-16T09:52:24Z</time>
     <extensions>
      <gpxtpx:TrackPointExtension>
       <gpxtpx:hr>110</gpxtpx:hr>
      </gpxtpx:TrackPointExtension>
     </extensions>
   </trkpt>
   <trkpt lat="-2.6417120" lon="-43.0366520">
    <ele>31.6</ele>
    <time>2026-06-16T09:52:29Z</time>
     <extensions>
      <gpxtpx:TrackPointExtension>
       <gpxtpx:hr>110</gpxtpx:hr>
      </gpxtpx:TrackPointExtension>
     </extensions>
   </trkpt>
   <trkpt lat="-2.6416840" lon="-43.0366730">
    <ele>30.8</ele>
    <time>2026-06-16T09:52:34Z</time>
     <extensions>
      <gpxtpx:TrackPointExtension>
       <gpxtpx:hr>115</gpxtpx:hr>
      </gpxtpx:TrackPointExtension>
     </extensions>
   </trkpt>
   <trkpt lat="-2.6416490" lon="-43.0366940">
    <ele>30.0</ele>
    <time>2026-06-16T09:52:39Z</time>
     <extensions>
      <gpxtpx:TrackPointExtension>
       <gpxtpx:hr>110</gpxtpx:hr>
      </gpxtpx:TrackPointExtension>
     </extensions>
   </trkpt>
   <trkpt lat="-2.6416030" lon="-43.0367180">
    <ele>29.4</ele>
    <time>2026-06-16T09:52:44Z</time>
     <extensions>
      <gpxtpx:TrackPointExtension>
       <gpxtpx:hr>109</gpxtpx:hr>
      </gpxtpx:TrackPointExtension>
     </extensions>
   </trkpt>
   <trkpt lat="-2.6415600" lon="-43.0367370">
    <ele>29.0</ele>
    <time>2026-06-16T09:52:49Z</time>
     <extensions>
      <gpxtpx:TrackPointExtension>
       <gpxtpx:hr>107</gpxtpx:hr>
      </gpxtpx:TrackPointExtension>
     </extensions>
   </trkpt>
   <trkpt lat="-2.6415160" lon="-43.0367620">
    <ele>28.8</ele>
    <time>2026-06-16T09:52:54Z</time>
     <extensions>
      <gpxtpx:TrackPointExtension>
       <gpxtpx:hr>107</gpxtpx:hr>
      </gpxtpx:TrackPointExtension>
     </extensions>
   </trkpt>
   <trkpt lat="-2.6414760" lon="-43.0367810">
    <ele>28.6</ele>
    <time>2026-06-16T09:52:59Z</time>
     <extensions>
      <gpxtpx:TrackPointExtension>
       <gpxtpx:hr>112</gpxtpx:hr>
      </gpxtpx:TrackPointExtension>
     </extensions>
   </trkpt>
   <trkpt lat="-2.6414400" lon="-43.0368120">
    <ele>28.6</ele>
    <time>2026-06-16T09:53:04Z</time>
     <extensions>
      <gpxtpx:TrackPointExtension>
       <gpxtpx:hr>112</gpxtpx:hr>
      </gpxtpx:TrackPointExtension>
     </extensions>
   </trkpt>
   <trkpt lat="-2.6414170" lon="-43.0368520">
    <ele>28.8</ele>
    <time>2026-06-16T09:53:09Z</time>
     <extensions>
      <gpxtpx:TrackPointExtension>
       <gpxtpx:hr>112</gpxtpx:hr>
      </gpxtpx:TrackPointExtension>
     </extensions>
   </trkpt>
   <trkpt lat="-2.6414150" lon="-43.0368960">
    <ele>29.0</ele>
    <time>2026-06-16T09:53:14Z</time>
     <extensions>
      <gpxtpx:TrackPointExtension>
       <gpxtpx:hr>115</gpxtpx:hr>
      </gpxtpx:TrackPointExtension>
     </extensions>
   </trkpt>
   <trkpt lat="-2.6414130" lon="-43.0369450">
    <ele>29.4</ele>
    <time>2026-06-16T09:53:19Z</time>
     <extensions>
      <gpxtpx:TrackPointExtension>
       <gpxtpx:hr>116</gpxtpx:hr>
      </gpxtpx:TrackPointExtension>
     </extensions>
   </trkpt>
   <trkpt lat="-2.6414080" lon="-43.0369910">
    <ele>30.0</ele>
    <time>2026-06-16T09:53:24Z</time>
     <extensions>
      <gpxtpx:TrackPointExtension>
       <gpxtpx:hr>121</gpxtpx:hr>
      </gpxtpx:TrackPointExtension>
     </extensions>
   </trkpt>
   <trkpt lat="-2.6413930" lon="-43.0370310">
    <ele>30.6</ele>
    <time>2026-06-16T09:53:29Z</time>
     <extensions>
      <gpxtpx:TrackPointExtension>
       <gpxtpx:hr>125</gpxtpx:hr>
      </gpxtpx:TrackPointExtension>
     </extensions>
   </trkpt>
   <trkpt lat="-2.6413800" lon="-43.0370730">
    <ele>31.0</ele>
    <time>2026-06-16T09:53:34Z</time>
     <extensions>
      <gpxtpx:TrackPointExtension>
       <gpxtpx:hr>125</gpxtpx:hr>
      </gpxtpx:TrackPointExtension>
     </extensions>
   </trkpt>
   <trkpt lat="-2.6413710" lon="-43.0371170">
    <ele>31.4</ele>
    <time>2026-06-16T09:53:39Z</time>
     <extensions>
      <gpxtpx:TrackPointExtension>
       <gpxtpx:hr>134</gpxtpx:hr>
      </gpxtpx:TrackPointExtension>
     </extensions>
   </trkpt>
   <trkpt lat="-2.6413640" lon="-43.0371490">
    <ele>31.6</ele>
    <time>2026-06-16T09:53:44Z</time>
     <extensions>
      <gpxtpx:TrackPointExtension>
       <gpxtpx:hr>134</gpxtpx:hr>
      </gpxtpx:TrackPointExtension>
     </extensions>
   </trkpt>
   <trkpt lat="-2.6413470" lon="-43.0371880">
    <ele>31.4</ele>
    <time>2026-06-16T09:53:49Z</time>
     <extensions>
      <gpxtpx:TrackPointExtension>
       <gpxtpx:hr>136</gpxtpx:hr>
      </gpxtpx:TrackPointExtension>
     </extensions>
   </trkpt>
   <trkpt lat="-2.6413240" lon="-43.0372320">
    <ele>31.0</ele>
    <time>2026-06-16T09:53:54Z</time>
     <extensions>
      <gpxtpx:TrackPointExtension>
       <gpxtpx:hr>136</gpxtpx:hr>
      </gpxtpx:TrackPointExtension>
     </extensions>
   </trkpt>
   <trkpt lat="-2.6413060" lon="-43.0372690">
    <ele>30.8</ele>
    <time>2026-06-16T09:53:59Z</time>
     <extensions>
      <gpxtpx:TrackPointExtension>
       <gpxtpx:hr>137</gpxtpx:hr>
      </gpxtpx:TrackPointExtension>
     </extensions>
   </trkpt>
   <trkpt lat="-2.6412890" lon="-43.0373140">
    <ele>30.8</ele>
    <time>2026-06-16T09:54:04Z</time>
     <extensions>
      <gpxtpx:TrackPointExtension>
       <gpxtpx:hr>137</gpxtpx:hr>
      </gpxtpx:TrackPointExtension>
     </extensions>
   </trkpt>
   <trkpt lat="-2.6412720" lon="-43.0373510">
    <ele>30.6</ele>
    <time>2026-06-16T09:54:09Z</time>
     <extensions>
      <gpxtpx:TrackPointExtension>
       <gpxtpx:hr>126</gpxtpx:hr>
      </gpxtpx:TrackPointExtension>
     </extensions>
   </trkpt>
   <trkpt lat="-2.6412580" lon="-43.0373940">
    <ele>30.6</ele>
    <time>2026-06-16T09:54:14Z</time>
     <extensions>
      <gpxtpx:TrackPointExtension>
       <gpxtpx:hr>126</gpxtpx:hr>
      </gpxtpx:TrackPointExtension>
     </extensions>
   </trkpt>
   <trkpt lat="-2.6412400" lon="-43.0374380">
    <ele>30.4</ele>
    <time>2026-06-16T09:54:19Z</time>
     <extensions>
      <gpxtpx:TrackPointExtension>
       <gpxtpx:hr>124</gpxtpx:hr>
      </gpxtpx:TrackPointExtension>
     </extensions>
   </trkpt>
   <trkpt lat="-2.6412220" lon="-43.0374750">
    <ele>30.2</ele>
    <time>2026-06-16T09:54:24Z</time>
     <extensions>
      <gpxtpx:TrackPointExtension>
       <gpxtpx:hr>124</gpxtpx:hr>
      </gpxtpx:TrackPointExtension>
     </extensions>
   </trkpt>
   <trkpt lat="-2.6411900" lon="-43.0375260">
    <ele>29.8</ele>
    <time>2026-06-16T09:54:29Z</time>
     <extensions>
      <gpxtpx:TrackPointExtension>
       <gpxtpx:hr>120</gpxtpx:hr>
      </gpxtpx:TrackPointExtension>
     </extensions>
   </trkpt>
   <trkpt lat="-2.6411620" lon="-43.0375710">
    <ele>29.4</ele>
    <time>2026-06-16T09:54:34Z</time>
     <extensions>
      <gpxtpx:TrackPointExtension>
       <gpxtpx:hr>122</gpxtpx:hr>
      </gpxtpx:TrackPointExtension>
     </extensions>
   </trkpt>
   <trkpt lat="-2.6411420" lon="-43.0376130">
    <ele>29.2</ele>
    <time>2026-06-16T09:54:39Z</time>
     <extensions>
      <gpxtpx:TrackPointExtension>
       <gpxtpx:hr>122</gpxtpx:hr>
      </gpxtpx:TrackPointExtension>
     </extensions>
   </trkpt>
   <trkpt lat="-2.6411230" lon="-43.0376650">
    <ele>29.2</ele>
    <time>2026-06-16T09:54:44Z</time>
     <extensions>
      <gpxtpx:TrackPointExtension>
       <gpxtpx:hr>124</gpxtpx:hr>
      </gpxtpx:TrackPointExtension>
     </extensions>
   </trkpt>
   <trkpt lat="-2.6411110" lon="-43.0377170">
    <ele>29.2</ele>
    <time>2026-06-16T09:54:49Z</time>
     <extensions>
      <gpxtpx:TrackPointExtension>
       <gpxtpx:hr>122</gpxtpx:hr>
      </gpxtpx:TrackPointExtension>
     </extensions>
   </trkpt>
   <trkpt lat="-2.6410950" lon="-43.0377620">
    <ele>29.2</ele>
    <time>2026-06-16T09:54:54Z</time>
     <extensions>
      <gpxtpx:TrackPointExtension>
       <gpxtpx:hr>122</gpxtpx:hr>
      </gpxtpx:TrackPointExtension>
     </extensions>
   </trkpt>
   <trkpt lat="-2.6410850" lon="-43.0378100">
    <ele>29.2</ele>
    <time>2026-06-16T09:54:59Z</time>
     <extensions>
      <gpxtpx:TrackPointExtension>
       <gpxtpx:hr>120</gpxtpx:hr>
      </gpxtpx:TrackPointExtension>
     </extensions>
   </trkpt>
   <trkpt lat="-2.6410790" lon="-43.0378500">
    <ele>29.2</ele>
    <time>2026-06-16T09:55:04Z</time>
     <extensions>
      <gpxtpx:TrackPointExtension>
       <gpxtpx:hr>120</gpxtpx:hr>
      </gpxtpx:TrackPointExtension>
     </extensions>
   </trkpt>
   <trkpt lat="-2.6410720" lon="-43.0378850">
    <ele>29.2</ele>
    <time>2026-06-16T09:55:09Z</time>
     <extensions>
      <gpxtpx:TrackPointExtension>
       <gpxtpx:hr>120</gpxtpx:hr>
      </gpxtpx:TrackPointExtension>
     </extensions>
   </trkpt>
   <trkpt lat="-2.6410620" lon="-43.0379240">
    <ele>29.2</ele>
    <time>2026-06-16T09:55:14Z</time>
     <extensions>
      <gpxtpx:TrackPointExtension>
       <gpxtpx:hr>120</gpxtpx:hr>
      </gpxtpx:TrackPointExtension>
     </extensions>
   </trkpt>
   <trkpt lat="-2.6410510" lon="-43.0379710">
    <ele>29.2</ele>
    <time>2026-06-16T09:55:19Z</time>
     <extensions>
      <gpxtpx:TrackPointExtension>
       <gpxtpx:hr>122</gpxtpx:hr>
      </gpxtpx:TrackPointExtension>
     </extensions>
   </trkpt>
   <trkpt lat="-2.6410420" lon="-43.0380180">
    <ele>29.2</ele>
    <time>2026-06-16T09:55:24Z</time>
     <extensions>
      <gpxtpx:TrackPointExtension>
       <gpxtpx:hr>124</gpxtpx:hr>
      </gpxtpx:TrackPointExtension>
     </extensions>
   </trkpt>
   <trkpt lat="-2.6410350" lon="-43.0380630">
    <ele>29.0</ele>
    <time>2026-06-16T09:55:29Z</time>
     <extensions>
      <gpxtpx:TrackPointExtension>
       <gpxtpx:hr>121</gpxtpx:hr>
      </gpxtpx:TrackPointExtension>
     </extensions>
   </trkpt>
   <trkpt lat="-2.6410280" lon="-43.0381140">
    <ele>29.0</ele>
    <time>2026-06-16T09:55:34Z</time>
     <extensions>
      <gpxtpx:TrackPointExtension>
       <gpxtpx:hr>119</gpxtpx:hr>
      </gpxtpx:TrackPointExtension>
     </extensions>
   </trkpt>
   <trkpt lat="-2.6410210" lon="-43.0381660">
    <ele>29.0</ele>
    <time>2026-06-16T09:55:39Z</time>
     <extensions>
      <gpxtpx:TrackPointExtension>
       <gpxtpx:hr>119</gpxtpx:hr>
      </gpxtpx:TrackPointExtension>
     </extensions>
   </trkpt>
   <trkpt lat="-2.6410180" lon="-43.0382180">
    <ele>29.0</ele>
    <time>2026-06-16T09:55:44Z</time>
     <extensions>
      <gpxtpx:TrackPointExtension>
       <gpxtpx:hr>124</gpxtpx:hr>
      </gpxtpx:TrackPointExtension>
     </extensions>
   </trkpt>
   <trkpt lat="-2.6410150" lon="-43.0382710">
    <ele>29.0</ele>
    <time>2026-06-16T09:55:49Z</time>
     <extensions>
      <gpxtpx:TrackPointExtension>
       <gpxtpx:hr>124</gpxtpx:hr>
      </gpxtpx:TrackPointExtension>
     </extensions>
   </trkpt>
   <trkpt lat="-2.6410100" lon="-43.0383220">
    <ele>29.0</ele>
    <time>2026-06-16T09:55:54Z</time>
     <extensions>
      <gpxtpx:TrackPointExtension>
       <gpxtpx:hr>127</gpxtpx:hr>
      </gpxtpx:TrackPointExtension>
     </extensions>
   </trkpt>
   <trkpt lat="-2.6410080" lon="-43.0383760">
    <ele>28.8</ele>
    <time>2026-06-16T09:55:59Z</time>
     <extensions>
      <gpxtpx:TrackPointExtension>
       <gpxtpx:hr>127</gpxtpx:hr>
      </gpxtpx:TrackPointExtension>
     </extensions>
   </trkpt>
   <trkpt lat="-2.6410150" lon="-43.0384270">
    <ele>28.8</ele>
    <time>2026-06-16T09:56:04Z</time>
     <extensions>
      <gpxtpx:TrackPointExtension>
       <gpxtpx:hr>124</gpxtpx:hr>
      </gpxtpx:TrackPointExtension>
     </extensions>
   </trkpt>
   <trkpt lat="-2.6410200" lon="-43.0384760">
    <ele>28.8</ele>
    <time>2026-06-16T09:56:09Z</time>
     <extensions>
      <gpxtpx:TrackPointExtension>
       <gpxtpx:hr>124</gpxtpx:hr>
      </gpxtpx:TrackPointExtension>
     </extensions>
   </trkpt>
   <trkpt lat="-2.6410270" lon="-43.0385260">
    <ele>28.8</ele>
    <time>2026-06-16T09:56:14Z</time>
     <extensions>
      <gpxtpx:TrackPointExtension>
       <gpxtpx:hr>121</gpxtpx:hr>
      </gpxtpx:TrackPointExtension>
     </extensions>
   </trkpt>
   <trkpt lat="-2.6410350" lon="-43.0385760">
    <ele>28.8</ele>
    <time>2026-06-16T09:56:19Z</time>
     <extensions>
      <gpxtpx:TrackPointExtension>
       <gpxtpx:hr>121</gpxtpx:hr>
      </gpxtpx:TrackPointExtension>
     </extensions>
   </trkpt>
   <trkpt lat="-2.6410390" lon="-43.0386260">
    <ele>28.8</ele>
    <time>2026-06-16T09:56:24Z</time>
     <extensions>
      <gpxtpx:TrackPointExtension>
       <gpxtpx:hr>124</gpxtpx:hr>
      </gpxtpx:TrackPointExtension>
     </extensions>
   </trkpt>
   <trkpt lat="-2.6410430" lon="-43.0386740">
    <ele>28.6</ele>
    <time>2026-06-16T09:56:29Z</time>
     <extensions>
      <gpxtpx:TrackPointExtension>
       <gpxtpx:hr>124</gpxtpx:hr>
      </gpxtpx:TrackPointExtension>
     </extensions>
   </trkpt>
   <trkpt lat="-2.6410410" lon="-43.0387240">
    <ele>28.6</ele>
    <time>2026-06-16T09:56:34Z</time>
     <extensions>
      <gpxtpx:TrackPointExtension>
       <gpxtpx:hr>121</gpxtpx:hr>
      </gpxtpx:TrackPointExtension>
     </extensions>
   </trkpt>
   <trkpt lat="-2.6410420" lon="-43.0387760">
    <ele>28.6</ele>
    <time>2026-06-16T09:56:39Z</time>
     <extensions>
      <gpxtpx:TrackPointExtension>
       <gpxtpx:hr>121</gpxtpx:hr>
      </gpxtpx:TrackPointExtension>
     </extensions>
   </trkpt>
   <trkpt lat="-2.6410430" lon="-43.0388250">
    <ele>28.6</ele>
    <time>2026-06-16T09:56:44Z</time>
     <extensions>
      <gpxtpx:TrackPointExtension>
       <gpxtpx:hr>117</gpxtpx:hr>
      </gpxtpx:TrackPointExtension>
     </extensions>
   </trkpt>
   <trkpt lat="-2.6410470" lon="-43.0388770">
    <ele>28.6</ele>
    <time>2026-06-16T09:56:49Z</time>
     <extensions>
      <gpxtpx:TrackPointExtension>
       <gpxtpx:hr>121</gpxtpx:hr>
      </gpxtpx:TrackPointExtension>
     </extensions>
   </trkpt>
   <trkpt lat="-2.6410510" lon="-43.0389320">
    <ele>28.6</ele>
    <time>2026-06-16T09:56:54Z</time>
     <extensions>
      <gpxtpx:TrackPointExtension>
       <gpxtpx:hr>121</gpxtpx:hr>
      </gpxtpx:TrackPointExtension>
     </extensions>
   </trkpt>
   <trkpt lat="-2.6410630" lon="-43.0389850">
    <ele>28.6</ele>
    <time>2026-06-16T09:56:59Z</time>
     <extensions>
      <gpxtpx:TrackPointExtension>
       <gpxtpx:hr>122</gpxtpx:hr>
      </gpxtpx:TrackPointExtension>
     </extensions>
   </trkpt>
   <trkpt lat="-2.6410700" lon="-43.0390370">
    <ele>28.6</ele>
    <time>2026-06-16T09:57:04Z</time>
     <extensions>
      <gpxtpx:TrackPointExtension>
       <gpxtpx:hr>123</gpxtpx:hr>
      </gpxtpx:TrackPointExtension>
     </extensions>
   </trkpt>
   <trkpt lat="-2.6410630" lon="-43.0390840">
    <ele>28.6</ele>
    <time>2026-06-16T09:57:09Z</time>
     <extensions>
      <gpxtpx:TrackPointExtension>
       <gpxtpx:hr>123</gpxtpx:hr>
      </gpxtpx:TrackPointExtension>
     </extensions>
   </trkpt>
   <trkpt lat="-2.6410250" lon="-43.0391120">
    <ele>28.6</ele>
    <time>2026-06-16T09:57:14Z</time>
     <extensions>
      <gpxtpx:TrackPointExtension>
       <gpxtpx:hr>123</gpxtpx:hr>
      </gpxtpx:TrackPointExtension>
     </extensions>
   </trkpt>
   <trkpt lat="-2.6409660" lon="-43.0391030">
    <ele>28.6</ele>
    <time>2026-06-16T09:57:19Z</time>
     <extensions>
      <gpxtpx:TrackPointExtension>
       <gpxtpx:hr>123</gpxtpx:hr>
      </gpxtpx:TrackPointExtension>
     </extensions>
   </trkpt>
   <trkpt lat="-2.6409240" lon="-43.0390840">
    <ele>28.6</ele>
    <time>2026-06-16T09:57:24Z</time>
     <extensions>
      <gpxtpx:TrackPointExtension>
       <gpxtpx:hr>121</gpxtpx:hr>
      </gpxtpx:TrackPointExtension>
     </extensions>
   </trkpt>
   <trkpt lat="-2.6408790" lon="-43.0390670">
    <ele>28.8</ele>
    <time>2026-06-16T09:57:29Z</time>
     <extensions>
      <gpxtpx:TrackPointExtension>
       <gpxtpx:hr>121</gpxtpx:hr>
      </gpxtpx:TrackPointExtension>
     </extensions>
   </trkpt>
   <trkpt lat="-2.6408430" lon="-43.0390520">
    <ele>28.8</ele>
    <time>2026-06-16T09:57:34Z</time>
     <extensions>
      <gpxtpx:TrackPointExtension>
       <gpxtpx:hr>121</gpxtpx:hr>
      </gpxtpx:TrackPointExtension>
     </extensions>
   </trkpt>
   <trkpt lat="-2.6407990" lon="-43.0390390">
    <ele>28.8</ele>
    <time>2026-06-16T09:57:39Z</time>
     <extensions>
      <gpxtpx:TrackPointExtension>
       <gpxtpx:hr>123</gpxtpx:hr>
      </gpxtpx:TrackPointExtension>
     </extensions>
   </trkpt>
   <trkpt lat="-2.6407390" lon="-43.0390280">
    <ele>29.4</ele>
    <time>2026-06-16T09:57:44Z</time>
     <extensions>
      <gpxtpx:TrackPointExtension>
       <gpxtpx:hr>123</gpxtpx:hr>
      </gpxtpx:TrackPointExtension>
     </extensions>
   </trkpt>
   <trkpt lat="-2.6406870" lon="-43.0390190">
    <ele>30.0</ele>
    <time>2026-06-16T09:57:49Z</time>
     <extensions>
      <gpxtpx:TrackPointExtension>
       <gpxtpx:hr>123</gpxtpx:hr>
      </gpxtpx:TrackPointExtension>
     </extensions>
   </trkpt>
   <trkpt lat="-2.6406430" lon="-43.0390150">
    <ele>30.6</ele>
    <time>2026-06-16T09:57:54Z</time>
     <extensions>
      <gpxtpx:TrackPointExtension>
       <gpxtpx:hr>123</gpxtpx:hr>
      </gpxtpx:TrackPointExtension>
     </extensions>
   </trkpt>
   <trkpt lat="-2.6405990" lon="-43.0390180">
    <ele>30.4</ele>
    <time>2026-06-16T09:57:59Z</time>
     <extensions>
      <gpxtpx:TrackPointExtension>
       <gpxtpx:hr>123</gpxtpx:hr>
      </gpxtpx:TrackPointExtension>
     </extensions>
   </trkpt>
   <trkpt lat="-2.6405920" lon="-43.0390210">
    <ele>29.2</ele>
    <time>2026-06-16T09:58:04Z</time>
     <extensions>
      <gpxtpx:TrackPointExtension>
       <gpxtpx:hr>124</gpxtpx:hr>
      </gpxtpx:TrackPointExtension>
     </extensions>
   </trkpt>
   <trkpt lat="-2.6405220" lon="-43.0389600">
    <ele>3.8</ele>
    <time>2026-06-16T10:42:51Z</time>
     <extensions>
      <gpxtpx:TrackPointExtension>
       <gpxtpx:hr>124</gpxtpx:hr>
      </gpxtpx:TrackPointExtension>
     </extensions>
   </trkpt>
   <trkpt lat="-2.6404960" lon="-43.0389580">
    <ele>2.2</ele>
    <time>2026-06-16T10:42:56Z</time>
     <extensions>
      <gpxtpx:TrackPointExtension>
       <gpxtpx:hr>124</gpxtpx:hr>
      </gpxtpx:TrackPointExtension>
     </extensions>
   </trkpt>
   <trkpt lat="-2.6404140" lon="-43.0389630">
    <ele>2.0</ele>
    <time>2026-06-16T10:43:01Z</time>
     <extensions>
      <gpxtpx:TrackPointExtension>
       <gpxtpx:hr>101</gpxtpx:hr>
      </gpxtpx:TrackPointExtension>
     </extensions>
   </trkpt>
   <trkpt lat="-2.6403360" lon="-43.0389750">
    <ele>2.2</ele>
    <time>2026-06-16T10:43:06Z</time>
     <extensions>
      <gpxtpx:TrackPointExtension>
       <gpxtpx:hr>100</gpxtpx:hr>
      </gpxtpx:TrackPointExtension>
     </extensions>
   </trkpt>
   <trkpt lat="-2.6402840" lon="-43.0389950">
    <ele>2.6</ele>
    <time>2026-06-16T10:43:11Z</time>
     <extensions>
      <gpxtpx:TrackPointExtension>
       <gpxtpx:hr>100</gpxtpx:hr>
      </gpxtpx:TrackPointExtension>
     </extensions>
   </trkpt>
   <trkpt lat="-2.6402200" lon="-43.0390220">
    <ele>3.8</ele>
    <time>2026-06-16T10:43:16Z</time>
     <extensions>
      <gpxtpx:TrackPointExtension>
       <gpxtpx:hr>101</gpxtpx:hr>
      </gpxtpx:TrackPointExtension>
     </extensions>
   </trkpt>
   <trkpt lat="-2.6401550" lon="-43.0390410">
    <ele>5.8</ele>
    <time>2026-06-16T10:43:21Z</time>
     <extensions>
      <gpxtpx:TrackPointExtension>
       <gpxtpx:hr>101</gpxtpx:hr>
      </gpxtpx:TrackPointExtension>
     </extensions>
   </trkpt>
   <trkpt lat="-2.6401060" lon="-43.0390750">
    <ele>7.8</ele>
    <time>2026-06-16T10:43:26Z</time>
     <extensions>
      <gpxtpx:TrackPointExtension>
       <gpxtpx:hr>103</gpxtpx:hr>
      </gpxtpx:TrackPointExtension>
     </extensions>
   </trkpt>
   <trkpt lat="-2.6400610" lon="-43.0390700">
    <ele>9.0</ele>
    <time>2026-06-16T10:43:31Z</time>
     <extensions>
      <gpxtpx:TrackPointExtension>
       <gpxtpx:hr>101</gpxtpx:hr>
      </gpxtpx:TrackPointExtension>
     </extensions>
   </trkpt>
   <trkpt lat="-2.6400170" lon="-43.0390630">
    <ele>9.6</ele>
    <time>2026-06-16T10:43:36Z</time>
     <extensions>
      <gpxtpx:TrackPointExtension>
       <gpxtpx:hr>101</gpxtpx:hr>
      </gpxtpx:TrackPointExtension>
     </extensions>
   </trkpt>
   <trkpt lat="-2.6399780" lon="-43.0390680">
    <ele>9.8</ele>
    <time>2026-06-16T10:43:41Z</time>
     <extensions>
      <gpxtpx:TrackPointExtension>
       <gpxtpx:hr>100</gpxtpx:hr>
      </gpxtpx:TrackPointExtension>
     </extensions>
   </trkpt>
   <trkpt lat="-2.6399330" lon="-43.0390760">
    <ele>10.0</ele>
    <time>2026-06-16T10:43:46Z</time>
     <extensions>
      <gpxtpx:TrackPointExtension>
       <gpxtpx:hr>100</gpxtpx:hr>
      </gpxtpx:TrackPointExtension>
     </extensions>
   </trkpt>
   <trkpt lat="-2.6398890" lon="-43.0390800">
    <ele>10.4</ele>
    <time>2026-06-16T10:43:51Z</time>
     <extensions>
      <gpxtpx:TrackPointExtension>
       <gpxtpx:hr>103</gpxtpx:hr>
      </gpxtpx:TrackPointExtension>
     </extensions>
   </trkpt>
   <trkpt lat="-2.6398420" lon="-43.0390900">
    <ele>10.6</ele>
    <time>2026-06-16T10:43:56Z</time>
     <extensions>
      <gpxtpx:TrackPointExtension>
       <gpxtpx:hr>103</gpxtpx:hr>
      </gpxtpx:TrackPointExtension>
     </extensions>
   </trkpt>
   <trkpt lat="-2.6397960" lon="-43.0390990">
    <ele>11.0</ele>
    <time>2026-06-16T10:44:01Z</time>
     <extensions>
      <gpxtpx:TrackPointExtension>
       <gpxtpx:hr>113</gpxtpx:hr>
      </gpxtpx:TrackPointExtension>
     </extensions>
   </trkpt>
   <trkpt lat="-2.6397580" lon="-43.0391030">
    <ele>11.2</ele>
    <time>2026-06-16T10:44:06Z</time>
     <extensions>
      <gpxtpx:TrackPointExtension>
       <gpxtpx:hr>122</gpxtpx:hr>
      </gpxtpx:TrackPointExtension>
     </extensions>
   </trkpt>
   <trkpt lat="-2.6397250" lon="-43.0391040">
    <ele>11.2</ele>
    <time>2026-06-16T10:44:11Z</time>
     <extensions>
      <gpxtpx:TrackPointExtension>
       <gpxtpx:hr>124</gpxtpx:hr>
      </gpxtpx:TrackPointExtension>
     </extensions>
   </trkpt>
   <trkpt lat="-2.6396880" lon="-43.0391130">
    <ele>11.4</ele>
    <time>2026-06-16T10:44:16Z</time>
     <extensions>
      <gpxtpx:TrackPointExtension>
       <gpxtpx:hr>127</gpxtpx:hr>
      </gpxtpx:TrackPointExtension>
     </extensions>
   </trkpt>
   <trkpt lat="-2.6396550" lon="-43.0391170">
    <ele>11.6</ele>
    <time>2026-06-16T10:44:21Z</time>
     <extensions>
      <gpxtpx:TrackPointExtension>
       <gpxtpx:hr>128</gpxtpx:hr>
      </gpxtpx:TrackPointExtension>
     </extensions>
   </trkpt>
   <trkpt lat="-2.6396480" lon="-43.0391130">
    <ele>12.0</ele>
    <time>2026-06-16T10:44:26Z</time>
     <extensions>
      <gpxtpx:TrackPointExtension>
       <gpxtpx:hr>129</gpxtpx:hr>
      </gpxtpx:TrackPointExtension>
     </extensions>
   </trkpt>
   <trkpt lat="-2.6396460" lon="-43.0391140">
    <ele>12.6</ele>
    <time>2026-06-16T10:44:31Z</time>
     <extensions>
      <gpxtpx:TrackPointExtension>
       <gpxtpx:hr>126</gpxtpx:hr>
      </gpxtpx:TrackPointExtension>
     </extensions>
   </trkpt>
   <trkpt lat="-2.6396180" lon="-43.0391130">
    <ele>13.6</ele>
    <time>2026-06-16T10:44:36Z</time>
     <extensions>
      <gpxtpx:TrackPointExtension>
       <gpxtpx:hr>114</gpxtpx:hr>
      </gpxtpx:TrackPointExtension>
     </extensions>
   </trkpt>
   <trkpt lat="-2.6395680" lon="-43.0391310">
    <ele>14.6</ele>
    <time>2026-06-16T10:44:41Z</time>
     <extensions>
      <gpxtpx:TrackPointExtension>
       <gpxtpx:hr>114</gpxtpx:hr>
      </gpxtpx:TrackPointExtension>
     </extensions>
   </trkpt>
   <trkpt lat="-2.6395040" lon="-43.0391510">
    <ele>16.0</ele>
    <time>2026-06-16T10:44:46Z</time>
     <extensions>
      <gpxtpx:TrackPointExtension>
       <gpxtpx:hr>121</gpxtpx:hr>
      </gpxtpx:TrackPointExtension>
     </extensions>
   </trkpt>
   <trkpt lat="-2.6394600" lon="-43.0391630">
    <ele>17.6</ele>
    <time>2026-06-16T10:44:51Z</time>
     <extensions>
      <gpxtpx:TrackPointExtension>
       <gpxtpx:hr>125</gpxtpx:hr>
      </gpxtpx:TrackPointExtension>
     </extensions>
   </trkpt>
   <trkpt lat="-2.6394280" lon="-43.0391680">
    <ele>19.4</ele>
    <time>2026-06-16T10:44:56Z</time>
     <extensions>
      <gpxtpx:TrackPointExtension>
       <gpxtpx:hr>125</gpxtpx:hr>
      </gpxtpx:TrackPointExtension>
     </extensions>
   </trkpt>
   <trkpt lat="-2.6394050" lon="-43.0391710">
    <ele>21.4</ele>
    <time>2026-06-16T10:45:01Z</time>
     <extensions>
      <gpxtpx:TrackPointExtension>
       <gpxtpx:hr>126</gpxtpx:hr>
      </gpxtpx:TrackPointExtension>
     </extensions>
   </trkpt>
   <trkpt lat="-2.6393890" lon="-43.0391710">
    <ele>23.4</ele>
    <time>2026-06-16T10:45:06Z</time>
     <extensions>
      <gpxtpx:TrackPointExtension>
       <gpxtpx:hr>125</gpxtpx:hr>
      </gpxtpx:TrackPointExtension>
     </extensions>
   </trkpt>
   <trkpt lat="-2.6393680" lon="-43.0391780">
    <ele>25.6</ele>
    <time>2026-06-16T10:45:11Z</time>
     <extensions>
      <gpxtpx:TrackPointExtension>
       <gpxtpx:hr>125</gpxtpx:hr>
      </gpxtpx:TrackPointExtension>
     </extensions>
   </trkpt>
   <trkpt lat="-2.6393570" lon="-43.0391800">
    <ele>27.6</ele>
    <time>2026-06-16T10:45:16Z</time>
     <extensions>
      <gpxtpx:TrackPointExtension>
       <gpxtpx:hr>125</gpxtpx:hr>
      </gpxtpx:TrackPointExtension>
     </extensions>
   </trkpt>
   <trkpt lat="-2.6393520" lon="-43.0391850">
    <ele>29.2</ele>
    <time>2026-06-16T10:45:21Z</time>
     <extensions>
      <gpxtpx:TrackPointExtension>
       <gpxtpx:hr>124</gpxtpx:hr>
      </gpxtpx:TrackPointExtension>
     </extensions>
   </trkpt>
   <trkpt lat="-2.6393380" lon="-43.0392160">
    <ele>30.4</ele>
    <time>2026-06-16T10:45:26Z</time>
     <extensions>
      <gpxtpx:TrackPointExtension>
       <gpxtpx:hr>113</gpxtpx:hr>
      </gpxtpx:TrackPointExtension>
     </extensions>
   </trkpt>
   <trkpt lat="-2.6393330" lon="-43.0392650">
    <ele>31.2</ele>
    <time>2026-06-16T10:45:31Z</time>
     <extensions>
      <gpxtpx:TrackPointExtension>
       <gpxtpx:hr>110</gpxtpx:hr>
      </gpxtpx:TrackPointExtension>
     </extensions>
   </trkpt>
   <trkpt lat="-2.6393310" lon="-43.0393080">
    <ele>31.4</ele>
    <time>2026-06-16T10:45:36Z</time>
     <extensions>
      <gpxtpx:TrackPointExtension>
       <gpxtpx:hr>108</gpxtpx:hr>
      </gpxtpx:TrackPointExtension>
     </extensions>
   </trkpt>
   <trkpt lat="-2.6393260" lon="-43.0393470">
    <ele>31.4</ele>
    <time>2026-06-16T10:45:41Z</time>
     <extensions>
      <gpxtpx:TrackPointExtension>
       <gpxtpx:hr>108</gpxtpx:hr>
      </gpxtpx:TrackPointExtension>
     </extensions>
   </trkpt>
   <trkpt lat="-2.6393210" lon="-43.0393800">
    <ele>31.0</ele>
    <time>2026-06-16T10:45:46Z</time>
     <extensions>
      <gpxtpx:TrackPointExtension>
       <gpxtpx:hr>106</gpxtpx:hr>
      </gpxtpx:TrackPointExtension>
     </extensions>
   </trkpt>
   <trkpt lat="-2.6393160" lon="-43.0394070">
    <ele>30.4</ele>
    <time>2026-06-16T10:45:51Z</time>
     <extensions>
      <gpxtpx:TrackPointExtension>
       <gpxtpx:hr>107</gpxtpx:hr>
      </gpxtpx:TrackPointExtension>
     </extensions>
   </trkpt>
   <trkpt lat="-2.6393050" lon="-43.0394460">
    <ele>29.6</ele>
    <time>2026-06-16T10:45:56Z</time>
     <extensions>
      <gpxtpx:TrackPointExtension>
       <gpxtpx:hr>107</gpxtpx:hr>
      </gpxtpx:TrackPointExtension>
     </extensions>
   </trkpt>
   <trkpt lat="-2.6392890" lon="-43.0394900">
    <ele>28.6</ele>
    <time>2026-06-16T10:46:01Z</time>
     <extensions>
      <gpxtpx:TrackPointExtension>
       <gpxtpx:hr>123</gpxtpx:hr>
      </gpxtpx:TrackPointExtension>
     </extensions>
   </trkpt>
   <trkpt lat="-2.6392820" lon="-43.0395410">
    <ele>27.6</ele>
    <time>2026-06-16T10:46:06Z</time>
     <extensions>
      <gpxtpx:TrackPointExtension>
       <gpxtpx:hr>123</gpxtpx:hr>
      </gpxtpx:TrackPointExtension>
     </extensions>
   </trkpt>
   <trkpt lat="-2.6392810" lon="-43.0395850">
    <ele>26.8</ele>
    <time>2026-06-16T10:46:11Z</time>
     <extensions>
      <gpxtpx:TrackPointExtension>
       <gpxtpx:hr>127</gpxtpx:hr>
      </gpxtpx:TrackPointExtension>
     </extensions>
   </trkpt>
   <trkpt lat="-2.6392540" lon="-43.0396300">
    <ele>26.0</ele>
    <time>2026-06-16T10:46:16Z</time>
     <extensions>
      <gpxtpx:TrackPointExtension>
       <gpxtpx:hr>127</gpxtpx:hr>
      </gpxtpx:TrackPointExtension>
     </extensions>
   </trkpt>
   <trkpt lat="-2.6392220" lon="-43.0396600">
    <ele>25.0</ele>
    <time>2026-06-16T10:46:21Z</time>
     <extensions>
      <gpxtpx:TrackPointExtension>
       <gpxtpx:hr>122</gpxtpx:hr>
      </gpxtpx:TrackPointExtension>
     </extensions>
   </trkpt>
   <trkpt lat="-2.6391820" lon="-43.0396900">
    <ele>23.6</ele>
    <time>2026-06-16T10:46:26Z</time>
     <extensions>
      <gpxtpx:TrackPointExtension>
       <gpxtpx:hr>118</gpxtpx:hr>
      </gpxtpx:TrackPointExtension>
     </extensions>
   </trkpt>
   <trkpt lat="-2.6391400" lon="-43.0397150">
    <ele>21.8</ele>
    <time>2026-06-16T10:46:31Z</time>
     <extensions>
      <gpxtpx:TrackPointExtension>
       <gpxtpx:hr>117</gpxtpx:hr>
      </gpxtpx:TrackPointExtension>
     </extensions>
   </trkpt>
   <trkpt lat="-2.6390980" lon="-43.0397390">
    <ele>19.2</ele>
    <time>2026-06-16T10:46:36Z</time>
     <extensions>
      <gpxtpx:TrackPointExtension>
       <gpxtpx:hr>113</gpxtpx:hr>
      </gpxtpx:TrackPointExtension>
     </extensions>
   </trkpt>
   <trkpt lat="-2.6390630" lon="-43.0397800">
    <ele>16.4</ele>
    <time>2026-06-16T10:46:41Z</time>
     <extensions>
      <gpxtpx:TrackPointExtension>
       <gpxtpx:hr>110</gpxtpx:hr>
      </gpxtpx:TrackPointExtension>
     </extensions>
   </trkpt>
   <trkpt lat="-2.6390430" lon="-43.0398220">
    <ele>13.8</ele>
    <time>2026-06-16T10:46:46Z</time>
     <extensions>
      <gpxtpx:TrackPointExtension>
       <gpxtpx:hr>107</gpxtpx:hr>
      </gpxtpx:TrackPointExtension>
     </extensions>
   </trkpt>
   <trkpt lat="-2.6390260" lon="-43.0398660">
    <ele>11.8</ele>
    <time>2026-06-16T10:46:51Z</time>
     <extensions>
      <gpxtpx:TrackPointExtension>
       <gpxtpx:hr>107</gpxtpx:hr>
      </gpxtpx:TrackPointExtension>
     </extensions>
   </trkpt>
   <trkpt lat="-2.6390100" lon="-43.0399120">
    <ele>10.4</ele>
    <time>2026-06-16T10:46:56Z</time>
     <extensions>
      <gpxtpx:TrackPointExtension>
       <gpxtpx:hr>107</gpxtpx:hr>
      </gpxtpx:TrackPointExtension>
     </extensions>
   </trkpt>
   <trkpt lat="-2.6390050" lon="-43.0399570">
    <ele>9.4</ele>
    <time>2026-06-16T10:47:01Z</time>
     <extensions>
      <gpxtpx:TrackPointExtension>
       <gpxtpx:hr>106</gpxtpx:hr>
      </gpxtpx:TrackPointExtension>
     </extensions>
   </trkpt>
   <trkpt lat="-2.6389890" lon="-43.0400010">
    <ele>9.0</ele>
    <time>2026-06-16T10:47:06Z</time>
     <extensions>
      <gpxtpx:TrackPointExtension>
       <gpxtpx:hr>112</gpxtpx:hr>
      </gpxtpx:TrackPointExtension>
     </extensions>
   </trkpt>
   <trkpt lat="-2.6389710" lon="-43.0400540">
    <ele>9.0</ele>
    <time>2026-06-16T10:47:12Z</time>
     <extensions>
      <gpxtpx:TrackPointExtension>
       <gpxtpx:hr>105</gpxtpx:hr>
      </gpxtpx:TrackPointExtension>
     </extensions>
   </trkpt>
   <trkpt lat="-2.6389550" lon="-43.0400990">
    <ele>9.0</ele>
    <time>2026-06-16T10:47:17Z</time>
     <extensions>
      <gpxtpx:TrackPointExtension>
       <gpxtpx:hr>107</gpxtpx:hr>
      </gpxtpx:TrackPointExtension>
     </extensions>
   </trkpt>
   <trkpt lat="-2.6389100" lon="-43.0401420">
    <ele>9.4</ele>
    <time>2026-06-16T10:47:22Z</time>
     <extensions>
      <gpxtpx:TrackPointExtension>
       <gpxtpx:hr>107</gpxtpx:hr>
      </gpxtpx:TrackPointExtension>
     </extensions>
   </trkpt>
   <trkpt lat="-2.6388590" lon="-43.0401640">
    <ele>9.6</ele>
    <time>2026-06-16T10:47:27Z</time>
     <extensions>
      <gpxtpx:TrackPointExtension>
       <gpxtpx:hr>107</gpxtpx:hr>
      </gpxtpx:TrackPointExtension>
     </extensions>
   </trkpt>
   <trkpt lat="-2.6388130" lon="-43.0401840">
    <ele>10.2</ele>
    <time>2026-06-16T10:47:32Z</time>
     <extensions>
      <gpxtpx:TrackPointExtension>
       <gpxtpx:hr>104</gpxtpx:hr>
      </gpxtpx:TrackPointExtension>
     </extensions>
   </trkpt>
   <trkpt lat="-2.6387660" lon="-43.0402080">
    <ele>10.8</ele>
    <time>2026-06-16T10:47:37Z</time>
     <extensions>
      <gpxtpx:TrackPointExtension>
       <gpxtpx:hr>106</gpxtpx:hr>
      </gpxtpx:TrackPointExtension>
     </extensions>
   </trkpt>
   <trkpt lat="-2.6387290" lon="-43.0402400">
    <ele>11.6</ele>
    <time>2026-06-16T10:47:42Z</time>
     <extensions>
      <gpxtpx:TrackPointExtension>
       <gpxtpx:hr>107</gpxtpx:hr>
      </gpxtpx:TrackPointExtension>
     </extensions>
   </trkpt>
   <trkpt lat="-2.6386850" lon="-43.0402660">
    <ele>12.6</ele>
    <time>2026-06-16T10:47:47Z</time>
     <extensions>
      <gpxtpx:TrackPointExtension>
       <gpxtpx:hr>109</gpxtpx:hr>
      </gpxtpx:TrackPointExtension>
     </extensions>
   </trkpt>
   <trkpt lat="-2.6386400" lon="-43.0402900">
    <ele>13.6</ele>
    <time>2026-06-16T10:47:52Z</time>
     <extensions>
      <gpxtpx:TrackPointExtension>
       <gpxtpx:hr>111</gpxtpx:hr>
      </gpxtpx:TrackPointExtension>
     </extensions>
   </trkpt>
   <trkpt lat="-2.6385980" lon="-43.0403160">
    <ele>14.6</ele>
    <time>2026-06-16T10:47:57Z</time>
     <extensions>
      <gpxtpx:TrackPointExtension>
       <gpxtpx:hr>111</gpxtpx:hr>
      </gpxtpx:TrackPointExtension>
     </extensions>
   </trkpt>
   <trkpt lat="-2.6385490" lon="-43.0403480">
    <ele>16.0</ele>
    <time>2026-06-16T10:48:02Z</time>
     <extensions>
      <gpxtpx:TrackPointExtension>
       <gpxtpx:hr>103</gpxtpx:hr>
      </gpxtpx:TrackPointExtension>
     </extensions>
   </trkpt>
   <trkpt lat="-2.6385090" lon="-43.0403820">
    <ele>17.6</ele>
    <time>2026-06-16T10:48:07Z</time>
     <extensions>
      <gpxtpx:TrackPointExtension>
       <gpxtpx:hr>105</gpxtpx:hr>
      </gpxtpx:TrackPointExtension>
     </extensions>
   </trkpt>
   <trkpt lat="-2.6384560" lon="-43.0404140">
    <ele>19.4</ele>
    <time>2026-06-16T10:48:12Z</time>
     <extensions>
      <gpxtpx:TrackPointExtension>
       <gpxtpx:hr>106</gpxtpx:hr>
      </gpxtpx:TrackPointExtension>
     </extensions>
   </trkpt>
   <trkpt lat="-2.6384070" lon="-43.0404410">
    <ele>21.2</ele>
    <time>2026-06-16T10:48:17Z</time>
     <extensions>
      <gpxtpx:TrackPointExtension>
       <gpxtpx:hr>106</gpxtpx:hr>
      </gpxtpx:TrackPointExtension>
     </extensions>
   </trkpt>
   <trkpt lat="-2.6383550" lon="-43.0404620">
    <ele>23.0</ele>
    <time>2026-06-16T10:48:22Z</time>
     <extensions>
      <gpxtpx:TrackPointExtension>
       <gpxtpx:hr>104</gpxtpx:hr>
      </gpxtpx:TrackPointExtension>
     </extensions>
   </trkpt>
   <trkpt lat="-2.6383160" lon="-43.0404750">
    <ele>24.4</ele>
    <time>2026-06-16T10:48:27Z</time>
     <extensions>
      <gpxtpx:TrackPointExtension>
       <gpxtpx:hr>104</gpxtpx:hr>
      </gpxtpx:TrackPointExtension>
     </extensions>
   </trkpt>
   <trkpt lat="-2.6382890" lon="-43.0405040">
    <ele>25.8</ele>
    <time>2026-06-16T10:48:32Z</time>
     <extensions>
      <gpxtpx:TrackPointExtension>
       <gpxtpx:hr>104</gpxtpx:hr>
      </gpxtpx:TrackPointExtension>
     </extensions>
   </trkpt>
   <trkpt lat="-2.6382430" lon="-43.0405180">
    <ele>27.0</ele>
    <time>2026-06-16T10:48:37Z</time>
     <extensions>
      <gpxtpx:TrackPointExtension>
       <gpxtpx:hr>104</gpxtpx:hr>
      </gpxtpx:TrackPointExtension>
     </extensions>
   </trkpt>
   <trkpt lat="-2.6382050" lon="-43.0405340">
    <ele>28.0</ele>
    <time>2026-06-16T10:48:42Z</time>
     <extensions>
      <gpxtpx:TrackPointExtension>
       <gpxtpx:hr>104</gpxtpx:hr>
      </gpxtpx:TrackPointExtension>
     </extensions>
   </trkpt>
   <trkpt lat="-2.6381590" lon="-43.0405580">
    <ele>29.2</ele>
    <time>2026-06-16T10:48:47Z</time>
     <extensions>
      <gpxtpx:TrackPointExtension>
       <gpxtpx:hr>103</gpxtpx:hr>
      </gpxtpx:TrackPointExtension>
     </extensions>
   </trkpt>
   <trkpt lat="-2.6381150" lon="-43.0405860">
    <ele>30.2</ele>
    <time>2026-06-16T10:48:52Z</time>
     <extensions>
      <gpxtpx:TrackPointExtension>
       <gpxtpx:hr>103</gpxtpx:hr>
      </gpxtpx:TrackPointExtension>
     </extensions>
   </trkpt>
   <trkpt lat="-2.6380680" lon="-43.0406120">
    <ele>31.2</ele>
    <time>2026-06-16T10:48:57Z</time>
     <extensions>
      <gpxtpx:TrackPointExtension>
       <gpxtpx:hr>103</gpxtpx:hr>
      </gpxtpx:TrackPointExtension>
     </extensions>
   </trkpt>
   <trkpt lat="-2.6380240" lon="-43.0406380">
    <ele>32.0</ele>
    <time>2026-06-16T10:49:02Z</time>
     <extensions>
      <gpxtpx:TrackPointExtension>
       <gpxtpx:hr>103</gpxtpx:hr>
      </gpxtpx:TrackPointExtension>
     </extensions>
   </trkpt>
   <trkpt lat="-2.6379840" lon="-43.0406550">
    <ele>32.8</ele>
    <time>2026-06-16T10:49:07Z</time>
     <extensions>
      <gpxtpx:TrackPointExtension>
       <gpxtpx:hr>108</gpxtpx:hr>
      </gpxtpx:TrackPointExtension>
     </extensions>
   </trkpt>
   <trkpt lat="-2.6379500" lon="-43.0406830">
    <ele>33.2</ele>
    <time>2026-06-16T10:49:12Z</time>
     <extensions>
      <gpxtpx:TrackPointExtension>
       <gpxtpx:hr>108</gpxtpx:hr>
      </gpxtpx:TrackPointExtension>
     </extensions>
   </trkpt>
   <trkpt lat="-2.6379150" lon="-43.0407030">
    <ele>33.4</ele>
    <time>2026-06-16T10:49:17Z</time>
     <extensions>
      <gpxtpx:TrackPointExtension>
       <gpxtpx:hr>100</gpxtpx:hr>
      </gpxtpx:TrackPointExtension>
     </extensions>
   </trkpt>
   <trkpt lat="-2.6378650" lon="-43.0407160">
    <ele>33.6</ele>
    <time>2026-06-16T10:49:22Z</time>
     <extensions>
      <gpxtpx:TrackPointExtension>
       <gpxtpx:hr>103</gpxtpx:hr>
      </gpxtpx:TrackPointExtension>
     </extensions>
   </trkpt>
   <trkpt lat="-2.6378210" lon="-43.0407260">
    <ele>33.8</ele>
    <time>2026-06-16T10:49:27Z</time>
     <extensions>
      <gpxtpx:TrackPointExtension>
       <gpxtpx:hr>106</gpxtpx:hr>
      </gpxtpx:TrackPointExtension>
     </extensions>
   </trkpt>
   <trkpt lat="-2.6377710" lon="-43.0407390">
    <ele>33.8</ele>
    <time>2026-06-16T10:49:32Z</time>
     <extensions>
      <gpxtpx:TrackPointExtension>
       <gpxtpx:hr>111</gpxtpx:hr>
      </gpxtpx:TrackPointExtension>
     </extensions>
   </trkpt>
   <trkpt lat="-2.6377260" lon="-43.0407560">
    <ele>33.6</ele>
    <time>2026-06-16T10:49:38Z</time>
     <extensions>
      <gpxtpx:TrackPointExtension>
       <gpxtpx:hr>111</gpxtpx:hr>
      </gpxtpx:TrackPointExtension>
     </extensions>
   </trkpt>
   <trkpt lat="-2.6376770" lon="-43.0407750">
    <ele>33.6</ele>
    <time>2026-06-16T10:49:43Z</time>
     <extensions>
      <gpxtpx:TrackPointExtension>
       <gpxtpx:hr>108</gpxtpx:hr>
      </gpxtpx:TrackPointExtension>
     </extensions>
   </trkpt>
   <trkpt lat="-2.6376350" lon="-43.0407950">
    <ele>33.2</ele>
    <time>2026-06-16T10:49:48Z</time>
     <extensions>
      <gpxtpx:TrackPointExtension>
       <gpxtpx:hr>108</gpxtpx:hr>
      </gpxtpx:TrackPointExtension>
     </extensions>
   </trkpt>
   <trkpt lat="-2.6375940" lon="-43.0408160">
    <ele>32.8</ele>
    <time>2026-06-16T10:49:53Z</time>
     <extensions>
      <gpxtpx:TrackPointExtension>
       <gpxtpx:hr>104</gpxtpx:hr>
      </gpxtpx:TrackPointExtension>
     </extensions>
   </trkpt>
   <trkpt lat="-2.6375450" lon="-43.0408350">
    <ele>32.4</ele>
    <time>2026-06-16T10:49:58Z</time>
     <extensions>
      <gpxtpx:TrackPointExtension>
       <gpxtpx:hr>100</gpxtpx:hr>
      </gpxtpx:TrackPointExtension>
     </extensions>
   </trkpt>
   <trkpt lat="-2.6375000" lon="-43.0408550">
    <ele>32.2</ele>
    <time>2026-06-16T10:50:03Z</time>
     <extensions>
      <gpxtpx:TrackPointExtension>
       <gpxtpx:hr>100</gpxtpx:hr>
      </gpxtpx:TrackPointExtension>
     </extensions>
   </trkpt>
   <trkpt lat="-2.6374510" lon="-43.0408740">
    <ele>32.0</ele>
    <time>2026-06-16T10:50:08Z</time>
     <extensions>
      <gpxtpx:TrackPointExtension>
       <gpxtpx:hr>103</gpxtpx:hr>
      </gpxtpx:TrackPointExtension>
     </extensions>
   </trkpt>
   <trkpt lat="-2.6374100" lon="-43.0408810">
    <ele>31.8</ele>
    <time>2026-06-16T10:50:13Z</time>
     <extensions>
      <gpxtpx:TrackPointExtension>
       <gpxtpx:hr>104</gpxtpx:hr>
      </gpxtpx:TrackPointExtension>
     </extensions>
   </trkpt>
   <trkpt lat="-2.6373620" lon="-43.0408970">
    <ele>31.4</ele>
    <time>2026-06-16T10:50:18Z</time>
     <extensions>
      <gpxtpx:TrackPointExtension>
       <gpxtpx:hr>106</gpxtpx:hr>
      </gpxtpx:TrackPointExtension>
     </extensions>
   </trkpt>
   <trkpt lat="-2.6373170" lon="-43.0409020">
    <ele>30.8</ele>
    <time>2026-06-16T10:50:23Z</time>
     <extensions>
      <gpxtpx:TrackPointExtension>
       <gpxtpx:hr>108</gpxtpx:hr>
      </gpxtpx:TrackPointExtension>
     </extensions>
   </trkpt>
   <trkpt lat="-2.6372700" lon="-43.0409200">
    <ele>29.8</ele>
    <time>2026-06-16T10:50:28Z</time>
     <extensions>
      <gpxtpx:TrackPointExtension>
       <gpxtpx:hr>108</gpxtpx:hr>
      </gpxtpx:TrackPointExtension>
     </extensions>
   </trkpt>
   <trkpt lat="-2.6372240" lon="-43.0409290">
    <ele>28.4</ele>
    <time>2026-06-16T10:50:33Z</time>
     <extensions>
      <gpxtpx:TrackPointExtension>
       <gpxtpx:hr>113</gpxtpx:hr>
      </gpxtpx:TrackPointExtension>
     </extensions>
   </trkpt>
   <trkpt lat="-2.6371710" lon="-43.0409360">
    <ele>26.6</ele>
    <time>2026-06-16T10:50:38Z</time>
     <extensions>
      <gpxtpx:TrackPointExtension>
       <gpxtpx:hr>113</gpxtpx:hr>
      </gpxtpx:TrackPointExtension>
     </extensions>
   </trkpt>
   <trkpt lat="-2.6371250" lon="-43.0409440">
    <ele>24.6</ele>
    <time>2026-06-16T10:50:43Z</time>
     <extensions>
      <gpxtpx:TrackPointExtension>
       <gpxtpx:hr>111</gpxtpx:hr>
      </gpxtpx:TrackPointExtension>
     </extensions>
   </trkpt>
   <trkpt lat="-2.6370790" lon="-43.0409600">
    <ele>24.0</ele>
    <time>2026-06-16T10:50:48Z</time>
     <extensions>
      <gpxtpx:TrackPointExtension>
       <gpxtpx:hr>105</gpxtpx:hr>
      </gpxtpx:TrackPointExtension>
     </extensions>
   </trkpt>
   <trkpt lat="-2.6370420" lon="-43.0409680">
    <ele>24.2</ele>
    <time>2026-06-16T10:50:53Z</time>
     <extensions>
      <gpxtpx:TrackPointExtension>
       <gpxtpx:hr>109</gpxtpx:hr>
      </gpxtpx:TrackPointExtension>
     </extensions>
   </trkpt>
   <trkpt lat="-2.6370040" lon="-43.0409720">
    <ele>24.4</ele>
    <time>2026-06-16T10:50:58Z</time>
     <extensions>
      <gpxtpx:TrackPointExtension>
       <gpxtpx:hr>109</gpxtpx:hr>
      </gpxtpx:TrackPointExtension>
     </extensions>
   </trkpt>
   <trkpt lat="-2.6369760" lon="-43.0409660">
    <ele>25.0</ele>
    <time>2026-06-16T10:51:03Z</time>
     <extensions>
      <gpxtpx:TrackPointExtension>
       <gpxtpx:hr>108</gpxtpx:hr>
      </gpxtpx:TrackPointExtension>
     </extensions>
   </trkpt>
   <trkpt lat="-2.6369530" lon="-43.0409730">
    <ele>25.4</ele>
    <time>2026-06-16T10:51:08Z</time>
     <extensions>
      <gpxtpx:TrackPointExtension>
       <gpxtpx:hr>108</gpxtpx:hr>
      </gpxtpx:TrackPointExtension>
     </extensions>
   </trkpt>
   <trkpt lat="-2.6369310" lon="-43.0409870">
    <ele>26.0</ele>
    <time>2026-06-16T10:51:13Z</time>
     <extensions>
      <gpxtpx:TrackPointExtension>
       <gpxtpx:hr>117</gpxtpx:hr>
      </gpxtpx:TrackPointExtension>
     </extensions>
   </trkpt>
   <trkpt lat="-2.6369130" lon="-43.0409980">
    <ele>26.4</ele>
    <time>2026-06-16T10:51:18Z</time>
     <extensions>
      <gpxtpx:TrackPointExtension>
       <gpxtpx:hr>117</gpxtpx:hr>
      </gpxtpx:TrackPointExtension>
     </extensions>
   </trkpt>
   <trkpt lat="-2.6368970" lon="-43.0410080">
    <ele>26.8</ele>
    <time>2026-06-16T10:51:23Z</time>
     <extensions>
      <gpxtpx:TrackPointExtension>
       <gpxtpx:hr>117</gpxtpx:hr>
      </gpxtpx:TrackPointExtension>
     </extensions>
   </trkpt>
   <trkpt lat="-2.6368810" lon="-43.0410110">
    <ele>27.2</ele>
    <time>2026-06-16T10:51:28Z</time>
     <extensions>
      <gpxtpx:TrackPointExtension>
       <gpxtpx:hr>124</gpxtpx:hr>
      </gpxtpx:TrackPointExtension>
     </extensions>
   </trkpt>
   <trkpt lat="-2.6368610" lon="-43.0410110">
    <ele>27.6</ele>
    <time>2026-06-16T10:51:33Z</time>
     <extensions>
      <gpxtpx:TrackPointExtension>
       <gpxtpx:hr>124</gpxtpx:hr>
      </gpxtpx:TrackPointExtension>
     </extensions>
   </trkpt>
   <trkpt lat="-2.6368420" lon="-43.0410090">
    <ele>28.2</ele>
    <time>2026-06-16T10:51:38Z</time>
     <extensions>
      <gpxtpx:TrackPointExtension>
       <gpxtpx:hr>119</gpxtpx:hr>
      </gpxtpx:TrackPointExtension>
     </extensions>
   </trkpt>
   <trkpt lat="-2.6368230" lon="-43.0410080">
    <ele>28.6</ele>
    <time>2026-06-16T10:51:43Z</time>
     <extensions>
      <gpxtpx:TrackPointExtension>
       <gpxtpx:hr>121</gpxtpx:hr>
      </gpxtpx:TrackPointExtension>
     </extensions>
   </trkpt>
   <trkpt lat="-2.6368030" lon="-43.0410060">
    <ele>29.2</ele>
    <time>2026-06-16T10:51:48Z</time>
     <extensions>
      <gpxtpx:TrackPointExtension>
       <gpxtpx:hr>121</gpxtpx:hr>
      </gpxtpx:TrackPointExtension>
     </extensions>
   </trkpt>
   <trkpt lat="-2.6367840" lon="-43.0410130">
    <ele>29.6</ele>
    <time>2026-06-16T10:51:53Z</time>
     <extensions>
      <gpxtpx:TrackPointExtension>
       <gpxtpx:hr>117</gpxtpx:hr>
      </gpxtpx:TrackPointExtension>
     </extensions>
   </trkpt>
   <trkpt lat="-2.6367640" lon="-43.0410210">
    <ele>30.2</ele>
    <time>2026-06-16T10:51:58Z</time>
     <extensions>
      <gpxtpx:TrackPointExtension>
       <gpxtpx:hr>119</gpxtpx:hr>
      </gpxtpx:TrackPointExtension>
     </extensions>
   </trkpt>
   <trkpt lat="-2.6367420" lon="-43.0410270">
    <ele>30.6</ele>
    <time>2026-06-16T10:52:03Z</time>
     <extensions>
      <gpxtpx:TrackPointExtension>
       <gpxtpx:hr>124</gpxtpx:hr>
      </gpxtpx:TrackPointExtension>
     </extensions>
   </trkpt>
   <trkpt lat="-2.6367250" lon="-43.0410320">
    <ele>31.2</ele>
    <time>2026-06-16T10:52:08Z</time>
     <extensions>
      <gpxtpx:TrackPointExtension>
       <gpxtpx:hr>123</gpxtpx:hr>
      </gpxtpx:TrackPointExtension>
     </extensions>
   </trkpt>
   <trkpt lat="-2.6367060" lon="-43.0410360">
    <ele>31.8</ele>
    <time>2026-06-16T10:52:13Z</time>
     <extensions>
      <gpxtpx:TrackPointExtension>
       <gpxtpx:hr>127</gpxtpx:hr>
      </gpxtpx:TrackPointExtension>
     </extensions>
   </trkpt>
   <trkpt lat="-2.6366880" lon="-43.0410400">
    <ele>32.2</ele>
    <time>2026-06-16T10:52:18Z</time>
     <extensions>
      <gpxtpx:TrackPointExtension>
       <gpxtpx:hr>120</gpxtpx:hr>
      </gpxtpx:TrackPointExtension>
     </extensions>
   </trkpt>
   <trkpt lat="-2.6366730" lon="-43.0410470">
    <ele>32.8</ele>
    <time>2026-06-16T10:52:23Z</time>
     <extensions>
      <gpxtpx:TrackPointExtension>
       <gpxtpx:hr>120</gpxtpx:hr>
      </gpxtpx:TrackPointExtension>
     </extensions>
   </trkpt>
   <trkpt lat="-2.6366590" lon="-43.0410550">
    <ele>33.2</ele>
    <time>2026-06-16T10:52:28Z</time>
     <extensions>
      <gpxtpx:TrackPointExtension>
       <gpxtpx:hr>130</gpxtpx:hr>
      </gpxtpx:TrackPointExtension>
     </extensions>
   </trkpt>
   <trkpt lat="-2.6366400" lon="-43.0410620">
    <ele>33.6</ele>
    <time>2026-06-16T10:52:33Z</time>
     <extensions>
      <gpxtpx:TrackPointExtension>
       <gpxtpx:hr>125</gpxtpx:hr>
      </gpxtpx:TrackPointExtension>
     </extensions>
   </trkpt>
   <trkpt lat="-2.6366200" lon="-43.0410640">
    <ele>34.2</ele>
    <time>2026-06-16T10:52:38Z</time>
     <extensions>
      <gpxtpx:TrackPointExtension>
       <gpxtpx:hr>125</gpxtpx:hr>
      </gpxtpx:TrackPointExtension>
     </extensions>
   </trkpt>
   <trkpt lat="-2.6366000" lon="-43.0410660">
    <ele>34.8</ele>
    <time>2026-06-16T10:52:43Z</time>
     <extensions>
      <gpxtpx:TrackPointExtension>
       <gpxtpx:hr>127</gpxtpx:hr>
      </gpxtpx:TrackPointExtension>
     </extensions>
   </trkpt>
   <trkpt lat="-2.6365860" lon="-43.0410730">
    <ele>35.0</ele>
    <time>2026-06-16T10:52:48Z</time>
     <extensions>
      <gpxtpx:TrackPointExtension>
       <gpxtpx:hr>127</gpxtpx:hr>
      </gpxtpx:TrackPointExtension>
     </extensions>
   </trkpt>
   <trkpt lat="-2.6365710" lon="-43.0410840">
    <ele>35.4</ele>
    <time>2026-06-16T10:52:53Z</time>
     <extensions>
      <gpxtpx:TrackPointExtension>
       <gpxtpx:hr>128</gpxtpx:hr>
      </gpxtpx:TrackPointExtension>
     </extensions>
   </trkpt>
   <trkpt lat="-2.6365520" lon="-43.0411070">
    <ele>36.0</ele>
    <time>2026-06-16T10:52:58Z</time>
     <extensions>
      <gpxtpx:TrackPointExtension>
       <gpxtpx:hr>132</gpxtpx:hr>
      </gpxtpx:TrackPointExtension>
     </extensions>
   </trkpt>
   <trkpt lat="-2.6365140" lon="-43.0411480">
    <ele>36.4</ele>
    <time>2026-06-16T10:53:03Z</time>
     <extensions>
      <gpxtpx:TrackPointExtension>
       <gpxtpx:hr>132</gpxtpx:hr>
      </gpxtpx:TrackPointExtension>
     </extensions>
   </trkpt>
   <trkpt lat="-2.6364680" lon="-43.0411890">
    <ele>36.6</ele>
    <time>2026-06-16T10:53:08Z</time>
     <extensions>
      <gpxtpx:TrackPointExtension>
       <gpxtpx:hr>130</gpxtpx:hr>
      </gpxtpx:TrackPointExtension>
     </extensions>
   </trkpt>
   <trkpt lat="-2.6364310" lon="-43.0412190">
    <ele>36.6</ele>
    <time>2026-06-16T10:53:13Z</time>
     <extensions>
      <gpxtpx:TrackPointExtension>
       <gpxtpx:hr>130</gpxtpx:hr>
      </gpxtpx:TrackPointExtension>
     </extensions>
   </trkpt>
   <trkpt lat="-2.6364000" lon="-43.0412540">
    <ele>36.6</ele>
    <time>2026-06-16T10:53:18Z</time>
     <extensions>
      <gpxtpx:TrackPointExtension>
       <gpxtpx:hr>125</gpxtpx:hr>
      </gpxtpx:TrackPointExtension>
     </extensions>
   </trkpt>
   <trkpt lat="-2.6363650" lon="-43.0412910">
    <ele>36.6</ele>
    <time>2026-06-16T10:53:23Z</time>
     <extensions>
      <gpxtpx:TrackPointExtension>
       <gpxtpx:hr>122</gpxtpx:hr>
      </gpxtpx:TrackPointExtension>
     </extensions>
   </trkpt>
   <trkpt lat="-2.6363330" lon="-43.0413230">
    <ele>37.0</ele>
    <time>2026-06-16T10:53:28Z</time>
     <extensions>
      <gpxtpx:TrackPointExtension>
       <gpxtpx:hr>121</gpxtpx:hr>
      </gpxtpx:TrackPointExtension>
     </extensions>
   </trkpt>
   <trkpt lat="-2.6363080" lon="-43.0413530">
    <ele>37.4</ele>
    <time>2026-06-16T10:53:33Z</time>
     <extensions>
      <gpxtpx:TrackPointExtension>
       <gpxtpx:hr>127</gpxtpx:hr>
      </gpxtpx:TrackPointExtension>
     </extensions>
   </trkpt>
   <trkpt lat="-2.6362750" lon="-43.0413840">
    <ele>38.0</ele>
    <time>2026-06-16T10:53:38Z</time>
     <extensions>
      <gpxtpx:TrackPointExtension>
       <gpxtpx:hr>127</gpxtpx:hr>
      </gpxtpx:TrackPointExtension>
     </extensions>
   </trkpt>
   <trkpt lat="-2.6362380" lon="-43.0414250">
    <ele>38.6</ele>
    <time>2026-06-16T10:53:43Z</time>
     <extensions>
      <gpxtpx:TrackPointExtension>
       <gpxtpx:hr>129</gpxtpx:hr>
      </gpxtpx:TrackPointExtension>
     </extensions>
   </trkpt>
   <trkpt lat="-2.6362110" lon="-43.0414570">
    <ele>39.2</ele>
    <time>2026-06-16T10:53:48Z</time>
     <extensions>
      <gpxtpx:TrackPointExtension>
       <gpxtpx:hr>130</gpxtpx:hr>
      </gpxtpx:TrackPointExtension>
     </extensions>
   </trkpt>
   <trkpt lat="-2.6361860" lon="-43.0414830">
    <ele>39.8</ele>
    <time>2026-06-16T10:53:53Z</time>
     <extensions>
      <gpxtpx:TrackPointExtension>
       <gpxtpx:hr>130</gpxtpx:hr>
      </gpxtpx:TrackPointExtension>
     </extensions>
   </trkpt>
   <trkpt lat="-2.6361570" lon="-43.0415110">
    <ele>40.0</ele>
    <time>2026-06-16T10:53:58Z</time>
     <extensions>
      <gpxtpx:TrackPointExtension>
       <gpxtpx:hr>129</gpxtpx:hr>
      </gpxtpx:TrackPointExtension>
     </extensions>
   </trkpt>
   <trkpt lat="-2.6361330" lon="-43.0415370">
    <ele>40.0</ele>
    <time>2026-06-16T10:54:03Z</time>
     <extensions>
      <gpxtpx:TrackPointExtension>
       <gpxtpx:hr>124</gpxtpx:hr>
      </gpxtpx:TrackPointExtension>
     </extensions>
   </trkpt>
   <trkpt lat="-2.6361020" lon="-43.0415750">
    <ele>39.8</ele>
    <time>2026-06-16T10:54:08Z</time>
     <extensions>
      <gpxtpx:TrackPointExtension>
       <gpxtpx:hr>119</gpxtpx:hr>
      </gpxtpx:TrackPointExtension>
     </extensions>
   </trkpt>
   <trkpt lat="-2.6360730" lon="-43.0416110">
    <ele>39.8</ele>
    <time>2026-06-16T10:54:13Z</time>
     <extensions>
      <gpxtpx:TrackPointExtension>
       <gpxtpx:hr>121</gpxtpx:hr>
      </gpxtpx:TrackPointExtension>
     </extensions>
   </trkpt>
   <trkpt lat="-2.6360450" lon="-43.0416430">
    <ele>39.8</ele>
    <time>2026-06-16T10:54:18Z</time>
     <extensions>
      <gpxtpx:TrackPointExtension>
       <gpxtpx:hr>121</gpxtpx:hr>
      </gpxtpx:TrackPointExtension>
     </extensions>
   </trkpt>
   <trkpt lat="-2.6360120" lon="-43.0416820">
    <ele>39.6</ele>
    <time>2026-06-16T10:54:23Z</time>
     <extensions>
      <gpxtpx:TrackPointExtension>
       <gpxtpx:hr>118</gpxtpx:hr>
      </gpxtpx:TrackPointExtension>
     </extensions>
   </trkpt>
   <trkpt lat="-2.6359820" lon="-43.0417270">
    <ele>39.4</ele>
    <time>2026-06-16T10:54:28Z</time>
     <extensions>
      <gpxtpx:TrackPointExtension>
       <gpxtpx:hr>117</gpxtpx:hr>
      </gpxtpx:TrackPointExtension>
     </extensions>
   </trkpt>
   <trkpt lat="-2.6359560" lon="-43.0417660">
    <ele>39.0</ele>
    <time>2026-06-16T10:54:33Z</time>
     <extensions>
      <gpxtpx:TrackPointExtension>
       <gpxtpx:hr>117</gpxtpx:hr>
      </gpxtpx:TrackPointExtension>
     </extensions>
   </trkpt>
   <trkpt lat="-2.6359280" lon="-43.0418010">
    <ele>38.6</ele>
    <time>2026-06-16T10:54:38Z</time>
     <extensions>
      <gpxtpx:TrackPointExtension>
       <gpxtpx:hr>112</gpxtpx:hr>
      </gpxtpx:TrackPointExtension>
     </extensions>
   </trkpt>
   <trkpt lat="-2.6358980" lon="-43.0418460">
    <ele>38.4</ele>
    <time>2026-06-16T10:54:43Z</time>
     <extensions>
      <gpxtpx:TrackPointExtension>
       <gpxtpx:hr>109</gpxtpx:hr>
      </gpxtpx:TrackPointExtension>
     </extensions>
   </trkpt>
   <trkpt lat="-2.6358660" lon="-43.0418910">
    <ele>38.0</ele>
    <time>2026-06-16T10:54:48Z</time>
     <extensions>
      <gpxtpx:TrackPointExtension>
       <gpxtpx:hr>109</gpxtpx:hr>
      </gpxtpx:TrackPointExtension>
     </extensions>
   </trkpt>
   <trkpt lat="-2.6358370" lon="-43.0419330">
    <ele>37.6</ele>
    <time>2026-06-16T10:54:53Z</time>
     <extensions>
      <gpxtpx:TrackPointExtension>
       <gpxtpx:hr>108</gpxtpx:hr>
      </gpxtpx:TrackPointExtension>
     </extensions>
   </trkpt>
   <trkpt lat="-2.6358080" lon="-43.0419720">
    <ele>37.4</ele>
    <time>2026-06-16T10:54:58Z</time>
     <extensions>
      <gpxtpx:TrackPointExtension>
       <gpxtpx:hr>107</gpxtpx:hr>
      </gpxtpx:TrackPointExtension>
     </extensions>
   </trkpt>
   <trkpt lat="-2.6357730" lon="-43.0420110">
    <ele>37.4</ele>
    <time>2026-06-16T10:55:03Z</time>
     <extensions>
      <gpxtpx:TrackPointExtension>
       <gpxtpx:hr>107</gpxtpx:hr>
      </gpxtpx:TrackPointExtension>
     </extensions>
   </trkpt>
   <trkpt lat="-2.6357410" lon="-43.0420430">
    <ele>37.4</ele>
    <time>2026-06-16T10:55:08Z</time>
     <extensions>
      <gpxtpx:TrackPointExtension>
       <gpxtpx:hr>107</gpxtpx:hr>
      </gpxtpx:TrackPointExtension>
     </extensions>
   </trkpt>
   <trkpt lat="-2.6357110" lon="-43.0420500">
    <ele>37.6</ele>
    <time>2026-06-16T10:55:13Z</time>
     <extensions>
      <gpxtpx:TrackPointExtension>
       <gpxtpx:hr>105</gpxtpx:hr>
      </gpxtpx:TrackPointExtension>
     </extensions>
   </trkpt>
   <trkpt lat="-2.6357050" lon="-43.0420620">
    <ele>37.8</ele>
    <time>2026-06-16T10:55:18Z</time>
     <extensions>
      <gpxtpx:TrackPointExtension>
       <gpxtpx:hr>105</gpxtpx:hr>
      </gpxtpx:TrackPointExtension>
     </extensions>
   </trkpt>
   <trkpt lat="-2.6357010" lon="-43.0420640">
    <ele>38.2</ele>
    <time>2026-06-16T10:55:23Z</time>
     <extensions>
      <gpxtpx:TrackPointExtension>
       <gpxtpx:hr>106</gpxtpx:hr>
      </gpxtpx:TrackPointExtension>
     </extensions>
   </trkpt>
   <trkpt lat="-2.6356990" lon="-43.0420590">
    <ele>38.2</ele>
    <time>2026-06-16T10:55:28Z</time>
     <extensions>
      <gpxtpx:TrackPointExtension>
       <gpxtpx:hr>101</gpxtpx:hr>
      </gpxtpx:TrackPointExtension>
     </extensions>
   </trkpt>
   <trkpt lat="-2.6356970" lon="-43.0420580">
    <ele>38.2</ele>
    <time>2026-06-16T10:55:33Z</time>
     <extensions>
      <gpxtpx:TrackPointExtension>
       <gpxtpx:hr>97</gpxtpx:hr>
      </gpxtpx:TrackPointExtension>
     </extensions>
   </trkpt>
   <trkpt lat="-2.6356800" lon="-43.0420690">
    <ele>38.2</ele>
    <time>2026-06-16T10:55:38Z</time>
     <extensions>
      <gpxtpx:TrackPointExtension>
       <gpxtpx:hr>90</gpxtpx:hr>
      </gpxtpx:TrackPointExtension>
     </extensions>
   </trkpt>
   <trkpt lat="-2.6356520" lon="-43.0420790">
    <ele>38.0</ele>
    <time>2026-06-16T10:55:43Z</time>
     <extensions>
      <gpxtpx:TrackPointExtension>
       <gpxtpx:hr>92</gpxtpx:hr>
      </gpxtpx:TrackPointExtension>
     </extensions>
   </trkpt>
   <trkpt lat="-2.6356500" lon="-43.0420780">
    <ele>38.0</ele>
    <time>2026-06-16T10:55:48Z</time>
     <extensions>
      <gpxtpx:TrackPointExtension>
       <gpxtpx:hr>92</gpxtpx:hr>
      </gpxtpx:TrackPointExtension>
     </extensions>
   </trkpt>
   <trkpt lat="-2.6356500" lon="-43.0420770">
    <ele>38.0</ele>
    <time>2026-06-16T10:55:53Z</time>
     <extensions>
      <gpxtpx:TrackPointExtension>
       <gpxtpx:hr>99</gpxtpx:hr>
      </gpxtpx:TrackPointExtension>
     </extensions>
   </trkpt>
   <trkpt lat="-2.6356490" lon="-43.0420750">
    <ele>38.0</ele>
    <time>2026-06-16T10:55:58Z</time>
     <extensions>
      <gpxtpx:TrackPointExtension>
       <gpxtpx:hr>99</gpxtpx:hr>
      </gpxtpx:TrackPointExtension>
     </extensions>
   </trkpt>
   <trkpt lat="-2.6356480" lon="-43.0420730">
    <ele>38.2</ele>
    <time>2026-06-16T10:56:03Z</time>
     <extensions>
      <gpxtpx:TrackPointExtension>
       <gpxtpx:hr>89</gpxtpx:hr>
      </gpxtpx:TrackPointExtension>
     </extensions>
   </trkpt>
   <trkpt lat="-2.6356480" lon="-43.0420720">
    <ele>38.2</ele>
    <time>2026-06-16T10:56:08Z</time>
     <extensions>
      <gpxtpx:TrackPointExtension>
       <gpxtpx:hr>95</gpxtpx:hr>
      </gpxtpx:TrackPointExtension>
     </extensions>
   </trkpt>
   <trkpt lat="-2.6356500" lon="-43.0420740">
    <ele>38.4</ele>
    <time>2026-06-16T10:56:13Z</time>
     <extensions>
      <gpxtpx:TrackPointExtension>
       <gpxtpx:hr>98</gpxtpx:hr>
      </gpxtpx:TrackPointExtension>
     </extensions>
   </trkpt>
   <trkpt lat="-2.6356500" lon="-43.0420720">
    <ele>38.4</ele>
    <time>2026-06-16T10:56:18Z</time>
     <extensions>
      <gpxtpx:TrackPointExtension>
       <gpxtpx:hr>93</gpxtpx:hr>
      </gpxtpx:TrackPointExtension>
     </extensions>
   </trkpt>
   <trkpt lat="-2.6356490" lon="-43.0420700">
    <ele>38.0</ele>
    <time>2026-06-16T10:56:23Z</time>
     <extensions>
      <gpxtpx:TrackPointExtension>
       <gpxtpx:hr>93</gpxtpx:hr>
      </gpxtpx:TrackPointExtension>
     </extensions>
   </trkpt>
   <trkpt lat="-2.6356510" lon="-43.0420630">
    <ele>37.8</ele>
    <time>2026-06-16T10:56:28Z</time>
     <extensions>
      <gpxtpx:TrackPointExtension>
       <gpxtpx:hr>87</gpxtpx:hr>
      </gpxtpx:TrackPointExtension>
     </extensions>
   </trkpt>
   <trkpt lat="-2.6356580" lon="-43.0420490">
    <ele>37.2</ele>
    <time>2026-06-16T10:56:33Z</time>
     <extensions>
      <gpxtpx:TrackPointExtension>
       <gpxtpx:hr>92</gpxtpx:hr>
      </gpxtpx:TrackPointExtension>
     </extensions>
   </trkpt>
   <trkpt lat="-2.6356640" lon="-43.0420390">
    <ele>36.8</ele>
    <time>2026-06-16T10:56:38Z</time>
     <extensions>
      <gpxtpx:TrackPointExtension>
       <gpxtpx:hr>86</gpxtpx:hr>
      </gpxtpx:TrackPointExtension>
     </extensions>
   </trkpt>
   <trkpt lat="-2.6356610" lon="-43.0420550">
    <ele>37.4</ele>
    <time>2026-06-16T10:56:43Z</time>
     <extensions>
      <gpxtpx:TrackPointExtension>
       <gpxtpx:hr>92</gpxtpx:hr>
      </gpxtpx:TrackPointExtension>
     </extensions>
   </trkpt>
   <trkpt lat="-2.6356560" lon="-43.0420680">
    <ele>38.0</ele>
    <time>2026-06-16T10:56:48Z</time>
     <extensions>
      <gpxtpx:TrackPointExtension>
       <gpxtpx:hr>89</gpxtpx:hr>
      </gpxtpx:TrackPointExtension>
     </extensions>
   </trkpt>
   <trkpt lat="-2.6356530" lon="-43.0420670">
    <ele>38.2</ele>
    <time>2026-06-16T10:56:53Z</time>
     <extensions>
      <gpxtpx:TrackPointExtension>
       <gpxtpx:hr>89</gpxtpx:hr>
      </gpxtpx:TrackPointExtension>
     </extensions>
   </trkpt>
   <trkpt lat="-2.6356510" lon="-43.0420690">
    <ele>38.0</ele>
    <time>2026-06-16T10:56:58Z</time>
     <extensions>
      <gpxtpx:TrackPointExtension>
       <gpxtpx:hr>90</gpxtpx:hr>
      </gpxtpx:TrackPointExtension>
     </extensions>
   </trkpt>
   <trkpt lat="-2.6356530" lon="-43.0420680">
    <ele>38.4</ele>
    <time>2026-06-16T10:57:03Z</time>
     <extensions>
      <gpxtpx:TrackPointExtension>
       <gpxtpx:hr>90</gpxtpx:hr>
      </gpxtpx:TrackPointExtension>
     </extensions>
   </trkpt>
   <trkpt lat="-2.6356550" lon="-43.0420690">
    <ele>38.8</ele>
    <time>2026-06-16T10:57:08Z</time>
     <extensions>
      <gpxtpx:TrackPointExtension>
       <gpxtpx:hr>88</gpxtpx:hr>
      </gpxtpx:TrackPointExtension>
     </extensions>
   </trkpt>
   <trkpt lat="-2.6356530" lon="-43.0420600">
    <ele>2.8</ele>
    <time>2026-06-16T11:03:40Z</time>
     <extensions>
      <gpxtpx:TrackPointExtension>
       <gpxtpx:hr>103</gpxtpx:hr>
      </gpxtpx:TrackPointExtension>
     </extensions>
   </trkpt>
   <trkpt lat="-2.6356450" lon="-43.0420730">
    <ele>2.0</ele>
    <time>2026-06-16T11:03:45Z</time>
     <extensions>
      <gpxtpx:TrackPointExtension>
       <gpxtpx:hr>105</gpxtpx:hr>
      </gpxtpx:TrackPointExtension>
     </extensions>
   </trkpt>
   <trkpt lat="-2.6356260" lon="-43.0420940">
    <ele>1.8</ele>
    <time>2026-06-16T11:03:50Z</time>
     <extensions>
      <gpxtpx:TrackPointExtension>
       <gpxtpx:hr>109</gpxtpx:hr>
      </gpxtpx:TrackPointExtension>
     </extensions>
   </trkpt>
   <trkpt lat="-2.6355880" lon="-43.0421410">
    <ele>1.8</ele>
    <time>2026-06-16T11:03:55Z</time>
     <extensions>
      <gpxtpx:TrackPointExtension>
       <gpxtpx:hr>110</gpxtpx:hr>
      </gpxtpx:TrackPointExtension>
     </extensions>
   </trkpt>
   <trkpt lat="-2.6355470" lon="-43.0421780">
    <ele>2.0</ele>
    <time>2026-06-16T11:04:00Z</time>
     <extensions>
      <gpxtpx:TrackPointExtension>
       <gpxtpx:hr>113</gpxtpx:hr>
      </gpxtpx:TrackPointExtension>
     </extensions>
   </trkpt>
   <trkpt lat="-2.6355120" lon="-43.0422160">
    <ele>2.8</ele>
    <time>2026-06-16T11:04:05Z</time>
     <extensions>
      <gpxtpx:TrackPointExtension>
       <gpxtpx:hr>114</gpxtpx:hr>
      </gpxtpx:TrackPointExtension>
     </extensions>
   </trkpt>
   <trkpt lat="-2.6354790" lon="-43.0422450">
    <ele>4.2</ele>
    <time>2026-06-16T11:04:10Z</time>
     <extensions>
      <gpxtpx:TrackPointExtension>
       <gpxtpx:hr>116</gpxtpx:hr>
      </gpxtpx:TrackPointExtension>
     </extensions>
   </trkpt>
   <trkpt lat="-2.6354560" lon="-43.0422840">
    <ele>5.8</ele>
    <time>2026-06-16T11:04:15Z</time>
     <extensions>
      <gpxtpx:TrackPointExtension>
       <gpxtpx:hr>116</gpxtpx:hr>
      </gpxtpx:TrackPointExtension>
     </extensions>
   </trkpt>
   <trkpt lat="-2.6354380" lon="-43.0423370">
    <ele>7.0</ele>
    <time>2026-06-16T11:04:20Z</time>
     <extensions>
      <gpxtpx:TrackPointExtension>
       <gpxtpx:hr>118</gpxtpx:hr>
      </gpxtpx:TrackPointExtension>
     </extensions>
   </trkpt>
   <trkpt lat="-2.6354190" lon="-43.0423850">
    <ele>7.8</ele>
    <time>2026-06-16T11:04:25Z</time>
     <extensions>
      <gpxtpx:TrackPointExtension>
       <gpxtpx:hr>121</gpxtpx:hr>
      </gpxtpx:TrackPointExtension>
     </extensions>
   </trkpt>
   <trkpt lat="-2.6354010" lon="-43.0424230">
    <ele>8.2</ele>
    <time>2026-06-16T11:04:30Z</time>
     <extensions>
      <gpxtpx:TrackPointExtension>
       <gpxtpx:hr>120</gpxtpx:hr>
      </gpxtpx:TrackPointExtension>
     </extensions>
   </trkpt>
   <trkpt lat="-2.6353880" lon="-43.0424620">
    <ele>8.4</ele>
    <time>2026-06-16T11:04:35Z</time>
     <extensions>
      <gpxtpx:TrackPointExtension>
       <gpxtpx:hr>116</gpxtpx:hr>
      </gpxtpx:TrackPointExtension>
     </extensions>
   </trkpt>
   <trkpt lat="-2.6353710" lon="-43.0425030">
    <ele>8.4</ele>
    <time>2026-06-16T11:04:40Z</time>
     <extensions>
      <gpxtpx:TrackPointExtension>
       <gpxtpx:hr>115</gpxtpx:hr>
      </gpxtpx:TrackPointExtension>
     </extensions>
   </trkpt>
   <trkpt lat="-2.6353470" lon="-43.0425460">
    <ele>8.2</ele>
    <time>2026-06-16T11:04:45Z</time>
     <extensions>
      <gpxtpx:TrackPointExtension>
       <gpxtpx:hr>115</gpxtpx:hr>
      </gpxtpx:TrackPointExtension>
     </extensions>
   </trkpt>
   <trkpt lat="-2.6353290" lon="-43.0425820">
    <ele>8.0</ele>
    <time>2026-06-16T11:04:50Z</time>
     <extensions>
      <gpxtpx:TrackPointExtension>
       <gpxtpx:hr>113</gpxtpx:hr>
      </gpxtpx:TrackPointExtension>
     </extensions>
   </trkpt>
   <trkpt lat="-2.6353070" lon="-43.0426290">
    <ele>8.0</ele>
    <time>2026-06-16T11:04:55Z</time>
     <extensions>
      <gpxtpx:TrackPointExtension>
       <gpxtpx:hr>114</gpxtpx:hr>
      </gpxtpx:TrackPointExtension>
     </extensions>
   </trkpt>
   <trkpt lat="-2.6352790" lon="-43.0426680">
    <ele>7.8</ele>
    <time>2026-06-16T11:05:00Z</time>
     <extensions>
      <gpxtpx:TrackPointExtension>
       <gpxtpx:hr>114</gpxtpx:hr>
      </gpxtpx:TrackPointExtension>
     </extensions>
   </trkpt>
   <trkpt lat="-2.6352330" lon="-43.0427150">
    <ele>7.8</ele>
    <time>2026-06-16T11:05:05Z</time>
     <extensions>
      <gpxtpx:TrackPointExtension>
       <gpxtpx:hr>114</gpxtpx:hr>
      </gpxtpx:TrackPointExtension>
     </extensions>
   </trkpt>
   <trkpt lat="-2.6351840" lon="-43.0427420">
    <ele>7.6</ele>
    <time>2026-06-16T11:05:10Z</time>
     <extensions>
      <gpxtpx:TrackPointExtension>
       <gpxtpx:hr>113</gpxtpx:hr>
      </gpxtpx:TrackPointExtension>
     </extensions>
   </trkpt>
   <trkpt lat="-2.6351810" lon="-43.0427390">
    <ele>7.6</ele>
    <time>2026-06-16T11:05:15Z</time>
     <extensions>
      <gpxtpx:TrackPointExtension>
       <gpxtpx:hr>115</gpxtpx:hr>
      </gpxtpx:TrackPointExtension>
     </extensions>
   </trkpt>
   <trkpt lat="-2.6351850" lon="-43.0427380">
    <ele>7.8</ele>
    <time>2026-06-16T11:05:20Z</time>
     <extensions>
      <gpxtpx:TrackPointExtension>
       <gpxtpx:hr>116</gpxtpx:hr>
      </gpxtpx:TrackPointExtension>
     </extensions>
   </trkpt>
   <trkpt lat="-2.6351890" lon="-43.0427520">
    <ele>7.8</ele>
    <time>2026-06-16T11:05:25Z</time>
     <extensions>
      <gpxtpx:TrackPointExtension>
       <gpxtpx:hr>121</gpxtpx:hr>
      </gpxtpx:TrackPointExtension>
     </extensions>
   </trkpt>
   <trkpt lat="-2.6351590" lon="-43.0427800">
    <ele>8.0</ele>
    <time>2026-06-16T11:05:30Z</time>
     <extensions>
      <gpxtpx:TrackPointExtension>
       <gpxtpx:hr>124</gpxtpx:hr>
      </gpxtpx:TrackPointExtension>
     </extensions>
   </trkpt>
   <trkpt lat="-2.6350990" lon="-43.0427820">
    <ele>8.2</ele>
    <time>2026-06-16T11:05:35Z</time>
     <extensions>
      <gpxtpx:TrackPointExtension>
       <gpxtpx:hr>121</gpxtpx:hr>
      </gpxtpx:TrackPointExtension>
     </extensions>
   </trkpt>
   <trkpt lat="-2.6350570" lon="-43.0427680">
    <ele>8.2</ele>
    <time>2026-06-16T11:05:40Z</time>
     <extensions>
      <gpxtpx:TrackPointExtension>
       <gpxtpx:hr>119</gpxtpx:hr>
      </gpxtpx:TrackPointExtension>
     </extensions>
   </trkpt>
   <trkpt lat="-2.6350070" lon="-43.0427610">
    <ele>8.2</ele>
    <time>2026-06-16T11:05:45Z</time>
     <extensions>
      <gpxtpx:TrackPointExtension>
       <gpxtpx:hr>121</gpxtpx:hr>
      </gpxtpx:TrackPointExtension>
     </extensions>
   </trkpt>
   <trkpt lat="-2.6350060" lon="-43.0427560">
    <ele>8.4</ele>
    <time>2026-06-16T11:05:50Z</time>
     <extensions>
      <gpxtpx:TrackPointExtension>
       <gpxtpx:hr>122</gpxtpx:hr>
      </gpxtpx:TrackPointExtension>
     </extensions>
   </trkpt>
   <trkpt lat="-2.6350090" lon="-43.0427560">
    <ele>8.2</ele>
    <time>2026-06-16T11:05:55Z</time>
     <extensions>
      <gpxtpx:TrackPointExtension>
       <gpxtpx:hr>124</gpxtpx:hr>
      </gpxtpx:TrackPointExtension>
     </extensions>
   </trkpt>
   <trkpt lat="-2.6350120" lon="-43.0427620">
    <ele>8.2</ele>
    <time>2026-06-16T11:06:00Z</time>
     <extensions>
      <gpxtpx:TrackPointExtension>
       <gpxtpx:hr>126</gpxtpx:hr>
      </gpxtpx:TrackPointExtension>
     </extensions>
   </trkpt>
   <trkpt lat="-2.6349920" lon="-43.0427610">
    <ele>8.2</ele>
    <time>2026-06-16T11:06:05Z</time>
     <extensions>
      <gpxtpx:TrackPointExtension>
       <gpxtpx:hr>125</gpxtpx:hr>
      </gpxtpx:TrackPointExtension>
     </extensions>
   </trkpt>
   <trkpt lat="-2.6349550" lon="-43.0427440">
    <ele>8.2</ele>
    <time>2026-06-16T11:06:11Z</time>
     <extensions>
      <gpxtpx:TrackPointExtension>
       <gpxtpx:hr>124</gpxtpx:hr>
      </gpxtpx:TrackPointExtension>
     </extensions>
   </trkpt>
   <trkpt lat="-2.6349140" lon="-43.0427340">
    <ele>8.4</ele>
    <time>2026-06-16T11:06:16Z</time>
     <extensions>
      <gpxtpx:TrackPointExtension>
       <gpxtpx:hr>129</gpxtpx:hr>
      </gpxtpx:TrackPointExtension>
     </extensions>
   </trkpt>
   <trkpt lat="-2.6348680" lon="-43.0427210">
    <ele>8.6</ele>
    <time>2026-06-16T11:06:21Z</time>
     <extensions>
      <gpxtpx:TrackPointExtension>
       <gpxtpx:hr>128</gpxtpx:hr>
      </gpxtpx:TrackPointExtension>
     </extensions>
   </trkpt>
   <trkpt lat="-2.6348320" lon="-43.0427090">
    <ele>8.8</ele>
    <time>2026-06-16T11:06:26Z</time>
     <extensions>
      <gpxtpx:TrackPointExtension>
       <gpxtpx:hr>128</gpxtpx:hr>
      </gpxtpx:TrackPointExtension>
     </extensions>
   </trkpt>
   <trkpt lat="-2.6347820" lon="-43.0426940">
    <ele>9.0</ele>
    <time>2026-06-16T11:06:31Z</time>
     <extensions>
      <gpxtpx:TrackPointExtension>
       <gpxtpx:hr>126</gpxtpx:hr>
      </gpxtpx:TrackPointExtension>
     </extensions>
   </trkpt>
   <trkpt lat="-2.6347380" lon="-43.0426820">
    <ele>9.0</ele>
    <time>2026-06-16T11:06:36Z</time>
     <extensions>
      <gpxtpx:TrackPointExtension>
       <gpxtpx:hr>125</gpxtpx:hr>
      </gpxtpx:TrackPointExtension>
     </extensions>
   </trkpt>
   <trkpt lat="-2.6346890" lon="-43.0426670">
    <ele>9.2</ele>
    <time>2026-06-16T11:06:41Z</time>
     <extensions>
      <gpxtpx:TrackPointExtension>
       <gpxtpx:hr>122</gpxtpx:hr>
      </gpxtpx:TrackPointExtension>
     </extensions>
   </trkpt>
   <trkpt lat="-2.6346420" lon="-43.0426520">
    <ele>9.2</ele>
    <time>2026-06-16T11:06:46Z</time>
     <extensions>
      <gpxtpx:TrackPointExtension>
       <gpxtpx:hr>124</gpxtpx:hr>
      </gpxtpx:TrackPointExtension>
     </extensions>
   </trkpt>
   <trkpt lat="-2.6345960" lon="-43.0426370">
    <ele>9.2</ele>
    <time>2026-06-16T11:06:51Z</time>
     <extensions>
      <gpxtpx:TrackPointExtension>
       <gpxtpx:hr>124</gpxtpx:hr>
      </gpxtpx:TrackPointExtension>
     </extensions>
   </trkpt>
   <trkpt lat="-2.6345350" lon="-43.0426180">
    <ele>9.0</ele>
    <time>2026-06-16T11:06:56Z</time>
     <extensions>
      <gpxtpx:TrackPointExtension>
       <gpxtpx:hr>123</gpxtpx:hr>
      </gpxtpx:TrackPointExtension>
     </extensions>
   </trkpt>
   <trkpt lat="-2.6344930" lon="-43.0426030">
    <ele>9.0</ele>
    <time>2026-06-16T11:07:01Z</time>
     <extensions>
      <gpxtpx:TrackPointExtension>
       <gpxtpx:hr>121</gpxtpx:hr>
      </gpxtpx:TrackPointExtension>
     </extensions>
   </trkpt>
   <trkpt lat="-2.6344510" lon="-43.0425870">
    <ele>9.2</ele>
    <time>2026-06-16T11:07:06Z</time>
     <extensions>
      <gpxtpx:TrackPointExtension>
       <gpxtpx:hr>121</gpxtpx:hr>
      </gpxtpx:TrackPointExtension>
     </extensions>
   </trkpt>
   <trkpt lat="-2.6343940" lon="-43.0425700">
    <ele>9.4</ele>
    <time>2026-06-16T11:07:11Z</time>
     <extensions>
      <gpxtpx:TrackPointExtension>
       <gpxtpx:hr>120</gpxtpx:hr>
      </gpxtpx:TrackPointExtension>
     </extensions>
   </trkpt>
   <trkpt lat="-2.6343480" lon="-43.0425510">
    <ele>9.4</ele>
    <time>2026-06-16T11:07:16Z</time>
     <extensions>
      <gpxtpx:TrackPointExtension>
       <gpxtpx:hr>118</gpxtpx:hr>
      </gpxtpx:TrackPointExtension>
     </extensions>
   </trkpt>
   <trkpt lat="-2.6343260" lon="-43.0425370">
    <ele>9.6</ele>
    <time>2026-06-16T11:07:21Z</time>
     <extensions>
      <gpxtpx:TrackPointExtension>
       <gpxtpx:hr>117</gpxtpx:hr>
      </gpxtpx:TrackPointExtension>
     </extensions>
   </trkpt>
   <trkpt lat="-2.6343320" lon="-43.0425290">
    <ele>9.6</ele>
    <time>2026-06-16T11:07:26Z</time>
     <extensions>
      <gpxtpx:TrackPointExtension>
       <gpxtpx:hr>117</gpxtpx:hr>
      </gpxtpx:TrackPointExtension>
     </extensions>
   </trkpt>
   <trkpt lat="-2.6343340" lon="-43.0425330">
    <ele>9.6</ele>
    <time>2026-06-16T11:07:31Z</time>
     <extensions>
      <gpxtpx:TrackPointExtension>
       <gpxtpx:hr>114</gpxtpx:hr>
      </gpxtpx:TrackPointExtension>
     </extensions>
   </trkpt>
   <trkpt lat="-2.6343090" lon="-43.0425290">
    <ele>9.4</ele>
    <time>2026-06-16T11:07:36Z</time>
     <extensions>
      <gpxtpx:TrackPointExtension>
       <gpxtpx:hr>114</gpxtpx:hr>
      </gpxtpx:TrackPointExtension>
     </extensions>
   </trkpt>
   <trkpt lat="-2.6342640" lon="-43.0425280">
    <ele>9.4</ele>
    <time>2026-06-16T11:07:41Z</time>
     <extensions>
      <gpxtpx:TrackPointExtension>
       <gpxtpx:hr>109</gpxtpx:hr>
      </gpxtpx:TrackPointExtension>
     </extensions>
   </trkpt>
   <trkpt lat="-2.6342250" lon="-43.0425180">
    <ele>9.2</ele>
    <time>2026-06-16T11:07:46Z</time>
     <extensions>
      <gpxtpx:TrackPointExtension>
       <gpxtpx:hr>112</gpxtpx:hr>
      </gpxtpx:TrackPointExtension>
     </extensions>
   </trkpt>
   <trkpt lat="-2.6341820" lon="-43.0425060">
    <ele>9.0</ele>
    <time>2026-06-16T11:07:51Z</time>
     <extensions>
      <gpxtpx:TrackPointExtension>
       <gpxtpx:hr>113</gpxtpx:hr>
      </gpxtpx:TrackPointExtension>
     </extensions>
   </trkpt>
   <trkpt lat="-2.6341400" lon="-43.0424940">
    <ele>8.8</ele>
    <time>2026-06-16T11:07:56Z</time>
     <extensions>
      <gpxtpx:TrackPointExtension>
       <gpxtpx:hr>107</gpxtpx:hr>
      </gpxtpx:TrackPointExtension>
     </extensions>
   </trkpt>
   <trkpt lat="-2.6340980" lon="-43.0424930">
    <ele>8.6</ele>
    <time>2026-06-16T11:08:01Z</time>
     <extensions>
      <gpxtpx:TrackPointExtension>
       <gpxtpx:hr>107</gpxtpx:hr>
      </gpxtpx:TrackPointExtension>
     </extensions>
   </trkpt>
   <trkpt lat="-2.6340500" lon="-43.0424980">
    <ele>8.6</ele>
    <time>2026-06-16T11:08:06Z</time>
     <extensions>
      <gpxtpx:TrackPointExtension>
       <gpxtpx:hr>108</gpxtpx:hr>
      </gpxtpx:TrackPointExtension>
     </extensions>
   </trkpt>
   <trkpt lat="-2.6340060" lon="-43.0425220">
    <ele>8.6</ele>
    <time>2026-06-16T11:08:11Z</time>
     <extensions>
      <gpxtpx:TrackPointExtension>
       <gpxtpx:hr>108</gpxtpx:hr>
      </gpxtpx:TrackPointExtension>
     </extensions>
   </trkpt>
   <trkpt lat="-2.6339640" lon="-43.0425470">
    <ele>8.6</ele>
    <time>2026-06-16T11:08:16Z</time>
     <extensions>
      <gpxtpx:TrackPointExtension>
       <gpxtpx:hr>113</gpxtpx:hr>
      </gpxtpx:TrackPointExtension>
     </extensions>
   </trkpt>
   <trkpt lat="-2.6339300" lon="-43.0425670">
    <ele>8.4</ele>
    <time>2026-06-16T11:08:21Z</time>
     <extensions>
      <gpxtpx:TrackPointExtension>
       <gpxtpx:hr>116</gpxtpx:hr>
      </gpxtpx:TrackPointExtension>
     </extensions>
   </trkpt>
   <trkpt lat="-2.6338930" lon="-43.0425920">
    <ele>8.6</ele>
    <time>2026-06-16T11:08:26Z</time>
     <extensions>
      <gpxtpx:TrackPointExtension>
       <gpxtpx:hr>116</gpxtpx:hr>
      </gpxtpx:TrackPointExtension>
     </extensions>
   </trkpt>
   <trkpt lat="-2.6338550" lon="-43.0426150">
    <ele>9.0</ele>
    <time>2026-06-16T11:08:31Z</time>
     <extensions>
      <gpxtpx:TrackPointExtension>
       <gpxtpx:hr>118</gpxtpx:hr>
      </gpxtpx:TrackPointExtension>
     </extensions>
   </trkpt>
   <trkpt lat="-2.6338250" lon="-43.0426520">
    <ele>9.2</ele>
    <time>2026-06-16T11:08:36Z</time>
     <extensions>
      <gpxtpx:TrackPointExtension>
       <gpxtpx:hr>117</gpxtpx:hr>
      </gpxtpx:TrackPointExtension>
     </extensions>
   </trkpt>
   <trkpt lat="-2.6337970" lon="-43.0426810">
    <ele>9.4</ele>
    <time>2026-06-16T11:08:41Z</time>
     <extensions>
      <gpxtpx:TrackPointExtension>
       <gpxtpx:hr>117</gpxtpx:hr>
      </gpxtpx:TrackPointExtension>
     </extensions>
   </trkpt>
   <trkpt lat="-2.6337710" lon="-43.0427160">
    <ele>9.4</ele>
    <time>2026-06-16T11:08:46Z</time>
     <extensions>
      <gpxtpx:TrackPointExtension>
       <gpxtpx:hr>117</gpxtpx:hr>
      </gpxtpx:TrackPointExtension>
     </extensions>
   </trkpt>
   <trkpt lat="-2.6337370" lon="-43.0427480">
    <ele>9.4</ele>
    <time>2026-06-16T11:08:51Z</time>
     <extensions>
      <gpxtpx:TrackPointExtension>
       <gpxtpx:hr>117</gpxtpx:hr>
      </gpxtpx:TrackPointExtension>
     </extensions>
   </trkpt>
   <trkpt lat="-2.6336910" lon="-43.0427700">
    <ele>9.4</ele>
    <time>2026-06-16T11:08:56Z</time>
     <extensions>
      <gpxtpx:TrackPointExtension>
       <gpxtpx:hr>119</gpxtpx:hr>
      </gpxtpx:TrackPointExtension>
     </extensions>
   </trkpt>
   <trkpt lat="-2.6336500" lon="-43.0427950">
    <ele>9.4</ele>
    <time>2026-06-16T11:09:01Z</time>
     <extensions>
      <gpxtpx:TrackPointExtension>
       <gpxtpx:hr>119</gpxtpx:hr>
      </gpxtpx:TrackPointExtension>
     </extensions>
   </trkpt>
   <trkpt lat="-2.6336090" lon="-43.0428270">
    <ele>9.2</ele>
    <time>2026-06-16T11:09:06Z</time>
     <extensions>
      <gpxtpx:TrackPointExtension>
       <gpxtpx:hr>118</gpxtpx:hr>
      </gpxtpx:TrackPointExtension>
     </extensions>
   </trkpt>
   <trkpt lat="-2.6335750" lon="-43.0428600">
    <ele>9.2</ele>
    <time>2026-06-16T11:09:11Z</time>
     <extensions>
      <gpxtpx:TrackPointExtension>
       <gpxtpx:hr>118</gpxtpx:hr>
      </gpxtpx:TrackPointExtension>
     </extensions>
   </trkpt>
   <trkpt lat="-2.6335360" lon="-43.0428930">
    <ele>9.0</ele>
    <time>2026-06-16T11:09:16Z</time>
     <extensions>
      <gpxtpx:TrackPointExtension>
       <gpxtpx:hr>121</gpxtpx:hr>
      </gpxtpx:TrackPointExtension>
     </extensions>
   </trkpt>
   <trkpt lat="-2.6335020" lon="-43.0429270">
    <ele>9.0</ele>
    <time>2026-06-16T11:09:21Z</time>
     <extensions>
      <gpxtpx:TrackPointExtension>
       <gpxtpx:hr>121</gpxtpx:hr>
      </gpxtpx:TrackPointExtension>
     </extensions>
   </trkpt>
   <trkpt lat="-2.6334600" lon="-43.0429540">
    <ele>8.8</ele>
    <time>2026-06-16T11:09:26Z</time>
     <extensions>
      <gpxtpx:TrackPointExtension>
       <gpxtpx:hr>121</gpxtpx:hr>
      </gpxtpx:TrackPointExtension>
     </extensions>
   </trkpt>
   <trkpt lat="-2.6334130" lon="-43.0429760">
    <ele>8.6</ele>
    <time>2026-06-16T11:09:31Z</time>
     <extensions>
      <gpxtpx:TrackPointExtension>
       <gpxtpx:hr>115</gpxtpx:hr>
      </gpxtpx:TrackPointExtension>
     </extensions>
   </trkpt>
   <trkpt lat="-2.6333720" lon="-43.0429880">
    <ele>8.4</ele>
    <time>2026-06-16T11:09:36Z</time>
     <extensions>
      <gpxtpx:TrackPointExtension>
       <gpxtpx:hr>110</gpxtpx:hr>
      </gpxtpx:TrackPointExtension>
     </extensions>
   </trkpt>
   <trkpt lat="-2.6333300" lon="-43.0429990">
    <ele>8.0</ele>
    <time>2026-06-16T11:09:41Z</time>
     <extensions>
      <gpxtpx:TrackPointExtension>
       <gpxtpx:hr>110</gpxtpx:hr>
      </gpxtpx:TrackPointExtension>
     </extensions>
   </trkpt>
   <trkpt lat="-2.6332920" lon="-43.0430160">
    <ele>7.8</ele>
    <time>2026-06-16T11:09:46Z</time>
     <extensions>
      <gpxtpx:TrackPointExtension>
       <gpxtpx:hr>107</gpxtpx:hr>
      </gpxtpx:TrackPointExtension>
     </extensions>
   </trkpt>
   <trkpt lat="-2.6332460" lon="-43.0430330">
    <ele>7.4</ele>
    <time>2026-06-16T11:09:51Z</time>
     <extensions>
      <gpxtpx:TrackPointExtension>
       <gpxtpx:hr>110</gpxtpx:hr>
      </gpxtpx:TrackPointExtension>
     </extensions>
   </trkpt>
   <trkpt lat="-2.6331990" lon="-43.0430490">
    <ele>7.2</ele>
    <time>2026-06-16T11:09:56Z</time>
     <extensions>
      <gpxtpx:TrackPointExtension>
       <gpxtpx:hr>110</gpxtpx:hr>
      </gpxtpx:TrackPointExtension>
     </extensions>
   </trkpt>
   <trkpt lat="-2.6331660" lon="-43.0430760">
    <ele>7.0</ele>
    <time>2026-06-16T11:10:01Z</time>
     <extensions>
      <gpxtpx:TrackPointExtension>
       <gpxtpx:hr>111</gpxtpx:hr>
      </gpxtpx:TrackPointExtension>
     </extensions>
   </trkpt>
   <trkpt lat="-2.6331380" lon="-43.0431150">
    <ele>6.6</ele>
    <time>2026-06-16T11:10:06Z</time>
     <extensions>
      <gpxtpx:TrackPointExtension>
       <gpxtpx:hr>110</gpxtpx:hr>
      </gpxtpx:TrackPointExtension>
     </extensions>
   </trkpt>
   <trkpt lat="-2.6331090" lon="-43.0431570">
    <ele>6.4</ele>
    <time>2026-06-16T11:10:11Z</time>
     <extensions>
      <gpxtpx:TrackPointExtension>
       <gpxtpx:hr>108</gpxtpx:hr>
      </gpxtpx:TrackPointExtension>
     </extensions>
   </trkpt>
   <trkpt lat="-2.6330780" lon="-43.0431960">
    <ele>6.2</ele>
    <time>2026-06-16T11:10:16Z</time>
     <extensions>
      <gpxtpx:TrackPointExtension>
       <gpxtpx:hr>108</gpxtpx:hr>
      </gpxtpx:TrackPointExtension>
     </extensions>
   </trkpt>
   <trkpt lat="-2.6330510" lon="-43.0432370">
    <ele>6.0</ele>
    <time>2026-06-16T11:10:21Z</time>
     <extensions>
      <gpxtpx:TrackPointExtension>
       <gpxtpx:hr>109</gpxtpx:hr>
      </gpxtpx:TrackPointExtension>
     </extensions>
   </trkpt>
   <trkpt lat="-2.6330240" lon="-43.0432820">
    <ele>5.8</ele>
    <time>2026-06-16T11:10:26Z</time>
     <extensions>
      <gpxtpx:TrackPointExtension>
       <gpxtpx:hr>113</gpxtpx:hr>
      </gpxtpx:TrackPointExtension>
     </extensions>
   </trkpt>
   <trkpt lat="-2.6329950" lon="-43.0433250">
    <ele>5.8</ele>
    <time>2026-06-16T11:10:31Z</time>
     <extensions>
      <gpxtpx:TrackPointExtension>
       <gpxtpx:hr>115</gpxtpx:hr>
      </gpxtpx:TrackPointExtension>
     </extensions>
   </trkpt>
   <trkpt lat="-2.6329690" lon="-43.0433710">
    <ele>5.6</ele>
    <time>2026-06-16T11:10:36Z</time>
     <extensions>
      <gpxtpx:TrackPointExtension>
       <gpxtpx:hr>115</gpxtpx:hr>
      </gpxtpx:TrackPointExtension>
     </extensions>
   </trkpt>
   <trkpt lat="-2.6329440" lon="-43.0434180">
    <ele>5.4</ele>
    <time>2026-06-16T11:10:41Z</time>
     <extensions>
      <gpxtpx:TrackPointExtension>
       <gpxtpx:hr>110</gpxtpx:hr>
      </gpxtpx:TrackPointExtension>
     </extensions>
   </trkpt>
   <trkpt lat="-2.6329220" lon="-43.0434610">
    <ele>5.4</ele>
    <time>2026-06-16T11:10:46Z</time>
     <extensions>
      <gpxtpx:TrackPointExtension>
       <gpxtpx:hr>109</gpxtpx:hr>
      </gpxtpx:TrackPointExtension>
     </extensions>
   </trkpt>
   <trkpt lat="-2.6329010" lon="-43.0435030">
    <ele>5.2</ele>
    <time>2026-06-16T11:10:51Z</time>
     <extensions>
      <gpxtpx:TrackPointExtension>
       <gpxtpx:hr>109</gpxtpx:hr>
      </gpxtpx:TrackPointExtension>
     </extensions>
   </trkpt>
   <trkpt lat="-2.6328710" lon="-43.0435450">
    <ele>5.2</ele>
    <time>2026-06-16T11:10:56Z</time>
     <extensions>
      <gpxtpx:TrackPointExtension>
       <gpxtpx:hr>111</gpxtpx:hr>
      </gpxtpx:TrackPointExtension>
     </extensions>
   </trkpt>
   <trkpt lat="-2.6328310" lon="-43.0435800">
    <ele>5.0</ele>
    <time>2026-06-16T11:11:01Z</time>
     <extensions>
      <gpxtpx:TrackPointExtension>
       <gpxtpx:hr>111</gpxtpx:hr>
      </gpxtpx:TrackPointExtension>
     </extensions>
   </trkpt>
   <trkpt lat="-2.6327860" lon="-43.0436040">
    <ele>5.0</ele>
    <time>2026-06-16T11:11:06Z</time>
     <extensions>
      <gpxtpx:TrackPointExtension>
       <gpxtpx:hr>115</gpxtpx:hr>
      </gpxtpx:TrackPointExtension>
     </extensions>
   </trkpt>
   <trkpt lat="-2.6327490" lon="-43.0436350">
    <ele>5.0</ele>
    <time>2026-06-16T11:11:11Z</time>
     <extensions>
      <gpxtpx:TrackPointExtension>
       <gpxtpx:hr>110</gpxtpx:hr>
      </gpxtpx:TrackPointExtension>
     </extensions>
   </trkpt>
   <trkpt lat="-2.6327180" lon="-43.0436620">
    <ele>5.2</ele>
    <time>2026-06-16T11:11:16Z</time>
     <extensions>
      <gpxtpx:TrackPointExtension>
       <gpxtpx:hr>106</gpxtpx:hr>
      </gpxtpx:TrackPointExtension>
     </extensions>
   </trkpt>
   <trkpt lat="-2.6326910" lon="-43.0436900">
    <ele>5.2</ele>
    <time>2026-06-16T11:11:21Z</time>
     <extensions>
      <gpxtpx:TrackPointExtension>
       <gpxtpx:hr>106</gpxtpx:hr>
      </gpxtpx:TrackPointExtension>
     </extensions>
   </trkpt>
   <trkpt lat="-2.6326560" lon="-43.0437150">
    <ele>5.2</ele>
    <time>2026-06-16T11:11:26Z</time>
     <extensions>
      <gpxtpx:TrackPointExtension>
       <gpxtpx:hr>105</gpxtpx:hr>
      </gpxtpx:TrackPointExtension>
     </extensions>
   </trkpt>
   <trkpt lat="-2.6326240" lon="-43.0437440">
    <ele>5.4</ele>
    <time>2026-06-16T11:11:31Z</time>
     <extensions>
      <gpxtpx:TrackPointExtension>
       <gpxtpx:hr>105</gpxtpx:hr>
      </gpxtpx:TrackPointExtension>
     </extensions>
   </trkpt>
   <trkpt lat="-2.6325920" lon="-43.0437710">
    <ele>5.4</ele>
    <time>2026-06-16T11:11:36Z</time>
     <extensions>
      <gpxtpx:TrackPointExtension>
       <gpxtpx:hr>106</gpxtpx:hr>
      </gpxtpx:TrackPointExtension>
     </extensions>
   </trkpt>
   <trkpt lat="-2.6325560" lon="-43.0437900">
    <ele>5.2</ele>
    <time>2026-06-16T11:11:41Z</time>
     <extensions>
      <gpxtpx:TrackPointExtension>
       <gpxtpx:hr>108</gpxtpx:hr>
      </gpxtpx:TrackPointExtension>
     </extensions>
   </trkpt>
   <trkpt lat="-2.6325140" lon="-43.0438050">
    <ele>5.2</ele>
    <time>2026-06-16T11:11:46Z</time>
     <extensions>
      <gpxtpx:TrackPointExtension>
       <gpxtpx:hr>110</gpxtpx:hr>
      </gpxtpx:TrackPointExtension>
     </extensions>
   </trkpt>
   <trkpt lat="-2.6324760" lon="-43.0438220">
    <ele>5.0</ele>
    <time>2026-06-16T11:11:51Z</time>
     <extensions>
      <gpxtpx:TrackPointExtension>
       <gpxtpx:hr>110</gpxtpx:hr>
      </gpxtpx:TrackPointExtension>
     </extensions>
   </trkpt>
   <trkpt lat="-2.6324410" lon="-43.0438400">
    <ele>5.0</ele>
    <time>2026-06-16T11:11:56Z</time>
     <extensions>
      <gpxtpx:TrackPointExtension>
       <gpxtpx:hr>113</gpxtpx:hr>
      </gpxtpx:TrackPointExtension>
     </extensions>
   </trkpt>
   <trkpt lat="-2.6324140" lon="-43.0438590">
    <ele>5.2</ele>
    <time>2026-06-16T11:12:01Z</time>
     <extensions>
      <gpxtpx:TrackPointExtension>
       <gpxtpx:hr>113</gpxtpx:hr>
      </gpxtpx:TrackPointExtension>
     </extensions>
   </trkpt>
   <trkpt lat="-2.6324070" lon="-43.0438590">
    <ele>5.4</ele>
    <time>2026-06-16T11:12:06Z</time>
     <extensions>
      <gpxtpx:TrackPointExtension>
       <gpxtpx:hr>106</gpxtpx:hr>
      </gpxtpx:TrackPointExtension>
     </extensions>
   </trkpt>
   <trkpt lat="-2.6323950" lon="-43.0438600">
    <ele>5.2</ele>
    <time>2026-06-16T11:12:11Z</time>
     <extensions>
      <gpxtpx:TrackPointExtension>
       <gpxtpx:hr>108</gpxtpx:hr>
      </gpxtpx:TrackPointExtension>
     </extensions>
   </trkpt>
   <trkpt lat="-2.6323870" lon="-43.0438640">
    <ele>4.8</ele>
    <time>2026-06-16T11:12:16Z</time>
     <extensions>
      <gpxtpx:TrackPointExtension>
       <gpxtpx:hr>108</gpxtpx:hr>
      </gpxtpx:TrackPointExtension>
     </extensions>
   </trkpt>
   <trkpt lat="-2.6323870" lon="-43.0438690">
    <ele>4.6</ele>
    <time>2026-06-16T11:12:21Z</time>
     <extensions>
      <gpxtpx:TrackPointExtension>
       <gpxtpx:hr>113</gpxtpx:hr>
      </gpxtpx:TrackPointExtension>
     </extensions>
   </trkpt>
   <trkpt lat="-2.6323900" lon="-43.0438710">
    <ele>5.2</ele>
    <time>2026-06-16T11:12:26Z</time>
     <extensions>
      <gpxtpx:TrackPointExtension>
       <gpxtpx:hr>113</gpxtpx:hr>
      </gpxtpx:TrackPointExtension>
     </extensions>
   </trkpt>
   <trkpt lat="-2.6323880" lon="-43.0438680">
    <ele>4.2</ele>
    <time>2026-06-16T11:12:31Z</time>
     <extensions>
      <gpxtpx:TrackPointExtension>
       <gpxtpx:hr>113</gpxtpx:hr>
      </gpxtpx:TrackPointExtension>
     </extensions>
   </trkpt>
   <trkpt lat="-2.6323810" lon="-43.0438610">
    <ele>2.2</ele>
    <time>2026-06-16T11:12:36Z</time>
     <extensions>
      <gpxtpx:TrackPointExtension>
       <gpxtpx:hr>113</gpxtpx:hr>
      </gpxtpx:TrackPointExtension>
     </extensions>
   </trkpt>
   <trkpt lat="-2.6312260" lon="-43.0460630">
    <ele>10.8</ele>
    <time>2026-06-16T11:18:35Z</time>
     <extensions>
      <gpxtpx:TrackPointExtension>
       <gpxtpx:hr>116</gpxtpx:hr>
      </gpxtpx:TrackPointExtension>
     </extensions>
   </trkpt>
   <trkpt lat="-2.6311800" lon="-43.0460780">
    <ele>5.4</ele>
    <time>2026-06-16T11:18:40Z</time>
     <extensions>
      <gpxtpx:TrackPointExtension>
       <gpxtpx:hr>115</gpxtpx:hr>
      </gpxtpx:TrackPointExtension>
     </extensions>
   </trkpt>
   <trkpt lat="-2.6311350" lon="-43.0460890">
    <ele>3.6</ele>
    <time>2026-06-16T11:18:45Z</time>
     <extensions>
      <gpxtpx:TrackPointExtension>
       <gpxtpx:hr>114</gpxtpx:hr>
      </gpxtpx:TrackPointExtension>
     </extensions>
   </trkpt>
   <trkpt lat="-2.6310860" lon="-43.0461000">
    <ele>3.6</ele>
    <time>2026-06-16T11:18:50Z</time>
     <extensions>
      <gpxtpx:TrackPointExtension>
       <gpxtpx:hr>119</gpxtpx:hr>
      </gpxtpx:TrackPointExtension>
     </extensions>
   </trkpt>
   <trkpt lat="-2.6310410" lon="-43.0461230">
    <ele>3.8</ele>
    <time>2026-06-16T11:18:55Z</time>
     <extensions>
      <gpxtpx:TrackPointExtension>
       <gpxtpx:hr>118</gpxtpx:hr>
      </gpxtpx:TrackPointExtension>
     </extensions>
   </trkpt>
   <trkpt lat="-2.6309970" lon="-43.0461470">
    <ele>3.8</ele>
    <time>2026-06-16T11:19:00Z</time>
     <extensions>
      <gpxtpx:TrackPointExtension>
       <gpxtpx:hr>120</gpxtpx:hr>
      </gpxtpx:TrackPointExtension>
     </extensions>
   </trkpt>
   <trkpt lat="-2.6309590" lon="-43.0461610">
    <ele>4.0</ele>
    <time>2026-06-16T11:19:05Z</time>
     <extensions>
      <gpxtpx:TrackPointExtension>
       <gpxtpx:hr>118</gpxtpx:hr>
      </gpxtpx:TrackPointExtension>
     </extensions>
   </trkpt>
   <trkpt lat="-2.6309090" lon="-43.0461470">
    <ele>4.4</ele>
    <time>2026-06-16T11:19:10Z</time>
     <extensions>
      <gpxtpx:TrackPointExtension>
       <gpxtpx:hr>119</gpxtpx:hr>
      </gpxtpx:TrackPointExtension>
     </extensions>
   </trkpt>
   <trkpt lat="-2.6308580" lon="-43.0461320">
    <ele>5.0</ele>
    <time>2026-06-16T11:19:15Z</time>
     <extensions>
      <gpxtpx:TrackPointExtension>
       <gpxtpx:hr>122</gpxtpx:hr>
      </gpxtpx:TrackPointExtension>
     </extensions>
   </trkpt>
   <trkpt lat="-2.6308130" lon="-43.0461160">
    <ele>5.6</ele>
    <time>2026-06-16T11:19:20Z</time>
     <extensions>
      <gpxtpx:TrackPointExtension>
       <gpxtpx:hr>127</gpxtpx:hr>
      </gpxtpx:TrackPointExtension>
     </extensions>
   </trkpt>
   <trkpt lat="-2.6307690" lon="-43.0461030">
    <ele>6.0</ele>
    <time>2026-06-16T11:19:25Z</time>
     <extensions>
      <gpxtpx:TrackPointExtension>
       <gpxtpx:hr>133</gpxtpx:hr>
      </gpxtpx:TrackPointExtension>
     </extensions>
   </trkpt>
   <trkpt lat="-2.6307300" lon="-43.0460960">
    <ele>6.4</ele>
    <time>2026-06-16T11:19:30Z</time>
     <extensions>
      <gpxtpx:TrackPointExtension>
       <gpxtpx:hr>134</gpxtpx:hr>
      </gpxtpx:TrackPointExtension>
     </extensions>
   </trkpt>
   <trkpt lat="-2.6306910" lon="-43.0460940">
    <ele>6.8</ele>
    <time>2026-06-16T11:19:35Z</time>
     <extensions>
      <gpxtpx:TrackPointExtension>
       <gpxtpx:hr>135</gpxtpx:hr>
      </gpxtpx:TrackPointExtension>
     </extensions>
   </trkpt>
   <trkpt lat="-2.6306570" lon="-43.0460960">
    <ele>7.2</ele>
    <time>2026-06-16T11:19:40Z</time>
     <extensions>
      <gpxtpx:TrackPointExtension>
       <gpxtpx:hr>135</gpxtpx:hr>
      </gpxtpx:TrackPointExtension>
     </extensions>
   </trkpt>
   <trkpt lat="-2.6306150" lon="-43.0461050">
    <ele>7.4</ele>
    <time>2026-06-16T11:19:45Z</time>
     <extensions>
      <gpxtpx:TrackPointExtension>
       <gpxtpx:hr>136</gpxtpx:hr>
      </gpxtpx:TrackPointExtension>
     </extensions>
   </trkpt>
   <trkpt lat="-2.6305770" lon="-43.0461140">
    <ele>7.8</ele>
    <time>2026-06-16T11:19:50Z</time>
     <extensions>
      <gpxtpx:TrackPointExtension>
       <gpxtpx:hr>137</gpxtpx:hr>
      </gpxtpx:TrackPointExtension>
     </extensions>
   </trkpt>
   <trkpt lat="-2.6305340" lon="-43.0461090">
    <ele>8.0</ele>
    <time>2026-06-16T11:19:55Z</time>
     <extensions>
      <gpxtpx:TrackPointExtension>
       <gpxtpx:hr>139</gpxtpx:hr>
      </gpxtpx:TrackPointExtension>
     </extensions>
   </trkpt>
   <trkpt lat="-2.6304890" lon="-43.0461000">
    <ele>8.2</ele>
    <time>2026-06-16T11:20:00Z</time>
     <extensions>
      <gpxtpx:TrackPointExtension>
       <gpxtpx:hr>142</gpxtpx:hr>
      </gpxtpx:TrackPointExtension>
     </extensions>
   </trkpt>
   <trkpt lat="-2.6304430" lon="-43.0460980">
    <ele>8.4</ele>
    <time>2026-06-16T11:20:05Z</time>
     <extensions>
      <gpxtpx:TrackPointExtension>
       <gpxtpx:hr>142</gpxtpx:hr>
      </gpxtpx:TrackPointExtension>
     </extensions>
   </trkpt>
   <trkpt lat="-2.6304060" lon="-43.0461000">
    <ele>8.6</ele>
    <time>2026-06-16T11:20:10Z</time>
     <extensions>
      <gpxtpx:TrackPointExtension>
       <gpxtpx:hr>143</gpxtpx:hr>
      </gpxtpx:TrackPointExtension>
     </extensions>
   </trkpt>
   <trkpt lat="-2.6303630" lon="-43.0460980">
    <ele>9.0</ele>
    <time>2026-06-16T11:20:15Z</time>
     <extensions>
      <gpxtpx:TrackPointExtension>
       <gpxtpx:hr>143</gpxtpx:hr>
      </gpxtpx:TrackPointExtension>
     </extensions>
   </trkpt>
   <trkpt lat="-2.6303150" lon="-43.0460930">
    <ele>9.4</ele>
    <time>2026-06-16T11:20:20Z</time>
     <extensions>
      <gpxtpx:TrackPointExtension>
       <gpxtpx:hr>142</gpxtpx:hr>
      </gpxtpx:TrackPointExtension>
     </extensions>
   </trkpt>
   <trkpt lat="-2.6302600" lon="-43.0460790">
    <ele>9.8</ele>
    <time>2026-06-16T11:20:25Z</time>
     <extensions>
      <gpxtpx:TrackPointExtension>
       <gpxtpx:hr>142</gpxtpx:hr>
      </gpxtpx:TrackPointExtension>
     </extensions>
   </trkpt>
   <trkpt lat="-2.6302070" lon="-43.0460670">
    <ele>10.2</ele>
    <time>2026-06-16T11:20:30Z</time>
     <extensions>
      <gpxtpx:TrackPointExtension>
       <gpxtpx:hr>145</gpxtpx:hr>
      </gpxtpx:TrackPointExtension>
     </extensions>
   </trkpt>
   <trkpt lat="-2.6301520" lon="-43.0460600">
    <ele>10.4</ele>
    <time>2026-06-16T11:20:35Z</time>
     <extensions>
      <gpxtpx:TrackPointExtension>
       <gpxtpx:hr>146</gpxtpx:hr>
      </gpxtpx:TrackPointExtension>
     </extensions>
   </trkpt>
   <trkpt lat="-2.6301000" lon="-43.0460480">
    <ele>10.6</ele>
    <time>2026-06-16T11:20:40Z</time>
     <extensions>
      <gpxtpx:TrackPointExtension>
       <gpxtpx:hr>144</gpxtpx:hr>
      </gpxtpx:TrackPointExtension>
     </extensions>
   </trkpt>
   <trkpt lat="-2.6300510" lon="-43.0460510">
    <ele>10.6</ele>
    <time>2026-06-16T11:20:45Z</time>
     <extensions>
      <gpxtpx:TrackPointExtension>
       <gpxtpx:hr>138</gpxtpx:hr>
      </gpxtpx:TrackPointExtension>
     </extensions>
   </trkpt>
   <trkpt lat="-2.6300070" lon="-43.0460500">
    <ele>10.8</ele>
    <time>2026-06-16T11:20:50Z</time>
     <extensions>
      <gpxtpx:TrackPointExtension>
       <gpxtpx:hr>137</gpxtpx:hr>
      </gpxtpx:TrackPointExtension>
     </extensions>
   </trkpt>
   <trkpt lat="-2.6299460" lon="-43.0460490">
    <ele>10.8</ele>
    <time>2026-06-16T11:20:55Z</time>
     <extensions>
      <gpxtpx:TrackPointExtension>
       <gpxtpx:hr>137</gpxtpx:hr>
      </gpxtpx:TrackPointExtension>
     </extensions>
   </trkpt>
   <trkpt lat="-2.6298960" lon="-43.0460580">
    <ele>11.0</ele>
    <time>2026-06-16T11:21:00Z</time>
     <extensions>
      <gpxtpx:TrackPointExtension>
       <gpxtpx:hr>133</gpxtpx:hr>
      </gpxtpx:TrackPointExtension>
     </extensions>
   </trkpt>
   <trkpt lat="-2.6298430" lon="-43.0460560">
    <ele>11.4</ele>
    <time>2026-06-16T11:21:06Z</time>
     <extensions>
      <gpxtpx:TrackPointExtension>
       <gpxtpx:hr>131</gpxtpx:hr>
      </gpxtpx:TrackPointExtension>
     </extensions>
   </trkpt>
   <trkpt lat="-2.6297890" lon="-43.0460470">
    <ele>11.6</ele>
    <time>2026-06-16T11:21:11Z</time>
     <extensions>
      <gpxtpx:TrackPointExtension>
       <gpxtpx:hr>133</gpxtpx:hr>
      </gpxtpx:TrackPointExtension>
     </extensions>
   </trkpt>
   <trkpt lat="-2.6297350" lon="-43.0460370">
    <ele>12.0</ele>
    <time>2026-06-16T11:21:16Z</time>
     <extensions>
      <gpxtpx:TrackPointExtension>
       <gpxtpx:hr>133</gpxtpx:hr>
      </gpxtpx:TrackPointExtension>
     </extensions>
   </trkpt>
   <trkpt lat="-2.6296840" lon="-43.0460210">
    <ele>12.0</ele>
    <time>2026-06-16T11:21:21Z</time>
     <extensions>
      <gpxtpx:TrackPointExtension>
       <gpxtpx:hr>132</gpxtpx:hr>
      </gpxtpx:TrackPointExtension>
     </extensions>
   </trkpt>
   <trkpt lat="-2.6296400" lon="-43.0459960">
    <ele>11.8</ele>
    <time>2026-06-16T11:21:26Z</time>
     <extensions>
      <gpxtpx:TrackPointExtension>
       <gpxtpx:hr>132</gpxtpx:hr>
      </gpxtpx:TrackPointExtension>
     </extensions>
   </trkpt>
   <trkpt lat="-2.6295960" lon="-43.0459720">
    <ele>11.6</ele>
    <time>2026-06-16T11:21:31Z</time>
     <extensions>
      <gpxtpx:TrackPointExtension>
       <gpxtpx:hr>127</gpxtpx:hr>
      </gpxtpx:TrackPointExtension>
     </extensions>
   </trkpt>
   <trkpt lat="-2.6295540" lon="-43.0459470">
    <ele>11.4</ele>
    <time>2026-06-16T11:21:36Z</time>
     <extensions>
      <gpxtpx:TrackPointExtension>
       <gpxtpx:hr>120</gpxtpx:hr>
      </gpxtpx:TrackPointExtension>
     </extensions>
   </trkpt>
   <trkpt lat="-2.6295190" lon="-43.0459240">
    <ele>11.2</ele>
    <time>2026-06-16T11:21:41Z</time>
     <extensions>
      <gpxtpx:TrackPointExtension>
       <gpxtpx:hr>120</gpxtpx:hr>
      </gpxtpx:TrackPointExtension>
     </extensions>
   </trkpt>
   <trkpt lat="-2.6294910" lon="-43.0459000">
    <ele>11.0</ele>
    <time>2026-06-16T11:21:46Z</time>
     <extensions>
      <gpxtpx:TrackPointExtension>
       <gpxtpx:hr>112</gpxtpx:hr>
      </gpxtpx:TrackPointExtension>
     </extensions>
   </trkpt>
   <trkpt lat="-2.6294520" lon="-43.0458750">
    <ele>10.8</ele>
    <time>2026-06-16T11:21:51Z</time>
     <extensions>
      <gpxtpx:TrackPointExtension>
       <gpxtpx:hr>109</gpxtpx:hr>
      </gpxtpx:TrackPointExtension>
     </extensions>
   </trkpt>
   <trkpt lat="-2.6294020" lon="-43.0458540">
    <ele>10.6</ele>
    <time>2026-06-16T11:21:56Z</time>
     <extensions>
      <gpxtpx:TrackPointExtension>
       <gpxtpx:hr>109</gpxtpx:hr>
      </gpxtpx:TrackPointExtension>
     </extensions>
   </trkpt>
   <trkpt lat="-2.6293520" lon="-43.0458340">
    <ele>10.6</ele>
    <time>2026-06-16T11:22:01Z</time>
     <extensions>
      <gpxtpx:TrackPointExtension>
       <gpxtpx:hr>111</gpxtpx:hr>
      </gpxtpx:TrackPointExtension>
     </extensions>
   </trkpt>
   <trkpt lat="-2.6293030" lon="-43.0458180">
    <ele>10.4</ele>
    <time>2026-06-16T11:22:06Z</time>
     <extensions>
      <gpxtpx:TrackPointExtension>
       <gpxtpx:hr>113</gpxtpx:hr>
      </gpxtpx:TrackPointExtension>
     </extensions>
   </trkpt>
   <trkpt lat="-2.6292580" lon="-43.0458020">
    <ele>10.2</ele>
    <time>2026-06-16T11:22:11Z</time>
     <extensions>
      <gpxtpx:TrackPointExtension>
       <gpxtpx:hr>110</gpxtpx:hr>
      </gpxtpx:TrackPointExtension>
     </extensions>
   </trkpt>
   <trkpt lat="-2.6292200" lon="-43.0457870">
    <ele>10.2</ele>
    <time>2026-06-16T11:22:16Z</time>
     <extensions>
      <gpxtpx:TrackPointExtension>
       <gpxtpx:hr>110</gpxtpx:hr>
      </gpxtpx:TrackPointExtension>
     </extensions>
   </trkpt>
   <trkpt lat="-2.6291750" lon="-43.0457670">
    <ele>10.2</ele>
    <time>2026-06-16T11:22:21Z</time>
     <extensions>
      <gpxtpx:TrackPointExtension>
       <gpxtpx:hr>108</gpxtpx:hr>
      </gpxtpx:TrackPointExtension>
     </extensions>
   </trkpt>
   <trkpt lat="-2.6291350" lon="-43.0457510">
    <ele>10.2</ele>
    <time>2026-06-16T11:22:26Z</time>
     <extensions>
      <gpxtpx:TrackPointExtension>
       <gpxtpx:hr>108</gpxtpx:hr>
      </gpxtpx:TrackPointExtension>
     </extensions>
   </trkpt>
   <trkpt lat="-2.6290950" lon="-43.0457420">
    <ele>10.2</ele>
    <time>2026-06-16T11:22:31Z</time>
     <extensions>
      <gpxtpx:TrackPointExtension>
       <gpxtpx:hr>107</gpxtpx:hr>
      </gpxtpx:TrackPointExtension>
     </extensions>
   </trkpt>
   <trkpt lat="-2.6290540" lon="-43.0457320">
    <ele>10.4</ele>
    <time>2026-06-16T11:22:36Z</time>
     <extensions>
      <gpxtpx:TrackPointExtension>
       <gpxtpx:hr>109</gpxtpx:hr>
      </gpxtpx:TrackPointExtension>
     </extensions>
   </trkpt>
   <trkpt lat="-2.6290100" lon="-43.0457200">
    <ele>10.6</ele>
    <time>2026-06-16T11:22:41Z</time>
     <extensions>
      <gpxtpx:TrackPointExtension>
       <gpxtpx:hr>111</gpxtpx:hr>
      </gpxtpx:TrackPointExtension>
     </extensions>
   </trkpt>
   <trkpt lat="-2.6289620" lon="-43.0457080">
    <ele>10.8</ele>
    <time>2026-06-16T11:22:46Z</time>
     <extensions>
      <gpxtpx:TrackPointExtension>
       <gpxtpx:hr>111</gpxtpx:hr>
      </gpxtpx:TrackPointExtension>
     </extensions>
   </trkpt>
   <trkpt lat="-2.6289170" lon="-43.0456970">
    <ele>11.0</ele>
    <time>2026-06-16T11:22:51Z</time>
     <extensions>
      <gpxtpx:TrackPointExtension>
       <gpxtpx:hr>114</gpxtpx:hr>
      </gpxtpx:TrackPointExtension>
     </extensions>
   </trkpt>
   <trkpt lat="-2.6288760" lon="-43.0456870">
    <ele>11.0</ele>
    <time>2026-06-16T11:22:56Z</time>
     <extensions>
      <gpxtpx:TrackPointExtension>
       <gpxtpx:hr>114</gpxtpx:hr>
      </gpxtpx:TrackPointExtension>
     </extensions>
   </trkpt>
   <trkpt lat="-2.6288270" lon="-43.0456810">
    <ele>11.2</ele>
    <time>2026-06-16T11:23:01Z</time>
     <extensions>
      <gpxtpx:TrackPointExtension>
       <gpxtpx:hr>117</gpxtpx:hr>
      </gpxtpx:TrackPointExtension>
     </extensions>
   </trkpt>
   <trkpt lat="-2.6287820" lon="-43.0456770">
    <ele>11.4</ele>
    <time>2026-06-16T11:23:06Z</time>
     <extensions>
      <gpxtpx:TrackPointExtension>
       <gpxtpx:hr>116</gpxtpx:hr>
      </gpxtpx:TrackPointExtension>
     </extensions>
   </trkpt>
   <trkpt lat="-2.6287320" lon="-43.0456770">
    <ele>11.6</ele>
    <time>2026-06-16T11:23:11Z</time>
     <extensions>
      <gpxtpx:TrackPointExtension>
       <gpxtpx:hr>116</gpxtpx:hr>
      </gpxtpx:TrackPointExtension>
     </extensions>
   </trkpt>
   <trkpt lat="-2.6286890" lon="-43.0456790">
    <ele>11.8</ele>
    <time>2026-06-16T11:23:16Z</time>
     <extensions>
      <gpxtpx:TrackPointExtension>
       <gpxtpx:hr>116</gpxtpx:hr>
      </gpxtpx:TrackPointExtension>
     </extensions>
   </trkpt>
   <trkpt lat="-2.6286580" lon="-43.0456720">
    <ele>11.6</ele>
    <time>2026-06-16T11:23:21Z</time>
     <extensions>
      <gpxtpx:TrackPointExtension>
       <gpxtpx:hr>119</gpxtpx:hr>
      </gpxtpx:TrackPointExtension>
     </extensions>
   </trkpt>
   <trkpt lat="-2.6286590" lon="-43.0456660">
    <ele>11.4</ele>
    <time>2026-06-16T11:23:26Z</time>
     <extensions>
      <gpxtpx:TrackPointExtension>
       <gpxtpx:hr>121</gpxtpx:hr>
      </gpxtpx:TrackPointExtension>
     </extensions>
   </trkpt>
   <trkpt lat="-2.6286680" lon="-43.0456670">
    <ele>11.8</ele>
    <time>2026-06-16T11:23:31Z</time>
     <extensions>
      <gpxtpx:TrackPointExtension>
       <gpxtpx:hr>121</gpxtpx:hr>
      </gpxtpx:TrackPointExtension>
     </extensions>
   </trkpt>
   <trkpt lat="-2.6286720" lon="-43.0456730">
    <ele>12.4</ele>
    <time>2026-06-16T11:23:36Z</time>
     <extensions>
      <gpxtpx:TrackPointExtension>
       <gpxtpx:hr>113</gpxtpx:hr>
      </gpxtpx:TrackPointExtension>
     </extensions>
   </trkpt>
   <trkpt lat="-2.6286730" lon="-43.0456790">
    <ele>12.8</ele>
    <time>2026-06-16T11:23:41Z</time>
     <extensions>
      <gpxtpx:TrackPointExtension>
       <gpxtpx:hr>113</gpxtpx:hr>
      </gpxtpx:TrackPointExtension>
     </extensions>
   </trkpt>
   <trkpt lat="-2.6286700" lon="-43.0456830">
    <ele>12.8</ele>
    <time>2026-06-16T11:23:46Z</time>
     <extensions>
      <gpxtpx:TrackPointExtension>
       <gpxtpx:hr>105</gpxtpx:hr>
      </gpxtpx:TrackPointExtension>
     </extensions>
   </trkpt>
   <trkpt lat="-2.6286680" lon="-43.0456850">
    <ele>12.6</ele>
    <time>2026-06-16T11:23:51Z</time>
     <extensions>
      <gpxtpx:TrackPointExtension>
       <gpxtpx:hr>105</gpxtpx:hr>
      </gpxtpx:TrackPointExtension>
     </extensions>
   </trkpt>
   <trkpt lat="-2.6286670" lon="-43.0456890">
    <ele>12.2</ele>
    <time>2026-06-16T11:23:56Z</time>
     <extensions>
      <gpxtpx:TrackPointExtension>
       <gpxtpx:hr>97</gpxtpx:hr>
      </gpxtpx:TrackPointExtension>
     </extensions>
   </trkpt>
   <trkpt lat="-2.6286630" lon="-43.0456970">
    <ele>12.0</ele>
    <time>2026-06-16T11:24:01Z</time>
     <extensions>
      <gpxtpx:TrackPointExtension>
       <gpxtpx:hr>101</gpxtpx:hr>
      </gpxtpx:TrackPointExtension>
     </extensions>
   </trkpt>
   <trkpt lat="-2.6286590" lon="-43.0457050">
    <ele>12.0</ele>
    <time>2026-06-16T11:24:06Z</time>
     <extensions>
      <gpxtpx:TrackPointExtension>
       <gpxtpx:hr>101</gpxtpx:hr>
      </gpxtpx:TrackPointExtension>
     </extensions>
   </trkpt>
   <trkpt lat="-2.6286570" lon="-43.0457080">
    <ele>12.0</ele>
    <time>2026-06-16T11:24:11Z</time>
     <extensions>
      <gpxtpx:TrackPointExtension>
       <gpxtpx:hr>106</gpxtpx:hr>
      </gpxtpx:TrackPointExtension>
     </extensions>
   </trkpt>
   <trkpt lat="-2.6286580" lon="-43.0457090">
    <ele>11.8</ele>
    <time>2026-06-16T11:24:16Z</time>
     <extensions>
      <gpxtpx:TrackPointExtension>
       <gpxtpx:hr>106</gpxtpx:hr>
      </gpxtpx:TrackPointExtension>
     </extensions>
   </trkpt>
   <trkpt lat="-2.6286490" lon="-43.0457150">
    <ele>11.6</ele>
    <time>2026-06-16T11:24:21Z</time>
     <extensions>
      <gpxtpx:TrackPointExtension>
       <gpxtpx:hr>104</gpxtpx:hr>
      </gpxtpx:TrackPointExtension>
     </extensions>
   </trkpt>
   <trkpt lat="-2.6286100" lon="-43.0457280">
    <ele>12.0</ele>
    <time>2026-06-16T11:24:26Z</time>
     <extensions>
      <gpxtpx:TrackPointExtension>
       <gpxtpx:hr>104</gpxtpx:hr>
      </gpxtpx:TrackPointExtension>
     </extensions>
   </trkpt>
   <trkpt lat="-2.6285620" lon="-43.0457380">
    <ele>12.2</ele>
    <time>2026-06-16T11:24:31Z</time>
     <extensions>
      <gpxtpx:TrackPointExtension>
       <gpxtpx:hr>108</gpxtpx:hr>
      </gpxtpx:TrackPointExtension>
     </extensions>
   </trkpt>
   <trkpt lat="-2.6285190" lon="-43.0457410">
    <ele>12.6</ele>
    <time>2026-06-16T11:24:36Z</time>
     <extensions>
      <gpxtpx:TrackPointExtension>
       <gpxtpx:hr>104</gpxtpx:hr>
      </gpxtpx:TrackPointExtension>
     </extensions>
   </trkpt>
   <trkpt lat="-2.6284770" lon="-43.0457460">
    <ele>12.8</ele>
    <time>2026-06-16T11:24:41Z</time>
     <extensions>
      <gpxtpx:TrackPointExtension>
       <gpxtpx:hr>108</gpxtpx:hr>
      </gpxtpx:TrackPointExtension>
     </extensions>
   </trkpt>
   <trkpt lat="-2.6284320" lon="-43.0457520">
    <ele>13.0</ele>
    <time>2026-06-16T11:24:46Z</time>
     <extensions>
      <gpxtpx:TrackPointExtension>
       <gpxtpx:hr>108</gpxtpx:hr>
      </gpxtpx:TrackPointExtension>
     </extensions>
   </trkpt>
   <trkpt lat="-2.6283790" lon="-43.0457610">
    <ele>13.2</ele>
    <time>2026-06-16T11:24:51Z</time>
     <extensions>
      <gpxtpx:TrackPointExtension>
       <gpxtpx:hr>108</gpxtpx:hr>
      </gpxtpx:TrackPointExtension>
     </extensions>
   </trkpt>
   <trkpt lat="-2.6283240" lon="-43.0457720">
    <ele>13.2</ele>
    <time>2026-06-16T11:24:56Z</time>
     <extensions>
      <gpxtpx:TrackPointExtension>
       <gpxtpx:hr>116</gpxtpx:hr>
      </gpxtpx:TrackPointExtension>
     </extensions>
   </trkpt>
   <trkpt lat="-2.6282740" lon="-43.0457780">
    <ele>13.4</ele>
    <time>2026-06-16T11:25:01Z</time>
     <extensions>
      <gpxtpx:TrackPointExtension>
       <gpxtpx:hr>116</gpxtpx:hr>
      </gpxtpx:TrackPointExtension>
     </extensions>
   </trkpt>
   <trkpt lat="-2.6282340" lon="-43.0457940">
    <ele>13.6</ele>
    <time>2026-06-16T11:25:06Z</time>
     <extensions>
      <gpxtpx:TrackPointExtension>
       <gpxtpx:hr>118</gpxtpx:hr>
      </gpxtpx:TrackPointExtension>
     </extensions>
   </trkpt>
   <trkpt lat="-2.6281980" lon="-43.0458100">
    <ele>13.8</ele>
    <time>2026-06-16T11:25:11Z</time>
     <extensions>
      <gpxtpx:TrackPointExtension>
       <gpxtpx:hr>118</gpxtpx:hr>
      </gpxtpx:TrackPointExtension>
     </extensions>
   </trkpt>
   <trkpt lat="-2.6281590" lon="-43.0458340">
    <ele>13.8</ele>
    <time>2026-06-16T11:25:16Z</time>
     <extensions>
      <gpxtpx:TrackPointExtension>
       <gpxtpx:hr>121</gpxtpx:hr>
      </gpxtpx:TrackPointExtension>
     </extensions>
   </trkpt>
   <trkpt lat="-2.6281220" lon="-43.0458560">
    <ele>13.8</ele>
    <time>2026-06-16T11:25:21Z</time>
     <extensions>
      <gpxtpx:TrackPointExtension>
       <gpxtpx:hr>120</gpxtpx:hr>
      </gpxtpx:TrackPointExtension>
     </extensions>
   </trkpt>
   <trkpt lat="-2.6280800" lon="-43.0458840">
    <ele>13.6</ele>
    <time>2026-06-16T11:25:26Z</time>
     <extensions>
      <gpxtpx:TrackPointExtension>
       <gpxtpx:hr>124</gpxtpx:hr>
      </gpxtpx:TrackPointExtension>
     </extensions>
   </trkpt>
   <trkpt lat="-2.6280380" lon="-43.0459090">
    <ele>13.4</ele>
    <time>2026-06-16T11:25:31Z</time>
     <extensions>
      <gpxtpx:TrackPointExtension>
       <gpxtpx:hr>116</gpxtpx:hr>
      </gpxtpx:TrackPointExtension>
     </extensions>
   </trkpt>
   <trkpt lat="-2.6279990" lon="-43.0459450">
    <ele>13.2</ele>
    <time>2026-06-16T11:25:36Z</time>
     <extensions>
      <gpxtpx:TrackPointExtension>
       <gpxtpx:hr>114</gpxtpx:hr>
      </gpxtpx:TrackPointExtension>
     </extensions>
   </trkpt>
   <trkpt lat="-2.6279710" lon="-43.0459780">
    <ele>13.0</ele>
    <time>2026-06-16T11:25:41Z</time>
     <extensions>
      <gpxtpx:TrackPointExtension>
       <gpxtpx:hr>114</gpxtpx:hr>
      </gpxtpx:TrackPointExtension>
     </extensions>
   </trkpt>
   <trkpt lat="-2.6279380" lon="-43.0460060">
    <ele>13.0</ele>
    <time>2026-06-16T11:25:46Z</time>
     <extensions>
      <gpxtpx:TrackPointExtension>
       <gpxtpx:hr>110</gpxtpx:hr>
      </gpxtpx:TrackPointExtension>
     </extensions>
   </trkpt>
   <trkpt lat="-2.6278990" lon="-43.0460370">
    <ele>12.8</ele>
    <time>2026-06-16T11:25:51Z</time>
     <extensions>
      <gpxtpx:TrackPointExtension>
       <gpxtpx:hr>108</gpxtpx:hr>
      </gpxtpx:TrackPointExtension>
     </extensions>
   </trkpt>
   <trkpt lat="-2.6278670" lon="-43.0460630">
    <ele>12.6</ele>
    <time>2026-06-16T11:25:56Z</time>
     <extensions>
      <gpxtpx:TrackPointExtension>
       <gpxtpx:hr>110</gpxtpx:hr>
      </gpxtpx:TrackPointExtension>
     </extensions>
   </trkpt>
   <trkpt lat="-2.6278320" lon="-43.0460910">
    <ele>12.4</ele>
    <time>2026-06-16T11:26:01Z</time>
     <extensions>
      <gpxtpx:TrackPointExtension>
       <gpxtpx:hr>109</gpxtpx:hr>
      </gpxtpx:TrackPointExtension>
     </extensions>
   </trkpt>
   <trkpt lat="-2.6277990" lon="-43.0461230">
    <ele>12.4</ele>
    <time>2026-06-16T11:26:06Z</time>
     <extensions>
      <gpxtpx:TrackPointExtension>
       <gpxtpx:hr>113</gpxtpx:hr>
      </gpxtpx:TrackPointExtension>
     </extensions>
   </trkpt>
   <trkpt lat="-2.6277640" lon="-43.0461560">
    <ele>12.0</ele>
    <time>2026-06-16T11:26:11Z</time>
     <extensions>
      <gpxtpx:TrackPointExtension>
       <gpxtpx:hr>107</gpxtpx:hr>
      </gpxtpx:TrackPointExtension>
     </extensions>
   </trkpt>
   <trkpt lat="-2.6277320" lon="-43.0461910">
    <ele>11.8</ele>
    <time>2026-06-16T11:26:16Z</time>
     <extensions>
      <gpxtpx:TrackPointExtension>
       <gpxtpx:hr>110</gpxtpx:hr>
      </gpxtpx:TrackPointExtension>
     </extensions>
   </trkpt>
   <trkpt lat="-2.6277000" lon="-43.0462260">
    <ele>11.6</ele>
    <time>2026-06-16T11:26:21Z</time>
     <extensions>
      <gpxtpx:TrackPointExtension>
       <gpxtpx:hr>105</gpxtpx:hr>
      </gpxtpx:TrackPointExtension>
     </extensions>
   </trkpt>
   <trkpt lat="-2.6276760" lon="-43.0462650">
    <ele>11.4</ele>
    <time>2026-06-16T11:26:26Z</time>
     <extensions>
      <gpxtpx:TrackPointExtension>
       <gpxtpx:hr>111</gpxtpx:hr>
      </gpxtpx:TrackPointExtension>
     </extensions>
   </trkpt>
   <trkpt lat="-2.6276620" lon="-43.0463100">
    <ele>11.2</ele>
    <time>2026-06-16T11:26:31Z</time>
     <extensions>
      <gpxtpx:TrackPointExtension>
       <gpxtpx:hr>111</gpxtpx:hr>
      </gpxtpx:TrackPointExtension>
     </extensions>
   </trkpt>
   <trkpt lat="-2.6276500" lon="-43.0463450">
    <ele>11.2</ele>
    <time>2026-06-16T11:26:36Z</time>
     <extensions>
      <gpxtpx:TrackPointExtension>
       <gpxtpx:hr>107</gpxtpx:hr>
      </gpxtpx:TrackPointExtension>
     </extensions>
   </trkpt>
   <trkpt lat="-2.6276360" lon="-43.0463810">
    <ele>11.2</ele>
    <time>2026-06-16T11:26:41Z</time>
     <extensions>
      <gpxtpx:TrackPointExtension>
       <gpxtpx:hr>108</gpxtpx:hr>
      </gpxtpx:TrackPointExtension>
     </extensions>
   </trkpt>
   <trkpt lat="-2.6276010" lon="-43.0464090">
    <ele>11.0</ele>
    <time>2026-06-16T11:26:46Z</time>
     <extensions>
      <gpxtpx:TrackPointExtension>
       <gpxtpx:hr>108</gpxtpx:hr>
      </gpxtpx:TrackPointExtension>
     </extensions>
   </trkpt>
   <trkpt lat="-2.6275610" lon="-43.0464350">
    <ele>10.8</ele>
    <time>2026-06-16T11:26:51Z</time>
     <extensions>
      <gpxtpx:TrackPointExtension>
       <gpxtpx:hr>112</gpxtpx:hr>
      </gpxtpx:TrackPointExtension>
     </extensions>
   </trkpt>
   <trkpt lat="-2.6275460" lon="-43.0464470">
    <ele>10.8</ele>
    <time>2026-06-16T11:26:56Z</time>
     <extensions>
      <gpxtpx:TrackPointExtension>
       <gpxtpx:hr>112</gpxtpx:hr>
      </gpxtpx:TrackPointExtension>
     </extensions>
   </trkpt>
   <trkpt lat="-2.6275400" lon="-43.0464600">
    <ele>10.6</ele>
    <time>2026-06-16T11:27:01Z</time>
     <extensions>
      <gpxtpx:TrackPointExtension>
       <gpxtpx:hr>118</gpxtpx:hr>
      </gpxtpx:TrackPointExtension>
     </extensions>
   </trkpt>
   <trkpt lat="-2.6275180" lon="-43.0465020">
    <ele>10.4</ele>
    <time>2026-06-16T11:27:06Z</time>
     <extensions>
      <gpxtpx:TrackPointExtension>
       <gpxtpx:hr>119</gpxtpx:hr>
      </gpxtpx:TrackPointExtension>
     </extensions>
   </trkpt>
   <trkpt lat="-2.6274920" lon="-43.0465440">
    <ele>10.2</ele>
    <time>2026-06-16T11:27:11Z</time>
     <extensions>
      <gpxtpx:TrackPointExtension>
       <gpxtpx:hr>119</gpxtpx:hr>
      </gpxtpx:TrackPointExtension>
     </extensions>
   </trkpt>
   <trkpt lat="-2.6274680" lon="-43.0465860">
    <ele>10.2</ele>
    <time>2026-06-16T11:27:16Z</time>
     <extensions>
      <gpxtpx:TrackPointExtension>
       <gpxtpx:hr>119</gpxtpx:hr>
      </gpxtpx:TrackPointExtension>
     </extensions>
   </trkpt>
   <trkpt lat="-2.6274540" lon="-43.0466120">
    <ele>10.0</ele>
    <time>2026-06-16T11:27:21Z</time>
     <extensions>
      <gpxtpx:TrackPointExtension>
       <gpxtpx:hr>119</gpxtpx:hr>
      </gpxtpx:TrackPointExtension>
     </extensions>
   </trkpt>
   <trkpt lat="-2.6274220" lon="-43.0466350">
    <ele>10.0</ele>
    <time>2026-06-16T11:27:26Z</time>
     <extensions>
      <gpxtpx:TrackPointExtension>
       <gpxtpx:hr>121</gpxtpx:hr>
      </gpxtpx:TrackPointExtension>
     </extensions>
   </trkpt>
   <trkpt lat="-2.6273860" lon="-43.0466660">
    <ele>9.8</ele>
    <time>2026-06-16T11:27:31Z</time>
     <extensions>
      <gpxtpx:TrackPointExtension>
       <gpxtpx:hr>123</gpxtpx:hr>
      </gpxtpx:TrackPointExtension>
     </extensions>
   </trkpt>
   <trkpt lat="-2.6273540" lon="-43.0467050">
    <ele>9.8</ele>
    <time>2026-06-16T11:27:36Z</time>
     <extensions>
      <gpxtpx:TrackPointExtension>
       <gpxtpx:hr>119</gpxtpx:hr>
      </gpxtpx:TrackPointExtension>
     </extensions>
   </trkpt>
   <trkpt lat="-2.6273240" lon="-43.0467360">
    <ele>9.6</ele>
    <time>2026-06-16T11:27:41Z</time>
     <extensions>
      <gpxtpx:TrackPointExtension>
       <gpxtpx:hr>124</gpxtpx:hr>
      </gpxtpx:TrackPointExtension>
     </extensions>
   </trkpt>
   <trkpt lat="-2.6272950" lon="-43.0467810">
    <ele>9.4</ele>
    <time>2026-06-16T11:27:46Z</time>
     <extensions>
      <gpxtpx:TrackPointExtension>
       <gpxtpx:hr>122</gpxtpx:hr>
      </gpxtpx:TrackPointExtension>
     </extensions>
   </trkpt>
   <trkpt lat="-2.6272640" lon="-43.0468270">
    <ele>9.0</ele>
    <time>2026-06-16T11:27:51Z</time>
     <extensions>
      <gpxtpx:TrackPointExtension>
       <gpxtpx:hr>122</gpxtpx:hr>
      </gpxtpx:TrackPointExtension>
     </extensions>
   </trkpt>
   <trkpt lat="-2.6272410" lon="-43.0468580">
    <ele>8.8</ele>
    <time>2026-06-16T11:27:56Z</time>
     <extensions>
      <gpxtpx:TrackPointExtension>
       <gpxtpx:hr>118</gpxtpx:hr>
      </gpxtpx:TrackPointExtension>
     </extensions>
   </trkpt>
   <trkpt lat="-2.6272190" lon="-43.0468960">
    <ele>8.4</ele>
    <time>2026-06-16T11:28:01Z</time>
     <extensions>
      <gpxtpx:TrackPointExtension>
       <gpxtpx:hr>118</gpxtpx:hr>
      </gpxtpx:TrackPointExtension>
     </extensions>
   </trkpt>
   <trkpt lat="-2.6272230" lon="-43.0469070">
    <ele>8.4</ele>
    <time>2026-06-16T11:28:06Z</time>
     <extensions>
      <gpxtpx:TrackPointExtension>
       <gpxtpx:hr>116</gpxtpx:hr>
      </gpxtpx:TrackPointExtension>
     </extensions>
   </trkpt>
   <trkpt lat="-2.6272300" lon="-43.0469040">
    <ele>8.6</ele>
    <time>2026-06-16T11:28:11Z</time>
     <extensions>
      <gpxtpx:TrackPointExtension>
       <gpxtpx:hr>115</gpxtpx:hr>
      </gpxtpx:TrackPointExtension>
     </extensions>
   </trkpt>
   <trkpt lat="-2.6272320" lon="-43.0469030">
    <ele>8.8</ele>
    <time>2026-06-16T11:28:16Z</time>
     <extensions>
      <gpxtpx:TrackPointExtension>
       <gpxtpx:hr>111</gpxtpx:hr>
      </gpxtpx:TrackPointExtension>
     </extensions>
   </trkpt>
   <trkpt lat="-2.6272330" lon="-43.0469040">
    <ele>8.8</ele>
    <time>2026-06-16T11:28:21Z</time>
     <extensions>
      <gpxtpx:TrackPointExtension>
       <gpxtpx:hr>106</gpxtpx:hr>
      </gpxtpx:TrackPointExtension>
     </extensions>
   </trkpt>
   <trkpt lat="-2.6272290" lon="-43.0469090">
    <ele>8.4</ele>
    <time>2026-06-16T11:28:26Z</time>
     <extensions>
      <gpxtpx:TrackPointExtension>
       <gpxtpx:hr>104</gpxtpx:hr>
      </gpxtpx:TrackPointExtension>
     </extensions>
   </trkpt>
   <trkpt lat="-2.6272110" lon="-43.0469430">
    <ele>8.2</ele>
    <time>2026-06-16T11:28:31Z</time>
     <extensions>
      <gpxtpx:TrackPointExtension>
       <gpxtpx:hr>104</gpxtpx:hr>
      </gpxtpx:TrackPointExtension>
     </extensions>
   </trkpt>
   <trkpt lat="-2.6271830" lon="-43.0469730">
    <ele>7.8</ele>
    <time>2026-06-16T11:28:36Z</time>
     <extensions>
      <gpxtpx:TrackPointExtension>
       <gpxtpx:hr>111</gpxtpx:hr>
      </gpxtpx:TrackPointExtension>
     </extensions>
   </trkpt>
   <trkpt lat="-2.6271690" lon="-43.0469810">
    <ele>7.8</ele>
    <time>2026-06-16T11:28:41Z</time>
     <extensions>
      <gpxtpx:TrackPointExtension>
       <gpxtpx:hr>111</gpxtpx:hr>
      </gpxtpx:TrackPointExtension>
     </extensions>
   </trkpt>
   <trkpt lat="-2.6271650" lon="-43.0469770">
    <ele>7.6</ele>
    <time>2026-06-16T11:28:46Z</time>
     <extensions>
      <gpxtpx:TrackPointExtension>
       <gpxtpx:hr>110</gpxtpx:hr>
      </gpxtpx:TrackPointExtension>
     </extensions>
   </trkpt>
   <trkpt lat="-2.6271660" lon="-43.0469780">
    <ele>7.6</ele>
    <time>2026-06-16T11:28:51Z</time>
     <extensions>
      <gpxtpx:TrackPointExtension>
       <gpxtpx:hr>114</gpxtpx:hr>
      </gpxtpx:TrackPointExtension>
     </extensions>
   </trkpt>
   <trkpt lat="-2.6271640" lon="-43.0469810">
    <ele>7.8</ele>
    <time>2026-06-16T11:28:56Z</time>
     <extensions>
      <gpxtpx:TrackPointExtension>
       <gpxtpx:hr>111</gpxtpx:hr>
      </gpxtpx:TrackPointExtension>
     </extensions>
   </trkpt>
   <trkpt lat="-2.6271690" lon="-43.0469810">
    <ele>7.8</ele>
    <time>2026-06-16T11:29:01Z</time>
     <extensions>
      <gpxtpx:TrackPointExtension>
       <gpxtpx:hr>115</gpxtpx:hr>
      </gpxtpx:TrackPointExtension>
     </extensions>
   </trkpt>
   <trkpt lat="-2.6271680" lon="-43.0469900">
    <ele>7.6</ele>
    <time>2026-06-16T11:29:06Z</time>
     <extensions>
      <gpxtpx:TrackPointExtension>
       <gpxtpx:hr>114</gpxtpx:hr>
      </gpxtpx:TrackPointExtension>
     </extensions>
   </trkpt>
   <trkpt lat="-2.6271680" lon="-43.0469990">
    <ele>7.6</ele>
    <time>2026-06-16T11:29:11Z</time>
     <extensions>
      <gpxtpx:TrackPointExtension>
       <gpxtpx:hr>114</gpxtpx:hr>
      </gpxtpx:TrackPointExtension>
     </extensions>
   </trkpt>
   <trkpt lat="-2.6271680" lon="-43.0470110">
    <ele>7.6</ele>
    <time>2026-06-16T11:29:16Z</time>
     <extensions>
      <gpxtpx:TrackPointExtension>
       <gpxtpx:hr>103</gpxtpx:hr>
      </gpxtpx:TrackPointExtension>
     </extensions>
   </trkpt>
   <trkpt lat="-2.6271490" lon="-43.0470450">
    <ele>7.4</ele>
    <time>2026-06-16T11:29:21Z</time>
     <extensions>
      <gpxtpx:TrackPointExtension>
       <gpxtpx:hr>103</gpxtpx:hr>
      </gpxtpx:TrackPointExtension>
     </extensions>
   </trkpt>
   <trkpt lat="-2.6271200" lon="-43.0470860">
    <ele>6.8</ele>
    <time>2026-06-16T11:29:26Z</time>
     <extensions>
      <gpxtpx:TrackPointExtension>
       <gpxtpx:hr>105</gpxtpx:hr>
      </gpxtpx:TrackPointExtension>
     </extensions>
   </trkpt>
   <trkpt lat="-2.6270810" lon="-43.0471290">
    <ele>6.2</ele>
    <time>2026-06-16T11:29:31Z</time>
     <extensions>
      <gpxtpx:TrackPointExtension>
       <gpxtpx:hr>105</gpxtpx:hr>
      </gpxtpx:TrackPointExtension>
     </extensions>
   </trkpt>
   <trkpt lat="-2.6270350" lon="-43.0471570">
    <ele>5.4</ele>
    <time>2026-06-16T11:29:36Z</time>
     <extensions>
      <gpxtpx:TrackPointExtension>
       <gpxtpx:hr>109</gpxtpx:hr>
      </gpxtpx:TrackPointExtension>
     </extensions>
   </trkpt>
   <trkpt lat="-2.6269770" lon="-43.0471840">
    <ele>4.8</ele>
    <time>2026-06-16T11:29:41Z</time>
     <extensions>
      <gpxtpx:TrackPointExtension>
       <gpxtpx:hr>109</gpxtpx:hr>
      </gpxtpx:TrackPointExtension>
     </extensions>
   </trkpt>
   <trkpt lat="-2.6269350" lon="-43.0472040">
    <ele>4.4</ele>
    <time>2026-06-16T11:29:46Z</time>
     <extensions>
      <gpxtpx:TrackPointExtension>
       <gpxtpx:hr>108</gpxtpx:hr>
      </gpxtpx:TrackPointExtension>
     </extensions>
   </trkpt>
   <trkpt lat="-2.6269170" lon="-43.0472480">
    <ele>4.2</ele>
    <time>2026-06-16T11:29:51Z</time>
     <extensions>
      <gpxtpx:TrackPointExtension>
       <gpxtpx:hr>109</gpxtpx:hr>
      </gpxtpx:TrackPointExtension>
     </extensions>
   </trkpt>
   <trkpt lat="-2.6269070" lon="-43.0472960">
    <ele>4.2</ele>
    <time>2026-06-16T11:29:56Z</time>
     <extensions>
      <gpxtpx:TrackPointExtension>
       <gpxtpx:hr>109</gpxtpx:hr>
      </gpxtpx:TrackPointExtension>
     </extensions>
   </trkpt>
   <trkpt lat="-2.6268940" lon="-43.0473430">
    <ele>4.2</ele>
    <time>2026-06-16T11:30:01Z</time>
     <extensions>
      <gpxtpx:TrackPointExtension>
       <gpxtpx:hr>117</gpxtpx:hr>
      </gpxtpx:TrackPointExtension>
     </extensions>
   </trkpt>
   <trkpt lat="-2.6268830" lon="-43.0473960">
    <ele>4.2</ele>
    <time>2026-06-16T11:30:06Z</time>
     <extensions>
      <gpxtpx:TrackPointExtension>
       <gpxtpx:hr>119</gpxtpx:hr>
      </gpxtpx:TrackPointExtension>
     </extensions>
   </trkpt>
   <trkpt lat="-2.6268780" lon="-43.0474430">
    <ele>4.2</ele>
    <time>2026-06-16T11:30:11Z</time>
     <extensions>
      <gpxtpx:TrackPointExtension>
       <gpxtpx:hr>119</gpxtpx:hr>
      </gpxtpx:TrackPointExtension>
     </extensions>
   </trkpt>
   <trkpt lat="-2.6268710" lon="-43.0474940">
    <ele>4.0</ele>
    <time>2026-06-16T11:30:16Z</time>
     <extensions>
      <gpxtpx:TrackPointExtension>
       <gpxtpx:hr>119</gpxtpx:hr>
      </gpxtpx:TrackPointExtension>
     </extensions>
   </trkpt>
   <trkpt lat="-2.6268640" lon="-43.0475410">
    <ele>4.0</ele>
    <time>2026-06-16T11:30:21Z</time>
     <extensions>
      <gpxtpx:TrackPointExtension>
       <gpxtpx:hr>118</gpxtpx:hr>
      </gpxtpx:TrackPointExtension>
     </extensions>
   </trkpt>
   <trkpt lat="-2.6268390" lon="-43.0475940">
    <ele>3.8</ele>
    <time>2026-06-16T11:30:26Z</time>
     <extensions>
      <gpxtpx:TrackPointExtension>
       <gpxtpx:hr>115</gpxtpx:hr>
      </gpxtpx:TrackPointExtension>
     </extensions>
   </trkpt>
   <trkpt lat="-2.6268180" lon="-43.0476360">
    <ele>3.8</ele>
    <time>2026-06-16T11:30:31Z</time>
     <extensions>
      <gpxtpx:TrackPointExtension>
       <gpxtpx:hr>115</gpxtpx:hr>
      </gpxtpx:TrackPointExtension>
     </extensions>
   </trkpt>
   <trkpt lat="-2.6268010" lon="-43.0476810">
    <ele>3.8</ele>
    <time>2026-06-16T11:30:36Z</time>
     <extensions>
      <gpxtpx:TrackPointExtension>
       <gpxtpx:hr>113</gpxtpx:hr>
      </gpxtpx:TrackPointExtension>
     </extensions>
   </trkpt>
   <trkpt lat="-2.6267610" lon="-43.0477250">
    <ele>3.8</ele>
    <time>2026-06-16T11:30:41Z</time>
     <extensions>
      <gpxtpx:TrackPointExtension>
       <gpxtpx:hr>113</gpxtpx:hr>
      </gpxtpx:TrackPointExtension>
     </extensions>
   </trkpt>
   <trkpt lat="-2.6267210" lon="-43.0477550">
    <ele>3.8</ele>
    <time>2026-06-16T11:30:46Z</time>
     <extensions>
      <gpxtpx:TrackPointExtension>
       <gpxtpx:hr>113</gpxtpx:hr>
      </gpxtpx:TrackPointExtension>
     </extensions>
   </trkpt>
   <trkpt lat="-2.6266740" lon="-43.0477790">
    <ele>3.8</ele>
    <time>2026-06-16T11:30:51Z</time>
     <extensions>
      <gpxtpx:TrackPointExtension>
       <gpxtpx:hr>116</gpxtpx:hr>
      </gpxtpx:TrackPointExtension>
     </extensions>
   </trkpt>
   <trkpt lat="-2.6266280" lon="-43.0478000">
    <ele>4.0</ele>
    <time>2026-06-16T11:30:56Z</time>
     <extensions>
      <gpxtpx:TrackPointExtension>
       <gpxtpx:hr>116</gpxtpx:hr>
      </gpxtpx:TrackPointExtension>
     </extensions>
   </trkpt>
   <trkpt lat="-2.6265910" lon="-43.0478230">
    <ele>4.0</ele>
    <time>2026-06-16T11:31:01Z</time>
     <extensions>
      <gpxtpx:TrackPointExtension>
       <gpxtpx:hr>113</gpxtpx:hr>
      </gpxtpx:TrackPointExtension>
     </extensions>
   </trkpt>
   <trkpt lat="-2.6265580" lon="-43.0478450">
    <ele>4.0</ele>
    <time>2026-06-16T11:31:06Z</time>
     <extensions>
      <gpxtpx:TrackPointExtension>
       <gpxtpx:hr>117</gpxtpx:hr>
      </gpxtpx:TrackPointExtension>
     </extensions>
   </trkpt>
   <trkpt lat="-2.6265170" lon="-43.0478750">
    <ele>4.2</ele>
    <time>2026-06-16T11:31:11Z</time>
     <extensions>
      <gpxtpx:TrackPointExtension>
       <gpxtpx:hr>117</gpxtpx:hr>
      </gpxtpx:TrackPointExtension>
     </extensions>
   </trkpt>
   <trkpt lat="-2.6264760" lon="-43.0479020">
    <ele>4.0</ele>
    <time>2026-06-16T11:31:16Z</time>
     <extensions>
      <gpxtpx:TrackPointExtension>
       <gpxtpx:hr>116</gpxtpx:hr>
      </gpxtpx:TrackPointExtension>
     </extensions>
   </trkpt>
   <trkpt lat="-2.6264350" lon="-43.0479300">
    <ele>3.8</ele>
    <time>2026-06-16T11:31:21Z</time>
     <extensions>
      <gpxtpx:TrackPointExtension>
       <gpxtpx:hr>118</gpxtpx:hr>
      </gpxtpx:TrackPointExtension>
     </extensions>
   </trkpt>
   <trkpt lat="-2.6263940" lon="-43.0479470">
    <ele>3.8</ele>
    <time>2026-06-16T11:31:26Z</time>
     <extensions>
      <gpxtpx:TrackPointExtension>
       <gpxtpx:hr>119</gpxtpx:hr>
      </gpxtpx:TrackPointExtension>
     </extensions>
   </trkpt>
   <trkpt lat="-2.6263440" lon="-43.0479370">
    <ele>3.8</ele>
    <time>2026-06-16T11:31:31Z</time>
     <extensions>
      <gpxtpx:TrackPointExtension>
       <gpxtpx:hr>119</gpxtpx:hr>
      </gpxtpx:TrackPointExtension>
     </extensions>
   </trkpt>
   <trkpt lat="-2.6263010" lon="-43.0479130">
    <ele>3.6</ele>
    <time>2026-06-16T11:31:36Z</time>
     <extensions>
      <gpxtpx:TrackPointExtension>
       <gpxtpx:hr>117</gpxtpx:hr>
      </gpxtpx:TrackPointExtension>
     </extensions>
   </trkpt>
   <trkpt lat="-2.6262500" lon="-43.0479120">
    <ele>3.8</ele>
    <time>2026-06-16T11:31:41Z</time>
     <extensions>
      <gpxtpx:TrackPointExtension>
       <gpxtpx:hr>116</gpxtpx:hr>
      </gpxtpx:TrackPointExtension>
     </extensions>
   </trkpt>
   <trkpt lat="-2.6262050" lon="-43.0479360">
    <ele>3.6</ele>
    <time>2026-06-16T11:31:46Z</time>
     <extensions>
      <gpxtpx:TrackPointExtension>
       <gpxtpx:hr>119</gpxtpx:hr>
      </gpxtpx:TrackPointExtension>
     </extensions>
   </trkpt>
   <trkpt lat="-2.6261720" lon="-43.0479630">
    <ele>3.8</ele>
    <time>2026-06-16T11:31:51Z</time>
     <extensions>
      <gpxtpx:TrackPointExtension>
       <gpxtpx:hr>116</gpxtpx:hr>
      </gpxtpx:TrackPointExtension>
     </extensions>
   </trkpt>
   <trkpt lat="-2.6261560" lon="-43.0479770">
    <ele>3.8</ele>
    <time>2026-06-16T11:31:56Z</time>
     <extensions>
      <gpxtpx:TrackPointExtension>
       <gpxtpx:hr>116</gpxtpx:hr>
      </gpxtpx:TrackPointExtension>
     </extensions>
   </trkpt>
   <trkpt lat="-2.6261460" lon="-43.0479910">
    <ele>4.0</ele>
    <time>2026-06-16T11:32:01Z</time>
     <extensions>
      <gpxtpx:TrackPointExtension>
       <gpxtpx:hr>117</gpxtpx:hr>
      </gpxtpx:TrackPointExtension>
     </extensions>
   </trkpt>
   <trkpt lat="-2.6261350" lon="-43.0480020">
    <ele>4.2</ele>
    <time>2026-06-16T11:32:06Z</time>
     <extensions>
      <gpxtpx:TrackPointExtension>
       <gpxtpx:hr>113</gpxtpx:hr>
      </gpxtpx:TrackPointExtension>
     </extensions>
   </trkpt>
   <trkpt lat="-2.6261250" lon="-43.0480150">
    <ele>4.6</ele>
    <time>2026-06-16T11:32:11Z</time>
     <extensions>
      <gpxtpx:TrackPointExtension>
       <gpxtpx:hr>120</gpxtpx:hr>
      </gpxtpx:TrackPointExtension>
     </extensions>
   </trkpt>
   <trkpt lat="-2.6261190" lon="-43.0480290">
    <ele>4.8</ele>
    <time>2026-06-16T11:32:16Z</time>
     <extensions>
      <gpxtpx:TrackPointExtension>
       <gpxtpx:hr>124</gpxtpx:hr>
      </gpxtpx:TrackPointExtension>
     </extensions>
   </trkpt>
   <trkpt lat="-2.6261220" lon="-43.0480420">
    <ele>5.2</ele>
    <time>2026-06-16T11:32:21Z</time>
     <extensions>
      <gpxtpx:TrackPointExtension>
       <gpxtpx:hr>124</gpxtpx:hr>
      </gpxtpx:TrackPointExtension>
     </extensions>
   </trkpt>
   <trkpt lat="-2.6261250" lon="-43.0480510">
    <ele>5.6</ele>
    <time>2026-06-16T11:32:26Z</time>
     <extensions>
      <gpxtpx:TrackPointExtension>
       <gpxtpx:hr>128</gpxtpx:hr>
      </gpxtpx:TrackPointExtension>
     </extensions>
   </trkpt>
   <trkpt lat="-2.6261160" lon="-43.0480580">
    <ele>6.0</ele>
    <time>2026-06-16T11:32:31Z</time>
     <extensions>
      <gpxtpx:TrackPointExtension>
       <gpxtpx:hr>128</gpxtpx:hr>
      </gpxtpx:TrackPointExtension>
     </extensions>
   </trkpt>
   <trkpt lat="-2.6261090" lon="-43.0480580">
    <ele>6.4</ele>
    <time>2026-06-16T11:32:36Z</time>
     <extensions>
      <gpxtpx:TrackPointExtension>
       <gpxtpx:hr>125</gpxtpx:hr>
      </gpxtpx:TrackPointExtension>
     </extensions>
   </trkpt>
   <trkpt lat="-2.6260970" lon="-43.0480630">
    <ele>6.6</ele>
    <time>2026-06-16T11:32:41Z</time>
     <extensions>
      <gpxtpx:TrackPointExtension>
       <gpxtpx:hr>122</gpxtpx:hr>
      </gpxtpx:TrackPointExtension>
     </extensions>
   </trkpt>
   <trkpt lat="-2.6260880" lon="-43.0480660">
    <ele>6.8</ele>
    <time>2026-06-16T11:32:46Z</time>
     <extensions>
      <gpxtpx:TrackPointExtension>
       <gpxtpx:hr>123</gpxtpx:hr>
      </gpxtpx:TrackPointExtension>
     </extensions>
   </trkpt>
   <trkpt lat="-2.6260870" lon="-43.0480650">
    <ele>7.0</ele>
    <time>2026-06-16T11:32:51Z</time>
     <extensions>
      <gpxtpx:TrackPointExtension>
       <gpxtpx:hr>124</gpxtpx:hr>
      </gpxtpx:TrackPointExtension>
     </extensions>
   </trkpt>
   <trkpt lat="-2.6260870" lon="-43.0480630">
    <ele>7.0</ele>
    <time>2026-06-16T11:32:56Z</time>
     <extensions>
      <gpxtpx:TrackPointExtension>
       <gpxtpx:hr>120</gpxtpx:hr>
      </gpxtpx:TrackPointExtension>
     </extensions>
   </trkpt>
   <trkpt lat="-2.6260910" lon="-43.0480630">
    <ele>6.6</ele>
    <time>2026-06-16T11:33:01Z</time>
     <extensions>
      <gpxtpx:TrackPointExtension>
       <gpxtpx:hr>114</gpxtpx:hr>
      </gpxtpx:TrackPointExtension>
     </extensions>
   </trkpt>
   <trkpt lat="-2.6260940" lon="-43.0480560">
    <ele>6.2</ele>
    <time>2026-06-16T11:33:06Z</time>
     <extensions>
      <gpxtpx:TrackPointExtension>
       <gpxtpx:hr>114</gpxtpx:hr>
      </gpxtpx:TrackPointExtension>
     </extensions>
   </trkpt>
   <trkpt lat="-2.6260880" lon="-43.0480570">
    <ele>6.2</ele>
    <time>2026-06-16T11:33:11Z</time>
     <extensions>
      <gpxtpx:TrackPointExtension>
       <gpxtpx:hr>114</gpxtpx:hr>
      </gpxtpx:TrackPointExtension>
     </extensions>
   </trkpt>
   <trkpt lat="-2.6260730" lon="-43.0480660">
    <ele>6.6</ele>
    <time>2026-06-16T11:33:16Z</time>
     <extensions>
      <gpxtpx:TrackPointExtension>
       <gpxtpx:hr>113</gpxtpx:hr>
      </gpxtpx:TrackPointExtension>
     </extensions>
   </trkpt>
   <trkpt lat="-2.6260570" lon="-43.0480730">
    <ele>7.0</ele>
    <time>2026-06-16T11:33:21Z</time>
     <extensions>
      <gpxtpx:TrackPointExtension>
       <gpxtpx:hr>118</gpxtpx:hr>
      </gpxtpx:TrackPointExtension>
     </extensions>
   </trkpt>
   <trkpt lat="-2.6260430" lon="-43.0480810">
    <ele>7.2</ele>
    <time>2026-06-16T11:33:26Z</time>
     <extensions>
      <gpxtpx:TrackPointExtension>
       <gpxtpx:hr>118</gpxtpx:hr>
      </gpxtpx:TrackPointExtension>
     </extensions>
   </trkpt>
   <trkpt lat="-2.6260280" lon="-43.0480870">
    <ele>7.4</ele>
    <time>2026-06-16T11:33:31Z</time>
     <extensions>
      <gpxtpx:TrackPointExtension>
       <gpxtpx:hr>116</gpxtpx:hr>
      </gpxtpx:TrackPointExtension>
     </extensions>
   </trkpt>
   <trkpt lat="-2.6260140" lon="-43.0480960">
    <ele>7.8</ele>
    <time>2026-06-16T11:33:36Z</time>
     <extensions>
      <gpxtpx:TrackPointExtension>
       <gpxtpx:hr>118</gpxtpx:hr>
      </gpxtpx:TrackPointExtension>
     </extensions>
   </trkpt>
   <trkpt lat="-2.6260050" lon="-43.0481080">
    <ele>8.0</ele>
    <time>2026-06-16T11:33:41Z</time>
     <extensions>
      <gpxtpx:TrackPointExtension>
       <gpxtpx:hr>120</gpxtpx:hr>
      </gpxtpx:TrackPointExtension>
     </extensions>
   </trkpt>
   <trkpt lat="-2.6259960" lon="-43.0481200">
    <ele>8.4</ele>
    <time>2026-06-16T11:33:46Z</time>
     <extensions>
      <gpxtpx:TrackPointExtension>
       <gpxtpx:hr>116</gpxtpx:hr>
      </gpxtpx:TrackPointExtension>
     </extensions>
   </trkpt>
   <trkpt lat="-2.6259860" lon="-43.0481290">
    <ele>8.6</ele>
    <time>2026-06-16T11:33:51Z</time>
     <extensions>
      <gpxtpx:TrackPointExtension>
       <gpxtpx:hr>119</gpxtpx:hr>
      </gpxtpx:TrackPointExtension>
     </extensions>
   </trkpt>
   <trkpt lat="-2.6259770" lon="-43.0481370">
    <ele>9.0</ele>
    <time>2026-06-16T11:33:56Z</time>
     <extensions>
      <gpxtpx:TrackPointExtension>
       <gpxtpx:hr>119</gpxtpx:hr>
      </gpxtpx:TrackPointExtension>
     </extensions>
   </trkpt>
   <trkpt lat="-2.6259620" lon="-43.0481460">
    <ele>9.4</ele>
    <time>2026-06-16T11:34:01Z</time>
     <extensions>
      <gpxtpx:TrackPointExtension>
       <gpxtpx:hr>125</gpxtpx:hr>
      </gpxtpx:TrackPointExtension>
     </extensions>
   </trkpt>
   <trkpt lat="-2.6259520" lon="-43.0481450">
    <ele>9.6</ele>
    <time>2026-06-16T11:34:06Z</time>
     <extensions>
      <gpxtpx:TrackPointExtension>
       <gpxtpx:hr>121</gpxtpx:hr>
      </gpxtpx:TrackPointExtension>
     </extensions>
   </trkpt>
   <trkpt lat="-2.6259390" lon="-43.0481330">
    <ele>9.8</ele>
    <time>2026-06-16T11:34:11Z</time>
     <extensions>
      <gpxtpx:TrackPointExtension>
       <gpxtpx:hr>117</gpxtpx:hr>
      </gpxtpx:TrackPointExtension>
     </extensions>
   </trkpt>
   <trkpt lat="-2.6259030" lon="-43.0481330">
    <ele>10.4</ele>
    <time>2026-06-16T11:34:16Z</time>
     <extensions>
      <gpxtpx:TrackPointExtension>
       <gpxtpx:hr>115</gpxtpx:hr>
      </gpxtpx:TrackPointExtension>
     </extensions>
   </trkpt>
   <trkpt lat="-2.6258700" lon="-43.0481410">
    <ele>10.8</ele>
    <time>2026-06-16T11:34:21Z</time>
     <extensions>
      <gpxtpx:TrackPointExtension>
       <gpxtpx:hr>115</gpxtpx:hr>
      </gpxtpx:TrackPointExtension>
     </extensions>
   </trkpt>
   <trkpt lat="-2.6258430" lon="-43.0481380">
    <ele>11.2</ele>
    <time>2026-06-16T11:34:26Z</time>
     <extensions>
      <gpxtpx:TrackPointExtension>
       <gpxtpx:hr>119</gpxtpx:hr>
      </gpxtpx:TrackPointExtension>
     </extensions>
   </trkpt>
   <trkpt lat="-2.6258110" lon="-43.0481420">
    <ele>11.6</ele>
    <time>2026-06-16T11:34:31Z</time>
     <extensions>
      <gpxtpx:TrackPointExtension>
       <gpxtpx:hr>118</gpxtpx:hr>
      </gpxtpx:TrackPointExtension>
     </extensions>
   </trkpt>
   <trkpt lat="-2.6257880" lon="-43.0481530">
    <ele>11.8</ele>
    <time>2026-06-16T11:34:36Z</time>
     <extensions>
      <gpxtpx:TrackPointExtension>
       <gpxtpx:hr>118</gpxtpx:hr>
      </gpxtpx:TrackPointExtension>
     </extensions>
   </trkpt>
   <trkpt lat="-2.6257500" lon="-43.0481630">
    <ele>12.2</ele>
    <time>2026-06-16T11:34:41Z</time>
     <extensions>
      <gpxtpx:TrackPointExtension>
       <gpxtpx:hr>121</gpxtpx:hr>
      </gpxtpx:TrackPointExtension>
     </extensions>
   </trkpt>
   <trkpt lat="-2.6257060" lon="-43.0481790">
    <ele>13.0</ele>
    <time>2026-06-16T11:34:46Z</time>
     <extensions>
      <gpxtpx:TrackPointExtension>
       <gpxtpx:hr>119</gpxtpx:hr>
      </gpxtpx:TrackPointExtension>
     </extensions>
   </trkpt>
   <trkpt lat="-2.6256590" lon="-43.0481880">
    <ele>13.8</ele>
    <time>2026-06-16T11:34:51Z</time>
     <extensions>
      <gpxtpx:TrackPointExtension>
       <gpxtpx:hr>119</gpxtpx:hr>
      </gpxtpx:TrackPointExtension>
     </extensions>
   </trkpt>
   <trkpt lat="-2.6256100" lon="-43.0481710">
    <ele>14.4</ele>
    <time>2026-06-16T11:34:56Z</time>
     <extensions>
      <gpxtpx:TrackPointExtension>
       <gpxtpx:hr>124</gpxtpx:hr>
      </gpxtpx:TrackPointExtension>
     </extensions>
   </trkpt>
   <trkpt lat="-2.6255770" lon="-43.0481630">
    <ele>14.8</ele>
    <time>2026-06-16T11:35:01Z</time>
     <extensions>
      <gpxtpx:TrackPointExtension>
       <gpxtpx:hr>122</gpxtpx:hr>
      </gpxtpx:TrackPointExtension>
     </extensions>
   </trkpt>
   <trkpt lat="-2.6255560" lon="-43.0481590">
    <ele>14.6</ele>
    <time>2026-06-16T11:35:06Z</time>
     <extensions>
      <gpxtpx:TrackPointExtension>
       <gpxtpx:hr>122</gpxtpx:hr>
      </gpxtpx:TrackPointExtension>
     </extensions>
   </trkpt>
   <trkpt lat="-2.6255620" lon="-43.0481590">
    <ele>13.8</ele>
    <time>2026-06-16T11:35:11Z</time>
     <extensions>
      <gpxtpx:TrackPointExtension>
       <gpxtpx:hr>127</gpxtpx:hr>
      </gpxtpx:TrackPointExtension>
     </extensions>
   </trkpt>
   <trkpt lat="-2.6255730" lon="-43.0481640">
    <ele>13.4</ele>
    <time>2026-06-16T11:35:16Z</time>
     <extensions>
      <gpxtpx:TrackPointExtension>
       <gpxtpx:hr>127</gpxtpx:hr>
      </gpxtpx:TrackPointExtension>
     </extensions>
   </trkpt>
   <trkpt lat="-2.6255780" lon="-43.0481660">
    <ele>13.6</ele>
    <time>2026-06-16T11:35:21Z</time>
     <extensions>
      <gpxtpx:TrackPointExtension>
       <gpxtpx:hr>124</gpxtpx:hr>
      </gpxtpx:TrackPointExtension>
     </extensions>
   </trkpt>
   <trkpt lat="-2.6255800" lon="-43.0481690">
    <ele>13.8</ele>
    <time>2026-06-16T11:35:26Z</time>
     <extensions>
      <gpxtpx:TrackPointExtension>
       <gpxtpx:hr>128</gpxtpx:hr>
      </gpxtpx:TrackPointExtension>
     </extensions>
   </trkpt>
   <trkpt lat="-2.6255830" lon="-43.0481750">
    <ele>14.4</ele>
    <time>2026-06-16T11:35:31Z</time>
     <extensions>
      <gpxtpx:TrackPointExtension>
       <gpxtpx:hr>129</gpxtpx:hr>
      </gpxtpx:TrackPointExtension>
     </extensions>
   </trkpt>
   <trkpt lat="-2.6255850" lon="-43.0481810">
    <ele>14.8</ele>
    <time>2026-06-16T11:35:36Z</time>
     <extensions>
      <gpxtpx:TrackPointExtension>
       <gpxtpx:hr>129</gpxtpx:hr>
      </gpxtpx:TrackPointExtension>
     </extensions>
   </trkpt>
   <trkpt lat="-2.6255870" lon="-43.0481870">
    <ele>14.6</ele>
    <time>2026-06-16T11:35:41Z</time>
     <extensions>
      <gpxtpx:TrackPointExtension>
       <gpxtpx:hr>120</gpxtpx:hr>
      </gpxtpx:TrackPointExtension>
     </extensions>
   </trkpt>
   <trkpt lat="-2.6255900" lon="-43.0481970">
    <ele>14.6</ele>
    <time>2026-06-16T11:35:46Z</time>
     <extensions>
      <gpxtpx:TrackPointExtension>
       <gpxtpx:hr>120</gpxtpx:hr>
      </gpxtpx:TrackPointExtension>
     </extensions>
   </trkpt>
   <trkpt lat="-2.6255950" lon="-43.0482040">
    <ele>15.0</ele>
    <time>2026-06-16T11:35:51Z</time>
     <extensions>
      <gpxtpx:TrackPointExtension>
       <gpxtpx:hr>116</gpxtpx:hr>
      </gpxtpx:TrackPointExtension>
     </extensions>
   </trkpt>
   <trkpt lat="-2.6255980" lon="-43.0482060">
    <ele>15.0</ele>
    <time>2026-06-16T11:35:56Z</time>
     <extensions>
      <gpxtpx:TrackPointExtension>
       <gpxtpx:hr>113</gpxtpx:hr>
      </gpxtpx:TrackPointExtension>
     </extensions>
   </trkpt>
   <trkpt lat="-2.6256010" lon="-43.0482080">
    <ele>14.8</ele>
    <time>2026-06-16T11:36:01Z</time>
     <extensions>
      <gpxtpx:TrackPointExtension>
       <gpxtpx:hr>107</gpxtpx:hr>
      </gpxtpx:TrackPointExtension>
     </extensions>
   </trkpt>
   <trkpt lat="-2.6256010" lon="-43.0482090">
    <ele>14.2</ele>
    <time>2026-06-16T11:36:06Z</time>
     <extensions>
      <gpxtpx:TrackPointExtension>
       <gpxtpx:hr>109</gpxtpx:hr>
      </gpxtpx:TrackPointExtension>
     </extensions>
   </trkpt>
   <trkpt lat="-2.6256000" lon="-43.0482080">
    <ele>13.8</ele>
    <time>2026-06-16T11:36:11Z</time>
     <extensions>
      <gpxtpx:TrackPointExtension>
       <gpxtpx:hr>107</gpxtpx:hr>
      </gpxtpx:TrackPointExtension>
     </extensions>
   </trkpt>
   <trkpt lat="-2.6255980" lon="-43.0482070">
    <ele>14.0</ele>
    <time>2026-06-16T11:36:16Z</time>
     <extensions>
      <gpxtpx:TrackPointExtension>
       <gpxtpx:hr>104</gpxtpx:hr>
      </gpxtpx:TrackPointExtension>
     </extensions>
   </trkpt>
   <trkpt lat="-2.6255980" lon="-43.0482070">
    <ele>14.0</ele>
    <time>2026-06-16T11:36:21Z</time>
     <extensions>
      <gpxtpx:TrackPointExtension>
       <gpxtpx:hr>104</gpxtpx:hr>
      </gpxtpx:TrackPointExtension>
     </extensions>
   </trkpt>
   <trkpt lat="-2.6256210" lon="-43.0482240">
    <ele>14.6</ele>
    <time>2026-06-16T11:36:26Z</time>
     <extensions>
      <gpxtpx:TrackPointExtension>
       <gpxtpx:hr>108</gpxtpx:hr>
      </gpxtpx:TrackPointExtension>
     </extensions>
   </trkpt>
   <trkpt lat="-2.6256400" lon="-43.0482550">
    <ele>15.0</ele>
    <time>2026-06-16T11:36:31Z</time>
     <extensions>
      <gpxtpx:TrackPointExtension>
       <gpxtpx:hr>114</gpxtpx:hr>
      </gpxtpx:TrackPointExtension>
     </extensions>
   </trkpt>
   <trkpt lat="-2.6256550" lon="-43.0482930">
    <ele>14.8</ele>
    <time>2026-06-16T11:36:36Z</time>
     <extensions>
      <gpxtpx:TrackPointExtension>
       <gpxtpx:hr>119</gpxtpx:hr>
      </gpxtpx:TrackPointExtension>
     </extensions>
   </trkpt>
   <trkpt lat="-2.6256650" lon="-43.0483220">
    <ele>14.4</ele>
    <time>2026-06-16T11:36:41Z</time>
     <extensions>
      <gpxtpx:TrackPointExtension>
       <gpxtpx:hr>119</gpxtpx:hr>
      </gpxtpx:TrackPointExtension>
     </extensions>
   </trkpt>
   <trkpt lat="-2.6256530" lon="-43.0483390">
    <ele>14.2</ele>
    <time>2026-06-16T11:36:46Z</time>
     <extensions>
      <gpxtpx:TrackPointExtension>
       <gpxtpx:hr>120</gpxtpx:hr>
      </gpxtpx:TrackPointExtension>
     </extensions>
   </trkpt>
   <trkpt lat="-2.6256370" lon="-43.0483390">
    <ele>14.2</ele>
    <time>2026-06-16T11:36:51Z</time>
     <extensions>
      <gpxtpx:TrackPointExtension>
       <gpxtpx:hr>115</gpxtpx:hr>
      </gpxtpx:TrackPointExtension>
     </extensions>
   </trkpt>
   <trkpt lat="-2.6256350" lon="-43.0483360">
    <ele>14.2</ele>
    <time>2026-06-16T11:36:56Z</time>
     <extensions>
      <gpxtpx:TrackPointExtension>
       <gpxtpx:hr>110</gpxtpx:hr>
      </gpxtpx:TrackPointExtension>
     </extensions>
   </trkpt>
   <trkpt lat="-2.6256360" lon="-43.0483350">
    <ele>14.2</ele>
    <time>2026-06-16T11:37:01Z</time>
     <extensions>
      <gpxtpx:TrackPointExtension>
       <gpxtpx:hr>110</gpxtpx:hr>
      </gpxtpx:TrackPointExtension>
     </extensions>
   </trkpt>
   <trkpt lat="-2.6256360" lon="-43.0483320">
    <ele>14.2</ele>
    <time>2026-06-16T11:37:06Z</time>
     <extensions>
      <gpxtpx:TrackPointExtension>
       <gpxtpx:hr>107</gpxtpx:hr>
      </gpxtpx:TrackPointExtension>
     </extensions>
   </trkpt>
   <trkpt lat="-2.6256370" lon="-43.0483350">
    <ele>14.0</ele>
    <time>2026-06-16T11:37:11Z</time>
     <extensions>
      <gpxtpx:TrackPointExtension>
       <gpxtpx:hr>107</gpxtpx:hr>
      </gpxtpx:TrackPointExtension>
     </extensions>
   </trkpt>
   <trkpt lat="-2.6256350" lon="-43.0483380">
    <ele>13.8</ele>
    <time>2026-06-16T11:37:16Z</time>
     <extensions>
      <gpxtpx:TrackPointExtension>
       <gpxtpx:hr>108</gpxtpx:hr>
      </gpxtpx:TrackPointExtension>
     </extensions>
   </trkpt>
   <trkpt lat="-2.6256300" lon="-43.0483420">
    <ele>13.6</ele>
    <time>2026-06-16T11:37:21Z</time>
     <extensions>
      <gpxtpx:TrackPointExtension>
       <gpxtpx:hr>101</gpxtpx:hr>
      </gpxtpx:TrackPointExtension>
     </extensions>
   </trkpt>
   <trkpt lat="-2.6256200" lon="-43.0483580">
    <ele>12.8</ele>
    <time>2026-06-16T11:37:26Z</time>
     <extensions>
      <gpxtpx:TrackPointExtension>
       <gpxtpx:hr>108</gpxtpx:hr>
      </gpxtpx:TrackPointExtension>
     </extensions>
   </trkpt>
   <trkpt lat="-2.6256120" lon="-43.0483700">
    <ele>12.0</ele>
    <time>2026-06-16T11:37:32Z</time>
     <extensions>
      <gpxtpx:TrackPointExtension>
       <gpxtpx:hr>108</gpxtpx:hr>
      </gpxtpx:TrackPointExtension>
     </extensions>
   </trkpt>
   <trkpt lat="-2.6256040" lon="-43.0483820">
    <ele>10.8</ele>
    <time>2026-06-16T11:37:37Z</time>
     <extensions>
      <gpxtpx:TrackPointExtension>
       <gpxtpx:hr>112</gpxtpx:hr>
      </gpxtpx:TrackPointExtension>
     </extensions>
   </trkpt>
   <trkpt lat="-2.6255900" lon="-43.0483920">
    <ele>10.0</ele>
    <time>2026-06-16T11:37:42Z</time>
     <extensions>
      <gpxtpx:TrackPointExtension>
       <gpxtpx:hr>114</gpxtpx:hr>
      </gpxtpx:TrackPointExtension>
     </extensions>
   </trkpt>
   <trkpt lat="-2.6255880" lon="-43.0483960">
    <ele>9.4</ele>
    <time>2026-06-16T11:37:47Z</time>
     <extensions>
      <gpxtpx:TrackPointExtension>
       <gpxtpx:hr>114</gpxtpx:hr>
      </gpxtpx:TrackPointExtension>
     </extensions>
   </trkpt>
   <trkpt lat="-2.6255740" lon="-43.0484090">
    <ele>8.8</ele>
    <time>2026-06-16T11:37:52Z</time>
     <extensions>
      <gpxtpx:TrackPointExtension>
       <gpxtpx:hr>125</gpxtpx:hr>
      </gpxtpx:TrackPointExtension>
     </extensions>
   </trkpt>
   <trkpt lat="-2.6255560" lon="-43.0484260">
    <ele>7.8</ele>
    <time>2026-06-16T11:37:57Z</time>
     <extensions>
      <gpxtpx:TrackPointExtension>
       <gpxtpx:hr>124</gpxtpx:hr>
      </gpxtpx:TrackPointExtension>
     </extensions>
   </trkpt>
   <trkpt lat="-2.6255340" lon="-43.0484570">
    <ele>6.8</ele>
    <time>2026-06-16T11:38:02Z</time>
     <extensions>
      <gpxtpx:TrackPointExtension>
       <gpxtpx:hr>124</gpxtpx:hr>
      </gpxtpx:TrackPointExtension>
     </extensions>
   </trkpt>
   <trkpt lat="-2.6255160" lon="-43.0484940">
    <ele>6.0</ele>
    <time>2026-06-16T11:38:07Z</time>
     <extensions>
      <gpxtpx:TrackPointExtension>
       <gpxtpx:hr>132</gpxtpx:hr>
      </gpxtpx:TrackPointExtension>
     </extensions>
   </trkpt>
   <trkpt lat="-2.6255050" lon="-43.0485280">
    <ele>5.6</ele>
    <time>2026-06-16T11:38:12Z</time>
     <extensions>
      <gpxtpx:TrackPointExtension>
       <gpxtpx:hr>132</gpxtpx:hr>
      </gpxtpx:TrackPointExtension>
     </extensions>
   </trkpt>
   <trkpt lat="-2.6254910" lon="-43.0485660">
    <ele>5.6</ele>
    <time>2026-06-16T11:38:17Z</time>
     <extensions>
      <gpxtpx:TrackPointExtension>
       <gpxtpx:hr>130</gpxtpx:hr>
      </gpxtpx:TrackPointExtension>
     </extensions>
   </trkpt>
   <trkpt lat="-2.6254780" lon="-43.0485800">
    <ele>5.6</ele>
    <time>2026-06-16T11:38:22Z</time>
     <extensions>
      <gpxtpx:TrackPointExtension>
       <gpxtpx:hr>124</gpxtpx:hr>
      </gpxtpx:TrackPointExtension>
     </extensions>
   </trkpt>
   <trkpt lat="-2.6254630" lon="-43.0486160">
    <ele>5.6</ele>
    <time>2026-06-16T11:38:27Z</time>
     <extensions>
      <gpxtpx:TrackPointExtension>
       <gpxtpx:hr>124</gpxtpx:hr>
      </gpxtpx:TrackPointExtension>
     </extensions>
   </trkpt>
   <trkpt lat="-2.6254380" lon="-43.0486500">
    <ele>5.6</ele>
    <time>2026-06-16T11:38:32Z</time>
     <extensions>
      <gpxtpx:TrackPointExtension>
       <gpxtpx:hr>132</gpxtpx:hr>
      </gpxtpx:TrackPointExtension>
     </extensions>
   </trkpt>
   <trkpt lat="-2.6254150" lon="-43.0486860">
    <ele>5.8</ele>
    <time>2026-06-16T11:38:37Z</time>
     <extensions>
      <gpxtpx:TrackPointExtension>
       <gpxtpx:hr>127</gpxtpx:hr>
      </gpxtpx:TrackPointExtension>
     </extensions>
   </trkpt>
   <trkpt lat="-2.6253840" lon="-43.0487220">
    <ele>5.8</ele>
    <time>2026-06-16T11:38:42Z</time>
     <extensions>
      <gpxtpx:TrackPointExtension>
       <gpxtpx:hr>127</gpxtpx:hr>
      </gpxtpx:TrackPointExtension>
     </extensions>
   </trkpt>
   <trkpt lat="-2.6253510" lon="-43.0487670">
    <ele>5.8</ele>
    <time>2026-06-16T11:38:47Z</time>
     <extensions>
      <gpxtpx:TrackPointExtension>
       <gpxtpx:hr>128</gpxtpx:hr>
      </gpxtpx:TrackPointExtension>
     </extensions>
   </trkpt>
   <trkpt lat="-2.6253180" lon="-43.0488090">
    <ele>5.8</ele>
    <time>2026-06-16T11:38:52Z</time>
     <extensions>
      <gpxtpx:TrackPointExtension>
       <gpxtpx:hr>126</gpxtpx:hr>
      </gpxtpx:TrackPointExtension>
     </extensions>
   </trkpt>
   <trkpt lat="-2.6252830" lon="-43.0488420">
    <ele>5.6</ele>
    <time>2026-06-16T11:38:57Z</time>
     <extensions>
      <gpxtpx:TrackPointExtension>
       <gpxtpx:hr>124</gpxtpx:hr>
      </gpxtpx:TrackPointExtension>
     </extensions>
   </trkpt>
   <trkpt lat="-2.6252440" lon="-43.0488820">
    <ele>5.6</ele>
    <time>2026-06-16T11:39:02Z</time>
     <extensions>
      <gpxtpx:TrackPointExtension>
       <gpxtpx:hr>122</gpxtpx:hr>
      </gpxtpx:TrackPointExtension>
     </extensions>
   </trkpt>
   <trkpt lat="-2.6252070" lon="-43.0489110">
    <ele>5.6</ele>
    <time>2026-06-16T11:39:07Z</time>
     <extensions>
      <gpxtpx:TrackPointExtension>
       <gpxtpx:hr>118</gpxtpx:hr>
      </gpxtpx:TrackPointExtension>
     </extensions>
   </trkpt>
   <trkpt lat="-2.6251780" lon="-43.0489470">
    <ele>5.8</ele>
    <time>2026-06-16T11:39:12Z</time>
     <extensions>
      <gpxtpx:TrackPointExtension>
       <gpxtpx:hr>122</gpxtpx:hr>
      </gpxtpx:TrackPointExtension>
     </extensions>
   </trkpt>
   <trkpt lat="-2.6251410" lon="-43.0489900">
    <ele>5.6</ele>
    <time>2026-06-16T11:39:17Z</time>
     <extensions>
      <gpxtpx:TrackPointExtension>
       <gpxtpx:hr>122</gpxtpx:hr>
      </gpxtpx:TrackPointExtension>
     </extensions>
   </trkpt>
   <trkpt lat="-2.6251180" lon="-43.0490290">
    <ele>5.6</ele>
    <time>2026-06-16T11:39:22Z</time>
     <extensions>
      <gpxtpx:TrackPointExtension>
       <gpxtpx:hr>120</gpxtpx:hr>
      </gpxtpx:TrackPointExtension>
     </extensions>
   </trkpt>
   <trkpt lat="-2.6250970" lon="-43.0490720">
    <ele>5.6</ele>
    <time>2026-06-16T11:39:27Z</time>
     <extensions>
      <gpxtpx:TrackPointExtension>
       <gpxtpx:hr>123</gpxtpx:hr>
      </gpxtpx:TrackPointExtension>
     </extensions>
   </trkpt>
   <trkpt lat="-2.6250690" lon="-43.0491120">
    <ele>5.6</ele>
    <time>2026-06-16T11:39:32Z</time>
     <extensions>
      <gpxtpx:TrackPointExtension>
       <gpxtpx:hr>123</gpxtpx:hr>
      </gpxtpx:TrackPointExtension>
     </extensions>
   </trkpt>
   <trkpt lat="-2.6250470" lon="-43.0491410">
    <ele>5.8</ele>
    <time>2026-06-16T11:39:38Z</time>
     <extensions>
      <gpxtpx:TrackPointExtension>
       <gpxtpx:hr>123</gpxtpx:hr>
      </gpxtpx:TrackPointExtension>
     </extensions>
   </trkpt>
   <trkpt lat="-2.6250110" lon="-43.0491720">
    <ele>5.8</ele>
    <time>2026-06-16T11:39:43Z</time>
     <extensions>
      <gpxtpx:TrackPointExtension>
       <gpxtpx:hr>124</gpxtpx:hr>
      </gpxtpx:TrackPointExtension>
     </extensions>
   </trkpt>
   <trkpt lat="-2.6249730" lon="-43.0492050">
    <ele>5.6</ele>
    <time>2026-06-16T11:39:48Z</time>
     <extensions>
      <gpxtpx:TrackPointExtension>
       <gpxtpx:hr>129</gpxtpx:hr>
      </gpxtpx:TrackPointExtension>
     </extensions>
   </trkpt>
   <trkpt lat="-2.6249360" lon="-43.0492370">
    <ele>5.6</ele>
    <time>2026-06-16T11:39:53Z</time>
     <extensions>
      <gpxtpx:TrackPointExtension>
       <gpxtpx:hr>129</gpxtpx:hr>
      </gpxtpx:TrackPointExtension>
     </extensions>
   </trkpt>
   <trkpt lat="-2.6249060" lon="-43.0492700">
    <ele>5.4</ele>
    <time>2026-06-16T11:39:58Z</time>
     <extensions>
      <gpxtpx:TrackPointExtension>
       <gpxtpx:hr>126</gpxtpx:hr>
      </gpxtpx:TrackPointExtension>
     </extensions>
   </trkpt>
   <trkpt lat="-2.6248760" lon="-43.0493060">
    <ele>5.2</ele>
    <time>2026-06-16T11:40:03Z</time>
     <extensions>
      <gpxtpx:TrackPointExtension>
       <gpxtpx:hr>123</gpxtpx:hr>
      </gpxtpx:TrackPointExtension>
     </extensions>
   </trkpt>
   <trkpt lat="-2.6248490" lon="-43.0493440">
    <ele>5.0</ele>
    <time>2026-06-16T11:40:08Z</time>
     <extensions>
      <gpxtpx:TrackPointExtension>
       <gpxtpx:hr>122</gpxtpx:hr>
      </gpxtpx:TrackPointExtension>
     </extensions>
   </trkpt>
   <trkpt lat="-2.6248260" lon="-43.0493770">
    <ele>5.0</ele>
    <time>2026-06-16T11:40:13Z</time>
     <extensions>
      <gpxtpx:TrackPointExtension>
       <gpxtpx:hr>115</gpxtpx:hr>
      </gpxtpx:TrackPointExtension>
     </extensions>
   </trkpt>
   <trkpt lat="-2.6248030" lon="-43.0494090">
    <ele>5.0</ele>
    <time>2026-06-16T11:40:18Z</time>
     <extensions>
      <gpxtpx:TrackPointExtension>
       <gpxtpx:hr>115</gpxtpx:hr>
      </gpxtpx:TrackPointExtension>
     </extensions>
   </trkpt>
   <trkpt lat="-2.6247610" lon="-43.0494370">
    <ele>5.0</ele>
    <time>2026-06-16T11:40:23Z</time>
     <extensions>
      <gpxtpx:TrackPointExtension>
       <gpxtpx:hr>118</gpxtpx:hr>
      </gpxtpx:TrackPointExtension>
     </extensions>
   </trkpt>
   <trkpt lat="-2.6247250" lon="-43.0494560">
    <ele>5.2</ele>
    <time>2026-06-16T11:40:28Z</time>
     <extensions>
      <gpxtpx:TrackPointExtension>
       <gpxtpx:hr>121</gpxtpx:hr>
      </gpxtpx:TrackPointExtension>
     </extensions>
   </trkpt>
   <trkpt lat="-2.6246890" lon="-43.0494760">
    <ele>5.2</ele>
    <time>2026-06-16T11:40:33Z</time>
     <extensions>
      <gpxtpx:TrackPointExtension>
       <gpxtpx:hr>118</gpxtpx:hr>
      </gpxtpx:TrackPointExtension>
     </extensions>
   </trkpt>
   <trkpt lat="-2.6246600" lon="-43.0494960">
    <ele>5.0</ele>
    <time>2026-06-16T11:40:38Z</time>
     <extensions>
      <gpxtpx:TrackPointExtension>
       <gpxtpx:hr>118</gpxtpx:hr>
      </gpxtpx:TrackPointExtension>
     </extensions>
   </trkpt>
   <trkpt lat="-2.6246240" lon="-43.0495230">
    <ele>5.2</ele>
    <time>2026-06-16T11:40:43Z</time>
     <extensions>
      <gpxtpx:TrackPointExtension>
       <gpxtpx:hr>119</gpxtpx:hr>
      </gpxtpx:TrackPointExtension>
     </extensions>
   </trkpt>
   <trkpt lat="-2.6245940" lon="-43.0495520">
    <ele>5.4</ele>
    <time>2026-06-16T11:40:48Z</time>
     <extensions>
      <gpxtpx:TrackPointExtension>
       <gpxtpx:hr>119</gpxtpx:hr>
      </gpxtpx:TrackPointExtension>
     </extensions>
   </trkpt>
   <trkpt lat="-2.6245630" lon="-43.0495740">
    <ele>5.8</ele>
    <time>2026-06-16T11:40:53Z</time>
     <extensions>
      <gpxtpx:TrackPointExtension>
       <gpxtpx:hr>124</gpxtpx:hr>
      </gpxtpx:TrackPointExtension>
     </extensions>
   </trkpt>
   <trkpt lat="-2.6245230" lon="-43.0495910">
    <ele>5.8</ele>
    <time>2026-06-16T11:40:58Z</time>
     <extensions>
      <gpxtpx:TrackPointExtension>
       <gpxtpx:hr>126</gpxtpx:hr>
      </gpxtpx:TrackPointExtension>
     </extensions>
   </trkpt>
   <trkpt lat="-2.6244800" lon="-43.0496090">
    <ele>5.8</ele>
    <time>2026-06-16T11:41:03Z</time>
     <extensions>
      <gpxtpx:TrackPointExtension>
       <gpxtpx:hr>126</gpxtpx:hr>
      </gpxtpx:TrackPointExtension>
     </extensions>
   </trkpt>
   <trkpt lat="-2.6244390" lon="-43.0496300">
    <ele>5.6</ele>
    <time>2026-06-16T11:41:08Z</time>
     <extensions>
      <gpxtpx:TrackPointExtension>
       <gpxtpx:hr>125</gpxtpx:hr>
      </gpxtpx:TrackPointExtension>
     </extensions>
   </trkpt>
   <trkpt lat="-2.6243990" lon="-43.0496610">
    <ele>5.4</ele>
    <time>2026-06-16T11:41:13Z</time>
     <extensions>
      <gpxtpx:TrackPointExtension>
       <gpxtpx:hr>126</gpxtpx:hr>
      </gpxtpx:TrackPointExtension>
     </extensions>
   </trkpt>
   <trkpt lat="-2.6243690" lon="-43.0497020">
    <ele>5.2</ele>
    <time>2026-06-16T11:41:18Z</time>
     <extensions>
      <gpxtpx:TrackPointExtension>
       <gpxtpx:hr>126</gpxtpx:hr>
      </gpxtpx:TrackPointExtension>
     </extensions>
   </trkpt>
   <trkpt lat="-2.6243440" lon="-43.0497500">
    <ele>5.2</ele>
    <time>2026-06-16T11:41:23Z</time>
     <extensions>
      <gpxtpx:TrackPointExtension>
       <gpxtpx:hr>119</gpxtpx:hr>
      </gpxtpx:TrackPointExtension>
     </extensions>
   </trkpt>
   <trkpt lat="-2.6243060" lon="-43.0497870">
    <ele>5.4</ele>
    <time>2026-06-16T11:41:28Z</time>
     <extensions>
      <gpxtpx:TrackPointExtension>
       <gpxtpx:hr>119</gpxtpx:hr>
      </gpxtpx:TrackPointExtension>
     </extensions>
   </trkpt>
   <trkpt lat="-2.6242540" lon="-43.0497970">
    <ele>5.4</ele>
    <time>2026-06-16T11:41:33Z</time>
     <extensions>
      <gpxtpx:TrackPointExtension>
       <gpxtpx:hr>120</gpxtpx:hr>
      </gpxtpx:TrackPointExtension>
     </extensions>
   </trkpt>
   <trkpt lat="-2.6242040" lon="-43.0498040">
    <ele>5.4</ele>
    <time>2026-06-16T11:41:38Z</time>
     <extensions>
      <gpxtpx:TrackPointExtension>
       <gpxtpx:hr>118</gpxtpx:hr>
      </gpxtpx:TrackPointExtension>
     </extensions>
   </trkpt>
   <trkpt lat="-2.6241550" lon="-43.0498070">
    <ele>5.4</ele>
    <time>2026-06-16T11:41:43Z</time>
     <extensions>
      <gpxtpx:TrackPointExtension>
       <gpxtpx:hr>114</gpxtpx:hr>
      </gpxtpx:TrackPointExtension>
     </extensions>
   </trkpt>
   <trkpt lat="-2.6241070" lon="-43.0498220">
    <ele>5.4</ele>
    <time>2026-06-16T11:41:48Z</time>
     <extensions>
      <gpxtpx:TrackPointExtension>
       <gpxtpx:hr>114</gpxtpx:hr>
      </gpxtpx:TrackPointExtension>
     </extensions>
   </trkpt>
   <trkpt lat="-2.6240640" lon="-43.0498330">
    <ele>5.6</ele>
    <time>2026-06-16T11:41:53Z</time>
     <extensions>
      <gpxtpx:TrackPointExtension>
       <gpxtpx:hr>125</gpxtpx:hr>
      </gpxtpx:TrackPointExtension>
     </extensions>
   </trkpt>
   <trkpt lat="-2.6240160" lon="-43.0498520">
    <ele>5.6</ele>
    <time>2026-06-16T11:41:58Z</time>
     <extensions>
      <gpxtpx:TrackPointExtension>
       <gpxtpx:hr>125</gpxtpx:hr>
      </gpxtpx:TrackPointExtension>
     </extensions>
   </trkpt>
   <trkpt lat="-2.6239710" lon="-43.0498660">
    <ele>5.6</ele>
    <time>2026-06-16T11:42:03Z</time>
     <extensions>
      <gpxtpx:TrackPointExtension>
       <gpxtpx:hr>125</gpxtpx:hr>
      </gpxtpx:TrackPointExtension>
     </extensions>
   </trkpt>
   <trkpt lat="-2.6239290" lon="-43.0498780">
    <ele>5.6</ele>
    <time>2026-06-16T11:42:08Z</time>
     <extensions>
      <gpxtpx:TrackPointExtension>
       <gpxtpx:hr>125</gpxtpx:hr>
      </gpxtpx:TrackPointExtension>
     </extensions>
   </trkpt>
   <trkpt lat="-2.6238830" lon="-43.0498960">
    <ele>5.6</ele>
    <time>2026-06-16T11:42:13Z</time>
     <extensions>
      <gpxtpx:TrackPointExtension>
       <gpxtpx:hr>122</gpxtpx:hr>
      </gpxtpx:TrackPointExtension>
     </extensions>
   </trkpt>
   <trkpt lat="-2.6238420" lon="-43.0499170">
    <ele>5.6</ele>
    <time>2026-06-16T11:42:18Z</time>
     <extensions>
      <gpxtpx:TrackPointExtension>
       <gpxtpx:hr>123</gpxtpx:hr>
      </gpxtpx:TrackPointExtension>
     </extensions>
   </trkpt>
   <trkpt lat="-2.6238010" lon="-43.0499360">
    <ele>5.6</ele>
    <time>2026-06-16T11:42:23Z</time>
     <extensions>
      <gpxtpx:TrackPointExtension>
       <gpxtpx:hr>124</gpxtpx:hr>
      </gpxtpx:TrackPointExtension>
     </extensions>
   </trkpt>
   <trkpt lat="-2.6237610" lon="-43.0499500">
    <ele>5.6</ele>
    <time>2026-06-16T11:42:28Z</time>
     <extensions>
      <gpxtpx:TrackPointExtension>
       <gpxtpx:hr>124</gpxtpx:hr>
      </gpxtpx:TrackPointExtension>
     </extensions>
   </trkpt>
   <trkpt lat="-2.6237180" lon="-43.0499610">
    <ele>5.8</ele>
    <time>2026-06-16T11:42:33Z</time>
     <extensions>
      <gpxtpx:TrackPointExtension>
       <gpxtpx:hr>124</gpxtpx:hr>
      </gpxtpx:TrackPointExtension>
     </extensions>
   </trkpt>
   <trkpt lat="-2.6236760" lon="-43.0499730">
    <ele>5.8</ele>
    <time>2026-06-16T11:42:38Z</time>
     <extensions>
      <gpxtpx:TrackPointExtension>
       <gpxtpx:hr>124</gpxtpx:hr>
      </gpxtpx:TrackPointExtension>
     </extensions>
   </trkpt>
   <trkpt lat="-2.6236330" lon="-43.0499840">
    <ele>6.0</ele>
    <time>2026-06-16T11:42:43Z</time>
     <extensions>
      <gpxtpx:TrackPointExtension>
       <gpxtpx:hr>124</gpxtpx:hr>
      </gpxtpx:TrackPointExtension>
     </extensions>
   </trkpt>
   <trkpt lat="-2.6235850" lon="-43.0499930">
    <ele>6.0</ele>
    <time>2026-06-16T11:42:48Z</time>
     <extensions>
      <gpxtpx:TrackPointExtension>
       <gpxtpx:hr>122</gpxtpx:hr>
      </gpxtpx:TrackPointExtension>
     </extensions>
   </trkpt>
   <trkpt lat="-2.6235430" lon="-43.0500060">
    <ele>6.0</ele>
    <time>2026-06-16T11:42:53Z</time>
     <extensions>
      <gpxtpx:TrackPointExtension>
       <gpxtpx:hr>122</gpxtpx:hr>
      </gpxtpx:TrackPointExtension>
     </extensions>
   </trkpt>
   <trkpt lat="-2.6235040" lon="-43.0500230">
    <ele>5.8</ele>
    <time>2026-06-16T11:42:58Z</time>
     <extensions>
      <gpxtpx:TrackPointExtension>
       <gpxtpx:hr>120</gpxtpx:hr>
      </gpxtpx:TrackPointExtension>
     </extensions>
   </trkpt>
   <trkpt lat="-2.6234760" lon="-43.0500440">
    <ele>5.8</ele>
    <time>2026-06-16T11:43:03Z</time>
     <extensions>
      <gpxtpx:TrackPointExtension>
       <gpxtpx:hr>122</gpxtpx:hr>
      </gpxtpx:TrackPointExtension>
     </extensions>
   </trkpt>
   <trkpt lat="-2.6234410" lon="-43.0500650">
    <ele>5.8</ele>
    <time>2026-06-16T11:43:08Z</time>
     <extensions>
      <gpxtpx:TrackPointExtension>
       <gpxtpx:hr>121</gpxtpx:hr>
      </gpxtpx:TrackPointExtension>
     </extensions>
   </trkpt>
   <trkpt lat="-2.6234080" lon="-43.0500870">
    <ele>5.8</ele>
    <time>2026-06-16T11:43:13Z</time>
     <extensions>
      <gpxtpx:TrackPointExtension>
       <gpxtpx:hr>121</gpxtpx:hr>
      </gpxtpx:TrackPointExtension>
     </extensions>
   </trkpt>
   <trkpt lat="-2.6233720" lon="-43.0501130">
    <ele>5.8</ele>
    <time>2026-06-16T11:43:18Z</time>
     <extensions>
      <gpxtpx:TrackPointExtension>
       <gpxtpx:hr>116</gpxtpx:hr>
      </gpxtpx:TrackPointExtension>
     </extensions>
   </trkpt>
   <trkpt lat="-2.6233430" lon="-43.0501490">
    <ele>5.8</ele>
    <time>2026-06-16T11:43:23Z</time>
     <extensions>
      <gpxtpx:TrackPointExtension>
       <gpxtpx:hr>115</gpxtpx:hr>
      </gpxtpx:TrackPointExtension>
     </extensions>
   </trkpt>
   <trkpt lat="-2.6233160" lon="-43.0501820">
    <ele>5.8</ele>
    <time>2026-06-16T11:43:28Z</time>
     <extensions>
      <gpxtpx:TrackPointExtension>
       <gpxtpx:hr>115</gpxtpx:hr>
      </gpxtpx:TrackPointExtension>
     </extensions>
   </trkpt>
   <trkpt lat="-2.6232910" lon="-43.0502150">
    <ele>5.8</ele>
    <time>2026-06-16T11:43:33Z</time>
     <extensions>
      <gpxtpx:TrackPointExtension>
       <gpxtpx:hr>117</gpxtpx:hr>
      </gpxtpx:TrackPointExtension>
     </extensions>
   </trkpt>
   <trkpt lat="-2.6232730" lon="-43.0502510">
    <ele>5.8</ele>
    <time>2026-06-16T11:43:38Z</time>
     <extensions>
      <gpxtpx:TrackPointExtension>
       <gpxtpx:hr>117</gpxtpx:hr>
      </gpxtpx:TrackPointExtension>
     </extensions>
   </trkpt>
   <trkpt lat="-2.6232540" lon="-43.0502970">
    <ele>5.8</ele>
    <time>2026-06-16T11:43:43Z</time>
     <extensions>
      <gpxtpx:TrackPointExtension>
       <gpxtpx:hr>116</gpxtpx:hr>
      </gpxtpx:TrackPointExtension>
     </extensions>
   </trkpt>
   <trkpt lat="-2.6232390" lon="-43.0503420">
    <ele>5.8</ele>
    <time>2026-06-16T11:43:48Z</time>
     <extensions>
      <gpxtpx:TrackPointExtension>
       <gpxtpx:hr>116</gpxtpx:hr>
      </gpxtpx:TrackPointExtension>
     </extensions>
   </trkpt>
   <trkpt lat="-2.6232240" lon="-43.0503850">
    <ele>5.8</ele>
    <time>2026-06-16T11:43:53Z</time>
     <extensions>
      <gpxtpx:TrackPointExtension>
       <gpxtpx:hr>116</gpxtpx:hr>
      </gpxtpx:TrackPointExtension>
     </extensions>
   </trkpt>
   <trkpt lat="-2.6232020" lon="-43.0504250">
    <ele>5.8</ele>
    <time>2026-06-16T11:43:58Z</time>
     <extensions>
      <gpxtpx:TrackPointExtension>
       <gpxtpx:hr>116</gpxtpx:hr>
      </gpxtpx:TrackPointExtension>
     </extensions>
   </trkpt>
   <trkpt lat="-2.6231830" lon="-43.0504730">
    <ele>5.6</ele>
    <time>2026-06-16T11:44:03Z</time>
     <extensions>
      <gpxtpx:TrackPointExtension>
       <gpxtpx:hr>119</gpxtpx:hr>
      </gpxtpx:TrackPointExtension>
     </extensions>
   </trkpt>
   <trkpt lat="-2.6231640" lon="-43.0505180">
    <ele>5.6</ele>
    <time>2026-06-16T11:44:08Z</time>
     <extensions>
      <gpxtpx:TrackPointExtension>
       <gpxtpx:hr>122</gpxtpx:hr>
      </gpxtpx:TrackPointExtension>
     </extensions>
   </trkpt>
   <trkpt lat="-2.6231480" lon="-43.0505520">
    <ele>5.6</ele>
    <time>2026-06-16T11:44:13Z</time>
     <extensions>
      <gpxtpx:TrackPointExtension>
       <gpxtpx:hr>122</gpxtpx:hr>
      </gpxtpx:TrackPointExtension>
     </extensions>
   </trkpt>
   <trkpt lat="-2.6231290" lon="-43.0505980">
    <ele>5.6</ele>
    <time>2026-06-16T11:44:18Z</time>
     <extensions>
      <gpxtpx:TrackPointExtension>
       <gpxtpx:hr>117</gpxtpx:hr>
      </gpxtpx:TrackPointExtension>
     </extensions>
   </trkpt>
   <trkpt lat="-2.6231130" lon="-43.0506370">
    <ele>5.6</ele>
    <time>2026-06-16T11:44:23Z</time>
     <extensions>
      <gpxtpx:TrackPointExtension>
       <gpxtpx:hr>116</gpxtpx:hr>
      </gpxtpx:TrackPointExtension>
     </extensions>
   </trkpt>
   <trkpt lat="-2.6231000" lon="-43.0506790">
    <ele>5.6</ele>
    <time>2026-06-16T11:44:28Z</time>
     <extensions>
      <gpxtpx:TrackPointExtension>
       <gpxtpx:hr>119</gpxtpx:hr>
      </gpxtpx:TrackPointExtension>
     </extensions>
   </trkpt>
   <trkpt lat="-2.6230980" lon="-43.0507160">
    <ele>5.6</ele>
    <time>2026-06-16T11:44:33Z</time>
     <extensions>
      <gpxtpx:TrackPointExtension>
       <gpxtpx:hr>119</gpxtpx:hr>
      </gpxtpx:TrackPointExtension>
     </extensions>
   </trkpt>
   <trkpt lat="-2.6230970" lon="-43.0507600">
    <ele>5.6</ele>
    <time>2026-06-16T11:44:38Z</time>
     <extensions>
      <gpxtpx:TrackPointExtension>
       <gpxtpx:hr>124</gpxtpx:hr>
      </gpxtpx:TrackPointExtension>
     </extensions>
   </trkpt>
   <trkpt lat="-2.6230900" lon="-43.0508040">
    <ele>5.8</ele>
    <time>2026-06-16T11:44:43Z</time>
     <extensions>
      <gpxtpx:TrackPointExtension>
       <gpxtpx:hr>121</gpxtpx:hr>
      </gpxtpx:TrackPointExtension>
     </extensions>
   </trkpt>
   <trkpt lat="-2.6230760" lon="-43.0508450">
    <ele>5.8</ele>
    <time>2026-06-16T11:44:48Z</time>
     <extensions>
      <gpxtpx:TrackPointExtension>
       <gpxtpx:hr>120</gpxtpx:hr>
      </gpxtpx:TrackPointExtension>
     </extensions>
   </trkpt>
   <trkpt lat="-2.6230690" lon="-43.0508750">
    <ele>5.8</ele>
    <time>2026-06-16T11:44:53Z</time>
     <extensions>
      <gpxtpx:TrackPointExtension>
       <gpxtpx:hr>120</gpxtpx:hr>
      </gpxtpx:TrackPointExtension>
     </extensions>
   </trkpt>
   <trkpt lat="-2.6230540" lon="-43.0509140">
    <ele>5.8</ele>
    <time>2026-06-16T11:44:58Z</time>
     <extensions>
      <gpxtpx:TrackPointExtension>
       <gpxtpx:hr>121</gpxtpx:hr>
      </gpxtpx:TrackPointExtension>
     </extensions>
   </trkpt>
   <trkpt lat="-2.6230360" lon="-43.0509490">
    <ele>5.8</ele>
    <time>2026-06-16T11:45:03Z</time>
     <extensions>
      <gpxtpx:TrackPointExtension>
       <gpxtpx:hr>124</gpxtpx:hr>
      </gpxtpx:TrackPointExtension>
     </extensions>
   </trkpt>
   <trkpt lat="-2.6230200" lon="-43.0509830">
    <ele>5.8</ele>
    <time>2026-06-16T11:45:08Z</time>
     <extensions>
      <gpxtpx:TrackPointExtension>
       <gpxtpx:hr>124</gpxtpx:hr>
      </gpxtpx:TrackPointExtension>
     </extensions>
   </trkpt>
   <trkpt lat="-2.6230080" lon="-43.0510180">
    <ele>5.8</ele>
    <time>2026-06-16T11:45:13Z</time>
     <extensions>
      <gpxtpx:TrackPointExtension>
       <gpxtpx:hr>120</gpxtpx:hr>
      </gpxtpx:TrackPointExtension>
     </extensions>
   </trkpt>
   <trkpt lat="-2.6229900" lon="-43.0510560">
    <ele>5.8</ele>
    <time>2026-06-16T11:45:18Z</time>
     <extensions>
      <gpxtpx:TrackPointExtension>
       <gpxtpx:hr>120</gpxtpx:hr>
      </gpxtpx:TrackPointExtension>
     </extensions>
   </trkpt>
   <trkpt lat="-2.6229700" lon="-43.0510970">
    <ele>5.6</ele>
    <time>2026-06-16T11:45:23Z</time>
     <extensions>
      <gpxtpx:TrackPointExtension>
       <gpxtpx:hr>125</gpxtpx:hr>
      </gpxtpx:TrackPointExtension>
     </extensions>
   </trkpt>
   <trkpt lat="-2.6229410" lon="-43.0511380">
    <ele>5.6</ele>
    <time>2026-06-16T11:45:28Z</time>
     <extensions>
      <gpxtpx:TrackPointExtension>
       <gpxtpx:hr>119</gpxtpx:hr>
      </gpxtpx:TrackPointExtension>
     </extensions>
   </trkpt>
   <trkpt lat="-2.6229080" lon="-43.0511700">
    <ele>5.6</ele>
    <time>2026-06-16T11:45:33Z</time>
     <extensions>
      <gpxtpx:TrackPointExtension>
       <gpxtpx:hr>124</gpxtpx:hr>
      </gpxtpx:TrackPointExtension>
     </extensions>
   </trkpt>
   <trkpt lat="-2.6228670" lon="-43.0511970">
    <ele>5.8</ele>
    <time>2026-06-16T11:45:38Z</time>
     <extensions>
      <gpxtpx:TrackPointExtension>
       <gpxtpx:hr>121</gpxtpx:hr>
      </gpxtpx:TrackPointExtension>
     </extensions>
   </trkpt>
   <trkpt lat="-2.6228350" lon="-43.0512200">
    <ele>6.0</ele>
    <time>2026-06-16T11:45:43Z</time>
     <extensions>
      <gpxtpx:TrackPointExtension>
       <gpxtpx:hr>124</gpxtpx:hr>
      </gpxtpx:TrackPointExtension>
     </extensions>
   </trkpt>
   <trkpt lat="-2.6227990" lon="-43.0512440">
    <ele>6.0</ele>
    <time>2026-06-16T11:45:48Z</time>
     <extensions>
      <gpxtpx:TrackPointExtension>
       <gpxtpx:hr>124</gpxtpx:hr>
      </gpxtpx:TrackPointExtension>
     </extensions>
   </trkpt>
   <trkpt lat="-2.6227670" lon="-43.0512670">
    <ele>6.0</ele>
    <time>2026-06-16T11:45:53Z</time>
     <extensions>
      <gpxtpx:TrackPointExtension>
       <gpxtpx:hr>116</gpxtpx:hr>
      </gpxtpx:TrackPointExtension>
     </extensions>
   </trkpt>
   <trkpt lat="-2.6227350" lon="-43.0512930">
    <ele>6.0</ele>
    <time>2026-06-16T11:45:58Z</time>
     <extensions>
      <gpxtpx:TrackPointExtension>
       <gpxtpx:hr>117</gpxtpx:hr>
      </gpxtpx:TrackPointExtension>
     </extensions>
   </trkpt>
   <trkpt lat="-2.6226980" lon="-43.0513160">
    <ele>6.0</ele>
    <time>2026-06-16T11:46:03Z</time>
     <extensions>
      <gpxtpx:TrackPointExtension>
       <gpxtpx:hr>117</gpxtpx:hr>
      </gpxtpx:TrackPointExtension>
     </extensions>
   </trkpt>
   <trkpt lat="-2.6226610" lon="-43.0513330">
    <ele>6.0</ele>
    <time>2026-06-16T11:46:08Z</time>
     <extensions>
      <gpxtpx:TrackPointExtension>
       <gpxtpx:hr>117</gpxtpx:hr>
      </gpxtpx:TrackPointExtension>
     </extensions>
   </trkpt>
   <trkpt lat="-2.6226440" lon="-43.0513400">
    <ele>5.6</ele>
    <time>2026-06-16T11:46:13Z</time>
     <extensions>
      <gpxtpx:TrackPointExtension>
       <gpxtpx:hr>116</gpxtpx:hr>
      </gpxtpx:TrackPointExtension>
     </extensions>
   </trkpt>
   <trkpt lat="-2.6226400" lon="-43.0513520">
    <ele>5.4</ele>
    <time>2026-06-16T11:46:18Z</time>
     <extensions>
      <gpxtpx:TrackPointExtension>
       <gpxtpx:hr>116</gpxtpx:hr>
      </gpxtpx:TrackPointExtension>
     </extensions>
   </trkpt>
   <trkpt lat="-2.6226060" lon="-43.0513670">
    <ele>5.8</ele>
    <time>2026-06-16T11:46:23Z</time>
     <extensions>
      <gpxtpx:TrackPointExtension>
       <gpxtpx:hr>116</gpxtpx:hr>
      </gpxtpx:TrackPointExtension>
     </extensions>
   </trkpt>
   <trkpt lat="-2.6225810" lon="-43.0513680">
    <ele>6.4</ele>
    <time>2026-06-16T11:46:28Z</time>
     <extensions>
      <gpxtpx:TrackPointExtension>
       <gpxtpx:hr>116</gpxtpx:hr>
      </gpxtpx:TrackPointExtension>
     </extensions>
   </trkpt>
   <trkpt lat="-2.6225650" lon="-43.0513720">
    <ele>6.8</ele>
    <time>2026-06-16T11:46:33Z</time>
     <extensions>
      <gpxtpx:TrackPointExtension>
       <gpxtpx:hr>121</gpxtpx:hr>
      </gpxtpx:TrackPointExtension>
     </extensions>
   </trkpt>
   <trkpt lat="-2.6225480" lon="-43.0513780">
    <ele>7.4</ele>
    <time>2026-06-16T11:46:38Z</time>
     <extensions>
      <gpxtpx:TrackPointExtension>
       <gpxtpx:hr>126</gpxtpx:hr>
      </gpxtpx:TrackPointExtension>
     </extensions>
   </trkpt>
   <trkpt lat="-2.6225340" lon="-43.0513730">
    <ele>7.8</ele>
    <time>2026-06-16T11:46:43Z</time>
     <extensions>
      <gpxtpx:TrackPointExtension>
       <gpxtpx:hr>126</gpxtpx:hr>
      </gpxtpx:TrackPointExtension>
     </extensions>
   </trkpt>
   <trkpt lat="-2.6225190" lon="-43.0513900">
    <ele>8.2</ele>
    <time>2026-06-16T11:46:48Z</time>
     <extensions>
      <gpxtpx:TrackPointExtension>
       <gpxtpx:hr>128</gpxtpx:hr>
      </gpxtpx:TrackPointExtension>
     </extensions>
   </trkpt>
   <trkpt lat="-2.6225020" lon="-43.0514060">
    <ele>8.4</ele>
    <time>2026-06-16T11:46:53Z</time>
     <extensions>
      <gpxtpx:TrackPointExtension>
       <gpxtpx:hr>129</gpxtpx:hr>
      </gpxtpx:TrackPointExtension>
     </extensions>
   </trkpt>
   <trkpt lat="-2.6224880" lon="-43.0514200">
    <ele>9.0</ele>
    <time>2026-06-16T11:46:58Z</time>
     <extensions>
      <gpxtpx:TrackPointExtension>
       <gpxtpx:hr>129</gpxtpx:hr>
      </gpxtpx:TrackPointExtension>
     </extensions>
   </trkpt>
   <trkpt lat="-2.6224720" lon="-43.0514310">
    <ele>9.4</ele>
    <time>2026-06-16T11:47:03Z</time>
     <extensions>
      <gpxtpx:TrackPointExtension>
       <gpxtpx:hr>132</gpxtpx:hr>
      </gpxtpx:TrackPointExtension>
     </extensions>
   </trkpt>
   <trkpt lat="-2.6224550" lon="-43.0514420">
    <ele>9.8</ele>
    <time>2026-06-16T11:47:08Z</time>
     <extensions>
      <gpxtpx:TrackPointExtension>
       <gpxtpx:hr>132</gpxtpx:hr>
      </gpxtpx:TrackPointExtension>
     </extensions>
   </trkpt>
   <trkpt lat="-2.6224380" lon="-43.0514540">
    <ele>10.2</ele>
    <time>2026-06-16T11:47:13Z</time>
     <extensions>
      <gpxtpx:TrackPointExtension>
       <gpxtpx:hr>129</gpxtpx:hr>
      </gpxtpx:TrackPointExtension>
     </extensions>
   </trkpt>
   <trkpt lat="-2.6224200" lon="-43.0514650">
    <ele>10.6</ele>
    <time>2026-06-16T11:47:18Z</time>
     <extensions>
      <gpxtpx:TrackPointExtension>
       <gpxtpx:hr>129</gpxtpx:hr>
      </gpxtpx:TrackPointExtension>
     </extensions>
   </trkpt>
   <trkpt lat="-2.6224020" lon="-43.0514720">
    <ele>11.0</ele>
    <time>2026-06-16T11:47:23Z</time>
     <extensions>
      <gpxtpx:TrackPointExtension>
       <gpxtpx:hr>131</gpxtpx:hr>
      </gpxtpx:TrackPointExtension>
     </extensions>
   </trkpt>
   <trkpt lat="-2.6223880" lon="-43.0514630">
    <ele>11.2</ele>
    <time>2026-06-16T11:47:28Z</time>
     <extensions>
      <gpxtpx:TrackPointExtension>
       <gpxtpx:hr>131</gpxtpx:hr>
      </gpxtpx:TrackPointExtension>
     </extensions>
   </trkpt>
   <trkpt lat="-2.6223630" lon="-43.0514670">
    <ele>11.6</ele>
    <time>2026-06-16T11:47:33Z</time>
     <extensions>
      <gpxtpx:TrackPointExtension>
       <gpxtpx:hr>132</gpxtpx:hr>
      </gpxtpx:TrackPointExtension>
     </extensions>
   </trkpt>
   <trkpt lat="-2.6223400" lon="-43.0514660">
    <ele>12.2</ele>
    <time>2026-06-16T11:47:38Z</time>
     <extensions>
      <gpxtpx:TrackPointExtension>
       <gpxtpx:hr>138</gpxtpx:hr>
      </gpxtpx:TrackPointExtension>
     </extensions>
   </trkpt>
   <trkpt lat="-2.6223130" lon="-43.0514800">
    <ele>12.8</ele>
    <time>2026-06-16T11:47:43Z</time>
     <extensions>
      <gpxtpx:TrackPointExtension>
       <gpxtpx:hr>138</gpxtpx:hr>
      </gpxtpx:TrackPointExtension>
     </extensions>
   </trkpt>
   <trkpt lat="-2.6222880" lon="-43.0514870">
    <ele>13.4</ele>
    <time>2026-06-16T11:47:48Z</time>
     <extensions>
      <gpxtpx:TrackPointExtension>
       <gpxtpx:hr>136</gpxtpx:hr>
      </gpxtpx:TrackPointExtension>
     </extensions>
   </trkpt>
   <trkpt lat="-2.6222570" lon="-43.0514930">
    <ele>13.8</ele>
    <time>2026-06-16T11:47:53Z</time>
     <extensions>
      <gpxtpx:TrackPointExtension>
       <gpxtpx:hr>136</gpxtpx:hr>
      </gpxtpx:TrackPointExtension>
     </extensions>
   </trkpt>
   <trkpt lat="-2.6222270" lon="-43.0514970">
    <ele>14.0</ele>
    <time>2026-06-16T11:47:58Z</time>
     <extensions>
      <gpxtpx:TrackPointExtension>
       <gpxtpx:hr>132</gpxtpx:hr>
      </gpxtpx:TrackPointExtension>
     </extensions>
   </trkpt>
   <trkpt lat="-2.6222000" lon="-43.0515010">
    <ele>14.0</ele>
    <time>2026-06-16T11:48:03Z</time>
     <extensions>
      <gpxtpx:TrackPointExtension>
       <gpxtpx:hr>135</gpxtpx:hr>
      </gpxtpx:TrackPointExtension>
     </extensions>
   </trkpt>
   <trkpt lat="-2.6221780" lon="-43.0515050">
    <ele>14.0</ele>
    <time>2026-06-16T11:48:08Z</time>
     <extensions>
      <gpxtpx:TrackPointExtension>
       <gpxtpx:hr>135</gpxtpx:hr>
      </gpxtpx:TrackPointExtension>
     </extensions>
   </trkpt>
   <trkpt lat="-2.6221400" lon="-43.0515080">
    <ele>14.4</ele>
    <time>2026-06-16T11:48:13Z</time>
     <extensions>
      <gpxtpx:TrackPointExtension>
       <gpxtpx:hr>129</gpxtpx:hr>
      </gpxtpx:TrackPointExtension>
     </extensions>
   </trkpt>
   <trkpt lat="-2.6221140" lon="-43.0515350">
    <ele>15.2</ele>
    <time>2026-06-16T11:48:18Z</time>
     <extensions>
      <gpxtpx:TrackPointExtension>
       <gpxtpx:hr>129</gpxtpx:hr>
      </gpxtpx:TrackPointExtension>
     </extensions>
   </trkpt>
   <trkpt lat="-2.6220900" lon="-43.0515650">
    <ele>15.8</ele>
    <time>2026-06-16T11:48:23Z</time>
     <extensions>
      <gpxtpx:TrackPointExtension>
       <gpxtpx:hr>129</gpxtpx:hr>
      </gpxtpx:TrackPointExtension>
     </extensions>
   </trkpt>
   <trkpt lat="-2.6220620" lon="-43.0515860">
    <ele>16.4</ele>
    <time>2026-06-16T11:48:28Z</time>
     <extensions>
      <gpxtpx:TrackPointExtension>
       <gpxtpx:hr>138</gpxtpx:hr>
      </gpxtpx:TrackPointExtension>
     </extensions>
   </trkpt>
   <trkpt lat="-2.6220480" lon="-43.0515880">
    <ele>16.8</ele>
    <time>2026-06-16T11:48:33Z</time>
     <extensions>
      <gpxtpx:TrackPointExtension>
       <gpxtpx:hr>130</gpxtpx:hr>
      </gpxtpx:TrackPointExtension>
     </extensions>
   </trkpt>
   <trkpt lat="-2.6220430" lon="-43.0515820">
    <ele>17.0</ele>
    <time>2026-06-16T11:48:38Z</time>
     <extensions>
      <gpxtpx:TrackPointExtension>
       <gpxtpx:hr>130</gpxtpx:hr>
      </gpxtpx:TrackPointExtension>
     </extensions>
   </trkpt>
   <trkpt lat="-2.6220200" lon="-43.0515850">
    <ele>16.8</ele>
    <time>2026-06-16T11:48:43Z</time>
     <extensions>
      <gpxtpx:TrackPointExtension>
       <gpxtpx:hr>130</gpxtpx:hr>
      </gpxtpx:TrackPointExtension>
     </extensions>
   </trkpt>
   <trkpt lat="-2.6219740" lon="-43.0515940">
    <ele>16.4</ele>
    <time>2026-06-16T11:48:48Z</time>
     <extensions>
      <gpxtpx:TrackPointExtension>
       <gpxtpx:hr>120</gpxtpx:hr>
      </gpxtpx:TrackPointExtension>
     </extensions>
   </trkpt>
   <trkpt lat="-2.6219270" lon="-43.0515910">
    <ele>16.4</ele>
    <time>2026-06-16T11:48:53Z</time>
     <extensions>
      <gpxtpx:TrackPointExtension>
       <gpxtpx:hr>120</gpxtpx:hr>
      </gpxtpx:TrackPointExtension>
     </extensions>
   </trkpt>
   <trkpt lat="-2.6218810" lon="-43.0515850">
    <ele>17.0</ele>
    <time>2026-06-16T11:48:58Z</time>
     <extensions>
      <gpxtpx:TrackPointExtension>
       <gpxtpx:hr>132</gpxtpx:hr>
      </gpxtpx:TrackPointExtension>
     </extensions>
   </trkpt>
   <trkpt lat="-2.6218380" lon="-43.0515860">
    <ele>17.6</ele>
    <time>2026-06-16T11:49:03Z</time>
     <extensions>
      <gpxtpx:TrackPointExtension>
       <gpxtpx:hr>132</gpxtpx:hr>
      </gpxtpx:TrackPointExtension>
     </extensions>
   </trkpt>
   <trkpt lat="-2.6218050" lon="-43.0515810">
    <ele>17.6</ele>
    <time>2026-06-16T11:49:08Z</time>
     <extensions>
      <gpxtpx:TrackPointExtension>
       <gpxtpx:hr>126</gpxtpx:hr>
      </gpxtpx:TrackPointExtension>
     </extensions>
   </trkpt>
   <trkpt lat="-2.6217910" lon="-43.0515750">
    <ele>17.4</ele>
    <time>2026-06-16T11:49:13Z</time>
     <extensions>
      <gpxtpx:TrackPointExtension>
       <gpxtpx:hr>128</gpxtpx:hr>
      </gpxtpx:TrackPointExtension>
     </extensions>
   </trkpt>
   <trkpt lat="-2.6217360" lon="-43.0515730">
    <ele>18.2</ele>
    <time>2026-06-16T11:49:18Z</time>
     <extensions>
      <gpxtpx:TrackPointExtension>
       <gpxtpx:hr>128</gpxtpx:hr>
      </gpxtpx:TrackPointExtension>
     </extensions>
   </trkpt>
   <trkpt lat="-2.6216860" lon="-43.0515680">
    <ele>18.8</ele>
    <time>2026-06-16T11:49:23Z</time>
     <extensions>
      <gpxtpx:TrackPointExtension>
       <gpxtpx:hr>126</gpxtpx:hr>
      </gpxtpx:TrackPointExtension>
     </extensions>
   </trkpt>
   <trkpt lat="-2.6216500" lon="-43.0515700">
    <ele>18.8</ele>
    <time>2026-06-16T11:49:28Z</time>
     <extensions>
      <gpxtpx:TrackPointExtension>
       <gpxtpx:hr>126</gpxtpx:hr>
      </gpxtpx:TrackPointExtension>
     </extensions>
   </trkpt>
   <trkpt lat="-2.6216160" lon="-43.0515690">
    <ele>19.0</ele>
    <time>2026-06-16T11:49:33Z</time>
     <extensions>
      <gpxtpx:TrackPointExtension>
       <gpxtpx:hr>131</gpxtpx:hr>
      </gpxtpx:TrackPointExtension>
     </extensions>
   </trkpt>
   <trkpt lat="-2.6215780" lon="-43.0515740">
    <ele>19.2</ele>
    <time>2026-06-16T11:49:38Z</time>
     <extensions>
      <gpxtpx:TrackPointExtension>
       <gpxtpx:hr>128</gpxtpx:hr>
      </gpxtpx:TrackPointExtension>
     </extensions>
   </trkpt>
   <trkpt lat="-2.6215270" lon="-43.0515850">
    <ele>19.6</ele>
    <time>2026-06-16T11:49:43Z</time>
     <extensions>
      <gpxtpx:TrackPointExtension>
       <gpxtpx:hr>124</gpxtpx:hr>
      </gpxtpx:TrackPointExtension>
     </extensions>
   </trkpt>
   <trkpt lat="-2.6214800" lon="-43.0515860">
    <ele>20.0</ele>
    <time>2026-06-16T11:49:48Z</time>
     <extensions>
      <gpxtpx:TrackPointExtension>
       <gpxtpx:hr>124</gpxtpx:hr>
      </gpxtpx:TrackPointExtension>
     </extensions>
   </trkpt>
   <trkpt lat="-2.6214370" lon="-43.0515870">
    <ele>20.0</ele>
    <time>2026-06-16T11:49:53Z</time>
     <extensions>
      <gpxtpx:TrackPointExtension>
       <gpxtpx:hr>128</gpxtpx:hr>
      </gpxtpx:TrackPointExtension>
     </extensions>
   </trkpt>
   <trkpt lat="-2.6214030" lon="-43.0515910">
    <ele>20.2</ele>
    <time>2026-06-16T11:49:58Z</time>
     <extensions>
      <gpxtpx:TrackPointExtension>
       <gpxtpx:hr>125</gpxtpx:hr>
      </gpxtpx:TrackPointExtension>
     </extensions>
   </trkpt>
   <trkpt lat="-2.6213520" lon="-43.0515930">
    <ele>20.4</ele>
    <time>2026-06-16T11:50:03Z</time>
     <extensions>
      <gpxtpx:TrackPointExtension>
       <gpxtpx:hr>123</gpxtpx:hr>
      </gpxtpx:TrackPointExtension>
     </extensions>
   </trkpt>
   <trkpt lat="-2.6213130" lon="-43.0515900">
    <ele>20.8</ele>
    <time>2026-06-16T11:50:08Z</time>
     <extensions>
      <gpxtpx:TrackPointExtension>
       <gpxtpx:hr>123</gpxtpx:hr>
      </gpxtpx:TrackPointExtension>
     </extensions>
   </trkpt>
   <trkpt lat="-2.6212610" lon="-43.0516050">
    <ele>21.2</ele>
    <time>2026-06-16T11:50:13Z</time>
     <extensions>
      <gpxtpx:TrackPointExtension>
       <gpxtpx:hr>124</gpxtpx:hr>
      </gpxtpx:TrackPointExtension>
     </extensions>
   </trkpt>
   <trkpt lat="-2.6212250" lon="-43.0516230">
    <ele>21.2</ele>
    <time>2026-06-16T11:50:18Z</time>
     <extensions>
      <gpxtpx:TrackPointExtension>
       <gpxtpx:hr>124</gpxtpx:hr>
      </gpxtpx:TrackPointExtension>
     </extensions>
   </trkpt>
   <trkpt lat="-2.6211890" lon="-43.0516480">
    <ele>21.4</ele>
    <time>2026-06-16T11:50:23Z</time>
     <extensions>
      <gpxtpx:TrackPointExtension>
       <gpxtpx:hr>128</gpxtpx:hr>
      </gpxtpx:TrackPointExtension>
     </extensions>
   </trkpt>
   <trkpt lat="-2.6211520" lon="-43.0516840">
    <ele>21.4</ele>
    <time>2026-06-16T11:50:28Z</time>
     <extensions>
      <gpxtpx:TrackPointExtension>
       <gpxtpx:hr>126</gpxtpx:hr>
      </gpxtpx:TrackPointExtension>
     </extensions>
   </trkpt>
   <trkpt lat="-2.6211330" lon="-43.0517260">
    <ele>21.6</ele>
    <time>2026-06-16T11:50:33Z</time>
     <extensions>
      <gpxtpx:TrackPointExtension>
       <gpxtpx:hr>124</gpxtpx:hr>
      </gpxtpx:TrackPointExtension>
     </extensions>
   </trkpt>
   <trkpt lat="-2.6211020" lon="-43.0517720">
    <ele>21.6</ele>
    <time>2026-06-16T11:50:38Z</time>
     <extensions>
      <gpxtpx:TrackPointExtension>
       <gpxtpx:hr>124</gpxtpx:hr>
      </gpxtpx:TrackPointExtension>
     </extensions>
   </trkpt>
   <trkpt lat="-2.6210800" lon="-43.0518150">
    <ele>21.6</ele>
    <time>2026-06-16T11:50:43Z</time>
     <extensions>
      <gpxtpx:TrackPointExtension>
       <gpxtpx:hr>131</gpxtpx:hr>
      </gpxtpx:TrackPointExtension>
     </extensions>
   </trkpt>
   <trkpt lat="-2.6210580" lon="-43.0518630">
    <ele>21.8</ele>
    <time>2026-06-16T11:50:48Z</time>
     <extensions>
      <gpxtpx:TrackPointExtension>
       <gpxtpx:hr>128</gpxtpx:hr>
      </gpxtpx:TrackPointExtension>
     </extensions>
   </trkpt>
   <trkpt lat="-2.6210440" lon="-43.0519070">
    <ele>21.6</ele>
    <time>2026-06-16T11:50:53Z</time>
     <extensions>
      <gpxtpx:TrackPointExtension>
       <gpxtpx:hr>128</gpxtpx:hr>
      </gpxtpx:TrackPointExtension>
     </extensions>
   </trkpt>
   <trkpt lat="-2.6210240" lon="-43.0519470">
    <ele>21.4</ele>
    <time>2026-06-16T11:50:58Z</time>
     <extensions>
      <gpxtpx:TrackPointExtension>
       <gpxtpx:hr>123</gpxtpx:hr>
      </gpxtpx:TrackPointExtension>
     </extensions>
   </trkpt>
   <trkpt lat="-2.6210180" lon="-43.0519590">
    <ele>21.0</ele>
    <time>2026-06-16T11:51:03Z</time>
     <extensions>
      <gpxtpx:TrackPointExtension>
       <gpxtpx:hr>123</gpxtpx:hr>
      </gpxtpx:TrackPointExtension>
     </extensions>
   </trkpt>
   <trkpt lat="-2.6210270" lon="-43.0519640">
    <ele>20.6</ele>
    <time>2026-06-16T11:51:08Z</time>
     <extensions>
      <gpxtpx:TrackPointExtension>
       <gpxtpx:hr>117</gpxtpx:hr>
      </gpxtpx:TrackPointExtension>
     </extensions>
   </trkpt>
   <trkpt lat="-2.6210440" lon="-43.0519780">
    <ele>20.8</ele>
    <time>2026-06-16T11:51:13Z</time>
     <extensions>
      <gpxtpx:TrackPointExtension>
       <gpxtpx:hr>113</gpxtpx:hr>
      </gpxtpx:TrackPointExtension>
     </extensions>
   </trkpt>
   <trkpt lat="-2.6210610" lon="-43.0519970">
    <ele>21.0</ele>
    <time>2026-06-16T11:51:18Z</time>
     <extensions>
      <gpxtpx:TrackPointExtension>
       <gpxtpx:hr>113</gpxtpx:hr>
      </gpxtpx:TrackPointExtension>
     </extensions>
   </trkpt>
   <trkpt lat="-2.6210730" lon="-43.0520100">
    <ele>21.0</ele>
    <time>2026-06-16T11:51:23Z</time>
     <extensions>
      <gpxtpx:TrackPointExtension>
       <gpxtpx:hr>121</gpxtpx:hr>
      </gpxtpx:TrackPointExtension>
     </extensions>
   </trkpt>
   <trkpt lat="-2.6210770" lon="-43.0520130">
    <ele>21.0</ele>
    <time>2026-06-16T11:51:28Z</time>
     <extensions>
      <gpxtpx:TrackPointExtension>
       <gpxtpx:hr>109</gpxtpx:hr>
      </gpxtpx:TrackPointExtension>
     </extensions>
   </trkpt>
   <trkpt lat="-2.6210770" lon="-43.0520150">
    <ele>21.0</ele>
    <time>2026-06-16T11:51:33Z</time>
     <extensions>
      <gpxtpx:TrackPointExtension>
       <gpxtpx:hr>110</gpxtpx:hr>
      </gpxtpx:TrackPointExtension>
     </extensions>
   </trkpt>
   <trkpt lat="-2.6210760" lon="-43.0520180">
    <ele>21.2</ele>
    <time>2026-06-16T11:51:38Z</time>
     <extensions>
      <gpxtpx:TrackPointExtension>
       <gpxtpx:hr>112</gpxtpx:hr>
      </gpxtpx:TrackPointExtension>
     </extensions>
   </trkpt>
   <trkpt lat="-2.6210780" lon="-43.0520190">
    <ele>21.2</ele>
    <time>2026-06-16T11:51:43Z</time>
     <extensions>
      <gpxtpx:TrackPointExtension>
       <gpxtpx:hr>112</gpxtpx:hr>
      </gpxtpx:TrackPointExtension>
     </extensions>
   </trkpt>
   <trkpt lat="-2.6210810" lon="-43.0520190">
    <ele>21.0</ele>
    <time>2026-06-16T11:51:48Z</time>
     <extensions>
      <gpxtpx:TrackPointExtension>
       <gpxtpx:hr>109</gpxtpx:hr>
      </gpxtpx:TrackPointExtension>
     </extensions>
   </trkpt>
   <trkpt lat="-2.6210830" lon="-43.0520180">
    <ele>20.8</ele>
    <time>2026-06-16T11:51:53Z</time>
     <extensions>
      <gpxtpx:TrackPointExtension>
       <gpxtpx:hr>109</gpxtpx:hr>
      </gpxtpx:TrackPointExtension>
     </extensions>
   </trkpt>
   <trkpt lat="-2.6210850" lon="-43.0520170">
    <ele>20.6</ele>
    <time>2026-06-16T11:51:58Z</time>
     <extensions>
      <gpxtpx:TrackPointExtension>
       <gpxtpx:hr>114</gpxtpx:hr>
      </gpxtpx:TrackPointExtension>
     </extensions>
   </trkpt>
   <trkpt lat="-2.6210870" lon="-43.0520160">
    <ele>20.6</ele>
    <time>2026-06-16T11:52:03Z</time>
     <extensions>
      <gpxtpx:TrackPointExtension>
       <gpxtpx:hr>111</gpxtpx:hr>
      </gpxtpx:TrackPointExtension>
     </extensions>
   </trkpt>
   <trkpt lat="-2.6210900" lon="-43.0520160">
    <ele>20.6</ele>
    <time>2026-06-16T11:52:08Z</time>
     <extensions>
      <gpxtpx:TrackPointExtension>
       <gpxtpx:hr>111</gpxtpx:hr>
      </gpxtpx:TrackPointExtension>
     </extensions>
   </trkpt>
   <trkpt lat="-2.6210910" lon="-43.0520160">
    <ele>20.6</ele>
    <time>2026-06-16T11:52:13Z</time>
     <extensions>
      <gpxtpx:TrackPointExtension>
       <gpxtpx:hr>103</gpxtpx:hr>
      </gpxtpx:TrackPointExtension>
     </extensions>
   </trkpt>
   <trkpt lat="-2.6210950" lon="-43.0520170">
    <ele>20.4</ele>
    <time>2026-06-16T11:52:18Z</time>
     <extensions>
      <gpxtpx:TrackPointExtension>
       <gpxtpx:hr>100</gpxtpx:hr>
      </gpxtpx:TrackPointExtension>
     </extensions>
   </trkpt>
   <trkpt lat="-2.6210950" lon="-43.0520170">
    <ele>20.6</ele>
    <time>2026-06-16T11:52:23Z</time>
     <extensions>
      <gpxtpx:TrackPointExtension>
       <gpxtpx:hr>104</gpxtpx:hr>
      </gpxtpx:TrackPointExtension>
     </extensions>
   </trkpt>
   <trkpt lat="-2.6210960" lon="-43.0520170">
    <ele>20.6</ele>
    <time>2026-06-16T11:52:28Z</time>
     <extensions>
      <gpxtpx:TrackPointExtension>
       <gpxtpx:hr>104</gpxtpx:hr>
      </gpxtpx:TrackPointExtension>
     </extensions>
   </trkpt>
   <trkpt lat="-2.6210960" lon="-43.0520170">
    <ele>20.6</ele>
    <time>2026-06-16T11:52:33Z</time>
     <extensions>
      <gpxtpx:TrackPointExtension>
       <gpxtpx:hr>104</gpxtpx:hr>
      </gpxtpx:TrackPointExtension>
     </extensions>
   </trkpt>
   <trkpt lat="-2.6210950" lon="-43.0520170">
    <ele>20.6</ele>
    <time>2026-06-16T11:52:38Z</time>
     <extensions>
      <gpxtpx:TrackPointExtension>
       <gpxtpx:hr>104</gpxtpx:hr>
      </gpxtpx:TrackPointExtension>
     </extensions>
   </trkpt>
   <trkpt lat="-2.6210940" lon="-43.0520180">
    <ele>20.6</ele>
    <time>2026-06-16T11:52:43Z</time>
     <extensions>
      <gpxtpx:TrackPointExtension>
       <gpxtpx:hr>104</gpxtpx:hr>
      </gpxtpx:TrackPointExtension>
     </extensions>
   </trkpt>
   <trkpt lat="-2.6210900" lon="-43.0520190">
    <ele>21.0</ele>
    <time>2026-06-16T11:52:48Z</time>
     <extensions>
      <gpxtpx:TrackPointExtension>
       <gpxtpx:hr>103</gpxtpx:hr>
      </gpxtpx:TrackPointExtension>
     </extensions>
   </trkpt>
   <trkpt lat="-2.6210850" lon="-43.0520200">
    <ele>21.4</ele>
    <time>2026-06-16T11:52:53Z</time>
     <extensions>
      <gpxtpx:TrackPointExtension>
       <gpxtpx:hr>112</gpxtpx:hr>
      </gpxtpx:TrackPointExtension>
     </extensions>
   </trkpt>
   <trkpt lat="-2.6210770" lon="-43.0520220">
    <ele>21.6</ele>
    <time>2026-06-16T11:52:58Z</time>
     <extensions>
      <gpxtpx:TrackPointExtension>
       <gpxtpx:hr>112</gpxtpx:hr>
      </gpxtpx:TrackPointExtension>
     </extensions>
   </trkpt>
   <trkpt lat="-2.6210720" lon="-43.0520250">
    <ele>21.6</ele>
    <time>2026-06-16T11:53:03Z</time>
     <extensions>
      <gpxtpx:TrackPointExtension>
       <gpxtpx:hr>108</gpxtpx:hr>
      </gpxtpx:TrackPointExtension>
     </extensions>
   </trkpt>
   <trkpt lat="-2.6210720" lon="-43.0520260">
    <ele>21.4</ele>
    <time>2026-06-16T11:53:08Z</time>
     <extensions>
      <gpxtpx:TrackPointExtension>
       <gpxtpx:hr>104</gpxtpx:hr>
      </gpxtpx:TrackPointExtension>
     </extensions>
   </trkpt>
   <trkpt lat="-2.6210780" lon="-43.0520290">
    <ele>21.2</ele>
    <time>2026-06-16T11:53:13Z</time>
     <extensions>
      <gpxtpx:TrackPointExtension>
       <gpxtpx:hr>113</gpxtpx:hr>
      </gpxtpx:TrackPointExtension>
     </extensions>
   </trkpt>
   <trkpt lat="-2.6210780" lon="-43.0520310">
    <ele>21.2</ele>
    <time>2026-06-16T11:53:18Z</time>
     <extensions>
      <gpxtpx:TrackPointExtension>
       <gpxtpx:hr>113</gpxtpx:hr>
      </gpxtpx:TrackPointExtension>
     </extensions>
   </trkpt>
   <trkpt lat="-2.6210790" lon="-43.0520320">
    <ele>21.6</ele>
    <time>2026-06-16T11:53:23Z</time>
     <extensions>
      <gpxtpx:TrackPointExtension>
       <gpxtpx:hr>119</gpxtpx:hr>
      </gpxtpx:TrackPointExtension>
     </extensions>
   </trkpt>
   <trkpt lat="-2.6210790" lon="-43.0520310">
    <ele>22.4</ele>
    <time>2026-06-16T11:53:28Z</time>
     <extensions>
      <gpxtpx:TrackPointExtension>
       <gpxtpx:hr>120</gpxtpx:hr>
      </gpxtpx:TrackPointExtension>
     </extensions>
   </trkpt>
   <trkpt lat="-2.6210780" lon="-43.0520290">
    <ele>23.0</ele>
    <time>2026-06-16T11:53:33Z</time>
     <extensions>
      <gpxtpx:TrackPointExtension>
       <gpxtpx:hr>117</gpxtpx:hr>
      </gpxtpx:TrackPointExtension>
     </extensions>
   </trkpt>
   <trkpt lat="-2.6210740" lon="-43.0520240">
    <ele>22.8</ele>
    <time>2026-06-16T11:53:38Z</time>
     <extensions>
      <gpxtpx:TrackPointExtension>
       <gpxtpx:hr>117</gpxtpx:hr>
      </gpxtpx:TrackPointExtension>
     </extensions>
   </trkpt>
   <trkpt lat="-2.6210600" lon="-43.0520020">
    <ele>22.2</ele>
    <time>2026-06-16T11:53:43Z</time>
     <extensions>
      <gpxtpx:TrackPointExtension>
       <gpxtpx:hr>108</gpxtpx:hr>
      </gpxtpx:TrackPointExtension>
     </extensions>
   </trkpt>
   <trkpt lat="-2.6210590" lon="-43.0519970">
    <ele>22.0</ele>
    <time>2026-06-16T11:53:48Z</time>
     <extensions>
      <gpxtpx:TrackPointExtension>
       <gpxtpx:hr>120</gpxtpx:hr>
      </gpxtpx:TrackPointExtension>
     </extensions>
   </trkpt>
   <trkpt lat="-2.6210650" lon="-43.0520000">
    <ele>22.0</ele>
    <time>2026-06-16T11:53:53Z</time>
     <extensions>
      <gpxtpx:TrackPointExtension>
       <gpxtpx:hr>129</gpxtpx:hr>
      </gpxtpx:TrackPointExtension>
     </extensions>
   </trkpt>
   <trkpt lat="-2.6210690" lon="-43.0520080">
    <ele>22.2</ele>
    <time>2026-06-16T11:53:58Z</time>
     <extensions>
      <gpxtpx:TrackPointExtension>
       <gpxtpx:hr>121</gpxtpx:hr>
      </gpxtpx:TrackPointExtension>
     </extensions>
   </trkpt>
   <trkpt lat="-2.6210610" lon="-43.0520220">
    <ele>22.2</ele>
    <time>2026-06-16T11:54:03Z</time>
     <extensions>
      <gpxtpx:TrackPointExtension>
       <gpxtpx:hr>121</gpxtpx:hr>
      </gpxtpx:TrackPointExtension>
     </extensions>
   </trkpt>
   <trkpt lat="-2.6210530" lon="-43.0520250">
    <ele>22.4</ele>
    <time>2026-06-16T11:54:08Z</time>
     <extensions>
      <gpxtpx:TrackPointExtension>
       <gpxtpx:hr>124</gpxtpx:hr>
      </gpxtpx:TrackPointExtension>
     </extensions>
   </trkpt>
   <trkpt lat="-2.6210450" lon="-43.0520210">
    <ele>22.2</ele>
    <time>2026-06-16T11:54:13Z</time>
     <extensions>
      <gpxtpx:TrackPointExtension>
       <gpxtpx:hr>124</gpxtpx:hr>
      </gpxtpx:TrackPointExtension>
     </extensions>
   </trkpt>
   <trkpt lat="-2.6210410" lon="-43.0520200">
    <ele>22.2</ele>
    <time>2026-06-16T11:54:18Z</time>
     <extensions>
      <gpxtpx:TrackPointExtension>
       <gpxtpx:hr>129</gpxtpx:hr>
      </gpxtpx:TrackPointExtension>
     </extensions>
   </trkpt>
   <trkpt lat="-2.6210380" lon="-43.0520170">
    <ele>21.8</ele>
    <time>2026-06-16T11:54:23Z</time>
     <extensions>
      <gpxtpx:TrackPointExtension>
       <gpxtpx:hr>132</gpxtpx:hr>
      </gpxtpx:TrackPointExtension>
     </extensions>
   </trkpt>
   <trkpt lat="-2.6210390" lon="-43.0520180">
    <ele>21.8</ele>
    <time>2026-06-16T11:54:28Z</time>
     <extensions>
      <gpxtpx:TrackPointExtension>
       <gpxtpx:hr>132</gpxtpx:hr>
      </gpxtpx:TrackPointExtension>
     </extensions>
   </trkpt>
   <trkpt lat="-2.6210380" lon="-43.0520180">
    <ele>22.2</ele>
    <time>2026-06-16T11:54:33Z</time>
     <extensions>
      <gpxtpx:TrackPointExtension>
       <gpxtpx:hr>119</gpxtpx:hr>
      </gpxtpx:TrackPointExtension>
     </extensions>
   </trkpt>
   <trkpt lat="-2.6210380" lon="-43.0520170">
    <ele>22.2</ele>
    <time>2026-06-16T11:54:38Z</time>
     <extensions>
      <gpxtpx:TrackPointExtension>
       <gpxtpx:hr>119</gpxtpx:hr>
      </gpxtpx:TrackPointExtension>
     </extensions>
   </trkpt>
   <trkpt lat="-2.6210380" lon="-43.0520150">
    <ele>22.2</ele>
    <time>2026-06-16T11:54:43Z</time>
     <extensions>
      <gpxtpx:TrackPointExtension>
       <gpxtpx:hr>119</gpxtpx:hr>
      </gpxtpx:TrackPointExtension>
     </extensions>
   </trkpt>
   <trkpt lat="-2.6210400" lon="-43.0520140">
    <ele>22.2</ele>
    <time>2026-06-16T11:54:48Z</time>
     <extensions>
      <gpxtpx:TrackPointExtension>
       <gpxtpx:hr>119</gpxtpx:hr>
      </gpxtpx:TrackPointExtension>
     </extensions>
   </trkpt>
   <trkpt lat="-2.6210430" lon="-43.0520100">
    <ele>22.2</ele>
    <time>2026-06-16T11:54:53Z</time>
     <extensions>
      <gpxtpx:TrackPointExtension>
       <gpxtpx:hr>113</gpxtpx:hr>
      </gpxtpx:TrackPointExtension>
     </extensions>
   </trkpt>
   <trkpt lat="-2.6210450" lon="-43.0520070">
    <ele>22.0</ele>
    <time>2026-06-16T11:54:58Z</time>
     <extensions>
      <gpxtpx:TrackPointExtension>
       <gpxtpx:hr>113</gpxtpx:hr>
      </gpxtpx:TrackPointExtension>
     </extensions>
   </trkpt>
   <trkpt lat="-2.6210330" lon="-43.0520200">
    <ele>22.0</ele>
    <time>2026-06-16T11:55:03Z</time>
     <extensions>
      <gpxtpx:TrackPointExtension>
       <gpxtpx:hr>114</gpxtpx:hr>
      </gpxtpx:TrackPointExtension>
     </extensions>
   </trkpt>
   <trkpt lat="-2.6210110" lon="-43.0520430">
    <ele>21.8</ele>
    <time>2026-06-16T11:55:08Z</time>
     <extensions>
      <gpxtpx:TrackPointExtension>
       <gpxtpx:hr>116</gpxtpx:hr>
      </gpxtpx:TrackPointExtension>
     </extensions>
   </trkpt>
   <trkpt lat="-2.6209910" lon="-43.0520740">
    <ele>23.2</ele>
    <time>2026-06-16T11:55:13Z</time>
     <extensions>
      <gpxtpx:TrackPointExtension>
       <gpxtpx:hr>115</gpxtpx:hr>
      </gpxtpx:TrackPointExtension>
     </extensions>
   </trkpt>
   <trkpt lat="-2.6209740" lon="-43.0520920">
    <ele>27.8</ele>
    <time>2026-06-16T11:55:18Z</time>
     <extensions>
      <gpxtpx:TrackPointExtension>
       <gpxtpx:hr>115</gpxtpx:hr>
      </gpxtpx:TrackPointExtension>
     </extensions>
   </trkpt>
   <trkpt lat="-2.6209720" lon="-43.0520920">
    <ele>32.2</ele>
    <time>2026-06-16T11:55:23Z</time>
     <extensions>
      <gpxtpx:TrackPointExtension>
       <gpxtpx:hr>105</gpxtpx:hr>
      </gpxtpx:TrackPointExtension>
     </extensions>
   </trkpt>
   <trkpt lat="-2.6209770" lon="-43.0520910">
    <ele>34.8</ele>
    <time>2026-06-16T11:55:28Z</time>
     <extensions>
      <gpxtpx:TrackPointExtension>
       <gpxtpx:hr>101</gpxtpx:hr>
      </gpxtpx:TrackPointExtension>
     </extensions>
   </trkpt>
   <trkpt lat="-2.6209730" lon="-43.0520960">
    <ele>36.2</ele>
    <time>2026-06-16T11:55:33Z</time>
     <extensions>
      <gpxtpx:TrackPointExtension>
       <gpxtpx:hr>105</gpxtpx:hr>
      </gpxtpx:TrackPointExtension>
     </extensions>
   </trkpt>
   <trkpt lat="-2.6209700" lon="-43.0520990">
    <ele>36.8</ele>
    <time>2026-06-16T11:55:38Z</time>
     <extensions>
      <gpxtpx:TrackPointExtension>
       <gpxtpx:hr>105</gpxtpx:hr>
      </gpxtpx:TrackPointExtension>
     </extensions>
   </trkpt>
   <trkpt lat="-2.6209710" lon="-43.0520980">
    <ele>36.6</ele>
    <time>2026-06-16T11:55:43Z</time>
     <extensions>
      <gpxtpx:TrackPointExtension>
       <gpxtpx:hr>114</gpxtpx:hr>
      </gpxtpx:TrackPointExtension>
     </extensions>
   </trkpt>
   <trkpt lat="-2.6209730" lon="-43.0520950">
    <ele>35.8</ele>
    <time>2026-06-16T11:55:48Z</time>
     <extensions>
      <gpxtpx:TrackPointExtension>
       <gpxtpx:hr>113</gpxtpx:hr>
      </gpxtpx:TrackPointExtension>
     </extensions>
   </trkpt>
   <trkpt lat="-2.6209740" lon="-43.0520930">
    <ele>33.2</ele>
    <time>2026-06-16T11:55:53Z</time>
     <extensions>
      <gpxtpx:TrackPointExtension>
       <gpxtpx:hr>113</gpxtpx:hr>
      </gpxtpx:TrackPointExtension>
     </extensions>
   </trkpt>
   <trkpt lat="-2.6209740" lon="-43.0520920">
    <ele>30.4</ele>
    <time>2026-06-16T12:01:06Z</time>
     <extensions>
      <gpxtpx:TrackPointExtension>
       <gpxtpx:hr>115</gpxtpx:hr>
      </gpxtpx:TrackPointExtension>
     </extensions>
   </trkpt>
   <trkpt lat="-2.6209590" lon="-43.0520850">
    <ele>36.0</ele>
    <time>2026-06-16T12:01:12Z</time>
     <extensions>
      <gpxtpx:TrackPointExtension>
       <gpxtpx:hr>115</gpxtpx:hr>
      </gpxtpx:TrackPointExtension>
     </extensions>
   </trkpt>
   <trkpt lat="-2.6209590" lon="-43.0520850">
    <ele>32.0</ele>
    <time>2026-06-16T12:01:17Z</time>
     <extensions>
      <gpxtpx:TrackPointExtension>
       <gpxtpx:hr>109</gpxtpx:hr>
      </gpxtpx:TrackPointExtension>
     </extensions>
   </trkpt>
   <trkpt lat="-2.6209610" lon="-43.0520900">
    <ele>31.2</ele>
    <time>2026-06-16T12:01:23Z</time>
     <extensions>
      <gpxtpx:TrackPointExtension>
       <gpxtpx:hr>117</gpxtpx:hr>
      </gpxtpx:TrackPointExtension>
     </extensions>
   </trkpt>
   <trkpt lat="-2.6209580" lon="-43.0521010">
    <ele>33.2</ele>
    <time>2026-06-16T12:01:28Z</time>
     <extensions>
      <gpxtpx:TrackPointExtension>
       <gpxtpx:hr>117</gpxtpx:hr>
      </gpxtpx:TrackPointExtension>
     </extensions>
   </trkpt>
   <trkpt lat="-2.6209550" lon="-43.0521090">
    <ele>34.4</ele>
    <time>2026-06-16T12:01:33Z</time>
     <extensions>
      <gpxtpx:TrackPointExtension>
       <gpxtpx:hr>117</gpxtpx:hr>
      </gpxtpx:TrackPointExtension>
     </extensions>
   </trkpt>
   <trkpt lat="-2.6209390" lon="-43.0521190">
    <ele>35.6</ele>
    <time>2026-06-16T12:01:38Z</time>
     <extensions>
      <gpxtpx:TrackPointExtension>
       <gpxtpx:hr>124</gpxtpx:hr>
      </gpxtpx:TrackPointExtension>
     </extensions>
   </trkpt>
   <trkpt lat="-2.6209230" lon="-43.0521660">
    <ele>38.2</ele>
    <time>2026-06-16T12:01:43Z</time>
     <extensions>
      <gpxtpx:TrackPointExtension>
       <gpxtpx:hr>126</gpxtpx:hr>
      </gpxtpx:TrackPointExtension>
     </extensions>
   </trkpt>
   <trkpt lat="-2.6209060" lon="-43.0522140">
    <ele>40.6</ele>
    <time>2026-06-16T12:01:48Z</time>
     <extensions>
      <gpxtpx:TrackPointExtension>
       <gpxtpx:hr>131</gpxtpx:hr>
      </gpxtpx:TrackPointExtension>
     </extensions>
   </trkpt>
   <trkpt lat="-2.6208840" lon="-43.0522580">
    <ele>41.2</ele>
    <time>2026-06-16T12:01:53Z</time>
     <extensions>
      <gpxtpx:TrackPointExtension>
       <gpxtpx:hr>131</gpxtpx:hr>
      </gpxtpx:TrackPointExtension>
     </extensions>
   </trkpt>
   <trkpt lat="-2.6208570" lon="-43.0523050">
    <ele>41.4</ele>
    <time>2026-06-16T12:01:58Z</time>
     <extensions>
      <gpxtpx:TrackPointExtension>
       <gpxtpx:hr>127</gpxtpx:hr>
      </gpxtpx:TrackPointExtension>
     </extensions>
   </trkpt>
   <trkpt lat="-2.6208290" lon="-43.0523500">
    <ele>41.6</ele>
    <time>2026-06-16T12:02:03Z</time>
     <extensions>
      <gpxtpx:TrackPointExtension>
       <gpxtpx:hr>126</gpxtpx:hr>
      </gpxtpx:TrackPointExtension>
     </extensions>
   </trkpt>
   <trkpt lat="-2.6208020" lon="-43.0523930">
    <ele>41.6</ele>
    <time>2026-06-16T12:02:08Z</time>
     <extensions>
      <gpxtpx:TrackPointExtension>
       <gpxtpx:hr>125</gpxtpx:hr>
      </gpxtpx:TrackPointExtension>
     </extensions>
   </trkpt>
   <trkpt lat="-2.6207750" lon="-43.0524380">
    <ele>41.4</ele>
    <time>2026-06-16T12:02:13Z</time>
     <extensions>
      <gpxtpx:TrackPointExtension>
       <gpxtpx:hr>130</gpxtpx:hr>
      </gpxtpx:TrackPointExtension>
     </extensions>
   </trkpt>
   <trkpt lat="-2.6207490" lon="-43.0524900">
    <ele>41.0</ele>
    <time>2026-06-16T12:02:19Z</time>
     <extensions>
      <gpxtpx:TrackPointExtension>
       <gpxtpx:hr>132</gpxtpx:hr>
      </gpxtpx:TrackPointExtension>
     </extensions>
   </trkpt>
   <trkpt lat="-2.6207150" lon="-43.0525400">
    <ele>40.2</ele>
    <time>2026-06-16T12:02:24Z</time>
     <extensions>
      <gpxtpx:TrackPointExtension>
       <gpxtpx:hr>133</gpxtpx:hr>
      </gpxtpx:TrackPointExtension>
     </extensions>
   </trkpt>
   <trkpt lat="-2.6206940" lon="-43.0525910">
    <ele>39.6</ele>
    <time>2026-06-16T12:02:29Z</time>
     <extensions>
      <gpxtpx:TrackPointExtension>
       <gpxtpx:hr>133</gpxtpx:hr>
      </gpxtpx:TrackPointExtension>
     </extensions>
   </trkpt>
   <trkpt lat="-2.6206760" lon="-43.0526260">
    <ele>39.0</ele>
    <time>2026-06-16T12:02:34Z</time>
     <extensions>
      <gpxtpx:TrackPointExtension>
       <gpxtpx:hr>126</gpxtpx:hr>
      </gpxtpx:TrackPointExtension>
     </extensions>
   </trkpt>
   <trkpt lat="-2.6206540" lon="-43.0526610">
    <ele>38.4</ele>
    <time>2026-06-16T12:02:39Z</time>
     <extensions>
      <gpxtpx:TrackPointExtension>
       <gpxtpx:hr>124</gpxtpx:hr>
      </gpxtpx:TrackPointExtension>
     </extensions>
   </trkpt>
   <trkpt lat="-2.6206360" lon="-43.0526890">
    <ele>37.2</ele>
    <time>2026-06-16T12:02:44Z</time>
     <extensions>
      <gpxtpx:TrackPointExtension>
       <gpxtpx:hr>124</gpxtpx:hr>
      </gpxtpx:TrackPointExtension>
     </extensions>
   </trkpt>
   <trkpt lat="-2.6206150" lon="-43.0527370">
    <ele>36.4</ele>
    <time>2026-06-16T12:02:49Z</time>
     <extensions>
      <gpxtpx:TrackPointExtension>
       <gpxtpx:hr>121</gpxtpx:hr>
      </gpxtpx:TrackPointExtension>
     </extensions>
   </trkpt>
   <trkpt lat="-2.6205900" lon="-43.0527840">
    <ele>36.4</ele>
    <time>2026-06-16T12:02:54Z</time>
     <extensions>
      <gpxtpx:TrackPointExtension>
       <gpxtpx:hr>122</gpxtpx:hr>
      </gpxtpx:TrackPointExtension>
     </extensions>
   </trkpt>
   <trkpt lat="-2.6205720" lon="-43.0528230">
    <ele>36.6</ele>
    <time>2026-06-16T12:02:59Z</time>
     <extensions>
      <gpxtpx:TrackPointExtension>
       <gpxtpx:hr>122</gpxtpx:hr>
      </gpxtpx:TrackPointExtension>
     </extensions>
   </trkpt>
   <trkpt lat="-2.6205890" lon="-43.0528540">
    <ele>36.0</ele>
    <time>2026-06-16T12:03:04Z</time>
     <extensions>
      <gpxtpx:TrackPointExtension>
       <gpxtpx:hr>107</gpxtpx:hr>
      </gpxtpx:TrackPointExtension>
     </extensions>
   </trkpt>
   <trkpt lat="-2.6205970" lon="-43.0528600">
    <ele>35.2</ele>
    <time>2026-06-16T12:03:09Z</time>
     <extensions>
      <gpxtpx:TrackPointExtension>
       <gpxtpx:hr>107</gpxtpx:hr>
      </gpxtpx:TrackPointExtension>
     </extensions>
   </trkpt>
   <trkpt lat="-2.6205930" lon="-43.0528660">
    <ele>35.0</ele>
    <time>2026-06-16T12:03:14Z</time>
     <extensions>
      <gpxtpx:TrackPointExtension>
       <gpxtpx:hr>107</gpxtpx:hr>
      </gpxtpx:TrackPointExtension>
     </extensions>
   </trkpt>
   <trkpt lat="-2.6205890" lon="-43.0528660">
    <ele>35.2</ele>
    <time>2026-06-16T12:03:19Z</time>
     <extensions>
      <gpxtpx:TrackPointExtension>
       <gpxtpx:hr>113</gpxtpx:hr>
      </gpxtpx:TrackPointExtension>
     </extensions>
   </trkpt>
   <trkpt lat="-2.6205890" lon="-43.0528630">
    <ele>35.4</ele>
    <time>2026-06-16T12:03:24Z</time>
     <extensions>
      <gpxtpx:TrackPointExtension>
       <gpxtpx:hr>110</gpxtpx:hr>
      </gpxtpx:TrackPointExtension>
     </extensions>
   </trkpt>
   <trkpt lat="-2.6205940" lon="-43.0528640">
    <ele>35.2</ele>
    <time>2026-06-16T12:03:29Z</time>
     <extensions>
      <gpxtpx:TrackPointExtension>
       <gpxtpx:hr>115</gpxtpx:hr>
      </gpxtpx:TrackPointExtension>
     </extensions>
   </trkpt>
   <trkpt lat="-2.6205930" lon="-43.0528660">
    <ele>35.0</ele>
    <time>2026-06-16T12:03:34Z</time>
     <extensions>
      <gpxtpx:TrackPointExtension>
       <gpxtpx:hr>120</gpxtpx:hr>
      </gpxtpx:TrackPointExtension>
     </extensions>
   </trkpt>
   <trkpt lat="-2.6205950" lon="-43.0528670">
    <ele>34.8</ele>
    <time>2026-06-16T12:03:39Z</time>
     <extensions>
      <gpxtpx:TrackPointExtension>
       <gpxtpx:hr>124</gpxtpx:hr>
      </gpxtpx:TrackPointExtension>
     </extensions>
   </trkpt>
   <trkpt lat="-2.6205950" lon="-43.0528690">
    <ele>34.6</ele>
    <time>2026-06-16T12:03:44Z</time>
     <extensions>
      <gpxtpx:TrackPointExtension>
       <gpxtpx:hr>120</gpxtpx:hr>
      </gpxtpx:TrackPointExtension>
     </extensions>
   </trkpt>
   <trkpt lat="-2.6205920" lon="-43.0528760">
    <ele>34.8</ele>
    <time>2026-06-16T12:03:49Z</time>
     <extensions>
      <gpxtpx:TrackPointExtension>
       <gpxtpx:hr>120</gpxtpx:hr>
      </gpxtpx:TrackPointExtension>
     </extensions>
   </trkpt>
   <trkpt lat="-2.6205730" lon="-43.0529140">
    <ele>35.2</ele>
    <time>2026-06-16T12:03:54Z</time>
     <extensions>
      <gpxtpx:TrackPointExtension>
       <gpxtpx:hr>122</gpxtpx:hr>
      </gpxtpx:TrackPointExtension>
     </extensions>
   </trkpt>
   <trkpt lat="-2.6205300" lon="-43.0529590">
    <ele>35.2</ele>
    <time>2026-06-16T12:03:59Z</time>
     <extensions>
      <gpxtpx:TrackPointExtension>
       <gpxtpx:hr>123</gpxtpx:hr>
      </gpxtpx:TrackPointExtension>
     </extensions>
   </trkpt>
   <trkpt lat="-2.6205050" lon="-43.0529920">
    <ele>35.8</ele>
    <time>2026-06-16T12:04:04Z</time>
     <extensions>
      <gpxtpx:TrackPointExtension>
       <gpxtpx:hr>123</gpxtpx:hr>
      </gpxtpx:TrackPointExtension>
     </extensions>
   </trkpt>
   <trkpt lat="-2.6204820" lon="-43.0530320">
    <ele>37.8</ele>
    <time>2026-06-16T12:04:09Z</time>
     <extensions>
      <gpxtpx:TrackPointExtension>
       <gpxtpx:hr>104</gpxtpx:hr>
      </gpxtpx:TrackPointExtension>
     </extensions>
   </trkpt>
   <trkpt lat="-2.6204620" lon="-43.0530740">
    <ele>39.4</ele>
    <time>2026-06-16T12:04:14Z</time>
     <extensions>
      <gpxtpx:TrackPointExtension>
       <gpxtpx:hr>106</gpxtpx:hr>
      </gpxtpx:TrackPointExtension>
     </extensions>
   </trkpt>
   <trkpt lat="-2.6204500" lon="-43.0531210">
    <ele>39.4</ele>
    <time>2026-06-16T12:04:19Z</time>
     <extensions>
      <gpxtpx:TrackPointExtension>
       <gpxtpx:hr>106</gpxtpx:hr>
      </gpxtpx:TrackPointExtension>
     </extensions>
   </trkpt>
   <trkpt lat="-2.6204470" lon="-43.0531730">
    <ele>38.6</ele>
    <time>2026-06-16T12:04:24Z</time>
     <extensions>
      <gpxtpx:TrackPointExtension>
       <gpxtpx:hr>106</gpxtpx:hr>
      </gpxtpx:TrackPointExtension>
     </extensions>
   </trkpt>
   <trkpt lat="-2.6204520" lon="-43.0532260">
    <ele>37.4</ele>
    <time>2026-06-16T12:04:29Z</time>
     <extensions>
      <gpxtpx:TrackPointExtension>
       <gpxtpx:hr>106</gpxtpx:hr>
      </gpxtpx:TrackPointExtension>
     </extensions>
   </trkpt>
   <trkpt lat="-2.6204630" lon="-43.0532770">
    <ele>36.6</ele>
    <time>2026-06-16T12:04:34Z</time>
     <extensions>
      <gpxtpx:TrackPointExtension>
       <gpxtpx:hr>108</gpxtpx:hr>
      </gpxtpx:TrackPointExtension>
     </extensions>
   </trkpt>
   <trkpt lat="-2.6204790" lon="-43.0533330">
    <ele>35.8</ele>
    <time>2026-06-16T12:04:39Z</time>
     <extensions>
      <gpxtpx:TrackPointExtension>
       <gpxtpx:hr>112</gpxtpx:hr>
      </gpxtpx:TrackPointExtension>
     </extensions>
   </trkpt>
   <trkpt lat="-2.6204960" lon="-43.0533880">
    <ele>35.2</ele>
    <time>2026-06-16T12:04:44Z</time>
     <extensions>
      <gpxtpx:TrackPointExtension>
       <gpxtpx:hr>112</gpxtpx:hr>
      </gpxtpx:TrackPointExtension>
     </extensions>
   </trkpt>
   <trkpt lat="-2.6205170" lon="-43.0534420">
    <ele>34.4</ele>
    <time>2026-06-16T12:04:49Z</time>
     <extensions>
      <gpxtpx:TrackPointExtension>
       <gpxtpx:hr>110</gpxtpx:hr>
      </gpxtpx:TrackPointExtension>
     </extensions>
   </trkpt>
   <trkpt lat="-2.6205370" lon="-43.0534890">
    <ele>33.2</ele>
    <time>2026-06-16T12:04:54Z</time>
     <extensions>
      <gpxtpx:TrackPointExtension>
       <gpxtpx:hr>108</gpxtpx:hr>
      </gpxtpx:TrackPointExtension>
     </extensions>
   </trkpt>
   <trkpt lat="-2.6205270" lon="-43.0535080">
    <ele>30.8</ele>
    <time>2026-06-16T12:04:59Z</time>
     <extensions>
      <gpxtpx:TrackPointExtension>
       <gpxtpx:hr>108</gpxtpx:hr>
      </gpxtpx:TrackPointExtension>
     </extensions>
   </trkpt>
   <trkpt lat="-2.6203940" lon="-43.0534950">
    <ele>3.4</ele>
    <time>2026-06-16T12:49:04Z</time>
     <extensions>
      <gpxtpx:TrackPointExtension>
       <gpxtpx:hr>108</gpxtpx:hr>
      </gpxtpx:TrackPointExtension>
     </extensions>
   </trkpt>
   <trkpt lat="-2.6203520" lon="-43.0535330">
    <ele>2.0</ele>
    <time>2026-06-16T12:49:09Z</time>
     <extensions>
      <gpxtpx:TrackPointExtension>
       <gpxtpx:hr>108</gpxtpx:hr>
      </gpxtpx:TrackPointExtension>
     </extensions>
   </trkpt>
   <trkpt lat="-2.6203060" lon="-43.0535450">
    <ele>1.8</ele>
    <time>2026-06-16T12:49:14Z</time>
     <extensions>
      <gpxtpx:TrackPointExtension>
       <gpxtpx:hr>108</gpxtpx:hr>
      </gpxtpx:TrackPointExtension>
     </extensions>
   </trkpt>
   <trkpt lat="-2.6202600" lon="-43.0535840">
    <ele>1.8</ele>
    <time>2026-06-16T12:49:19Z</time>
     <extensions>
      <gpxtpx:TrackPointExtension>
       <gpxtpx:hr>111</gpxtpx:hr>
      </gpxtpx:TrackPointExtension>
     </extensions>
   </trkpt>
   <trkpt lat="-2.6202340" lon="-43.0536260">
    <ele>1.8</ele>
    <time>2026-06-16T12:49:24Z</time>
     <extensions>
      <gpxtpx:TrackPointExtension>
       <gpxtpx:hr>111</gpxtpx:hr>
      </gpxtpx:TrackPointExtension>
     </extensions>
   </trkpt>
   <trkpt lat="-2.6202180" lon="-43.0536680">
    <ele>2.4</ele>
    <time>2026-06-16T12:49:29Z</time>
     <extensions>
      <gpxtpx:TrackPointExtension>
       <gpxtpx:hr>103</gpxtpx:hr>
      </gpxtpx:TrackPointExtension>
     </extensions>
   </trkpt>
   <trkpt lat="-2.6202080" lon="-43.0537270">
    <ele>3.6</ele>
    <time>2026-06-16T12:49:34Z</time>
     <extensions>
      <gpxtpx:TrackPointExtension>
       <gpxtpx:hr>103</gpxtpx:hr>
      </gpxtpx:TrackPointExtension>
     </extensions>
   </trkpt>
   <trkpt lat="-2.6202200" lon="-43.0537730">
    <ele>4.8</ele>
    <time>2026-06-16T12:49:39Z</time>
     <extensions>
      <gpxtpx:TrackPointExtension>
       <gpxtpx:hr>102</gpxtpx:hr>
      </gpxtpx:TrackPointExtension>
     </extensions>
   </trkpt>
   <trkpt lat="-2.6201940" lon="-43.0537960">
    <ele>5.8</ele>
    <time>2026-06-16T12:49:44Z</time>
     <extensions>
      <gpxtpx:TrackPointExtension>
       <gpxtpx:hr>102</gpxtpx:hr>
      </gpxtpx:TrackPointExtension>
     </extensions>
   </trkpt>
   <trkpt lat="-2.6201600" lon="-43.0538140">
    <ele>6.4</ele>
    <time>2026-06-16T12:49:49Z</time>
     <extensions>
      <gpxtpx:TrackPointExtension>
       <gpxtpx:hr>102</gpxtpx:hr>
      </gpxtpx:TrackPointExtension>
     </extensions>
   </trkpt>
   <trkpt lat="-2.6201260" lon="-43.0538370">
    <ele>7.0</ele>
    <time>2026-06-16T12:49:54Z</time>
     <extensions>
      <gpxtpx:TrackPointExtension>
       <gpxtpx:hr>97</gpxtpx:hr>
      </gpxtpx:TrackPointExtension>
     </extensions>
   </trkpt>
   <trkpt lat="-2.6200920" lon="-43.0538520">
    <ele>7.6</ele>
    <time>2026-06-16T12:49:59Z</time>
     <extensions>
      <gpxtpx:TrackPointExtension>
       <gpxtpx:hr>97</gpxtpx:hr>
      </gpxtpx:TrackPointExtension>
     </extensions>
   </trkpt>
   <trkpt lat="-2.6200580" lon="-43.0538550">
    <ele>8.2</ele>
    <time>2026-06-16T12:50:04Z</time>
     <extensions>
      <gpxtpx:TrackPointExtension>
       <gpxtpx:hr>100</gpxtpx:hr>
      </gpxtpx:TrackPointExtension>
     </extensions>
   </trkpt>
   <trkpt lat="-2.6200320" lon="-43.0538620">
    <ele>8.8</ele>
    <time>2026-06-16T12:50:09Z</time>
     <extensions>
      <gpxtpx:TrackPointExtension>
       <gpxtpx:hr>102</gpxtpx:hr>
      </gpxtpx:TrackPointExtension>
     </extensions>
   </trkpt>
   <trkpt lat="-2.6200050" lon="-43.0538700">
    <ele>9.6</ele>
    <time>2026-06-16T12:50:14Z</time>
     <extensions>
      <gpxtpx:TrackPointExtension>
       <gpxtpx:hr>108</gpxtpx:hr>
      </gpxtpx:TrackPointExtension>
     </extensions>
   </trkpt>
   <trkpt lat="-2.6199850" lon="-43.0538800">
    <ele>10.4</ele>
    <time>2026-06-16T12:50:19Z</time>
     <extensions>
      <gpxtpx:TrackPointExtension>
       <gpxtpx:hr>108</gpxtpx:hr>
      </gpxtpx:TrackPointExtension>
     </extensions>
   </trkpt>
   <trkpt lat="-2.6199690" lon="-43.0538890">
    <ele>11.2</ele>
    <time>2026-06-16T12:50:24Z</time>
     <extensions>
      <gpxtpx:TrackPointExtension>
       <gpxtpx:hr>118</gpxtpx:hr>
      </gpxtpx:TrackPointExtension>
     </extensions>
   </trkpt>
   <trkpt lat="-2.6199610" lon="-43.0538990">
    <ele>12.2</ele>
    <time>2026-06-16T12:50:29Z</time>
     <extensions>
      <gpxtpx:TrackPointExtension>
       <gpxtpx:hr>123</gpxtpx:hr>
      </gpxtpx:TrackPointExtension>
     </extensions>
   </trkpt>
   <trkpt lat="-2.6199530" lon="-43.0539110">
    <ele>13.2</ele>
    <time>2026-06-16T12:50:34Z</time>
     <extensions>
      <gpxtpx:TrackPointExtension>
       <gpxtpx:hr>124</gpxtpx:hr>
      </gpxtpx:TrackPointExtension>
     </extensions>
   </trkpt>
   <trkpt lat="-2.6199290" lon="-43.0539170">
    <ele>14.4</ele>
    <time>2026-06-16T12:50:39Z</time>
     <extensions>
      <gpxtpx:TrackPointExtension>
       <gpxtpx:hr>122</gpxtpx:hr>
      </gpxtpx:TrackPointExtension>
     </extensions>
   </trkpt>
   <trkpt lat="-2.6199090" lon="-43.0539280">
    <ele>16.0</ele>
    <time>2026-06-16T12:50:44Z</time>
     <extensions>
      <gpxtpx:TrackPointExtension>
       <gpxtpx:hr>122</gpxtpx:hr>
      </gpxtpx:TrackPointExtension>
     </extensions>
   </trkpt>
   <trkpt lat="-2.6198820" lon="-43.0539300">
    <ele>17.6</ele>
    <time>2026-06-16T12:50:49Z</time>
     <extensions>
      <gpxtpx:TrackPointExtension>
       <gpxtpx:hr>120</gpxtpx:hr>
      </gpxtpx:TrackPointExtension>
     </extensions>
   </trkpt>
   <trkpt lat="-2.6198500" lon="-43.0539310">
    <ele>19.2</ele>
    <time>2026-06-16T12:50:54Z</time>
     <extensions>
      <gpxtpx:TrackPointExtension>
       <gpxtpx:hr>124</gpxtpx:hr>
      </gpxtpx:TrackPointExtension>
     </extensions>
   </trkpt>
   <trkpt lat="-2.6198150" lon="-43.0539380">
    <ele>22.8</ele>
    <time>2026-06-16T12:50:59Z</time>
     <extensions>
      <gpxtpx:TrackPointExtension>
       <gpxtpx:hr>125</gpxtpx:hr>
      </gpxtpx:TrackPointExtension>
     </extensions>
   </trkpt>
   <trkpt lat="-2.6197870" lon="-43.0539390">
    <ele>29.4</ele>
    <time>2026-06-16T12:51:04Z</time>
     <extensions>
      <gpxtpx:TrackPointExtension>
       <gpxtpx:hr>125</gpxtpx:hr>
      </gpxtpx:TrackPointExtension>
     </extensions>
   </trkpt>
   <trkpt lat="-2.6197640" lon="-43.0539420">
    <ele>34.0</ele>
    <time>2026-06-16T12:51:09Z</time>
     <extensions>
      <gpxtpx:TrackPointExtension>
       <gpxtpx:hr>125</gpxtpx:hr>
      </gpxtpx:TrackPointExtension>
     </extensions>
   </trkpt>
   <trkpt lat="-2.6197360" lon="-43.0539530">
    <ele>35.0</ele>
    <time>2026-06-16T12:51:15Z</time>
     <extensions>
      <gpxtpx:TrackPointExtension>
       <gpxtpx:hr>127</gpxtpx:hr>
      </gpxtpx:TrackPointExtension>
     </extensions>
   </trkpt>
   <trkpt lat="-2.6197080" lon="-43.0539660">
    <ele>35.4</ele>
    <time>2026-06-16T12:51:20Z</time>
     <extensions>
      <gpxtpx:TrackPointExtension>
       <gpxtpx:hr>126</gpxtpx:hr>
      </gpxtpx:TrackPointExtension>
     </extensions>
   </trkpt>
   <trkpt lat="-2.6196810" lon="-43.0540000">
    <ele>36.0</ele>
    <time>2026-06-16T12:51:25Z</time>
     <extensions>
      <gpxtpx:TrackPointExtension>
       <gpxtpx:hr>126</gpxtpx:hr>
      </gpxtpx:TrackPointExtension>
     </extensions>
   </trkpt>
   <trkpt lat="-2.6196510" lon="-43.0540370">
    <ele>37.0</ele>
    <time>2026-06-16T12:51:30Z</time>
     <extensions>
      <gpxtpx:TrackPointExtension>
       <gpxtpx:hr>130</gpxtpx:hr>
      </gpxtpx:TrackPointExtension>
     </extensions>
   </trkpt>
   <trkpt lat="-2.6196180" lon="-43.0540800">
    <ele>37.8</ele>
    <time>2026-06-16T12:51:35Z</time>
     <extensions>
      <gpxtpx:TrackPointExtension>
       <gpxtpx:hr>132</gpxtpx:hr>
      </gpxtpx:TrackPointExtension>
     </extensions>
   </trkpt>
   <trkpt lat="-2.6195860" lon="-43.0541200">
    <ele>38.2</ele>
    <time>2026-06-16T12:51:40Z</time>
     <extensions>
      <gpxtpx:TrackPointExtension>
       <gpxtpx:hr>132</gpxtpx:hr>
      </gpxtpx:TrackPointExtension>
     </extensions>
   </trkpt>
   <trkpt lat="-2.6195560" lon="-43.0541630">
    <ele>38.2</ele>
    <time>2026-06-16T12:51:45Z</time>
     <extensions>
      <gpxtpx:TrackPointExtension>
       <gpxtpx:hr>135</gpxtpx:hr>
      </gpxtpx:TrackPointExtension>
     </extensions>
   </trkpt>
   <trkpt lat="-2.6195240" lon="-43.0542030">
    <ele>38.4</ele>
    <time>2026-06-16T12:51:50Z</time>
     <extensions>
      <gpxtpx:TrackPointExtension>
       <gpxtpx:hr>135</gpxtpx:hr>
      </gpxtpx:TrackPointExtension>
     </extensions>
   </trkpt>
   <trkpt lat="-2.6195030" lon="-43.0542390">
    <ele>38.4</ele>
    <time>2026-06-16T12:51:55Z</time>
     <extensions>
      <gpxtpx:TrackPointExtension>
       <gpxtpx:hr>132</gpxtpx:hr>
      </gpxtpx:TrackPointExtension>
     </extensions>
   </trkpt>
   <trkpt lat="-2.6194770" lon="-43.0542800">
    <ele>37.8</ele>
    <time>2026-06-16T12:52:00Z</time>
     <extensions>
      <gpxtpx:TrackPointExtension>
       <gpxtpx:hr>128</gpxtpx:hr>
      </gpxtpx:TrackPointExtension>
     </extensions>
   </trkpt>
   <trkpt lat="-2.6194520" lon="-43.0543140">
    <ele>36.2</ele>
    <time>2026-06-16T12:52:05Z</time>
     <extensions>
      <gpxtpx:TrackPointExtension>
       <gpxtpx:hr>128</gpxtpx:hr>
      </gpxtpx:TrackPointExtension>
     </extensions>
   </trkpt>
   <trkpt lat="-2.6194370" lon="-43.0543420">
    <ele>35.0</ele>
    <time>2026-06-16T12:52:10Z</time>
     <extensions>
      <gpxtpx:TrackPointExtension>
       <gpxtpx:hr>116</gpxtpx:hr>
      </gpxtpx:TrackPointExtension>
     </extensions>
   </trkpt>
   <trkpt lat="-2.6194250" lon="-43.0543590">
    <ele>33.8</ele>
    <time>2026-06-16T12:52:15Z</time>
     <extensions>
      <gpxtpx:TrackPointExtension>
       <gpxtpx:hr>116</gpxtpx:hr>
      </gpxtpx:TrackPointExtension>
     </extensions>
   </trkpt>
   <trkpt lat="-2.6194120" lon="-43.0543710">
    <ele>32.6</ele>
    <time>2026-06-16T12:52:20Z</time>
     <extensions>
      <gpxtpx:TrackPointExtension>
       <gpxtpx:hr>112</gpxtpx:hr>
      </gpxtpx:TrackPointExtension>
     </extensions>
   </trkpt>
   <trkpt lat="-2.6193960" lon="-43.0543860">
    <ele>31.2</ele>
    <time>2026-06-16T12:52:25Z</time>
     <extensions>
      <gpxtpx:TrackPointExtension>
       <gpxtpx:hr>111</gpxtpx:hr>
      </gpxtpx:TrackPointExtension>
     </extensions>
   </trkpt>
   <trkpt lat="-2.6193720" lon="-43.0544150">
    <ele>29.8</ele>
    <time>2026-06-16T12:52:30Z</time>
     <extensions>
      <gpxtpx:TrackPointExtension>
       <gpxtpx:hr>110</gpxtpx:hr>
      </gpxtpx:TrackPointExtension>
     </extensions>
   </trkpt>
   <trkpt lat="-2.6193490" lon="-43.0544510">
    <ele>29.0</ele>
    <time>2026-06-16T12:52:35Z</time>
     <extensions>
      <gpxtpx:TrackPointExtension>
       <gpxtpx:hr>106</gpxtpx:hr>
      </gpxtpx:TrackPointExtension>
     </extensions>
   </trkpt>
   <trkpt lat="-2.6193110" lon="-43.0544870">
    <ele>28.8</ele>
    <time>2026-06-16T12:52:40Z</time>
     <extensions>
      <gpxtpx:TrackPointExtension>
       <gpxtpx:hr>109</gpxtpx:hr>
      </gpxtpx:TrackPointExtension>
     </extensions>
   </trkpt>
   <trkpt lat="-2.6192730" lon="-43.0545100">
    <ele>28.6</ele>
    <time>2026-06-16T12:52:45Z</time>
     <extensions>
      <gpxtpx:TrackPointExtension>
       <gpxtpx:hr>111</gpxtpx:hr>
      </gpxtpx:TrackPointExtension>
     </extensions>
   </trkpt>
   <trkpt lat="-2.6192210" lon="-43.0545390">
    <ele>28.8</ele>
    <time>2026-06-16T12:52:50Z</time>
     <extensions>
      <gpxtpx:TrackPointExtension>
       <gpxtpx:hr>109</gpxtpx:hr>
      </gpxtpx:TrackPointExtension>
     </extensions>
   </trkpt>
   <trkpt lat="-2.6191700" lon="-43.0545660">
    <ele>29.0</ele>
    <time>2026-06-16T12:52:55Z</time>
     <extensions>
      <gpxtpx:TrackPointExtension>
       <gpxtpx:hr>109</gpxtpx:hr>
      </gpxtpx:TrackPointExtension>
     </extensions>
   </trkpt>
   <trkpt lat="-2.6191240" lon="-43.0545950">
    <ele>29.2</ele>
    <time>2026-06-16T12:53:00Z</time>
     <extensions>
      <gpxtpx:TrackPointExtension>
       <gpxtpx:hr>111</gpxtpx:hr>
      </gpxtpx:TrackPointExtension>
     </extensions>
   </trkpt>
   <trkpt lat="-2.6190810" lon="-43.0546200">
    <ele>29.2</ele>
    <time>2026-06-16T12:53:05Z</time>
     <extensions>
      <gpxtpx:TrackPointExtension>
       <gpxtpx:hr>111</gpxtpx:hr>
      </gpxtpx:TrackPointExtension>
     </extensions>
   </trkpt>
   <trkpt lat="-2.6190350" lon="-43.0546390">
    <ele>29.4</ele>
    <time>2026-06-16T12:53:10Z</time>
     <extensions>
      <gpxtpx:TrackPointExtension>
       <gpxtpx:hr>104</gpxtpx:hr>
      </gpxtpx:TrackPointExtension>
     </extensions>
   </trkpt>
   <trkpt lat="-2.6189940" lon="-43.0546600">
    <ele>29.2</ele>
    <time>2026-06-16T12:53:15Z</time>
     <extensions>
      <gpxtpx:TrackPointExtension>
       <gpxtpx:hr>106</gpxtpx:hr>
      </gpxtpx:TrackPointExtension>
     </extensions>
   </trkpt>
   <trkpt lat="-2.6189480" lon="-43.0546820">
    <ele>29.0</ele>
    <time>2026-06-16T12:53:20Z</time>
     <extensions>
      <gpxtpx:TrackPointExtension>
       <gpxtpx:hr>106</gpxtpx:hr>
      </gpxtpx:TrackPointExtension>
     </extensions>
   </trkpt>
   <trkpt lat="-2.6189120" lon="-43.0547090">
    <ele>29.0</ele>
    <time>2026-06-16T12:53:25Z</time>
     <extensions>
      <gpxtpx:TrackPointExtension>
       <gpxtpx:hr>108</gpxtpx:hr>
      </gpxtpx:TrackPointExtension>
     </extensions>
   </trkpt>
   <trkpt lat="-2.6188650" lon="-43.0547410">
    <ele>28.8</ele>
    <time>2026-06-16T12:53:30Z</time>
     <extensions>
      <gpxtpx:TrackPointExtension>
       <gpxtpx:hr>112</gpxtpx:hr>
      </gpxtpx:TrackPointExtension>
     </extensions>
   </trkpt>
   <trkpt lat="-2.6188300" lon="-43.0547740">
    <ele>29.0</ele>
    <time>2026-06-16T12:53:35Z</time>
     <extensions>
      <gpxtpx:TrackPointExtension>
       <gpxtpx:hr>112</gpxtpx:hr>
      </gpxtpx:TrackPointExtension>
     </extensions>
   </trkpt>
   <trkpt lat="-2.6187980" lon="-43.0548020">
    <ele>29.0</ele>
    <time>2026-06-16T12:53:40Z</time>
     <extensions>
      <gpxtpx:TrackPointExtension>
       <gpxtpx:hr>111</gpxtpx:hr>
      </gpxtpx:TrackPointExtension>
     </extensions>
   </trkpt>
   <trkpt lat="-2.6187590" lon="-43.0548400">
    <ele>29.0</ele>
    <time>2026-06-16T12:53:45Z</time>
     <extensions>
      <gpxtpx:TrackPointExtension>
       <gpxtpx:hr>109</gpxtpx:hr>
      </gpxtpx:TrackPointExtension>
     </extensions>
   </trkpt>
   <trkpt lat="-2.6187270" lon="-43.0548760">
    <ele>29.2</ele>
    <time>2026-06-16T12:53:51Z</time>
     <extensions>
      <gpxtpx:TrackPointExtension>
       <gpxtpx:hr>109</gpxtpx:hr>
      </gpxtpx:TrackPointExtension>
     </extensions>
   </trkpt>
   <trkpt lat="-2.6186950" lon="-43.0549160">
    <ele>29.0</ele>
    <time>2026-06-16T12:53:56Z</time>
     <extensions>
      <gpxtpx:TrackPointExtension>
       <gpxtpx:hr>109</gpxtpx:hr>
      </gpxtpx:TrackPointExtension>
     </extensions>
   </trkpt>
   <trkpt lat="-2.6186600" lon="-43.0549520">
    <ele>29.0</ele>
    <time>2026-06-16T12:54:01Z</time>
     <extensions>
      <gpxtpx:TrackPointExtension>
       <gpxtpx:hr>109</gpxtpx:hr>
      </gpxtpx:TrackPointExtension>
     </extensions>
   </trkpt>
   <trkpt lat="-2.6186260" lon="-43.0549790">
    <ele>29.2</ele>
    <time>2026-06-16T12:54:06Z</time>
     <extensions>
      <gpxtpx:TrackPointExtension>
       <gpxtpx:hr>109</gpxtpx:hr>
      </gpxtpx:TrackPointExtension>
     </extensions>
   </trkpt>
   <trkpt lat="-2.6185940" lon="-43.0550070">
    <ele>29.4</ele>
    <time>2026-06-16T12:54:11Z</time>
     <extensions>
      <gpxtpx:TrackPointExtension>
       <gpxtpx:hr>109</gpxtpx:hr>
      </gpxtpx:TrackPointExtension>
     </extensions>
   </trkpt>
   <trkpt lat="-2.6185610" lon="-43.0550390">
    <ele>29.2</ele>
    <time>2026-06-16T12:54:16Z</time>
     <extensions>
      <gpxtpx:TrackPointExtension>
       <gpxtpx:hr>109</gpxtpx:hr>
      </gpxtpx:TrackPointExtension>
     </extensions>
   </trkpt>
   <trkpt lat="-2.6185310" lon="-43.0550690">
    <ele>29.2</ele>
    <time>2026-06-16T12:54:21Z</time>
     <extensions>
      <gpxtpx:TrackPointExtension>
       <gpxtpx:hr>111</gpxtpx:hr>
      </gpxtpx:TrackPointExtension>
     </extensions>
   </trkpt>
   <trkpt lat="-2.6185020" lon="-43.0551080">
    <ele>29.2</ele>
    <time>2026-06-16T12:54:26Z</time>
     <extensions>
      <gpxtpx:TrackPointExtension>
       <gpxtpx:hr>111</gpxtpx:hr>
      </gpxtpx:TrackPointExtension>
     </extensions>
   </trkpt>
   <trkpt lat="-2.6184820" lon="-43.0551530">
    <ele>29.0</ele>
    <time>2026-06-16T12:54:31Z</time>
     <extensions>
      <gpxtpx:TrackPointExtension>
       <gpxtpx:hr>111</gpxtpx:hr>
      </gpxtpx:TrackPointExtension>
     </extensions>
   </trkpt>
   <trkpt lat="-2.6184480" lon="-43.0551930">
    <ele>29.0</ele>
    <time>2026-06-16T12:54:36Z</time>
     <extensions>
      <gpxtpx:TrackPointExtension>
       <gpxtpx:hr>111</gpxtpx:hr>
      </gpxtpx:TrackPointExtension>
     </extensions>
   </trkpt>
   <trkpt lat="-2.6184170" lon="-43.0552260">
    <ele>28.8</ele>
    <time>2026-06-16T12:54:41Z</time>
     <extensions>
      <gpxtpx:TrackPointExtension>
       <gpxtpx:hr>111</gpxtpx:hr>
      </gpxtpx:TrackPointExtension>
     </extensions>
   </trkpt>
   <trkpt lat="-2.6183900" lon="-43.0552600">
    <ele>28.6</ele>
    <time>2026-06-16T12:54:46Z</time>
     <extensions>
      <gpxtpx:TrackPointExtension>
       <gpxtpx:hr>107</gpxtpx:hr>
      </gpxtpx:TrackPointExtension>
     </extensions>
   </trkpt>
   <trkpt lat="-2.6183710" lon="-43.0552960">
    <ele>28.4</ele>
    <time>2026-06-16T12:54:51Z</time>
     <extensions>
      <gpxtpx:TrackPointExtension>
       <gpxtpx:hr>107</gpxtpx:hr>
      </gpxtpx:TrackPointExtension>
     </extensions>
   </trkpt>
   <trkpt lat="-2.6183550" lon="-43.0553380">
    <ele>28.6</ele>
    <time>2026-06-16T12:54:56Z</time>
     <extensions>
      <gpxtpx:TrackPointExtension>
       <gpxtpx:hr>107</gpxtpx:hr>
      </gpxtpx:TrackPointExtension>
     </extensions>
   </trkpt>
   <trkpt lat="-2.6183360" lon="-43.0553780">
    <ele>28.6</ele>
    <time>2026-06-16T12:55:01Z</time>
     <extensions>
      <gpxtpx:TrackPointExtension>
       <gpxtpx:hr>107</gpxtpx:hr>
      </gpxtpx:TrackPointExtension>
     </extensions>
   </trkpt>
   <trkpt lat="-2.6183110" lon="-43.0554160">
    <ele>28.6</ele>
    <time>2026-06-16T12:55:06Z</time>
     <extensions>
      <gpxtpx:TrackPointExtension>
       <gpxtpx:hr>105</gpxtpx:hr>
      </gpxtpx:TrackPointExtension>
     </extensions>
   </trkpt>
   <trkpt lat="-2.6182720" lon="-43.0554450">
    <ele>28.6</ele>
    <time>2026-06-16T12:55:11Z</time>
     <extensions>
      <gpxtpx:TrackPointExtension>
       <gpxtpx:hr>105</gpxtpx:hr>
      </gpxtpx:TrackPointExtension>
     </extensions>
   </trkpt>
   <trkpt lat="-2.6182280" lon="-43.0554640">
    <ele>28.6</ele>
    <time>2026-06-16T12:55:16Z</time>
     <extensions>
      <gpxtpx:TrackPointExtension>
       <gpxtpx:hr>112</gpxtpx:hr>
      </gpxtpx:TrackPointExtension>
     </extensions>
   </trkpt>
   <trkpt lat="-2.6181810" lon="-43.0554760">
    <ele>28.8</ele>
    <time>2026-06-16T12:55:21Z</time>
     <extensions>
      <gpxtpx:TrackPointExtension>
       <gpxtpx:hr>112</gpxtpx:hr>
      </gpxtpx:TrackPointExtension>
     </extensions>
   </trkpt>
   <trkpt lat="-2.6181350" lon="-43.0554840">
    <ele>29.0</ele>
    <time>2026-06-16T12:55:26Z</time>
     <extensions>
      <gpxtpx:TrackPointExtension>
       <gpxtpx:hr>112</gpxtpx:hr>
      </gpxtpx:TrackPointExtension>
     </extensions>
   </trkpt>
   <trkpt lat="-2.6180910" lon="-43.0554790">
    <ele>28.8</ele>
    <time>2026-06-16T12:55:31Z</time>
     <extensions>
      <gpxtpx:TrackPointExtension>
       <gpxtpx:hr>112</gpxtpx:hr>
      </gpxtpx:TrackPointExtension>
     </extensions>
   </trkpt>
   <trkpt lat="-2.6180590" lon="-43.0554730">
    <ele>28.6</ele>
    <time>2026-06-16T12:55:36Z</time>
     <extensions>
      <gpxtpx:TrackPointExtension>
       <gpxtpx:hr>112</gpxtpx:hr>
      </gpxtpx:TrackPointExtension>
     </extensions>
   </trkpt>
   <trkpt lat="-2.6180210" lon="-43.0554620">
    <ele>29.0</ele>
    <time>2026-06-16T12:55:41Z</time>
     <extensions>
      <gpxtpx:TrackPointExtension>
       <gpxtpx:hr>113</gpxtpx:hr>
      </gpxtpx:TrackPointExtension>
     </extensions>
   </trkpt>
   <trkpt lat="-2.6179850" lon="-43.0554610">
    <ele>29.4</ele>
    <time>2026-06-16T12:55:46Z</time>
     <extensions>
      <gpxtpx:TrackPointExtension>
       <gpxtpx:hr>109</gpxtpx:hr>
      </gpxtpx:TrackPointExtension>
     </extensions>
   </trkpt>
   <trkpt lat="-2.6179480" lon="-43.0554730">
    <ele>29.2</ele>
    <time>2026-06-16T12:55:51Z</time>
     <extensions>
      <gpxtpx:TrackPointExtension>
       <gpxtpx:hr>109</gpxtpx:hr>
      </gpxtpx:TrackPointExtension>
     </extensions>
   </trkpt>
   <trkpt lat="-2.6179040" lon="-43.0554810">
    <ele>29.4</ele>
    <time>2026-06-16T12:55:56Z</time>
     <extensions>
      <gpxtpx:TrackPointExtension>
       <gpxtpx:hr>115</gpxtpx:hr>
      </gpxtpx:TrackPointExtension>
     </extensions>
   </trkpt>
   <trkpt lat="-2.6178680" lon="-43.0554820">
    <ele>29.2</ele>
    <time>2026-06-16T12:56:01Z</time>
     <extensions>
      <gpxtpx:TrackPointExtension>
       <gpxtpx:hr>116</gpxtpx:hr>
      </gpxtpx:TrackPointExtension>
     </extensions>
   </trkpt>
   <trkpt lat="-2.6178290" lon="-43.0554950">
    <ele>29.2</ele>
    <time>2026-06-16T12:56:06Z</time>
     <extensions>
      <gpxtpx:TrackPointExtension>
       <gpxtpx:hr>115</gpxtpx:hr>
      </gpxtpx:TrackPointExtension>
     </extensions>
   </trkpt>
   <trkpt lat="-2.6177890" lon="-43.0555130">
    <ele>29.4</ele>
    <time>2026-06-16T12:56:11Z</time>
     <extensions>
      <gpxtpx:TrackPointExtension>
       <gpxtpx:hr>116</gpxtpx:hr>
      </gpxtpx:TrackPointExtension>
     </extensions>
   </trkpt>
   <trkpt lat="-2.6177440" lon="-43.0555250">
    <ele>29.8</ele>
    <time>2026-06-16T12:56:16Z</time>
     <extensions>
      <gpxtpx:TrackPointExtension>
       <gpxtpx:hr>114</gpxtpx:hr>
      </gpxtpx:TrackPointExtension>
     </extensions>
   </trkpt>
   <trkpt lat="-2.6176960" lon="-43.0555320">
    <ele>29.8</ele>
    <time>2026-06-16T12:56:21Z</time>
     <extensions>
      <gpxtpx:TrackPointExtension>
       <gpxtpx:hr>114</gpxtpx:hr>
      </gpxtpx:TrackPointExtension>
     </extensions>
   </trkpt>
   <trkpt lat="-2.6176470" lon="-43.0555360">
    <ele>29.8</ele>
    <time>2026-06-16T12:56:26Z</time>
     <extensions>
      <gpxtpx:TrackPointExtension>
       <gpxtpx:hr>112</gpxtpx:hr>
      </gpxtpx:TrackPointExtension>
     </extensions>
   </trkpt>
   <trkpt lat="-2.6175990" lon="-43.0555500">
    <ele>29.6</ele>
    <time>2026-06-16T12:56:31Z</time>
     <extensions>
      <gpxtpx:TrackPointExtension>
       <gpxtpx:hr>109</gpxtpx:hr>
      </gpxtpx:TrackPointExtension>
     </extensions>
   </trkpt>
   <trkpt lat="-2.6175530" lon="-43.0555590">
    <ele>29.8</ele>
    <time>2026-06-16T12:56:36Z</time>
     <extensions>
      <gpxtpx:TrackPointExtension>
       <gpxtpx:hr>112</gpxtpx:hr>
      </gpxtpx:TrackPointExtension>
     </extensions>
   </trkpt>
   <trkpt lat="-2.6175150" lon="-43.0555690">
    <ele>30.0</ele>
    <time>2026-06-16T12:56:41Z</time>
     <extensions>
      <gpxtpx:TrackPointExtension>
       <gpxtpx:hr>113</gpxtpx:hr>
      </gpxtpx:TrackPointExtension>
     </extensions>
   </trkpt>
   <trkpt lat="-2.6174880" lon="-43.0555720">
    <ele>30.4</ele>
    <time>2026-06-16T12:56:46Z</time>
     <extensions>
      <gpxtpx:TrackPointExtension>
       <gpxtpx:hr>113</gpxtpx:hr>
      </gpxtpx:TrackPointExtension>
     </extensions>
   </trkpt>
   <trkpt lat="-2.6174690" lon="-43.0555750">
    <ele>30.8</ele>
    <time>2026-06-16T12:56:51Z</time>
     <extensions>
      <gpxtpx:TrackPointExtension>
       <gpxtpx:hr>113</gpxtpx:hr>
      </gpxtpx:TrackPointExtension>
     </extensions>
   </trkpt>
   <trkpt lat="-2.6174500" lon="-43.0555820">
    <ele>31.4</ele>
    <time>2026-06-16T12:56:56Z</time>
     <extensions>
      <gpxtpx:TrackPointExtension>
       <gpxtpx:hr>119</gpxtpx:hr>
      </gpxtpx:TrackPointExtension>
     </extensions>
   </trkpt>
   <trkpt lat="-2.6174230" lon="-43.0555860">
    <ele>32.0</ele>
    <time>2026-06-16T12:57:01Z</time>
     <extensions>
      <gpxtpx:TrackPointExtension>
       <gpxtpx:hr>123</gpxtpx:hr>
      </gpxtpx:TrackPointExtension>
     </extensions>
   </trkpt>
   <trkpt lat="-2.6173950" lon="-43.0555950">
    <ele>32.4</ele>
    <time>2026-06-16T12:57:06Z</time>
     <extensions>
      <gpxtpx:TrackPointExtension>
       <gpxtpx:hr>127</gpxtpx:hr>
      </gpxtpx:TrackPointExtension>
     </extensions>
   </trkpt>
   <trkpt lat="-2.6173700" lon="-43.0556010">
    <ele>32.8</ele>
    <time>2026-06-16T12:57:11Z</time>
     <extensions>
      <gpxtpx:TrackPointExtension>
       <gpxtpx:hr>126</gpxtpx:hr>
      </gpxtpx:TrackPointExtension>
     </extensions>
   </trkpt>
   <trkpt lat="-2.6173460" lon="-43.0556060">
    <ele>33.0</ele>
    <time>2026-06-16T12:57:16Z</time>
     <extensions>
      <gpxtpx:TrackPointExtension>
       <gpxtpx:hr>126</gpxtpx:hr>
      </gpxtpx:TrackPointExtension>
     </extensions>
   </trkpt>
   <trkpt lat="-2.6173280" lon="-43.0556150">
    <ele>32.8</ele>
    <time>2026-06-16T12:57:21Z</time>
     <extensions>
      <gpxtpx:TrackPointExtension>
       <gpxtpx:hr>127</gpxtpx:hr>
      </gpxtpx:TrackPointExtension>
     </extensions>
   </trkpt>
   <trkpt lat="-2.6173110" lon="-43.0556210">
    <ele>33.0</ele>
    <time>2026-06-16T12:57:26Z</time>
     <extensions>
      <gpxtpx:TrackPointExtension>
       <gpxtpx:hr>128</gpxtpx:hr>
      </gpxtpx:TrackPointExtension>
     </extensions>
   </trkpt>
   <trkpt lat="-2.6172920" lon="-43.0556280">
    <ele>33.8</ele>
    <time>2026-06-16T12:57:31Z</time>
     <extensions>
      <gpxtpx:TrackPointExtension>
       <gpxtpx:hr>123</gpxtpx:hr>
      </gpxtpx:TrackPointExtension>
     </extensions>
   </trkpt>
   <trkpt lat="-2.6172550" lon="-43.0556320">
    <ele>34.2</ele>
    <time>2026-06-16T12:57:36Z</time>
     <extensions>
      <gpxtpx:TrackPointExtension>
       <gpxtpx:hr>121</gpxtpx:hr>
      </gpxtpx:TrackPointExtension>
     </extensions>
   </trkpt>
   <trkpt lat="-2.6172270" lon="-43.0556340">
    <ele>35.0</ele>
    <time>2026-06-16T12:57:41Z</time>
     <extensions>
      <gpxtpx:TrackPointExtension>
       <gpxtpx:hr>126</gpxtpx:hr>
      </gpxtpx:TrackPointExtension>
     </extensions>
   </trkpt>
   <trkpt lat="-2.6172000" lon="-43.0556260">
    <ele>35.8</ele>
    <time>2026-06-16T12:57:46Z</time>
     <extensions>
      <gpxtpx:TrackPointExtension>
       <gpxtpx:hr>126</gpxtpx:hr>
      </gpxtpx:TrackPointExtension>
     </extensions>
   </trkpt>
   <trkpt lat="-2.6171740" lon="-43.0556180">
    <ele>36.4</ele>
    <time>2026-06-16T12:57:51Z</time>
     <extensions>
      <gpxtpx:TrackPointExtension>
       <gpxtpx:hr>125</gpxtpx:hr>
      </gpxtpx:TrackPointExtension>
     </extensions>
   </trkpt>
   <trkpt lat="-2.6171420" lon="-43.0556170">
    <ele>36.6</ele>
    <time>2026-06-16T12:57:56Z</time>
     <extensions>
      <gpxtpx:TrackPointExtension>
       <gpxtpx:hr>127</gpxtpx:hr>
      </gpxtpx:TrackPointExtension>
     </extensions>
   </trkpt>
   <trkpt lat="-2.6171060" lon="-43.0556230">
    <ele>36.6</ele>
    <time>2026-06-16T12:58:01Z</time>
     <extensions>
      <gpxtpx:TrackPointExtension>
       <gpxtpx:hr>125</gpxtpx:hr>
      </gpxtpx:TrackPointExtension>
     </extensions>
   </trkpt>
   <trkpt lat="-2.6170600" lon="-43.0556410">
    <ele>36.8</ele>
    <time>2026-06-16T12:58:06Z</time>
     <extensions>
      <gpxtpx:TrackPointExtension>
       <gpxtpx:hr>129</gpxtpx:hr>
      </gpxtpx:TrackPointExtension>
     </extensions>
   </trkpt>
   <trkpt lat="-2.6169960" lon="-43.0556660">
    <ele>37.4</ele>
    <time>2026-06-16T12:58:11Z</time>
     <extensions>
      <gpxtpx:TrackPointExtension>
       <gpxtpx:hr>130</gpxtpx:hr>
      </gpxtpx:TrackPointExtension>
     </extensions>
   </trkpt>
   <trkpt lat="-2.6169310" lon="-43.0556740">
    <ele>38.2</ele>
    <time>2026-06-16T12:58:16Z</time>
     <extensions>
      <gpxtpx:TrackPointExtension>
       <gpxtpx:hr>130</gpxtpx:hr>
      </gpxtpx:TrackPointExtension>
     </extensions>
   </trkpt>
   <trkpt lat="-2.6168660" lon="-43.0556840">
    <ele>38.8</ele>
    <time>2026-06-16T12:58:21Z</time>
     <extensions>
      <gpxtpx:TrackPointExtension>
       <gpxtpx:hr>136</gpxtpx:hr>
      </gpxtpx:TrackPointExtension>
     </extensions>
   </trkpt>
   <trkpt lat="-2.6168160" lon="-43.0556980">
    <ele>39.6</ele>
    <time>2026-06-16T12:58:26Z</time>
     <extensions>
      <gpxtpx:TrackPointExtension>
       <gpxtpx:hr>135</gpxtpx:hr>
      </gpxtpx:TrackPointExtension>
     </extensions>
   </trkpt>
   <trkpt lat="-2.6167590" lon="-43.0557090">
    <ele>40.4</ele>
    <time>2026-06-16T12:58:31Z</time>
     <extensions>
      <gpxtpx:TrackPointExtension>
       <gpxtpx:hr>135</gpxtpx:hr>
      </gpxtpx:TrackPointExtension>
     </extensions>
   </trkpt>
   <trkpt lat="-2.6167050" lon="-43.0557170">
    <ele>41.2</ele>
    <time>2026-06-16T12:58:36Z</time>
     <extensions>
      <gpxtpx:TrackPointExtension>
       <gpxtpx:hr>142</gpxtpx:hr>
      </gpxtpx:TrackPointExtension>
     </extensions>
   </trkpt>
   <trkpt lat="-2.6166500" lon="-43.0557150">
    <ele>41.8</ele>
    <time>2026-06-16T12:58:41Z</time>
     <extensions>
      <gpxtpx:TrackPointExtension>
       <gpxtpx:hr>141</gpxtpx:hr>
      </gpxtpx:TrackPointExtension>
     </extensions>
   </trkpt>
   <trkpt lat="-2.6166050" lon="-43.0557150">
    <ele>41.8</ele>
    <time>2026-06-16T12:58:46Z</time>
     <extensions>
      <gpxtpx:TrackPointExtension>
       <gpxtpx:hr>141</gpxtpx:hr>
      </gpxtpx:TrackPointExtension>
     </extensions>
   </trkpt>
   <trkpt lat="-2.6165560" lon="-43.0557210">
    <ele>41.6</ele>
    <time>2026-06-16T12:58:51Z</time>
     <extensions>
      <gpxtpx:TrackPointExtension>
       <gpxtpx:hr>142</gpxtpx:hr>
      </gpxtpx:TrackPointExtension>
     </extensions>
   </trkpt>
   <trkpt lat="-2.6165150" lon="-43.0557340">
    <ele>41.2</ele>
    <time>2026-06-16T12:58:56Z</time>
     <extensions>
      <gpxtpx:TrackPointExtension>
       <gpxtpx:hr>142</gpxtpx:hr>
      </gpxtpx:TrackPointExtension>
     </extensions>
   </trkpt>
   <trkpt lat="-2.6165070" lon="-43.0557450">
    <ele>41.2</ele>
    <time>2026-06-16T12:59:01Z</time>
     <extensions>
      <gpxtpx:TrackPointExtension>
       <gpxtpx:hr>140</gpxtpx:hr>
      </gpxtpx:TrackPointExtension>
     </extensions>
   </trkpt>
   <trkpt lat="-2.6165110" lon="-43.0557450">
    <ele>41.4</ele>
    <time>2026-06-16T12:59:06Z</time>
     <extensions>
      <gpxtpx:TrackPointExtension>
       <gpxtpx:hr>138</gpxtpx:hr>
      </gpxtpx:TrackPointExtension>
     </extensions>
   </trkpt>
   <trkpt lat="-2.6165030" lon="-43.0557550">
    <ele>41.4</ele>
    <time>2026-06-16T12:59:11Z</time>
     <extensions>
      <gpxtpx:TrackPointExtension>
       <gpxtpx:hr>136</gpxtpx:hr>
      </gpxtpx:TrackPointExtension>
     </extensions>
   </trkpt>
   <trkpt lat="-2.6164770" lon="-43.0557670">
    <ele>41.2</ele>
    <time>2026-06-16T12:59:16Z</time>
     <extensions>
      <gpxtpx:TrackPointExtension>
       <gpxtpx:hr>130</gpxtpx:hr>
      </gpxtpx:TrackPointExtension>
     </extensions>
   </trkpt>
   <trkpt lat="-2.6164760" lon="-43.0557660">
    <ele>41.0</ele>
    <time>2026-06-16T12:59:21Z</time>
     <extensions>
      <gpxtpx:TrackPointExtension>
       <gpxtpx:hr>130</gpxtpx:hr>
      </gpxtpx:TrackPointExtension>
     </extensions>
   </trkpt>
   <trkpt lat="-2.6164710" lon="-43.0557690">
    <ele>40.8</ele>
    <time>2026-06-16T12:59:26Z</time>
     <extensions>
      <gpxtpx:TrackPointExtension>
       <gpxtpx:hr>130</gpxtpx:hr>
      </gpxtpx:TrackPointExtension>
     </extensions>
   </trkpt>
   <trkpt lat="-2.6164430" lon="-43.0557870">
    <ele>40.8</ele>
    <time>2026-06-16T12:59:31Z</time>
     <extensions>
      <gpxtpx:TrackPointExtension>
       <gpxtpx:hr>126</gpxtpx:hr>
      </gpxtpx:TrackPointExtension>
     </extensions>
   </trkpt>
   <trkpt lat="-2.6164220" lon="-43.0558130">
    <ele>41.2</ele>
    <time>2026-06-16T12:59:36Z</time>
     <extensions>
      <gpxtpx:TrackPointExtension>
       <gpxtpx:hr>123</gpxtpx:hr>
      </gpxtpx:TrackPointExtension>
     </extensions>
   </trkpt>
   <trkpt lat="-2.6163990" lon="-43.0558410">
    <ele>41.6</ele>
    <time>2026-06-16T12:59:41Z</time>
     <extensions>
      <gpxtpx:TrackPointExtension>
       <gpxtpx:hr>123</gpxtpx:hr>
      </gpxtpx:TrackPointExtension>
     </extensions>
   </trkpt>
   <trkpt lat="-2.6163700" lon="-43.0558680">
    <ele>41.8</ele>
    <time>2026-06-16T12:59:46Z</time>
     <extensions>
      <gpxtpx:TrackPointExtension>
       <gpxtpx:hr>108</gpxtpx:hr>
      </gpxtpx:TrackPointExtension>
     </extensions>
   </trkpt>
   <trkpt lat="-2.6163490" lon="-43.0558910">
    <ele>41.2</ele>
    <time>2026-06-16T12:59:51Z</time>
     <extensions>
      <gpxtpx:TrackPointExtension>
       <gpxtpx:hr>108</gpxtpx:hr>
      </gpxtpx:TrackPointExtension>
     </extensions>
   </trkpt>
   <trkpt lat="-2.6163270" lon="-43.0559200">
    <ele>40.2</ele>
    <time>2026-06-16T12:59:56Z</time>
     <extensions>
      <gpxtpx:TrackPointExtension>
       <gpxtpx:hr>108</gpxtpx:hr>
      </gpxtpx:TrackPointExtension>
     </extensions>
   </trkpt>
   <trkpt lat="-2.6163170" lon="-43.0559350">
    <ele>39.6</ele>
    <time>2026-06-16T13:00:01Z</time>
     <extensions>
      <gpxtpx:TrackPointExtension>
       <gpxtpx:hr>108</gpxtpx:hr>
      </gpxtpx:TrackPointExtension>
     </extensions>
   </trkpt>
   <trkpt lat="-2.6163050" lon="-43.0559550">
    <ele>39.4</ele>
    <time>2026-06-16T13:00:06Z</time>
     <extensions>
      <gpxtpx:TrackPointExtension>
       <gpxtpx:hr>100</gpxtpx:hr>
      </gpxtpx:TrackPointExtension>
     </extensions>
   </trkpt>
   <trkpt lat="-2.6162810" lon="-43.0559930">
    <ele>38.8</ele>
    <time>2026-06-16T13:00:11Z</time>
     <extensions>
      <gpxtpx:TrackPointExtension>
       <gpxtpx:hr>105</gpxtpx:hr>
      </gpxtpx:TrackPointExtension>
     </extensions>
   </trkpt>
   <trkpt lat="-2.6162640" lon="-43.0560330">
    <ele>38.4</ele>
    <time>2026-06-16T13:00:16Z</time>
     <extensions>
      <gpxtpx:TrackPointExtension>
       <gpxtpx:hr>105</gpxtpx:hr>
      </gpxtpx:TrackPointExtension>
     </extensions>
   </trkpt>
   <trkpt lat="-2.6162400" lon="-43.0560620">
    <ele>37.8</ele>
    <time>2026-06-16T13:00:21Z</time>
     <extensions>
      <gpxtpx:TrackPointExtension>
       <gpxtpx:hr>105</gpxtpx:hr>
      </gpxtpx:TrackPointExtension>
     </extensions>
   </trkpt>
   <trkpt lat="-2.6162190" lon="-43.0560930">
    <ele>37.2</ele>
    <time>2026-06-16T13:00:26Z</time>
     <extensions>
      <gpxtpx:TrackPointExtension>
       <gpxtpx:hr>102</gpxtpx:hr>
      </gpxtpx:TrackPointExtension>
     </extensions>
   </trkpt>
   <trkpt lat="-2.6161970" lon="-43.0561340">
    <ele>36.8</ele>
    <time>2026-06-16T13:00:31Z</time>
     <extensions>
      <gpxtpx:TrackPointExtension>
       <gpxtpx:hr>102</gpxtpx:hr>
      </gpxtpx:TrackPointExtension>
     </extensions>
   </trkpt>
   <trkpt lat="-2.6161870" lon="-43.0561580">
    <ele>36.2</ele>
    <time>2026-06-16T13:00:36Z</time>
     <extensions>
      <gpxtpx:TrackPointExtension>
       <gpxtpx:hr>97</gpxtpx:hr>
      </gpxtpx:TrackPointExtension>
     </extensions>
   </trkpt>
   <trkpt lat="-2.6161640" lon="-43.0561940">
    <ele>35.2</ele>
    <time>2026-06-16T13:00:41Z</time>
     <extensions>
      <gpxtpx:TrackPointExtension>
       <gpxtpx:hr>97</gpxtpx:hr>
      </gpxtpx:TrackPointExtension>
     </extensions>
   </trkpt>
   <trkpt lat="-2.6161410" lon="-43.0562210">
    <ele>34.8</ele>
    <time>2026-06-16T13:00:46Z</time>
     <extensions>
      <gpxtpx:TrackPointExtension>
       <gpxtpx:hr>102</gpxtpx:hr>
      </gpxtpx:TrackPointExtension>
     </extensions>
   </trkpt>
   <trkpt lat="-2.6161170" lon="-43.0562480">
    <ele>34.4</ele>
    <time>2026-06-16T13:00:51Z</time>
     <extensions>
      <gpxtpx:TrackPointExtension>
       <gpxtpx:hr>102</gpxtpx:hr>
      </gpxtpx:TrackPointExtension>
     </extensions>
   </trkpt>
   <trkpt lat="-2.6160980" lon="-43.0562760">
    <ele>33.6</ele>
    <time>2026-06-16T13:00:56Z</time>
     <extensions>
      <gpxtpx:TrackPointExtension>
       <gpxtpx:hr>102</gpxtpx:hr>
      </gpxtpx:TrackPointExtension>
     </extensions>
   </trkpt>
   <trkpt lat="-2.6160720" lon="-43.0563060">
    <ele>32.6</ele>
    <time>2026-06-16T13:01:01Z</time>
     <extensions>
      <gpxtpx:TrackPointExtension>
       <gpxtpx:hr>102</gpxtpx:hr>
      </gpxtpx:TrackPointExtension>
     </extensions>
   </trkpt>
   <trkpt lat="-2.6160510" lon="-43.0563410">
    <ele>32.0</ele>
    <time>2026-06-16T13:01:06Z</time>
     <extensions>
      <gpxtpx:TrackPointExtension>
       <gpxtpx:hr>101</gpxtpx:hr>
      </gpxtpx:TrackPointExtension>
     </extensions>
   </trkpt>
   <trkpt lat="-2.6160210" lon="-43.0563800">
    <ele>31.4</ele>
    <time>2026-06-16T13:01:11Z</time>
     <extensions>
      <gpxtpx:TrackPointExtension>
       <gpxtpx:hr>103</gpxtpx:hr>
      </gpxtpx:TrackPointExtension>
     </extensions>
   </trkpt>
   <trkpt lat="-2.6159920" lon="-43.0564170">
    <ele>31.0</ele>
    <time>2026-06-16T13:01:16Z</time>
     <extensions>
      <gpxtpx:TrackPointExtension>
       <gpxtpx:hr>104</gpxtpx:hr>
      </gpxtpx:TrackPointExtension>
     </extensions>
   </trkpt>
   <trkpt lat="-2.6159700" lon="-43.0564510">
    <ele>30.8</ele>
    <time>2026-06-16T13:01:21Z</time>
     <extensions>
      <gpxtpx:TrackPointExtension>
       <gpxtpx:hr>103</gpxtpx:hr>
      </gpxtpx:TrackPointExtension>
     </extensions>
   </trkpt>
   <trkpt lat="-2.6159630" lon="-43.0564720">
    <ele>30.2</ele>
    <time>2026-06-16T13:01:26Z</time>
     <extensions>
      <gpxtpx:TrackPointExtension>
       <gpxtpx:hr>103</gpxtpx:hr>
      </gpxtpx:TrackPointExtension>
     </extensions>
   </trkpt>
   <trkpt lat="-2.6159690" lon="-43.0564830">
    <ele>29.6</ele>
    <time>2026-06-16T13:01:31Z</time>
     <extensions>
      <gpxtpx:TrackPointExtension>
       <gpxtpx:hr>101</gpxtpx:hr>
      </gpxtpx:TrackPointExtension>
     </extensions>
   </trkpt>
   <trkpt lat="-2.6159900" lon="-43.0564890">
    <ele>29.6</ele>
    <time>2026-06-16T13:01:36Z</time>
     <extensions>
      <gpxtpx:TrackPointExtension>
       <gpxtpx:hr>103</gpxtpx:hr>
      </gpxtpx:TrackPointExtension>
     </extensions>
   </trkpt>
   <trkpt lat="-2.6159980" lon="-43.0564900">
    <ele>29.8</ele>
    <time>2026-06-16T13:01:41Z</time>
     <extensions>
      <gpxtpx:TrackPointExtension>
       <gpxtpx:hr>107</gpxtpx:hr>
      </gpxtpx:TrackPointExtension>
     </extensions>
   </trkpt>
   <trkpt lat="-2.6160000" lon="-43.0564860">
    <ele>29.8</ele>
    <time>2026-06-16T13:01:46Z</time>
     <extensions>
      <gpxtpx:TrackPointExtension>
       <gpxtpx:hr>108</gpxtpx:hr>
      </gpxtpx:TrackPointExtension>
     </extensions>
   </trkpt>
   <trkpt lat="-2.6159990" lon="-43.0564830">
    <ele>29.6</ele>
    <time>2026-06-16T13:01:51Z</time>
     <extensions>
      <gpxtpx:TrackPointExtension>
       <gpxtpx:hr>107</gpxtpx:hr>
      </gpxtpx:TrackPointExtension>
     </extensions>
   </trkpt>
   <trkpt lat="-2.6159990" lon="-43.0564820">
    <ele>29.6</ele>
    <time>2026-06-16T13:01:56Z</time>
     <extensions>
      <gpxtpx:TrackPointExtension>
       <gpxtpx:hr>108</gpxtpx:hr>
      </gpxtpx:TrackPointExtension>
     </extensions>
   </trkpt>
   <trkpt lat="-2.6159990" lon="-43.0564810">
    <ele>29.6</ele>
    <time>2026-06-16T13:02:01Z</time>
     <extensions>
      <gpxtpx:TrackPointExtension>
       <gpxtpx:hr>108</gpxtpx:hr>
      </gpxtpx:TrackPointExtension>
     </extensions>
   </trkpt>
   <trkpt lat="-2.6160000" lon="-43.0564790">
    <ele>29.6</ele>
    <time>2026-06-16T13:02:06Z</time>
     <extensions>
      <gpxtpx:TrackPointExtension>
       <gpxtpx:hr>101</gpxtpx:hr>
      </gpxtpx:TrackPointExtension>
     </extensions>
   </trkpt>
   <trkpt lat="-2.6160010" lon="-43.0564760">
    <ele>28.8</ele>
    <time>2026-06-16T13:02:11Z</time>
     <extensions>
      <gpxtpx:TrackPointExtension>
       <gpxtpx:hr>100</gpxtpx:hr>
      </gpxtpx:TrackPointExtension>
     </extensions>
   </trkpt>
   <trkpt lat="-2.6160030" lon="-43.0564760">
    <ele>26.6</ele>
    <time>2026-06-16T13:02:16Z</time>
     <extensions>
      <gpxtpx:TrackPointExtension>
       <gpxtpx:hr>108</gpxtpx:hr>
      </gpxtpx:TrackPointExtension>
     </extensions>
   </trkpt>
   <trkpt lat="-2.6159970" lon="-43.0564740">
    <ele>24.2</ele>
    <time>2026-06-16T13:02:21Z</time>
     <extensions>
      <gpxtpx:TrackPointExtension>
       <gpxtpx:hr>109</gpxtpx:hr>
      </gpxtpx:TrackPointExtension>
     </extensions>
   </trkpt>
   <trkpt lat="-2.6159960" lon="-43.0564710">
    <ele>21.0</ele>
    <time>2026-06-16T13:02:26Z</time>
     <extensions>
      <gpxtpx:TrackPointExtension>
       <gpxtpx:hr>109</gpxtpx:hr>
      </gpxtpx:TrackPointExtension>
     </extensions>
   </trkpt>
   <trkpt lat="-2.6161740" lon="-43.0569130">
    <ele>34.8</ele>
    <time>2026-06-16T13:48:10Z</time>
     <extensions>
      <gpxtpx:TrackPointExtension>
       <gpxtpx:hr>110</gpxtpx:hr>
      </gpxtpx:TrackPointExtension>
     </extensions>
   </trkpt>
   <trkpt lat="-2.6161890" lon="-43.0569400">
    <ele>35.0</ele>
    <time>2026-06-16T13:48:15Z</time>
     <extensions>
      <gpxtpx:TrackPointExtension>
       <gpxtpx:hr>110</gpxtpx:hr>
      </gpxtpx:TrackPointExtension>
     </extensions>
   </trkpt>
   <trkpt lat="-2.6161870" lon="-43.0569820">
    <ele>34.6</ele>
    <time>2026-06-16T13:48:20Z</time>
     <extensions>
      <gpxtpx:TrackPointExtension>
       <gpxtpx:hr>110</gpxtpx:hr>
      </gpxtpx:TrackPointExtension>
     </extensions>
   </trkpt>
   <trkpt lat="-2.6161800" lon="-43.0570250">
    <ele>34.0</ele>
    <time>2026-06-16T13:48:25Z</time>
     <extensions>
      <gpxtpx:TrackPointExtension>
       <gpxtpx:hr>110</gpxtpx:hr>
      </gpxtpx:TrackPointExtension>
     </extensions>
   </trkpt>
   <trkpt lat="-2.6161680" lon="-43.0570740">
    <ele>33.2</ele>
    <time>2026-06-16T13:48:30Z</time>
     <extensions>
      <gpxtpx:TrackPointExtension>
       <gpxtpx:hr>111</gpxtpx:hr>
      </gpxtpx:TrackPointExtension>
     </extensions>
   </trkpt>
   <trkpt lat="-2.6161560" lon="-43.0571280">
    <ele>32.6</ele>
    <time>2026-06-16T13:48:35Z</time>
     <extensions>
      <gpxtpx:TrackPointExtension>
       <gpxtpx:hr>111</gpxtpx:hr>
      </gpxtpx:TrackPointExtension>
     </extensions>
   </trkpt>
   <trkpt lat="-2.6161470" lon="-43.0571830">
    <ele>32.4</ele>
    <time>2026-06-16T13:48:40Z</time>
     <extensions>
      <gpxtpx:TrackPointExtension>
       <gpxtpx:hr>112</gpxtpx:hr>
      </gpxtpx:TrackPointExtension>
     </extensions>
   </trkpt>
   <trkpt lat="-2.6161390" lon="-43.0572360">
    <ele>32.8</ele>
    <time>2026-06-16T13:48:45Z</time>
     <extensions>
      <gpxtpx:TrackPointExtension>
       <gpxtpx:hr>112</gpxtpx:hr>
      </gpxtpx:TrackPointExtension>
     </extensions>
   </trkpt>
   <trkpt lat="-2.6161290" lon="-43.0572830">
    <ele>33.0</ele>
    <time>2026-06-16T13:48:50Z</time>
     <extensions>
      <gpxtpx:TrackPointExtension>
       <gpxtpx:hr>109</gpxtpx:hr>
      </gpxtpx:TrackPointExtension>
     </extensions>
   </trkpt>
   <trkpt lat="-2.6161160" lon="-43.0573300">
    <ele>33.2</ele>
    <time>2026-06-16T13:48:55Z</time>
     <extensions>
      <gpxtpx:TrackPointExtension>
       <gpxtpx:hr>110</gpxtpx:hr>
      </gpxtpx:TrackPointExtension>
     </extensions>
   </trkpt>
   <trkpt lat="-2.6161010" lon="-43.0573740">
    <ele>33.0</ele>
    <time>2026-06-16T13:49:00Z</time>
     <extensions>
      <gpxtpx:TrackPointExtension>
       <gpxtpx:hr>109</gpxtpx:hr>
      </gpxtpx:TrackPointExtension>
     </extensions>
   </trkpt>
   <trkpt lat="-2.6160870" lon="-43.0574110">
    <ele>33.2</ele>
    <time>2026-06-16T13:49:05Z</time>
     <extensions>
      <gpxtpx:TrackPointExtension>
       <gpxtpx:hr>109</gpxtpx:hr>
      </gpxtpx:TrackPointExtension>
     </extensions>
   </trkpt>
   <trkpt lat="-2.6160760" lon="-43.0574230">
    <ele>33.6</ele>
    <time>2026-06-16T13:49:10Z</time>
     <extensions>
      <gpxtpx:TrackPointExtension>
       <gpxtpx:hr>104</gpxtpx:hr>
      </gpxtpx:TrackPointExtension>
     </extensions>
   </trkpt>
   <trkpt lat="-2.6160760" lon="-43.0573990">
    <ele>33.4</ele>
    <time>2026-06-16T13:49:15Z</time>
     <extensions>
      <gpxtpx:TrackPointExtension>
       <gpxtpx:hr>111</gpxtpx:hr>
      </gpxtpx:TrackPointExtension>
     </extensions>
   </trkpt>
   <trkpt lat="-2.6160760" lon="-43.0573830">
    <ele>33.2</ele>
    <time>2026-06-16T13:49:20Z</time>
     <extensions>
      <gpxtpx:TrackPointExtension>
       <gpxtpx:hr>109</gpxtpx:hr>
      </gpxtpx:TrackPointExtension>
     </extensions>
   </trkpt>
   <trkpt lat="-2.6160790" lon="-43.0573800">
    <ele>32.8</ele>
    <time>2026-06-16T13:49:25Z</time>
     <extensions>
      <gpxtpx:TrackPointExtension>
       <gpxtpx:hr>109</gpxtpx:hr>
      </gpxtpx:TrackPointExtension>
     </extensions>
   </trkpt>
   <trkpt lat="-2.6160800" lon="-43.0573880">
    <ele>32.8</ele>
    <time>2026-06-16T13:49:30Z</time>
     <extensions>
      <gpxtpx:TrackPointExtension>
       <gpxtpx:hr>104</gpxtpx:hr>
      </gpxtpx:TrackPointExtension>
     </extensions>
   </trkpt>
   <trkpt lat="-2.6160750" lon="-43.0573950">
    <ele>31.4</ele>
    <time>2026-06-16T13:49:35Z</time>
     <extensions>
      <gpxtpx:TrackPointExtension>
       <gpxtpx:hr>108</gpxtpx:hr>
      </gpxtpx:TrackPointExtension>
     </extensions>
   </trkpt>
   <trkpt lat="-2.6160710" lon="-43.0573970">
    <ele>29.2</ele>
    <time>2026-06-16T13:49:40Z</time>
     <extensions>
      <gpxtpx:TrackPointExtension>
       <gpxtpx:hr>108</gpxtpx:hr>
      </gpxtpx:TrackPointExtension>
     </extensions>
   </trkpt>
   <trkpt lat="-2.6161260" lon="-43.0572650">
    <ele>28.6</ele>
    <time>2026-06-16T13:51:23Z</time>
     <extensions>
      <gpxtpx:TrackPointExtension>
       <gpxtpx:hr>108</gpxtpx:hr>
      </gpxtpx:TrackPointExtension>
     </extensions>
   </trkpt>
   <trkpt lat="-2.6161160" lon="-43.0573240">
    <ele>27.8</ele>
    <time>2026-06-16T13:51:28Z</time>
     <extensions>
      <gpxtpx:TrackPointExtension>
       <gpxtpx:hr>90</gpxtpx:hr>
      </gpxtpx:TrackPointExtension>
     </extensions>
   </trkpt>
   <trkpt lat="-2.6160930" lon="-43.0573760">
    <ele>27.6</ele>
    <time>2026-06-16T13:51:33Z</time>
     <extensions>
      <gpxtpx:TrackPointExtension>
       <gpxtpx:hr>84</gpxtpx:hr>
      </gpxtpx:TrackPointExtension>
     </extensions>
   </trkpt>
   <trkpt lat="-2.6160710" lon="-43.0574250">
    <ele>27.4</ele>
    <time>2026-06-16T13:51:38Z</time>
     <extensions>
      <gpxtpx:TrackPointExtension>
       <gpxtpx:hr>85</gpxtpx:hr>
      </gpxtpx:TrackPointExtension>
     </extensions>
   </trkpt>
   <trkpt lat="-2.6160510" lon="-43.0574730">
    <ele>27.0</ele>
    <time>2026-06-16T13:51:43Z</time>
     <extensions>
      <gpxtpx:TrackPointExtension>
       <gpxtpx:hr>92</gpxtpx:hr>
      </gpxtpx:TrackPointExtension>
     </extensions>
   </trkpt>
   <trkpt lat="-2.6160330" lon="-43.0575190">
    <ele>26.4</ele>
    <time>2026-06-16T13:51:48Z</time>
     <extensions>
      <gpxtpx:TrackPointExtension>
       <gpxtpx:hr>94</gpxtpx:hr>
      </gpxtpx:TrackPointExtension>
     </extensions>
   </trkpt>
   <trkpt lat="-2.6160190" lon="-43.0575620">
    <ele>25.6</ele>
    <time>2026-06-16T13:51:53Z</time>
     <extensions>
      <gpxtpx:TrackPointExtension>
       <gpxtpx:hr>100</gpxtpx:hr>
      </gpxtpx:TrackPointExtension>
     </extensions>
   </trkpt>
   <trkpt lat="-2.6159860" lon="-43.0575940">
    <ele>24.6</ele>
    <time>2026-06-16T13:51:58Z</time>
     <extensions>
      <gpxtpx:TrackPointExtension>
       <gpxtpx:hr>102</gpxtpx:hr>
      </gpxtpx:TrackPointExtension>
     </extensions>
   </trkpt>
   <trkpt lat="-2.6159400" lon="-43.0576090">
    <ele>23.8</ele>
    <time>2026-06-16T13:52:03Z</time>
     <extensions>
      <gpxtpx:TrackPointExtension>
       <gpxtpx:hr>102</gpxtpx:hr>
      </gpxtpx:TrackPointExtension>
     </extensions>
   </trkpt>
   <trkpt lat="-2.6158990" lon="-43.0576390">
    <ele>22.6</ele>
    <time>2026-06-16T13:52:08Z</time>
     <extensions>
      <gpxtpx:TrackPointExtension>
       <gpxtpx:hr>107</gpxtpx:hr>
      </gpxtpx:TrackPointExtension>
     </extensions>
   </trkpt>
   <trkpt lat="-2.6158650" lon="-43.0576810">
    <ele>21.0</ele>
    <time>2026-06-16T13:52:13Z</time>
     <extensions>
      <gpxtpx:TrackPointExtension>
       <gpxtpx:hr>107</gpxtpx:hr>
      </gpxtpx:TrackPointExtension>
     </extensions>
   </trkpt>
   <trkpt lat="-2.6158240" lon="-43.0577160">
    <ele>19.2</ele>
    <time>2026-06-16T13:52:18Z</time>
     <extensions>
      <gpxtpx:TrackPointExtension>
       <gpxtpx:hr>109</gpxtpx:hr>
      </gpxtpx:TrackPointExtension>
     </extensions>
   </trkpt>
   <trkpt lat="-2.6157930" lon="-43.0577460">
    <ele>17.0</ele>
    <time>2026-06-16T13:52:23Z</time>
     <extensions>
      <gpxtpx:TrackPointExtension>
       <gpxtpx:hr>113</gpxtpx:hr>
      </gpxtpx:TrackPointExtension>
     </extensions>
   </trkpt>
   <trkpt lat="-2.6157640" lon="-43.0577830">
    <ele>15.2</ele>
    <time>2026-06-16T13:52:28Z</time>
     <extensions>
      <gpxtpx:TrackPointExtension>
       <gpxtpx:hr>113</gpxtpx:hr>
      </gpxtpx:TrackPointExtension>
     </extensions>
   </trkpt>
   <trkpt lat="-2.6157360" lon="-43.0578320">
    <ele>13.6</ele>
    <time>2026-06-16T13:52:33Z</time>
     <extensions>
      <gpxtpx:TrackPointExtension>
       <gpxtpx:hr>107</gpxtpx:hr>
      </gpxtpx:TrackPointExtension>
     </extensions>
   </trkpt>
   <trkpt lat="-2.6157100" lon="-43.0578720">
    <ele>12.4</ele>
    <time>2026-06-16T13:52:38Z</time>
     <extensions>
      <gpxtpx:TrackPointExtension>
       <gpxtpx:hr>107</gpxtpx:hr>
      </gpxtpx:TrackPointExtension>
     </extensions>
   </trkpt>
   <trkpt lat="-2.6156690" lon="-43.0579050">
    <ele>11.6</ele>
    <time>2026-06-16T13:52:43Z</time>
     <extensions>
      <gpxtpx:TrackPointExtension>
       <gpxtpx:hr>104</gpxtpx:hr>
      </gpxtpx:TrackPointExtension>
     </extensions>
   </trkpt>
   <trkpt lat="-2.6156240" lon="-43.0579220">
    <ele>11.0</ele>
    <time>2026-06-16T13:52:48Z</time>
     <extensions>
      <gpxtpx:TrackPointExtension>
       <gpxtpx:hr>104</gpxtpx:hr>
      </gpxtpx:TrackPointExtension>
     </extensions>
   </trkpt>
   <trkpt lat="-2.6155730" lon="-43.0579320">
    <ele>10.6</ele>
    <time>2026-06-16T13:52:53Z</time>
     <extensions>
      <gpxtpx:TrackPointExtension>
       <gpxtpx:hr>107</gpxtpx:hr>
      </gpxtpx:TrackPointExtension>
     </extensions>
   </trkpt>
   <trkpt lat="-2.6155220" lon="-43.0579310">
    <ele>10.4</ele>
    <time>2026-06-16T13:52:58Z</time>
     <extensions>
      <gpxtpx:TrackPointExtension>
       <gpxtpx:hr>106</gpxtpx:hr>
      </gpxtpx:TrackPointExtension>
     </extensions>
   </trkpt>
   <trkpt lat="-2.6154710" lon="-43.0579290">
    <ele>10.2</ele>
    <time>2026-06-16T13:53:03Z</time>
     <extensions>
      <gpxtpx:TrackPointExtension>
       <gpxtpx:hr>105</gpxtpx:hr>
      </gpxtpx:TrackPointExtension>
     </extensions>
   </trkpt>
   <trkpt lat="-2.6154200" lon="-43.0579280">
    <ele>10.0</ele>
    <time>2026-06-16T13:53:08Z</time>
     <extensions>
      <gpxtpx:TrackPointExtension>
       <gpxtpx:hr>105</gpxtpx:hr>
      </gpxtpx:TrackPointExtension>
     </extensions>
   </trkpt>
   <trkpt lat="-2.6153680" lon="-43.0579380">
    <ele>10.0</ele>
    <time>2026-06-16T13:53:13Z</time>
     <extensions>
      <gpxtpx:TrackPointExtension>
       <gpxtpx:hr>110</gpxtpx:hr>
      </gpxtpx:TrackPointExtension>
     </extensions>
   </trkpt>
   <trkpt lat="-2.6153200" lon="-43.0579560">
    <ele>10.0</ele>
    <time>2026-06-16T13:53:18Z</time>
     <extensions>
      <gpxtpx:TrackPointExtension>
       <gpxtpx:hr>111</gpxtpx:hr>
      </gpxtpx:TrackPointExtension>
     </extensions>
   </trkpt>
   <trkpt lat="-2.6152680" lon="-43.0579800">
    <ele>9.8</ele>
    <time>2026-06-16T13:53:23Z</time>
     <extensions>
      <gpxtpx:TrackPointExtension>
       <gpxtpx:hr>110</gpxtpx:hr>
      </gpxtpx:TrackPointExtension>
     </extensions>
   </trkpt>
   <trkpt lat="-2.6152130" lon="-43.0579900">
    <ele>9.8</ele>
    <time>2026-06-16T13:53:28Z</time>
     <extensions>
      <gpxtpx:TrackPointExtension>
       <gpxtpx:hr>109</gpxtpx:hr>
      </gpxtpx:TrackPointExtension>
     </extensions>
   </trkpt>
   <trkpt lat="-2.6151560" lon="-43.0579860">
    <ele>9.8</ele>
    <time>2026-06-16T13:53:33Z</time>
     <extensions>
      <gpxtpx:TrackPointExtension>
       <gpxtpx:hr>109</gpxtpx:hr>
      </gpxtpx:TrackPointExtension>
     </extensions>
   </trkpt>
   <trkpt lat="-2.6150990" lon="-43.0579780">
    <ele>9.8</ele>
    <time>2026-06-16T13:53:38Z</time>
     <extensions>
      <gpxtpx:TrackPointExtension>
       <gpxtpx:hr>110</gpxtpx:hr>
      </gpxtpx:TrackPointExtension>
     </extensions>
   </trkpt>
   <trkpt lat="-2.6150540" lon="-43.0579670">
    <ele>9.6</ele>
    <time>2026-06-16T13:53:43Z</time>
     <extensions>
      <gpxtpx:TrackPointExtension>
       <gpxtpx:hr>110</gpxtpx:hr>
      </gpxtpx:TrackPointExtension>
     </extensions>
   </trkpt>
   <trkpt lat="-2.6150050" lon="-43.0579400">
    <ele>9.6</ele>
    <time>2026-06-16T13:53:48Z</time>
     <extensions>
      <gpxtpx:TrackPointExtension>
       <gpxtpx:hr>107</gpxtpx:hr>
      </gpxtpx:TrackPointExtension>
     </extensions>
   </trkpt>
   <trkpt lat="-2.6149580" lon="-43.0579100">
    <ele>9.4</ele>
    <time>2026-06-16T13:53:53Z</time>
     <extensions>
      <gpxtpx:TrackPointExtension>
       <gpxtpx:hr>109</gpxtpx:hr>
      </gpxtpx:TrackPointExtension>
     </extensions>
   </trkpt>
   <trkpt lat="-2.6149110" lon="-43.0578740">
    <ele>9.4</ele>
    <time>2026-06-16T13:53:58Z</time>
     <extensions>
      <gpxtpx:TrackPointExtension>
       <gpxtpx:hr>108</gpxtpx:hr>
      </gpxtpx:TrackPointExtension>
     </extensions>
   </trkpt>
   <trkpt lat="-2.6148750" lon="-43.0578420">
    <ele>9.2</ele>
    <time>2026-06-16T13:54:03Z</time>
     <extensions>
      <gpxtpx:TrackPointExtension>
       <gpxtpx:hr>110</gpxtpx:hr>
      </gpxtpx:TrackPointExtension>
     </extensions>
   </trkpt>
   <trkpt lat="-2.6148410" lon="-43.0578220">
    <ele>9.2</ele>
    <time>2026-06-16T13:54:08Z</time>
     <extensions>
      <gpxtpx:TrackPointExtension>
       <gpxtpx:hr>112</gpxtpx:hr>
      </gpxtpx:TrackPointExtension>
     </extensions>
   </trkpt>
   <trkpt lat="-2.6148020" lon="-43.0578090">
    <ele>9.4</ele>
    <time>2026-06-16T13:54:13Z</time>
     <extensions>
      <gpxtpx:TrackPointExtension>
       <gpxtpx:hr>112</gpxtpx:hr>
      </gpxtpx:TrackPointExtension>
     </extensions>
   </trkpt>
   <trkpt lat="-2.6147670" lon="-43.0578010">
    <ele>9.6</ele>
    <time>2026-06-16T13:54:18Z</time>
     <extensions>
      <gpxtpx:TrackPointExtension>
       <gpxtpx:hr>112</gpxtpx:hr>
      </gpxtpx:TrackPointExtension>
     </extensions>
   </trkpt>
   <trkpt lat="-2.6147200" lon="-43.0577860">
    <ele>9.8</ele>
    <time>2026-06-16T13:54:23Z</time>
     <extensions>
      <gpxtpx:TrackPointExtension>
       <gpxtpx:hr>113</gpxtpx:hr>
      </gpxtpx:TrackPointExtension>
     </extensions>
   </trkpt>
   <trkpt lat="-2.6146730" lon="-43.0577720">
    <ele>10.2</ele>
    <time>2026-06-16T13:54:28Z</time>
     <extensions>
      <gpxtpx:TrackPointExtension>
       <gpxtpx:hr>113</gpxtpx:hr>
      </gpxtpx:TrackPointExtension>
     </extensions>
   </trkpt>
   <trkpt lat="-2.6146230" lon="-43.0577590">
    <ele>10.4</ele>
    <time>2026-06-16T13:54:33Z</time>
     <extensions>
      <gpxtpx:TrackPointExtension>
       <gpxtpx:hr>116</gpxtpx:hr>
      </gpxtpx:TrackPointExtension>
     </extensions>
   </trkpt>
   <trkpt lat="-2.6145760" lon="-43.0577490">
    <ele>10.6</ele>
    <time>2026-06-16T13:54:38Z</time>
     <extensions>
      <gpxtpx:TrackPointExtension>
       <gpxtpx:hr>119</gpxtpx:hr>
      </gpxtpx:TrackPointExtension>
     </extensions>
   </trkpt>
   <trkpt lat="-2.6145130" lon="-43.0577360">
    <ele>10.6</ele>
    <time>2026-06-16T13:54:43Z</time>
     <extensions>
      <gpxtpx:TrackPointExtension>
       <gpxtpx:hr>125</gpxtpx:hr>
      </gpxtpx:TrackPointExtension>
     </extensions>
   </trkpt>
   <trkpt lat="-2.6144650" lon="-43.0577130">
    <ele>10.4</ele>
    <time>2026-06-16T13:54:48Z</time>
     <extensions>
      <gpxtpx:TrackPointExtension>
       <gpxtpx:hr>127</gpxtpx:hr>
      </gpxtpx:TrackPointExtension>
     </extensions>
   </trkpt>
   <trkpt lat="-2.6144240" lon="-43.0576860">
    <ele>10.4</ele>
    <time>2026-06-16T13:54:53Z</time>
     <extensions>
      <gpxtpx:TrackPointExtension>
       <gpxtpx:hr>126</gpxtpx:hr>
      </gpxtpx:TrackPointExtension>
     </extensions>
   </trkpt>
   <trkpt lat="-2.6143840" lon="-43.0576700">
    <ele>10.2</ele>
    <time>2026-06-16T13:54:58Z</time>
     <extensions>
      <gpxtpx:TrackPointExtension>
       <gpxtpx:hr>126</gpxtpx:hr>
      </gpxtpx:TrackPointExtension>
     </extensions>
   </trkpt>
   <trkpt lat="-2.6143370" lon="-43.0576590">
    <ele>10.2</ele>
    <time>2026-06-16T13:55:03Z</time>
     <extensions>
      <gpxtpx:TrackPointExtension>
       <gpxtpx:hr>127</gpxtpx:hr>
      </gpxtpx:TrackPointExtension>
     </extensions>
   </trkpt>
   <trkpt lat="-2.6142880" lon="-43.0576500">
    <ele>10.0</ele>
    <time>2026-06-16T13:55:08Z</time>
     <extensions>
      <gpxtpx:TrackPointExtension>
       <gpxtpx:hr>125</gpxtpx:hr>
      </gpxtpx:TrackPointExtension>
     </extensions>
   </trkpt>
   <trkpt lat="-2.6142450" lon="-43.0576440">
    <ele>10.0</ele>
    <time>2026-06-16T13:55:13Z</time>
     <extensions>
      <gpxtpx:TrackPointExtension>
       <gpxtpx:hr>125</gpxtpx:hr>
      </gpxtpx:TrackPointExtension>
     </extensions>
   </trkpt>
   <trkpt lat="-2.6141910" lon="-43.0576320">
    <ele>10.0</ele>
    <time>2026-06-16T13:55:18Z</time>
     <extensions>
      <gpxtpx:TrackPointExtension>
       <gpxtpx:hr>123</gpxtpx:hr>
      </gpxtpx:TrackPointExtension>
     </extensions>
   </trkpt>
   <trkpt lat="-2.6141370" lon="-43.0576110">
    <ele>10.0</ele>
    <time>2026-06-16T13:55:23Z</time>
     <extensions>
      <gpxtpx:TrackPointExtension>
       <gpxtpx:hr>123</gpxtpx:hr>
      </gpxtpx:TrackPointExtension>
     </extensions>
   </trkpt>
   <trkpt lat="-2.6140920" lon="-43.0576020">
    <ele>10.2</ele>
    <time>2026-06-16T13:55:28Z</time>
     <extensions>
      <gpxtpx:TrackPointExtension>
       <gpxtpx:hr>123</gpxtpx:hr>
      </gpxtpx:TrackPointExtension>
     </extensions>
   </trkpt>
   <trkpt lat="-2.6140490" lon="-43.0575890">
    <ele>10.2</ele>
    <time>2026-06-16T13:55:34Z</time>
     <extensions>
      <gpxtpx:TrackPointExtension>
       <gpxtpx:hr>124</gpxtpx:hr>
      </gpxtpx:TrackPointExtension>
     </extensions>
   </trkpt>
   <trkpt lat="-2.6140000" lon="-43.0575770">
    <ele>10.0</ele>
    <time>2026-06-16T13:55:39Z</time>
     <extensions>
      <gpxtpx:TrackPointExtension>
       <gpxtpx:hr>119</gpxtpx:hr>
      </gpxtpx:TrackPointExtension>
     </extensions>
   </trkpt>
   <trkpt lat="-2.6139480" lon="-43.0575750">
    <ele>10.0</ele>
    <time>2026-06-16T13:55:44Z</time>
     <extensions>
      <gpxtpx:TrackPointExtension>
       <gpxtpx:hr>119</gpxtpx:hr>
      </gpxtpx:TrackPointExtension>
     </extensions>
   </trkpt>
   <trkpt lat="-2.6138930" lon="-43.0575730">
    <ele>10.0</ele>
    <time>2026-06-16T13:55:49Z</time>
     <extensions>
      <gpxtpx:TrackPointExtension>
       <gpxtpx:hr>118</gpxtpx:hr>
      </gpxtpx:TrackPointExtension>
     </extensions>
   </trkpt>
   <trkpt lat="-2.6138520" lon="-43.0575680">
    <ele>10.0</ele>
    <time>2026-06-16T13:55:54Z</time>
     <extensions>
      <gpxtpx:TrackPointExtension>
       <gpxtpx:hr>126</gpxtpx:hr>
      </gpxtpx:TrackPointExtension>
     </extensions>
   </trkpt>
   <trkpt lat="-2.6138130" lon="-43.0575600">
    <ele>10.0</ele>
    <time>2026-06-16T13:55:59Z</time>
     <extensions>
      <gpxtpx:TrackPointExtension>
       <gpxtpx:hr>126</gpxtpx:hr>
      </gpxtpx:TrackPointExtension>
     </extensions>
   </trkpt>
   <trkpt lat="-2.6137620" lon="-43.0575560">
    <ele>10.0</ele>
    <time>2026-06-16T13:56:04Z</time>
     <extensions>
      <gpxtpx:TrackPointExtension>
       <gpxtpx:hr>132</gpxtpx:hr>
      </gpxtpx:TrackPointExtension>
     </extensions>
   </trkpt>
   <trkpt lat="-2.6137080" lon="-43.0575540">
    <ele>9.8</ele>
    <time>2026-06-16T13:56:09Z</time>
     <extensions>
      <gpxtpx:TrackPointExtension>
       <gpxtpx:hr>135</gpxtpx:hr>
      </gpxtpx:TrackPointExtension>
     </extensions>
   </trkpt>
   <trkpt lat="-2.6136490" lon="-43.0575590">
    <ele>9.8</ele>
    <time>2026-06-16T13:56:14Z</time>
     <extensions>
      <gpxtpx:TrackPointExtension>
       <gpxtpx:hr>135</gpxtpx:hr>
      </gpxtpx:TrackPointExtension>
     </extensions>
   </trkpt>
   <trkpt lat="-2.6136010" lon="-43.0575660">
    <ele>10.0</ele>
    <time>2026-06-16T13:56:19Z</time>
     <extensions>
      <gpxtpx:TrackPointExtension>
       <gpxtpx:hr>135</gpxtpx:hr>
      </gpxtpx:TrackPointExtension>
     </extensions>
   </trkpt>
   <trkpt lat="-2.6135530" lon="-43.0575670">
    <ele>10.0</ele>
    <time>2026-06-16T13:56:24Z</time>
     <extensions>
      <gpxtpx:TrackPointExtension>
       <gpxtpx:hr>137</gpxtpx:hr>
      </gpxtpx:TrackPointExtension>
     </extensions>
   </trkpt>
   <trkpt lat="-2.6135050" lon="-43.0575620">
    <ele>10.0</ele>
    <time>2026-06-16T13:56:29Z</time>
     <extensions>
      <gpxtpx:TrackPointExtension>
       <gpxtpx:hr>130</gpxtpx:hr>
      </gpxtpx:TrackPointExtension>
     </extensions>
   </trkpt>
   <trkpt lat="-2.6134580" lon="-43.0575610">
    <ele>10.2</ele>
    <time>2026-06-16T13:56:34Z</time>
     <extensions>
      <gpxtpx:TrackPointExtension>
       <gpxtpx:hr>129</gpxtpx:hr>
      </gpxtpx:TrackPointExtension>
     </extensions>
   </trkpt>
   <trkpt lat="-2.6134080" lon="-43.0575540">
    <ele>10.2</ele>
    <time>2026-06-16T13:56:39Z</time>
     <extensions>
      <gpxtpx:TrackPointExtension>
       <gpxtpx:hr>127</gpxtpx:hr>
      </gpxtpx:TrackPointExtension>
     </extensions>
   </trkpt>
   <trkpt lat="-2.6133610" lon="-43.0575460">
    <ele>10.4</ele>
    <time>2026-06-16T13:56:44Z</time>
     <extensions>
      <gpxtpx:TrackPointExtension>
       <gpxtpx:hr>127</gpxtpx:hr>
      </gpxtpx:TrackPointExtension>
     </extensions>
   </trkpt>
   <trkpt lat="-2.6133040" lon="-43.0575270">
    <ele>10.6</ele>
    <time>2026-06-16T13:56:49Z</time>
     <extensions>
      <gpxtpx:TrackPointExtension>
       <gpxtpx:hr>122</gpxtpx:hr>
      </gpxtpx:TrackPointExtension>
     </extensions>
   </trkpt>
   <trkpt lat="-2.6132590" lon="-43.0575180">
    <ele>10.8</ele>
    <time>2026-06-16T13:56:55Z</time>
     <extensions>
      <gpxtpx:TrackPointExtension>
       <gpxtpx:hr>120</gpxtpx:hr>
      </gpxtpx:TrackPointExtension>
     </extensions>
   </trkpt>
   <trkpt lat="-2.6132070" lon="-43.0575080">
    <ele>11.0</ele>
    <time>2026-06-16T13:57:00Z</time>
     <extensions>
      <gpxtpx:TrackPointExtension>
       <gpxtpx:hr>120</gpxtpx:hr>
      </gpxtpx:TrackPointExtension>
     </extensions>
   </trkpt>
   <trkpt lat="-2.6131670" lon="-43.0574940">
    <ele>11.4</ele>
    <time>2026-06-16T13:57:05Z</time>
     <extensions>
      <gpxtpx:TrackPointExtension>
       <gpxtpx:hr>119</gpxtpx:hr>
      </gpxtpx:TrackPointExtension>
     </extensions>
   </trkpt>
   <trkpt lat="-2.6131240" lon="-43.0574820">
    <ele>11.8</ele>
    <time>2026-06-16T13:57:10Z</time>
     <extensions>
      <gpxtpx:TrackPointExtension>
       <gpxtpx:hr>121</gpxtpx:hr>
      </gpxtpx:TrackPointExtension>
     </extensions>
   </trkpt>
   <trkpt lat="-2.6130790" lon="-43.0574910">
    <ele>12.6</ele>
    <time>2026-06-16T13:57:15Z</time>
     <extensions>
      <gpxtpx:TrackPointExtension>
       <gpxtpx:hr>121</gpxtpx:hr>
      </gpxtpx:TrackPointExtension>
     </extensions>
   </trkpt>
   <trkpt lat="-2.6130280" lon="-43.0575020">
    <ele>13.8</ele>
    <time>2026-06-16T13:57:20Z</time>
     <extensions>
      <gpxtpx:TrackPointExtension>
       <gpxtpx:hr>115</gpxtpx:hr>
      </gpxtpx:TrackPointExtension>
     </extensions>
   </trkpt>
   <trkpt lat="-2.6129730" lon="-43.0575180">
    <ele>15.2</ele>
    <time>2026-06-16T13:57:25Z</time>
     <extensions>
      <gpxtpx:TrackPointExtension>
       <gpxtpx:hr>115</gpxtpx:hr>
      </gpxtpx:TrackPointExtension>
     </extensions>
   </trkpt>
   <trkpt lat="-2.6129230" lon="-43.0575290">
    <ele>16.6</ele>
    <time>2026-06-16T13:57:30Z</time>
     <extensions>
      <gpxtpx:TrackPointExtension>
       <gpxtpx:hr>116</gpxtpx:hr>
      </gpxtpx:TrackPointExtension>
     </extensions>
   </trkpt>
   <trkpt lat="-2.6128890" lon="-43.0575410">
    <ele>18.2</ele>
    <time>2026-06-16T13:57:35Z</time>
     <extensions>
      <gpxtpx:TrackPointExtension>
       <gpxtpx:hr>116</gpxtpx:hr>
      </gpxtpx:TrackPointExtension>
     </extensions>
   </trkpt>
   <trkpt lat="-2.6128710" lon="-43.0575660">
    <ele>19.6</ele>
    <time>2026-06-16T13:57:40Z</time>
     <extensions>
      <gpxtpx:TrackPointExtension>
       <gpxtpx:hr>121</gpxtpx:hr>
      </gpxtpx:TrackPointExtension>
     </extensions>
   </trkpt>
   <trkpt lat="-2.6128570" lon="-43.0576000">
    <ele>20.6</ele>
    <time>2026-06-16T13:57:45Z</time>
     <extensions>
      <gpxtpx:TrackPointExtension>
       <gpxtpx:hr>121</gpxtpx:hr>
      </gpxtpx:TrackPointExtension>
     </extensions>
   </trkpt>
   <trkpt lat="-2.6128470" lon="-43.0576240">
    <ele>21.6</ele>
    <time>2026-06-16T13:57:50Z</time>
     <extensions>
      <gpxtpx:TrackPointExtension>
       <gpxtpx:hr>121</gpxtpx:hr>
      </gpxtpx:TrackPointExtension>
     </extensions>
   </trkpt>
   <trkpt lat="-2.6128300" lon="-43.0576340">
    <ele>22.4</ele>
    <time>2026-06-16T13:57:55Z</time>
     <extensions>
      <gpxtpx:TrackPointExtension>
       <gpxtpx:hr>132</gpxtpx:hr>
      </gpxtpx:TrackPointExtension>
     </extensions>
   </trkpt>
   <trkpt lat="-2.6128210" lon="-43.0576260">
    <ele>22.8</ele>
    <time>2026-06-16T13:58:00Z</time>
     <extensions>
      <gpxtpx:TrackPointExtension>
       <gpxtpx:hr>132</gpxtpx:hr>
      </gpxtpx:TrackPointExtension>
     </extensions>
   </trkpt>
   <trkpt lat="-2.6128250" lon="-43.0576180">
    <ele>23.2</ele>
    <time>2026-06-16T13:58:05Z</time>
     <extensions>
      <gpxtpx:TrackPointExtension>
       <gpxtpx:hr>144</gpxtpx:hr>
      </gpxtpx:TrackPointExtension>
     </extensions>
   </trkpt>
   <trkpt lat="-2.6128260" lon="-43.0576140">
    <ele>23.2</ele>
    <time>2026-06-16T13:58:10Z</time>
     <extensions>
      <gpxtpx:TrackPointExtension>
       <gpxtpx:hr>143</gpxtpx:hr>
      </gpxtpx:TrackPointExtension>
     </extensions>
   </trkpt>
   <trkpt lat="-2.6128240" lon="-43.0576130">
    <ele>23.4</ele>
    <time>2026-06-16T13:58:15Z</time>
     <extensions>
      <gpxtpx:TrackPointExtension>
       <gpxtpx:hr>139</gpxtpx:hr>
      </gpxtpx:TrackPointExtension>
     </extensions>
   </trkpt>
   <trkpt lat="-2.6128080" lon="-43.0576240">
    <ele>23.6</ele>
    <time>2026-06-16T13:58:20Z</time>
     <extensions>
      <gpxtpx:TrackPointExtension>
       <gpxtpx:hr>137</gpxtpx:hr>
      </gpxtpx:TrackPointExtension>
     </extensions>
   </trkpt>
   <trkpt lat="-2.6127890" lon="-43.0576300">
    <ele>23.8</ele>
    <time>2026-06-16T13:58:25Z</time>
     <extensions>
      <gpxtpx:TrackPointExtension>
       <gpxtpx:hr>137</gpxtpx:hr>
      </gpxtpx:TrackPointExtension>
     </extensions>
   </trkpt>
   <trkpt lat="-2.6127760" lon="-43.0576380">
    <ele>24.2</ele>
    <time>2026-06-16T13:58:30Z</time>
     <extensions>
      <gpxtpx:TrackPointExtension>
       <gpxtpx:hr>127</gpxtpx:hr>
      </gpxtpx:TrackPointExtension>
     </extensions>
   </trkpt>
   <trkpt lat="-2.6127700" lon="-43.0576500">
    <ele>24.6</ele>
    <time>2026-06-16T13:58:35Z</time>
     <extensions>
      <gpxtpx:TrackPointExtension>
       <gpxtpx:hr>120</gpxtpx:hr>
      </gpxtpx:TrackPointExtension>
     </extensions>
   </trkpt>
   <trkpt lat="-2.6127580" lon="-43.0576690">
    <ele>24.8</ele>
    <time>2026-06-16T13:58:40Z</time>
     <extensions>
      <gpxtpx:TrackPointExtension>
       <gpxtpx:hr>118</gpxtpx:hr>
      </gpxtpx:TrackPointExtension>
     </extensions>
   </trkpt>
   <trkpt lat="-2.6127350" lon="-43.0576840">
    <ele>25.2</ele>
    <time>2026-06-16T13:58:45Z</time>
     <extensions>
      <gpxtpx:TrackPointExtension>
       <gpxtpx:hr>115</gpxtpx:hr>
      </gpxtpx:TrackPointExtension>
     </extensions>
   </trkpt>
   <trkpt lat="-2.6126880" lon="-43.0577130">
    <ele>25.6</ele>
    <time>2026-06-16T13:58:50Z</time>
     <extensions>
      <gpxtpx:TrackPointExtension>
       <gpxtpx:hr>110</gpxtpx:hr>
      </gpxtpx:TrackPointExtension>
     </extensions>
   </trkpt>
   <trkpt lat="-2.6126460" lon="-43.0577390">
    <ele>25.8</ele>
    <time>2026-06-16T13:58:55Z</time>
     <extensions>
      <gpxtpx:TrackPointExtension>
       <gpxtpx:hr>110</gpxtpx:hr>
      </gpxtpx:TrackPointExtension>
     </extensions>
   </trkpt>
   <trkpt lat="-2.6126080" lon="-43.0577600">
    <ele>26.0</ele>
    <time>2026-06-16T13:59:00Z</time>
     <extensions>
      <gpxtpx:TrackPointExtension>
       <gpxtpx:hr>111</gpxtpx:hr>
      </gpxtpx:TrackPointExtension>
     </extensions>
   </trkpt>
   <trkpt lat="-2.6125620" lon="-43.0577820">
    <ele>26.2</ele>
    <time>2026-06-16T13:59:05Z</time>
     <extensions>
      <gpxtpx:TrackPointExtension>
       <gpxtpx:hr>111</gpxtpx:hr>
      </gpxtpx:TrackPointExtension>
     </extensions>
   </trkpt>
   <trkpt lat="-2.6125300" lon="-43.0577920">
    <ele>26.4</ele>
    <time>2026-06-16T13:59:10Z</time>
     <extensions>
      <gpxtpx:TrackPointExtension>
       <gpxtpx:hr>114</gpxtpx:hr>
      </gpxtpx:TrackPointExtension>
     </extensions>
   </trkpt>
   <trkpt lat="-2.6125020" lon="-43.0577850">
    <ele>26.4</ele>
    <time>2026-06-16T13:59:15Z</time>
     <extensions>
      <gpxtpx:TrackPointExtension>
       <gpxtpx:hr>113</gpxtpx:hr>
      </gpxtpx:TrackPointExtension>
     </extensions>
   </trkpt>
   <trkpt lat="-2.6124940" lon="-43.0577750">
    <ele>26.4</ele>
    <time>2026-06-16T13:59:20Z</time>
     <extensions>
      <gpxtpx:TrackPointExtension>
       <gpxtpx:hr>113</gpxtpx:hr>
      </gpxtpx:TrackPointExtension>
     </extensions>
   </trkpt>
   <trkpt lat="-2.6124980" lon="-43.0577590">
    <ele>26.0</ele>
    <time>2026-06-16T13:59:25Z</time>
     <extensions>
      <gpxtpx:TrackPointExtension>
       <gpxtpx:hr>112</gpxtpx:hr>
      </gpxtpx:TrackPointExtension>
     </extensions>
   </trkpt>
   <trkpt lat="-2.6125010" lon="-43.0577550">
    <ele>25.6</ele>
    <time>2026-06-16T13:59:30Z</time>
     <extensions>
      <gpxtpx:TrackPointExtension>
       <gpxtpx:hr>110</gpxtpx:hr>
      </gpxtpx:TrackPointExtension>
     </extensions>
   </trkpt>
   <trkpt lat="-2.6125030" lon="-43.0577580">
    <ele>26.2</ele>
    <time>2026-06-16T13:59:35Z</time>
     <extensions>
      <gpxtpx:TrackPointExtension>
       <gpxtpx:hr>110</gpxtpx:hr>
      </gpxtpx:TrackPointExtension>
     </extensions>
   </trkpt>
   <trkpt lat="-2.6125130" lon="-43.0577690">
    <ele>26.4</ele>
    <time>2026-06-16T13:59:40Z</time>
     <extensions>
      <gpxtpx:TrackPointExtension>
       <gpxtpx:hr>115</gpxtpx:hr>
      </gpxtpx:TrackPointExtension>
     </extensions>
   </trkpt>
   <trkpt lat="-2.6125180" lon="-43.0577770">
    <ele>26.4</ele>
    <time>2026-06-16T13:59:45Z</time>
     <extensions>
      <gpxtpx:TrackPointExtension>
       <gpxtpx:hr>111</gpxtpx:hr>
      </gpxtpx:TrackPointExtension>
     </extensions>
   </trkpt>
   <trkpt lat="-2.6125130" lon="-43.0577790">
    <ele>26.2</ele>
    <time>2026-06-16T13:59:50Z</time>
     <extensions>
      <gpxtpx:TrackPointExtension>
       <gpxtpx:hr>110</gpxtpx:hr>
      </gpxtpx:TrackPointExtension>
     </extensions>
   </trkpt>
   <trkpt lat="-2.6124890" lon="-43.0577680">
    <ele>26.4</ele>
    <time>2026-06-16T13:59:55Z</time>
     <extensions>
      <gpxtpx:TrackPointExtension>
       <gpxtpx:hr>110</gpxtpx:hr>
      </gpxtpx:TrackPointExtension>
     </extensions>
   </trkpt>
   <trkpt lat="-2.6124900" lon="-43.0577520">
    <ele>25.6</ele>
    <time>2026-06-16T14:00:00Z</time>
     <extensions>
      <gpxtpx:TrackPointExtension>
       <gpxtpx:hr>113</gpxtpx:hr>
      </gpxtpx:TrackPointExtension>
     </extensions>
   </trkpt>
   <trkpt lat="-2.6124960" lon="-43.0577440">
    <ele>23.4</ele>
    <time>2026-06-16T14:00:05Z</time>
     <extensions>
      <gpxtpx:TrackPointExtension>
       <gpxtpx:hr>111</gpxtpx:hr>
      </gpxtpx:TrackPointExtension>
     </extensions>
   </trkpt>
   <trkpt lat="-2.6124980" lon="-43.0577420">
    <ele>22.0</ele>
    <time>2026-06-16T14:00:07Z</time>
     <extensions>
      <gpxtpx:TrackPointExtension>
       <gpxtpx:hr>111</gpxtpx:hr>
      </gpxtpx:TrackPointExtension>
     </extensions>
   </trkpt>
  </trkseg>
  <trkseg>
   <trkpt lat="-2.6124750" lon="-43.0576890">
    <ele>29.0</ele>
    <time>2026-06-16T14:30:07Z</time>
     <extensions>
      <gpxtpx:TrackPointExtension>
       <gpxtpx:hr>101</gpxtpx:hr>
      </gpxtpx:TrackPointExtension>
     </extensions>
   </trkpt>
   <trkpt lat="-2.6124750" lon="-43.0576850">
    <ele>27.2</ele>
    <time>2026-06-16T14:31:59Z</time>
     <extensions>
      <gpxtpx:TrackPointExtension>
       <gpxtpx:hr>101</gpxtpx:hr>
      </gpxtpx:TrackPointExtension>
     </extensions>
   </trkpt>
   <trkpt lat="-2.6124730" lon="-43.0576470">
    <ele>26.2</ele>
    <time>2026-06-16T14:32:04Z</time>
     <extensions>
      <gpxtpx:TrackPointExtension>
       <gpxtpx:hr>106</gpxtpx:hr>
      </gpxtpx:TrackPointExtension>
     </extensions>
   </trkpt>
   <trkpt lat="-2.6124710" lon="-43.0575950">
    <ele>26.0</ele>
    <time>2026-06-16T14:32:09Z</time>
     <extensions>
      <gpxtpx:TrackPointExtension>
       <gpxtpx:hr>106</gpxtpx:hr>
      </gpxtpx:TrackPointExtension>
     </extensions>
   </trkpt>
   <trkpt lat="-2.6124620" lon="-43.0575440">
    <ele>26.0</ele>
    <time>2026-06-16T14:32:14Z</time>
     <extensions>
      <gpxtpx:TrackPointExtension>
       <gpxtpx:hr>104</gpxtpx:hr>
      </gpxtpx:TrackPointExtension>
     </extensions>
   </trkpt>
   <trkpt lat="-2.6124340" lon="-43.0575100">
    <ele>25.8</ele>
    <time>2026-06-16T14:32:19Z</time>
     <extensions>
      <gpxtpx:TrackPointExtension>
       <gpxtpx:hr>105</gpxtpx:hr>
      </gpxtpx:TrackPointExtension>
     </extensions>
   </trkpt>
   <trkpt lat="-2.6124040" lon="-43.0574810">
    <ele>25.8</ele>
    <time>2026-06-16T14:32:24Z</time>
     <extensions>
      <gpxtpx:TrackPointExtension>
       <gpxtpx:hr>105</gpxtpx:hr>
      </gpxtpx:TrackPointExtension>
     </extensions>
   </trkpt>
   <trkpt lat="-2.6123580" lon="-43.0574820">
    <ele>26.0</ele>
    <time>2026-06-16T14:32:29Z</time>
     <extensions>
      <gpxtpx:TrackPointExtension>
       <gpxtpx:hr>105</gpxtpx:hr>
      </gpxtpx:TrackPointExtension>
     </extensions>
   </trkpt>
   <trkpt lat="-2.6123110" lon="-43.0574820">
    <ele>26.2</ele>
    <time>2026-06-16T14:32:34Z</time>
     <extensions>
      <gpxtpx:TrackPointExtension>
       <gpxtpx:hr>109</gpxtpx:hr>
      </gpxtpx:TrackPointExtension>
     </extensions>
   </trkpt>
   <trkpt lat="-2.6122690" lon="-43.0574710">
    <ele>26.4</ele>
    <time>2026-06-16T14:32:39Z</time>
     <extensions>
      <gpxtpx:TrackPointExtension>
       <gpxtpx:hr>110</gpxtpx:hr>
      </gpxtpx:TrackPointExtension>
     </extensions>
   </trkpt>
   <trkpt lat="-2.6122300" lon="-43.0574570">
    <ele>26.4</ele>
    <time>2026-06-16T14:32:44Z</time>
     <extensions>
      <gpxtpx:TrackPointExtension>
       <gpxtpx:hr>103</gpxtpx:hr>
      </gpxtpx:TrackPointExtension>
     </extensions>
   </trkpt>
   <trkpt lat="-2.6122010" lon="-43.0574280">
    <ele>26.6</ele>
    <time>2026-06-16T14:32:49Z</time>
     <extensions>
      <gpxtpx:TrackPointExtension>
       <gpxtpx:hr>103</gpxtpx:hr>
      </gpxtpx:TrackPointExtension>
     </extensions>
   </trkpt>
   <trkpt lat="-2.6121910" lon="-43.0573840">
    <ele>26.6</ele>
    <time>2026-06-16T14:32:54Z</time>
     <extensions>
      <gpxtpx:TrackPointExtension>
       <gpxtpx:hr>105</gpxtpx:hr>
      </gpxtpx:TrackPointExtension>
     </extensions>
   </trkpt>
   <trkpt lat="-2.6121870" lon="-43.0573480">
    <ele>26.8</ele>
    <time>2026-06-16T14:32:59Z</time>
     <extensions>
      <gpxtpx:TrackPointExtension>
       <gpxtpx:hr>105</gpxtpx:hr>
      </gpxtpx:TrackPointExtension>
     </extensions>
   </trkpt>
   <trkpt lat="-2.6121820" lon="-43.0573110">
    <ele>27.0</ele>
    <time>2026-06-16T14:33:04Z</time>
     <extensions>
      <gpxtpx:TrackPointExtension>
       <gpxtpx:hr>107</gpxtpx:hr>
      </gpxtpx:TrackPointExtension>
     </extensions>
   </trkpt>
   <trkpt lat="-2.6121790" lon="-43.0572750">
    <ele>27.2</ele>
    <time>2026-06-16T14:33:09Z</time>
     <extensions>
      <gpxtpx:TrackPointExtension>
       <gpxtpx:hr>107</gpxtpx:hr>
      </gpxtpx:TrackPointExtension>
     </extensions>
   </trkpt>
   <trkpt lat="-2.6121730" lon="-43.0572330">
    <ele>27.0</ele>
    <time>2026-06-16T14:33:14Z</time>
     <extensions>
      <gpxtpx:TrackPointExtension>
       <gpxtpx:hr>110</gpxtpx:hr>
      </gpxtpx:TrackPointExtension>
     </extensions>
   </trkpt>
   <trkpt lat="-2.6121690" lon="-43.0571890">
    <ele>27.0</ele>
    <time>2026-06-16T14:33:19Z</time>
     <extensions>
      <gpxtpx:TrackPointExtension>
       <gpxtpx:hr>110</gpxtpx:hr>
      </gpxtpx:TrackPointExtension>
     </extensions>
   </trkpt>
   <trkpt lat="-2.6121620" lon="-43.0571480">
    <ele>26.8</ele>
    <time>2026-06-16T14:33:24Z</time>
     <extensions>
      <gpxtpx:TrackPointExtension>
       <gpxtpx:hr>110</gpxtpx:hr>
      </gpxtpx:TrackPointExtension>
     </extensions>
   </trkpt>
   <trkpt lat="-2.6121490" lon="-43.0571180">
    <ele>26.8</ele>
    <time>2026-06-16T14:33:29Z</time>
     <extensions>
      <gpxtpx:TrackPointExtension>
       <gpxtpx:hr>109</gpxtpx:hr>
      </gpxtpx:TrackPointExtension>
     </extensions>
   </trkpt>
   <trkpt lat="-2.6121380" lon="-43.0570820">
    <ele>26.8</ele>
    <time>2026-06-16T14:33:34Z</time>
     <extensions>
      <gpxtpx:TrackPointExtension>
       <gpxtpx:hr>108</gpxtpx:hr>
      </gpxtpx:TrackPointExtension>
     </extensions>
   </trkpt>
   <trkpt lat="-2.6121310" lon="-43.0570570">
    <ele>26.8</ele>
    <time>2026-06-16T14:33:39Z</time>
     <extensions>
      <gpxtpx:TrackPointExtension>
       <gpxtpx:hr>111</gpxtpx:hr>
      </gpxtpx:TrackPointExtension>
     </extensions>
   </trkpt>
   <trkpt lat="-2.6121190" lon="-43.0570220">
    <ele>26.8</ele>
    <time>2026-06-16T14:33:44Z</time>
     <extensions>
      <gpxtpx:TrackPointExtension>
       <gpxtpx:hr>111</gpxtpx:hr>
      </gpxtpx:TrackPointExtension>
     </extensions>
   </trkpt>
   <trkpt lat="-2.6121050" lon="-43.0569900">
    <ele>26.8</ele>
    <time>2026-06-16T14:33:49Z</time>
     <extensions>
      <gpxtpx:TrackPointExtension>
       <gpxtpx:hr>122</gpxtpx:hr>
      </gpxtpx:TrackPointExtension>
     </extensions>
   </trkpt>
   <trkpt lat="-2.6120920" lon="-43.0569670">
    <ele>26.8</ele>
    <time>2026-06-16T14:33:54Z</time>
     <extensions>
      <gpxtpx:TrackPointExtension>
       <gpxtpx:hr>123</gpxtpx:hr>
      </gpxtpx:TrackPointExtension>
     </extensions>
   </trkpt>
   <trkpt lat="-2.6120780" lon="-43.0569420">
    <ele>26.8</ele>
    <time>2026-06-16T14:33:59Z</time>
     <extensions>
      <gpxtpx:TrackPointExtension>
       <gpxtpx:hr>123</gpxtpx:hr>
      </gpxtpx:TrackPointExtension>
     </extensions>
   </trkpt>
   <trkpt lat="-2.6120550" lon="-43.0569230">
    <ele>26.8</ele>
    <time>2026-06-16T14:34:04Z</time>
     <extensions>
      <gpxtpx:TrackPointExtension>
       <gpxtpx:hr>126</gpxtpx:hr>
      </gpxtpx:TrackPointExtension>
     </extensions>
   </trkpt>
   <trkpt lat="-2.6120270" lon="-43.0569050">
    <ele>26.6</ele>
    <time>2026-06-16T14:34:09Z</time>
     <extensions>
      <gpxtpx:TrackPointExtension>
       <gpxtpx:hr>126</gpxtpx:hr>
      </gpxtpx:TrackPointExtension>
     </extensions>
   </trkpt>
   <trkpt lat="-2.6119960" lon="-43.0569070">
    <ele>26.4</ele>
    <time>2026-06-16T14:34:14Z</time>
     <extensions>
      <gpxtpx:TrackPointExtension>
       <gpxtpx:hr>136</gpxtpx:hr>
      </gpxtpx:TrackPointExtension>
     </extensions>
   </trkpt>
   <trkpt lat="-2.6119670" lon="-43.0569220">
    <ele>25.8</ele>
    <time>2026-06-16T14:34:19Z</time>
     <extensions>
      <gpxtpx:TrackPointExtension>
       <gpxtpx:hr>136</gpxtpx:hr>
      </gpxtpx:TrackPointExtension>
     </extensions>
   </trkpt>
   <trkpt lat="-2.6119330" lon="-43.0569360">
    <ele>25.2</ele>
    <time>2026-06-16T14:34:24Z</time>
     <extensions>
      <gpxtpx:TrackPointExtension>
       <gpxtpx:hr>141</gpxtpx:hr>
      </gpxtpx:TrackPointExtension>
     </extensions>
   </trkpt>
   <trkpt lat="-2.6118850" lon="-43.0569440">
    <ele>24.6</ele>
    <time>2026-06-16T14:34:29Z</time>
     <extensions>
      <gpxtpx:TrackPointExtension>
       <gpxtpx:hr>146</gpxtpx:hr>
      </gpxtpx:TrackPointExtension>
     </extensions>
   </trkpt>
   <trkpt lat="-2.6118600" lon="-43.0569560">
    <ele>23.8</ele>
    <time>2026-06-16T14:34:34Z</time>
     <extensions>
      <gpxtpx:TrackPointExtension>
       <gpxtpx:hr>145</gpxtpx:hr>
      </gpxtpx:TrackPointExtension>
     </extensions>
   </trkpt>
   <trkpt lat="-2.6118280" lon="-43.0569830">
    <ele>23.0</ele>
    <time>2026-06-16T14:34:39Z</time>
     <extensions>
      <gpxtpx:TrackPointExtension>
       <gpxtpx:hr>143</gpxtpx:hr>
      </gpxtpx:TrackPointExtension>
     </extensions>
   </trkpt>
   <trkpt lat="-2.6117840" lon="-43.0569960">
    <ele>22.4</ele>
    <time>2026-06-16T14:34:44Z</time>
     <extensions>
      <gpxtpx:TrackPointExtension>
       <gpxtpx:hr>145</gpxtpx:hr>
      </gpxtpx:TrackPointExtension>
     </extensions>
   </trkpt>
   <trkpt lat="-2.6117470" lon="-43.0570090">
    <ele>21.8</ele>
    <time>2026-06-16T14:34:49Z</time>
     <extensions>
      <gpxtpx:TrackPointExtension>
       <gpxtpx:hr>145</gpxtpx:hr>
      </gpxtpx:TrackPointExtension>
     </extensions>
   </trkpt>
   <trkpt lat="-2.6117150" lon="-43.0570320">
    <ele>21.6</ele>
    <time>2026-06-16T14:34:54Z</time>
     <extensions>
      <gpxtpx:TrackPointExtension>
       <gpxtpx:hr>140</gpxtpx:hr>
      </gpxtpx:TrackPointExtension>
     </extensions>
   </trkpt>
   <trkpt lat="-2.6116820" lon="-43.0570440">
    <ele>21.4</ele>
    <time>2026-06-16T14:34:59Z</time>
     <extensions>
      <gpxtpx:TrackPointExtension>
       <gpxtpx:hr>140</gpxtpx:hr>
      </gpxtpx:TrackPointExtension>
     </extensions>
   </trkpt>
   <trkpt lat="-2.6116390" lon="-43.0570460">
    <ele>21.2</ele>
    <time>2026-06-16T14:35:04Z</time>
     <extensions>
      <gpxtpx:TrackPointExtension>
       <gpxtpx:hr>139</gpxtpx:hr>
      </gpxtpx:TrackPointExtension>
     </extensions>
   </trkpt>
   <trkpt lat="-2.6116050" lon="-43.0570400">
    <ele>21.0</ele>
    <time>2026-06-16T14:35:09Z</time>
     <extensions>
      <gpxtpx:TrackPointExtension>
       <gpxtpx:hr>139</gpxtpx:hr>
      </gpxtpx:TrackPointExtension>
     </extensions>
   </trkpt>
   <trkpt lat="-2.6115690" lon="-43.0570330">
    <ele>20.6</ele>
    <time>2026-06-16T14:35:14Z</time>
     <extensions>
      <gpxtpx:TrackPointExtension>
       <gpxtpx:hr>137</gpxtpx:hr>
      </gpxtpx:TrackPointExtension>
     </extensions>
   </trkpt>
   <trkpt lat="-2.6115260" lon="-43.0570330">
    <ele>19.8</ele>
    <time>2026-06-16T14:35:19Z</time>
     <extensions>
      <gpxtpx:TrackPointExtension>
       <gpxtpx:hr>138</gpxtpx:hr>
      </gpxtpx:TrackPointExtension>
     </extensions>
   </trkpt>
   <trkpt lat="-2.6114880" lon="-43.0570260">
    <ele>19.2</ele>
    <time>2026-06-16T14:35:24Z</time>
     <extensions>
      <gpxtpx:TrackPointExtension>
       <gpxtpx:hr>138</gpxtpx:hr>
      </gpxtpx:TrackPointExtension>
     </extensions>
   </trkpt>
   <trkpt lat="-2.6114550" lon="-43.0570190">
    <ele>18.6</ele>
    <time>2026-06-16T14:35:29Z</time>
     <extensions>
      <gpxtpx:TrackPointExtension>
       <gpxtpx:hr>139</gpxtpx:hr>
      </gpxtpx:TrackPointExtension>
     </extensions>
   </trkpt>
   <trkpt lat="-2.6114250" lon="-43.0570130">
    <ele>18.2</ele>
    <time>2026-06-16T14:35:34Z</time>
     <extensions>
      <gpxtpx:TrackPointExtension>
       <gpxtpx:hr>139</gpxtpx:hr>
      </gpxtpx:TrackPointExtension>
     </extensions>
   </trkpt>
   <trkpt lat="-2.6113900" lon="-43.0570010">
    <ele>17.4</ele>
    <time>2026-06-16T14:35:39Z</time>
     <extensions>
      <gpxtpx:TrackPointExtension>
       <gpxtpx:hr>139</gpxtpx:hr>
      </gpxtpx:TrackPointExtension>
     </extensions>
   </trkpt>
   <trkpt lat="-2.6113590" lon="-43.0569830">
    <ele>16.6</ele>
    <time>2026-06-16T14:35:44Z</time>
     <extensions>
      <gpxtpx:TrackPointExtension>
       <gpxtpx:hr>143</gpxtpx:hr>
      </gpxtpx:TrackPointExtension>
     </extensions>
   </trkpt>
   <trkpt lat="-2.6113210" lon="-43.0569730">
    <ele>16.2</ele>
    <time>2026-06-16T14:35:49Z</time>
     <extensions>
      <gpxtpx:TrackPointExtension>
       <gpxtpx:hr>149</gpxtpx:hr>
      </gpxtpx:TrackPointExtension>
     </extensions>
   </trkpt>
   <trkpt lat="-2.6112770" lon="-43.0569640">
    <ele>15.8</ele>
    <time>2026-06-16T14:35:54Z</time>
     <extensions>
      <gpxtpx:TrackPointExtension>
       <gpxtpx:hr>149</gpxtpx:hr>
      </gpxtpx:TrackPointExtension>
     </extensions>
   </trkpt>
   <trkpt lat="-2.6112300" lon="-43.0569530">
    <ele>15.4</ele>
    <time>2026-06-16T14:35:59Z</time>
     <extensions>
      <gpxtpx:TrackPointExtension>
       <gpxtpx:hr>157</gpxtpx:hr>
      </gpxtpx:TrackPointExtension>
     </extensions>
   </trkpt>
   <trkpt lat="-2.6111820" lon="-43.0569450">
    <ele>15.0</ele>
    <time>2026-06-16T14:36:04Z</time>
     <extensions>
      <gpxtpx:TrackPointExtension>
       <gpxtpx:hr>157</gpxtpx:hr>
      </gpxtpx:TrackPointExtension>
     </extensions>
   </trkpt>
   <trkpt lat="-2.6111360" lon="-43.0569310">
    <ele>14.4</ele>
    <time>2026-06-16T14:36:09Z</time>
     <extensions>
      <gpxtpx:TrackPointExtension>
       <gpxtpx:hr>156</gpxtpx:hr>
      </gpxtpx:TrackPointExtension>
     </extensions>
   </trkpt>
   <trkpt lat="-2.6110950" lon="-43.0569190">
    <ele>14.0</ele>
    <time>2026-06-16T14:36:14Z</time>
     <extensions>
      <gpxtpx:TrackPointExtension>
       <gpxtpx:hr>155</gpxtpx:hr>
      </gpxtpx:TrackPointExtension>
     </extensions>
   </trkpt>
   <trkpt lat="-2.6110540" lon="-43.0569010">
    <ele>13.8</ele>
    <time>2026-06-16T14:36:19Z</time>
     <extensions>
      <gpxtpx:TrackPointExtension>
       <gpxtpx:hr>153</gpxtpx:hr>
      </gpxtpx:TrackPointExtension>
     </extensions>
   </trkpt>
   <trkpt lat="-2.6110090" lon="-43.0568800">
    <ele>13.6</ele>
    <time>2026-06-16T14:36:24Z</time>
     <extensions>
      <gpxtpx:TrackPointExtension>
       <gpxtpx:hr>153</gpxtpx:hr>
      </gpxtpx:TrackPointExtension>
     </extensions>
   </trkpt>
   <trkpt lat="-2.6109500" lon="-43.0568720">
    <ele>13.4</ele>
    <time>2026-06-16T14:36:29Z</time>
     <extensions>
      <gpxtpx:TrackPointExtension>
       <gpxtpx:hr>149</gpxtpx:hr>
      </gpxtpx:TrackPointExtension>
     </extensions>
   </trkpt>
   <trkpt lat="-2.6108860" lon="-43.0568670">
    <ele>13.2</ele>
    <time>2026-06-16T14:36:34Z</time>
     <extensions>
      <gpxtpx:TrackPointExtension>
       <gpxtpx:hr>146</gpxtpx:hr>
      </gpxtpx:TrackPointExtension>
     </extensions>
   </trkpt>
   <trkpt lat="-2.6108240" lon="-43.0568590">
    <ele>13.2</ele>
    <time>2026-06-16T14:36:39Z</time>
     <extensions>
      <gpxtpx:TrackPointExtension>
       <gpxtpx:hr>145</gpxtpx:hr>
      </gpxtpx:TrackPointExtension>
     </extensions>
   </trkpt>
   <trkpt lat="-2.6107740" lon="-43.0568460">
    <ele>13.2</ele>
    <time>2026-06-16T14:36:44Z</time>
     <extensions>
      <gpxtpx:TrackPointExtension>
       <gpxtpx:hr>138</gpxtpx:hr>
      </gpxtpx:TrackPointExtension>
     </extensions>
   </trkpt>
   <trkpt lat="-2.6107280" lon="-43.0568400">
    <ele>13.0</ele>
    <time>2026-06-16T14:36:49Z</time>
     <extensions>
      <gpxtpx:TrackPointExtension>
       <gpxtpx:hr>138</gpxtpx:hr>
      </gpxtpx:TrackPointExtension>
     </extensions>
   </trkpt>
   <trkpt lat="-2.6106750" lon="-43.0568380">
    <ele>13.0</ele>
    <time>2026-06-16T14:36:54Z</time>
     <extensions>
      <gpxtpx:TrackPointExtension>
       <gpxtpx:hr>136</gpxtpx:hr>
      </gpxtpx:TrackPointExtension>
     </extensions>
   </trkpt>
   <trkpt lat="-2.6106260" lon="-43.0568360">
    <ele>12.8</ele>
    <time>2026-06-16T14:36:59Z</time>
     <extensions>
      <gpxtpx:TrackPointExtension>
       <gpxtpx:hr>130</gpxtpx:hr>
      </gpxtpx:TrackPointExtension>
     </extensions>
   </trkpt>
   <trkpt lat="-2.6105830" lon="-43.0568340">
    <ele>12.4</ele>
    <time>2026-06-16T14:37:04Z</time>
     <extensions>
      <gpxtpx:TrackPointExtension>
       <gpxtpx:hr>127</gpxtpx:hr>
      </gpxtpx:TrackPointExtension>
     </extensions>
   </trkpt>
   <trkpt lat="-2.6105320" lon="-43.0568230">
    <ele>12.4</ele>
    <time>2026-06-16T14:37:09Z</time>
     <extensions>
      <gpxtpx:TrackPointExtension>
       <gpxtpx:hr>127</gpxtpx:hr>
      </gpxtpx:TrackPointExtension>
     </extensions>
   </trkpt>
   <trkpt lat="-2.6104970" lon="-43.0568220">
    <ele>12.2</ele>
    <time>2026-06-16T14:37:14Z</time>
     <extensions>
      <gpxtpx:TrackPointExtension>
       <gpxtpx:hr>120</gpxtpx:hr>
      </gpxtpx:TrackPointExtension>
     </extensions>
   </trkpt>
   <trkpt lat="-2.6104640" lon="-43.0567980">
    <ele>12.2</ele>
    <time>2026-06-16T14:37:19Z</time>
     <extensions>
      <gpxtpx:TrackPointExtension>
       <gpxtpx:hr>120</gpxtpx:hr>
      </gpxtpx:TrackPointExtension>
     </extensions>
   </trkpt>
   <trkpt lat="-2.6104430" lon="-43.0567810">
    <ele>12.4</ele>
    <time>2026-06-16T14:37:24Z</time>
     <extensions>
      <gpxtpx:TrackPointExtension>
       <gpxtpx:hr>120</gpxtpx:hr>
      </gpxtpx:TrackPointExtension>
     </extensions>
   </trkpt>
   <trkpt lat="-2.6104080" lon="-43.0567660">
    <ele>12.2</ele>
    <time>2026-06-16T14:37:29Z</time>
     <extensions>
      <gpxtpx:TrackPointExtension>
       <gpxtpx:hr>109</gpxtpx:hr>
      </gpxtpx:TrackPointExtension>
     </extensions>
   </trkpt>
   <trkpt lat="-2.6103660" lon="-43.0567500">
    <ele>12.2</ele>
    <time>2026-06-16T14:37:34Z</time>
     <extensions>
      <gpxtpx:TrackPointExtension>
       <gpxtpx:hr>111</gpxtpx:hr>
      </gpxtpx:TrackPointExtension>
     </extensions>
   </trkpt>
   <trkpt lat="-2.6103420" lon="-43.0567340">
    <ele>12.2</ele>
    <time>2026-06-16T14:37:39Z</time>
     <extensions>
      <gpxtpx:TrackPointExtension>
       <gpxtpx:hr>111</gpxtpx:hr>
      </gpxtpx:TrackPointExtension>
     </extensions>
   </trkpt>
   <trkpt lat="-2.6103080" lon="-43.0567070">
    <ele>12.0</ele>
    <time>2026-06-16T14:37:44Z</time>
     <extensions>
      <gpxtpx:TrackPointExtension>
       <gpxtpx:hr>111</gpxtpx:hr>
      </gpxtpx:TrackPointExtension>
     </extensions>
   </trkpt>
   <trkpt lat="-2.6102680" lon="-43.0566900">
    <ele>12.2</ele>
    <time>2026-06-16T14:37:49Z</time>
     <extensions>
      <gpxtpx:TrackPointExtension>
       <gpxtpx:hr>111</gpxtpx:hr>
      </gpxtpx:TrackPointExtension>
     </extensions>
   </trkpt>
   <trkpt lat="-2.6102340" lon="-43.0566680">
    <ele>12.4</ele>
    <time>2026-06-16T14:37:54Z</time>
     <extensions>
      <gpxtpx:TrackPointExtension>
       <gpxtpx:hr>112</gpxtpx:hr>
      </gpxtpx:TrackPointExtension>
     </extensions>
   </trkpt>
   <trkpt lat="-2.6101990" lon="-43.0566450">
    <ele>12.8</ele>
    <time>2026-06-16T14:37:59Z</time>
     <extensions>
      <gpxtpx:TrackPointExtension>
       <gpxtpx:hr>112</gpxtpx:hr>
      </gpxtpx:TrackPointExtension>
     </extensions>
   </trkpt>
   <trkpt lat="-2.6101700" lon="-43.0566270">
    <ele>13.2</ele>
    <time>2026-06-16T14:38:04Z</time>
     <extensions>
      <gpxtpx:TrackPointExtension>
       <gpxtpx:hr>121</gpxtpx:hr>
      </gpxtpx:TrackPointExtension>
     </extensions>
   </trkpt>
   <trkpt lat="-2.6101410" lon="-43.0566110">
    <ele>13.6</ele>
    <time>2026-06-16T14:38:09Z</time>
     <extensions>
      <gpxtpx:TrackPointExtension>
       <gpxtpx:hr>125</gpxtpx:hr>
      </gpxtpx:TrackPointExtension>
     </extensions>
   </trkpt>
   <trkpt lat="-2.6101110" lon="-43.0565970">
    <ele>14.0</ele>
    <time>2026-06-16T14:38:14Z</time>
     <extensions>
      <gpxtpx:TrackPointExtension>
       <gpxtpx:hr>125</gpxtpx:hr>
      </gpxtpx:TrackPointExtension>
     </extensions>
   </trkpt>
   <trkpt lat="-2.6100770" lon="-43.0565730">
    <ele>14.4</ele>
    <time>2026-06-16T14:38:19Z</time>
     <extensions>
      <gpxtpx:TrackPointExtension>
       <gpxtpx:hr>135</gpxtpx:hr>
      </gpxtpx:TrackPointExtension>
     </extensions>
   </trkpt>
   <trkpt lat="-2.6100460" lon="-43.0565480">
    <ele>14.6</ele>
    <time>2026-06-16T14:38:24Z</time>
     <extensions>
      <gpxtpx:TrackPointExtension>
       <gpxtpx:hr>135</gpxtpx:hr>
      </gpxtpx:TrackPointExtension>
     </extensions>
   </trkpt>
   <trkpt lat="-2.6100280" lon="-43.0565210">
    <ele>14.6</ele>
    <time>2026-06-16T14:38:29Z</time>
     <extensions>
      <gpxtpx:TrackPointExtension>
       <gpxtpx:hr>141</gpxtpx:hr>
      </gpxtpx:TrackPointExtension>
     </extensions>
   </trkpt>
   <trkpt lat="-2.6099970" lon="-43.0565030">
    <ele>14.6</ele>
    <time>2026-06-16T14:38:34Z</time>
     <extensions>
      <gpxtpx:TrackPointExtension>
       <gpxtpx:hr>141</gpxtpx:hr>
      </gpxtpx:TrackPointExtension>
     </extensions>
   </trkpt>
   <trkpt lat="-2.6099610" lon="-43.0564860">
    <ele>15.0</ele>
    <time>2026-06-16T14:38:39Z</time>
     <extensions>
      <gpxtpx:TrackPointExtension>
       <gpxtpx:hr>147</gpxtpx:hr>
      </gpxtpx:TrackPointExtension>
     </extensions>
   </trkpt>
   <trkpt lat="-2.6099290" lon="-43.0564630">
    <ele>15.6</ele>
    <time>2026-06-16T14:38:44Z</time>
     <extensions>
      <gpxtpx:TrackPointExtension>
       <gpxtpx:hr>147</gpxtpx:hr>
      </gpxtpx:TrackPointExtension>
     </extensions>
   </trkpt>
   <trkpt lat="-2.6099060" lon="-43.0564430">
    <ele>16.0</ele>
    <time>2026-06-16T14:38:49Z</time>
     <extensions>
      <gpxtpx:TrackPointExtension>
       <gpxtpx:hr>149</gpxtpx:hr>
      </gpxtpx:TrackPointExtension>
     </extensions>
   </trkpt>
   <trkpt lat="-2.6098750" lon="-43.0564220">
    <ele>16.4</ele>
    <time>2026-06-16T14:38:54Z</time>
     <extensions>
      <gpxtpx:TrackPointExtension>
       <gpxtpx:hr>149</gpxtpx:hr>
      </gpxtpx:TrackPointExtension>
     </extensions>
   </trkpt>
   <trkpt lat="-2.6098470" lon="-43.0564130">
    <ele>16.8</ele>
    <time>2026-06-16T14:38:59Z</time>
     <extensions>
      <gpxtpx:TrackPointExtension>
       <gpxtpx:hr>150</gpxtpx:hr>
      </gpxtpx:TrackPointExtension>
     </extensions>
   </trkpt>
   <trkpt lat="-2.6098090" lon="-43.0564440">
    <ele>17.0</ele>
    <time>2026-06-16T14:39:04Z</time>
     <extensions>
      <gpxtpx:TrackPointExtension>
       <gpxtpx:hr>148</gpxtpx:hr>
      </gpxtpx:TrackPointExtension>
     </extensions>
   </trkpt>
   <trkpt lat="-2.6097800" lon="-43.0564860">
    <ele>17.0</ele>
    <time>2026-06-16T14:39:09Z</time>
     <extensions>
      <gpxtpx:TrackPointExtension>
       <gpxtpx:hr>148</gpxtpx:hr>
      </gpxtpx:TrackPointExtension>
     </extensions>
   </trkpt>
   <trkpt lat="-2.6097570" lon="-43.0565230">
    <ele>17.2</ele>
    <time>2026-06-16T14:39:14Z</time>
     <extensions>
      <gpxtpx:TrackPointExtension>
       <gpxtpx:hr>143</gpxtpx:hr>
      </gpxtpx:TrackPointExtension>
     </extensions>
   </trkpt>
   <trkpt lat="-2.6097260" lon="-43.0565590">
    <ele>17.0</ele>
    <time>2026-06-16T14:39:19Z</time>
     <extensions>
      <gpxtpx:TrackPointExtension>
       <gpxtpx:hr>145</gpxtpx:hr>
      </gpxtpx:TrackPointExtension>
     </extensions>
   </trkpt>
   <trkpt lat="-2.6096940" lon="-43.0565900">
    <ele>16.8</ele>
    <time>2026-06-16T14:39:24Z</time>
     <extensions>
      <gpxtpx:TrackPointExtension>
       <gpxtpx:hr>145</gpxtpx:hr>
      </gpxtpx:TrackPointExtension>
     </extensions>
   </trkpt>
   <trkpt lat="-2.6096490" lon="-43.0566160">
    <ele>16.6</ele>
    <time>2026-06-16T14:39:29Z</time>
     <extensions>
      <gpxtpx:TrackPointExtension>
       <gpxtpx:hr>140</gpxtpx:hr>
      </gpxtpx:TrackPointExtension>
     </extensions>
   </trkpt>
   <trkpt lat="-2.6096150" lon="-43.0566260">
    <ele>16.4</ele>
    <time>2026-06-16T14:39:34Z</time>
     <extensions>
      <gpxtpx:TrackPointExtension>
       <gpxtpx:hr>141</gpxtpx:hr>
      </gpxtpx:TrackPointExtension>
     </extensions>
   </trkpt>
   <trkpt lat="-2.6095610" lon="-43.0566280">
    <ele>16.2</ele>
    <time>2026-06-16T14:39:39Z</time>
     <extensions>
      <gpxtpx:TrackPointExtension>
       <gpxtpx:hr>141</gpxtpx:hr>
      </gpxtpx:TrackPointExtension>
     </extensions>
   </trkpt>
   <trkpt lat="-2.6095180" lon="-43.0566330">
    <ele>15.8</ele>
    <time>2026-06-16T14:39:44Z</time>
     <extensions>
      <gpxtpx:TrackPointExtension>
       <gpxtpx:hr>137</gpxtpx:hr>
      </gpxtpx:TrackPointExtension>
     </extensions>
   </trkpt>
   <trkpt lat="-2.6094740" lon="-43.0566360">
    <ele>15.4</ele>
    <time>2026-06-16T14:39:49Z</time>
     <extensions>
      <gpxtpx:TrackPointExtension>
       <gpxtpx:hr>137</gpxtpx:hr>
      </gpxtpx:TrackPointExtension>
     </extensions>
   </trkpt>
   <trkpt lat="-2.6094240" lon="-43.0566380">
    <ele>15.2</ele>
    <time>2026-06-16T14:39:54Z</time>
     <extensions>
      <gpxtpx:TrackPointExtension>
       <gpxtpx:hr>140</gpxtpx:hr>
      </gpxtpx:TrackPointExtension>
     </extensions>
   </trkpt>
   <trkpt lat="-2.6093720" lon="-43.0566390">
    <ele>15.2</ele>
    <time>2026-06-16T14:39:59Z</time>
     <extensions>
      <gpxtpx:TrackPointExtension>
       <gpxtpx:hr>140</gpxtpx:hr>
      </gpxtpx:TrackPointExtension>
     </extensions>
   </trkpt>
   <trkpt lat="-2.6093200" lon="-43.0566380">
    <ele>15.2</ele>
    <time>2026-06-16T14:40:04Z</time>
     <extensions>
      <gpxtpx:TrackPointExtension>
       <gpxtpx:hr>139</gpxtpx:hr>
      </gpxtpx:TrackPointExtension>
     </extensions>
   </trkpt>
   <trkpt lat="-2.6092720" lon="-43.0566350">
    <ele>15.4</ele>
    <time>2026-06-16T14:40:09Z</time>
     <extensions>
      <gpxtpx:TrackPointExtension>
       <gpxtpx:hr>138</gpxtpx:hr>
      </gpxtpx:TrackPointExtension>
     </extensions>
   </trkpt>
   <trkpt lat="-2.6092230" lon="-43.0566150">
    <ele>15.4</ele>
    <time>2026-06-16T14:40:14Z</time>
     <extensions>
      <gpxtpx:TrackPointExtension>
       <gpxtpx:hr>132</gpxtpx:hr>
      </gpxtpx:TrackPointExtension>
     </extensions>
   </trkpt>
   <trkpt lat="-2.6091840" lon="-43.0565970">
    <ele>15.6</ele>
    <time>2026-06-16T14:40:19Z</time>
     <extensions>
      <gpxtpx:TrackPointExtension>
       <gpxtpx:hr>132</gpxtpx:hr>
      </gpxtpx:TrackPointExtension>
     </extensions>
   </trkpt>
   <trkpt lat="-2.6091420" lon="-43.0565820">
    <ele>16.0</ele>
    <time>2026-06-16T14:40:24Z</time>
     <extensions>
      <gpxtpx:TrackPointExtension>
       <gpxtpx:hr>132</gpxtpx:hr>
      </gpxtpx:TrackPointExtension>
     </extensions>
   </trkpt>
   <trkpt lat="-2.6091010" lon="-43.0565710">
    <ele>16.2</ele>
    <time>2026-06-16T14:40:29Z</time>
     <extensions>
      <gpxtpx:TrackPointExtension>
       <gpxtpx:hr>134</gpxtpx:hr>
      </gpxtpx:TrackPointExtension>
     </extensions>
   </trkpt>
   <trkpt lat="-2.6090590" lon="-43.0565510">
    <ele>16.6</ele>
    <time>2026-06-16T14:40:34Z</time>
     <extensions>
      <gpxtpx:TrackPointExtension>
       <gpxtpx:hr>127</gpxtpx:hr>
      </gpxtpx:TrackPointExtension>
     </extensions>
   </trkpt>
   <trkpt lat="-2.6090130" lon="-43.0565310">
    <ele>17.2</ele>
    <time>2026-06-16T14:40:39Z</time>
     <extensions>
      <gpxtpx:TrackPointExtension>
       <gpxtpx:hr>127</gpxtpx:hr>
      </gpxtpx:TrackPointExtension>
     </extensions>
   </trkpt>
   <trkpt lat="-2.6089730" lon="-43.0565150">
    <ele>18.0</ele>
    <time>2026-06-16T14:40:44Z</time>
     <extensions>
      <gpxtpx:TrackPointExtension>
       <gpxtpx:hr>128</gpxtpx:hr>
      </gpxtpx:TrackPointExtension>
     </extensions>
   </trkpt>
   <trkpt lat="-2.6089320" lon="-43.0564980">
    <ele>19.4</ele>
    <time>2026-06-16T14:40:49Z</time>
     <extensions>
      <gpxtpx:TrackPointExtension>
       <gpxtpx:hr>125</gpxtpx:hr>
      </gpxtpx:TrackPointExtension>
     </extensions>
   </trkpt>
   <trkpt lat="-2.6088930" lon="-43.0564750">
    <ele>21.2</ele>
    <time>2026-06-16T14:40:54Z</time>
     <extensions>
      <gpxtpx:TrackPointExtension>
       <gpxtpx:hr>125</gpxtpx:hr>
      </gpxtpx:TrackPointExtension>
     </extensions>
   </trkpt>
   <trkpt lat="-2.6088590" lon="-43.0564490">
    <ele>23.2</ele>
    <time>2026-06-16T14:40:59Z</time>
     <extensions>
      <gpxtpx:TrackPointExtension>
       <gpxtpx:hr>132</gpxtpx:hr>
      </gpxtpx:TrackPointExtension>
     </extensions>
   </trkpt>
   <trkpt lat="-2.6088210" lon="-43.0564240">
    <ele>25.8</ele>
    <time>2026-06-16T14:41:04Z</time>
     <extensions>
      <gpxtpx:TrackPointExtension>
       <gpxtpx:hr>135</gpxtpx:hr>
      </gpxtpx:TrackPointExtension>
     </extensions>
   </trkpt>
   <trkpt lat="-2.6087880" lon="-43.0564050">
    <ele>28.2</ele>
    <time>2026-06-16T14:41:09Z</time>
     <extensions>
      <gpxtpx:TrackPointExtension>
       <gpxtpx:hr>135</gpxtpx:hr>
      </gpxtpx:TrackPointExtension>
     </extensions>
   </trkpt>
   <trkpt lat="-2.6087450" lon="-43.0563800">
    <ele>30.4</ele>
    <time>2026-06-16T14:41:14Z</time>
     <extensions>
      <gpxtpx:TrackPointExtension>
       <gpxtpx:hr>140</gpxtpx:hr>
      </gpxtpx:TrackPointExtension>
     </extensions>
   </trkpt>
   <trkpt lat="-2.6086960" lon="-43.0563670">
    <ele>31.8</ele>
    <time>2026-06-16T14:41:19Z</time>
     <extensions>
      <gpxtpx:TrackPointExtension>
       <gpxtpx:hr>138</gpxtpx:hr>
      </gpxtpx:TrackPointExtension>
     </extensions>
   </trkpt>
   <trkpt lat="-2.6086480" lon="-43.0563660">
    <ele>33.0</ele>
    <time>2026-06-16T14:41:24Z</time>
     <extensions>
      <gpxtpx:TrackPointExtension>
       <gpxtpx:hr>131</gpxtpx:hr>
      </gpxtpx:TrackPointExtension>
     </extensions>
   </trkpt>
   <trkpt lat="-2.6085920" lon="-43.0563720">
    <ele>33.8</ele>
    <time>2026-06-16T14:41:29Z</time>
     <extensions>
      <gpxtpx:TrackPointExtension>
       <gpxtpx:hr>127</gpxtpx:hr>
      </gpxtpx:TrackPointExtension>
     </extensions>
   </trkpt>
   <trkpt lat="-2.6085530" lon="-43.0563790">
    <ele>34.2</ele>
    <time>2026-06-16T14:41:34Z</time>
     <extensions>
      <gpxtpx:TrackPointExtension>
       <gpxtpx:hr>127</gpxtpx:hr>
      </gpxtpx:TrackPointExtension>
     </extensions>
   </trkpt>
   <trkpt lat="-2.6085090" lon="-43.0563760">
    <ele>34.2</ele>
    <time>2026-06-16T14:41:39Z</time>
     <extensions>
      <gpxtpx:TrackPointExtension>
       <gpxtpx:hr>122</gpxtpx:hr>
      </gpxtpx:TrackPointExtension>
     </extensions>
   </trkpt>
   <trkpt lat="-2.6084720" lon="-43.0563580">
    <ele>34.0</ele>
    <time>2026-06-16T14:41:44Z</time>
     <extensions>
      <gpxtpx:TrackPointExtension>
       <gpxtpx:hr>121</gpxtpx:hr>
      </gpxtpx:TrackPointExtension>
     </extensions>
   </trkpt>
   <trkpt lat="-2.6084160" lon="-43.0563490">
    <ele>33.8</ele>
    <time>2026-06-16T14:41:49Z</time>
     <extensions>
      <gpxtpx:TrackPointExtension>
       <gpxtpx:hr>120</gpxtpx:hr>
      </gpxtpx:TrackPointExtension>
     </extensions>
   </trkpt>
   <trkpt lat="-2.6083650" lon="-43.0563530">
    <ele>33.6</ele>
    <time>2026-06-16T14:41:54Z</time>
     <extensions>
      <gpxtpx:TrackPointExtension>
       <gpxtpx:hr>124</gpxtpx:hr>
      </gpxtpx:TrackPointExtension>
     </extensions>
   </trkpt>
   <trkpt lat="-2.6083160" lon="-43.0563560">
    <ele>33.4</ele>
    <time>2026-06-16T14:41:59Z</time>
     <extensions>
      <gpxtpx:TrackPointExtension>
       <gpxtpx:hr>120</gpxtpx:hr>
      </gpxtpx:TrackPointExtension>
     </extensions>
   </trkpt>
   <trkpt lat="-2.6082640" lon="-43.0563550">
    <ele>33.0</ele>
    <time>2026-06-16T14:42:04Z</time>
     <extensions>
      <gpxtpx:TrackPointExtension>
       <gpxtpx:hr>120</gpxtpx:hr>
      </gpxtpx:TrackPointExtension>
     </extensions>
   </trkpt>
   <trkpt lat="-2.6082090" lon="-43.0563590">
    <ele>32.6</ele>
    <time>2026-06-16T14:42:09Z</time>
     <extensions>
      <gpxtpx:TrackPointExtension>
       <gpxtpx:hr>124</gpxtpx:hr>
      </gpxtpx:TrackPointExtension>
     </extensions>
   </trkpt>
   <trkpt lat="-2.6081530" lon="-43.0563650">
    <ele>32.2</ele>
    <time>2026-06-16T14:42:14Z</time>
     <extensions>
      <gpxtpx:TrackPointExtension>
       <gpxtpx:hr>124</gpxtpx:hr>
      </gpxtpx:TrackPointExtension>
     </extensions>
   </trkpt>
   <trkpt lat="-2.6080990" lon="-43.0563750">
    <ele>31.8</ele>
    <time>2026-06-16T14:42:19Z</time>
     <extensions>
      <gpxtpx:TrackPointExtension>
       <gpxtpx:hr>120</gpxtpx:hr>
      </gpxtpx:TrackPointExtension>
     </extensions>
   </trkpt>
   <trkpt lat="-2.6080460" lon="-43.0563860">
    <ele>31.4</ele>
    <time>2026-06-16T14:42:24Z</time>
     <extensions>
      <gpxtpx:TrackPointExtension>
       <gpxtpx:hr>120</gpxtpx:hr>
      </gpxtpx:TrackPointExtension>
     </extensions>
   </trkpt>
   <trkpt lat="-2.6080020" lon="-43.0564000">
    <ele>31.4</ele>
    <time>2026-06-16T14:42:29Z</time>
     <extensions>
      <gpxtpx:TrackPointExtension>
       <gpxtpx:hr>118</gpxtpx:hr>
      </gpxtpx:TrackPointExtension>
     </extensions>
   </trkpt>
   <trkpt lat="-2.6079660" lon="-43.0564100">
    <ele>31.4</ele>
    <time>2026-06-16T14:42:34Z</time>
     <extensions>
      <gpxtpx:TrackPointExtension>
       <gpxtpx:hr>124</gpxtpx:hr>
      </gpxtpx:TrackPointExtension>
     </extensions>
   </trkpt>
   <trkpt lat="-2.6079160" lon="-43.0564180">
    <ele>31.8</ele>
    <time>2026-06-16T14:42:39Z</time>
     <extensions>
      <gpxtpx:TrackPointExtension>
       <gpxtpx:hr>122</gpxtpx:hr>
      </gpxtpx:TrackPointExtension>
     </extensions>
   </trkpt>
   <trkpt lat="-2.6078620" lon="-43.0564320">
    <ele>32.4</ele>
    <time>2026-06-16T14:42:44Z</time>
     <extensions>
      <gpxtpx:TrackPointExtension>
       <gpxtpx:hr>124</gpxtpx:hr>
      </gpxtpx:TrackPointExtension>
     </extensions>
   </trkpt>
   <trkpt lat="-2.6078130" lon="-43.0564550">
    <ele>32.8</ele>
    <time>2026-06-16T14:42:49Z</time>
     <extensions>
      <gpxtpx:TrackPointExtension>
       <gpxtpx:hr>124</gpxtpx:hr>
      </gpxtpx:TrackPointExtension>
     </extensions>
   </trkpt>
   <trkpt lat="-2.6077660" lon="-43.0564750">
    <ele>33.0</ele>
    <time>2026-06-16T14:42:54Z</time>
     <extensions>
      <gpxtpx:TrackPointExtension>
       <gpxtpx:hr>129</gpxtpx:hr>
      </gpxtpx:TrackPointExtension>
     </extensions>
   </trkpt>
   <trkpt lat="-2.6077250" lon="-43.0565050">
    <ele>32.8</ele>
    <time>2026-06-16T14:42:59Z</time>
     <extensions>
      <gpxtpx:TrackPointExtension>
       <gpxtpx:hr>129</gpxtpx:hr>
      </gpxtpx:TrackPointExtension>
     </extensions>
   </trkpt>
   <trkpt lat="-2.6076820" lon="-43.0565320">
    <ele>32.6</ele>
    <time>2026-06-16T14:43:04Z</time>
     <extensions>
      <gpxtpx:TrackPointExtension>
       <gpxtpx:hr>136</gpxtpx:hr>
      </gpxtpx:TrackPointExtension>
     </extensions>
   </trkpt>
   <trkpt lat="-2.6076400" lon="-43.0565590">
    <ele>32.4</ele>
    <time>2026-06-16T14:43:09Z</time>
     <extensions>
      <gpxtpx:TrackPointExtension>
       <gpxtpx:hr>136</gpxtpx:hr>
      </gpxtpx:TrackPointExtension>
     </extensions>
   </trkpt>
   <trkpt lat="-2.6075990" lon="-43.0565830">
    <ele>32.4</ele>
    <time>2026-06-16T14:43:14Z</time>
     <extensions>
      <gpxtpx:TrackPointExtension>
       <gpxtpx:hr>138</gpxtpx:hr>
      </gpxtpx:TrackPointExtension>
     </extensions>
   </trkpt>
   <trkpt lat="-2.6075580" lon="-43.0566070">
    <ele>32.4</ele>
    <time>2026-06-16T14:43:19Z</time>
     <extensions>
      <gpxtpx:TrackPointExtension>
       <gpxtpx:hr>137</gpxtpx:hr>
      </gpxtpx:TrackPointExtension>
     </extensions>
   </trkpt>
   <trkpt lat="-2.6075130" lon="-43.0566350">
    <ele>32.2</ele>
    <time>2026-06-16T14:43:24Z</time>
     <extensions>
      <gpxtpx:TrackPointExtension>
       <gpxtpx:hr>135</gpxtpx:hr>
      </gpxtpx:TrackPointExtension>
     </extensions>
   </trkpt>
   <trkpt lat="-2.6074730" lon="-43.0566640">
    <ele>32.0</ele>
    <time>2026-06-16T14:43:29Z</time>
     <extensions>
      <gpxtpx:TrackPointExtension>
       <gpxtpx:hr>134</gpxtpx:hr>
      </gpxtpx:TrackPointExtension>
     </extensions>
   </trkpt>
   <trkpt lat="-2.6074130" lon="-43.0566900">
    <ele>31.6</ele>
    <time>2026-06-16T14:43:34Z</time>
     <extensions>
      <gpxtpx:TrackPointExtension>
       <gpxtpx:hr>134</gpxtpx:hr>
      </gpxtpx:TrackPointExtension>
     </extensions>
   </trkpt>
   <trkpt lat="-2.6073600" lon="-43.0567150">
    <ele>31.2</ele>
    <time>2026-06-16T14:43:39Z</time>
     <extensions>
      <gpxtpx:TrackPointExtension>
       <gpxtpx:hr>121</gpxtpx:hr>
      </gpxtpx:TrackPointExtension>
     </extensions>
   </trkpt>
   <trkpt lat="-2.6073240" lon="-43.0567510">
    <ele>31.0</ele>
    <time>2026-06-16T14:43:44Z</time>
     <extensions>
      <gpxtpx:TrackPointExtension>
       <gpxtpx:hr>125</gpxtpx:hr>
      </gpxtpx:TrackPointExtension>
     </extensions>
   </trkpt>
   <trkpt lat="-2.6072860" lon="-43.0567830">
    <ele>30.8</ele>
    <time>2026-06-16T14:43:49Z</time>
     <extensions>
      <gpxtpx:TrackPointExtension>
       <gpxtpx:hr>116</gpxtpx:hr>
      </gpxtpx:TrackPointExtension>
     </extensions>
   </trkpt>
   <trkpt lat="-2.6072410" lon="-43.0568130">
    <ele>30.4</ele>
    <time>2026-06-16T14:43:54Z</time>
     <extensions>
      <gpxtpx:TrackPointExtension>
       <gpxtpx:hr>119</gpxtpx:hr>
      </gpxtpx:TrackPointExtension>
     </extensions>
   </trkpt>
   <trkpt lat="-2.6071900" lon="-43.0568330">
    <ele>29.8</ele>
    <time>2026-06-16T14:43:59Z</time>
     <extensions>
      <gpxtpx:TrackPointExtension>
       <gpxtpx:hr>123</gpxtpx:hr>
      </gpxtpx:TrackPointExtension>
     </extensions>
   </trkpt>
   <trkpt lat="-2.6071460" lon="-43.0568580">
    <ele>29.4</ele>
    <time>2026-06-16T14:44:04Z</time>
     <extensions>
      <gpxtpx:TrackPointExtension>
       <gpxtpx:hr>116</gpxtpx:hr>
      </gpxtpx:TrackPointExtension>
     </extensions>
   </trkpt>
   <trkpt lat="-2.6071070" lon="-43.0568890">
    <ele>29.2</ele>
    <time>2026-06-16T14:44:09Z</time>
     <extensions>
      <gpxtpx:TrackPointExtension>
       <gpxtpx:hr>116</gpxtpx:hr>
      </gpxtpx:TrackPointExtension>
     </extensions>
   </trkpt>
   <trkpt lat="-2.6070710" lon="-43.0569150">
    <ele>29.2</ele>
    <time>2026-06-16T14:44:14Z</time>
     <extensions>
      <gpxtpx:TrackPointExtension>
       <gpxtpx:hr>114</gpxtpx:hr>
      </gpxtpx:TrackPointExtension>
     </extensions>
   </trkpt>
   <trkpt lat="-2.6070600" lon="-43.0569320">
    <ele>29.0</ele>
    <time>2026-06-16T14:44:19Z</time>
     <extensions>
      <gpxtpx:TrackPointExtension>
       <gpxtpx:hr>112</gpxtpx:hr>
      </gpxtpx:TrackPointExtension>
     </extensions>
   </trkpt>
   <trkpt lat="-2.6070540" lon="-43.0569410">
    <ele>28.8</ele>
    <time>2026-06-16T14:44:24Z</time>
     <extensions>
      <gpxtpx:TrackPointExtension>
       <gpxtpx:hr>109</gpxtpx:hr>
      </gpxtpx:TrackPointExtension>
     </extensions>
   </trkpt>
   <trkpt lat="-2.6070230" lon="-43.0569690">
    <ele>28.0</ele>
    <time>2026-06-16T14:44:29Z</time>
     <extensions>
      <gpxtpx:TrackPointExtension>
       <gpxtpx:hr>109</gpxtpx:hr>
      </gpxtpx:TrackPointExtension>
     </extensions>
   </trkpt>
   <trkpt lat="-2.6069870" lon="-43.0569970">
    <ele>27.0</ele>
    <time>2026-06-16T14:44:34Z</time>
     <extensions>
      <gpxtpx:TrackPointExtension>
       <gpxtpx:hr>110</gpxtpx:hr>
      </gpxtpx:TrackPointExtension>
     </extensions>
   </trkpt>
   <trkpt lat="-2.6069460" lon="-43.0570330">
    <ele>25.8</ele>
    <time>2026-06-16T14:44:39Z</time>
     <extensions>
      <gpxtpx:TrackPointExtension>
       <gpxtpx:hr>115</gpxtpx:hr>
      </gpxtpx:TrackPointExtension>
     </extensions>
   </trkpt>
   <trkpt lat="-2.6068970" lon="-43.0570620">
    <ele>24.2</ele>
    <time>2026-06-16T14:44:44Z</time>
     <extensions>
      <gpxtpx:TrackPointExtension>
       <gpxtpx:hr>115</gpxtpx:hr>
      </gpxtpx:TrackPointExtension>
     </extensions>
   </trkpt>
   <trkpt lat="-2.6068490" lon="-43.0570990">
    <ele>21.6</ele>
    <time>2026-06-16T14:44:49Z</time>
     <extensions>
      <gpxtpx:TrackPointExtension>
       <gpxtpx:hr>118</gpxtpx:hr>
      </gpxtpx:TrackPointExtension>
     </extensions>
   </trkpt>
   <trkpt lat="-2.6068020" lon="-43.0571320">
    <ele>18.2</ele>
    <time>2026-06-16T14:44:54Z</time>
     <extensions>
      <gpxtpx:TrackPointExtension>
       <gpxtpx:hr>118</gpxtpx:hr>
      </gpxtpx:TrackPointExtension>
     </extensions>
   </trkpt>
   <trkpt lat="-2.6067520" lon="-43.0571660">
    <ele>15.0</ele>
    <time>2026-06-16T14:44:59Z</time>
     <extensions>
      <gpxtpx:TrackPointExtension>
       <gpxtpx:hr>116</gpxtpx:hr>
      </gpxtpx:TrackPointExtension>
     </extensions>
   </trkpt>
   <trkpt lat="-2.6067010" lon="-43.0571910">
    <ele>12.8</ele>
    <time>2026-06-16T14:45:04Z</time>
     <extensions>
      <gpxtpx:TrackPointExtension>
       <gpxtpx:hr>116</gpxtpx:hr>
      </gpxtpx:TrackPointExtension>
     </extensions>
   </trkpt>
   <trkpt lat="-2.6066540" lon="-43.0572260">
    <ele>11.8</ele>
    <time>2026-06-16T14:45:09Z</time>
     <extensions>
      <gpxtpx:TrackPointExtension>
       <gpxtpx:hr>114</gpxtpx:hr>
      </gpxtpx:TrackPointExtension>
     </extensions>
   </trkpt>
   <trkpt lat="-2.6066090" lon="-43.0572550">
    <ele>11.2</ele>
    <time>2026-06-16T14:45:14Z</time>
     <extensions>
      <gpxtpx:TrackPointExtension>
       <gpxtpx:hr>112</gpxtpx:hr>
      </gpxtpx:TrackPointExtension>
     </extensions>
   </trkpt>
   <trkpt lat="-2.6065570" lon="-43.0572780">
    <ele>11.2</ele>
    <time>2026-06-16T14:45:19Z</time>
     <extensions>
      <gpxtpx:TrackPointExtension>
       <gpxtpx:hr>112</gpxtpx:hr>
      </gpxtpx:TrackPointExtension>
     </extensions>
   </trkpt>
   <trkpt lat="-2.6065070" lon="-43.0573040">
    <ele>11.2</ele>
    <time>2026-06-16T14:45:24Z</time>
     <extensions>
      <gpxtpx:TrackPointExtension>
       <gpxtpx:hr>121</gpxtpx:hr>
      </gpxtpx:TrackPointExtension>
     </extensions>
   </trkpt>
   <trkpt lat="-2.6064590" lon="-43.0573230">
    <ele>11.4</ele>
    <time>2026-06-16T14:45:29Z</time>
     <extensions>
      <gpxtpx:TrackPointExtension>
       <gpxtpx:hr>123</gpxtpx:hr>
      </gpxtpx:TrackPointExtension>
     </extensions>
   </trkpt>
   <trkpt lat="-2.6064160" lon="-43.0573480">
    <ele>11.4</ele>
    <time>2026-06-16T14:45:34Z</time>
     <extensions>
      <gpxtpx:TrackPointExtension>
       <gpxtpx:hr>125</gpxtpx:hr>
      </gpxtpx:TrackPointExtension>
     </extensions>
   </trkpt>
   <trkpt lat="-2.6063740" lon="-43.0573720">
    <ele>11.6</ele>
    <time>2026-06-16T14:45:39Z</time>
     <extensions>
      <gpxtpx:TrackPointExtension>
       <gpxtpx:hr>125</gpxtpx:hr>
      </gpxtpx:TrackPointExtension>
     </extensions>
   </trkpt>
   <trkpt lat="-2.6063270" lon="-43.0574010">
    <ele>11.6</ele>
    <time>2026-06-16T14:45:44Z</time>
     <extensions>
      <gpxtpx:TrackPointExtension>
       <gpxtpx:hr>125</gpxtpx:hr>
      </gpxtpx:TrackPointExtension>
     </extensions>
   </trkpt>
   <trkpt lat="-2.6062820" lon="-43.0574310">
    <ele>11.6</ele>
    <time>2026-06-16T14:45:49Z</time>
     <extensions>
      <gpxtpx:TrackPointExtension>
       <gpxtpx:hr>129</gpxtpx:hr>
      </gpxtpx:TrackPointExtension>
     </extensions>
   </trkpt>
   <trkpt lat="-2.6062390" lon="-43.0574630">
    <ele>11.6</ele>
    <time>2026-06-16T14:45:54Z</time>
     <extensions>
      <gpxtpx:TrackPointExtension>
       <gpxtpx:hr>131</gpxtpx:hr>
      </gpxtpx:TrackPointExtension>
     </extensions>
   </trkpt>
   <trkpt lat="-2.6062030" lon="-43.0574920">
    <ele>12.0</ele>
    <time>2026-06-16T14:45:59Z</time>
     <extensions>
      <gpxtpx:TrackPointExtension>
       <gpxtpx:hr>127</gpxtpx:hr>
      </gpxtpx:TrackPointExtension>
     </extensions>
   </trkpt>
   <trkpt lat="-2.6061630" lon="-43.0575260">
    <ele>12.4</ele>
    <time>2026-06-16T14:46:04Z</time>
     <extensions>
      <gpxtpx:TrackPointExtension>
       <gpxtpx:hr>125</gpxtpx:hr>
      </gpxtpx:TrackPointExtension>
     </extensions>
   </trkpt>
   <trkpt lat="-2.6061200" lon="-43.0575600">
    <ele>13.2</ele>
    <time>2026-06-16T14:46:09Z</time>
     <extensions>
      <gpxtpx:TrackPointExtension>
       <gpxtpx:hr>127</gpxtpx:hr>
      </gpxtpx:TrackPointExtension>
     </extensions>
   </trkpt>
   <trkpt lat="-2.6060810" lon="-43.0575960">
    <ele>14.2</ele>
    <time>2026-06-16T14:46:14Z</time>
     <extensions>
      <gpxtpx:TrackPointExtension>
       <gpxtpx:hr>123</gpxtpx:hr>
      </gpxtpx:TrackPointExtension>
     </extensions>
   </trkpt>
   <trkpt lat="-2.6060420" lon="-43.0576330">
    <ele>15.2</ele>
    <time>2026-06-16T14:46:19Z</time>
     <extensions>
      <gpxtpx:TrackPointExtension>
       <gpxtpx:hr>120</gpxtpx:hr>
      </gpxtpx:TrackPointExtension>
     </extensions>
   </trkpt>
   <trkpt lat="-2.6060050" lon="-43.0576740">
    <ele>16.4</ele>
    <time>2026-06-16T14:46:24Z</time>
     <extensions>
      <gpxtpx:TrackPointExtension>
       <gpxtpx:hr>120</gpxtpx:hr>
      </gpxtpx:TrackPointExtension>
     </extensions>
   </trkpt>
   <trkpt lat="-2.6059720" lon="-43.0577200">
    <ele>17.8</ele>
    <time>2026-06-16T14:46:29Z</time>
     <extensions>
      <gpxtpx:TrackPointExtension>
       <gpxtpx:hr>123</gpxtpx:hr>
      </gpxtpx:TrackPointExtension>
     </extensions>
   </trkpt>
   <trkpt lat="-2.6059350" lon="-43.0577590">
    <ele>19.0</ele>
    <time>2026-06-16T14:46:34Z</time>
     <extensions>
      <gpxtpx:TrackPointExtension>
       <gpxtpx:hr>121</gpxtpx:hr>
      </gpxtpx:TrackPointExtension>
     </extensions>
   </trkpt>
   <trkpt lat="-2.6059030" lon="-43.0577980">
    <ele>20.0</ele>
    <time>2026-06-16T14:46:39Z</time>
     <extensions>
      <gpxtpx:TrackPointExtension>
       <gpxtpx:hr>120</gpxtpx:hr>
      </gpxtpx:TrackPointExtension>
     </extensions>
   </trkpt>
   <trkpt lat="-2.6058710" lon="-43.0578410">
    <ele>20.8</ele>
    <time>2026-06-16T14:46:44Z</time>
     <extensions>
      <gpxtpx:TrackPointExtension>
       <gpxtpx:hr>119</gpxtpx:hr>
      </gpxtpx:TrackPointExtension>
     </extensions>
   </trkpt>
   <trkpt lat="-2.6058400" lon="-43.0578830">
    <ele>21.4</ele>
    <time>2026-06-16T14:46:49Z</time>
     <extensions>
      <gpxtpx:TrackPointExtension>
       <gpxtpx:hr>124</gpxtpx:hr>
      </gpxtpx:TrackPointExtension>
     </extensions>
   </trkpt>
   <trkpt lat="-2.6058030" lon="-43.0579200">
    <ele>22.0</ele>
    <time>2026-06-16T14:46:54Z</time>
     <extensions>
      <gpxtpx:TrackPointExtension>
       <gpxtpx:hr>117</gpxtpx:hr>
      </gpxtpx:TrackPointExtension>
     </extensions>
   </trkpt>
   <trkpt lat="-2.6057620" lon="-43.0579540">
    <ele>22.4</ele>
    <time>2026-06-16T14:46:59Z</time>
     <extensions>
      <gpxtpx:TrackPointExtension>
       <gpxtpx:hr>120</gpxtpx:hr>
      </gpxtpx:TrackPointExtension>
     </extensions>
   </trkpt>
   <trkpt lat="-2.6057220" lon="-43.0579810">
    <ele>22.6</ele>
    <time>2026-06-16T14:47:04Z</time>
     <extensions>
      <gpxtpx:TrackPointExtension>
       <gpxtpx:hr>121</gpxtpx:hr>
      </gpxtpx:TrackPointExtension>
     </extensions>
   </trkpt>
   <trkpt lat="-2.6056930" lon="-43.0580140">
    <ele>22.8</ele>
    <time>2026-06-16T14:47:09Z</time>
     <extensions>
      <gpxtpx:TrackPointExtension>
       <gpxtpx:hr>122</gpxtpx:hr>
      </gpxtpx:TrackPointExtension>
     </extensions>
   </trkpt>
   <trkpt lat="-2.6056710" lon="-43.0580490">
    <ele>22.8</ele>
    <time>2026-06-16T14:47:14Z</time>
     <extensions>
      <gpxtpx:TrackPointExtension>
       <gpxtpx:hr>122</gpxtpx:hr>
      </gpxtpx:TrackPointExtension>
     </extensions>
   </trkpt>
   <trkpt lat="-2.6056440" lon="-43.0580890">
    <ele>22.8</ele>
    <time>2026-06-16T14:47:19Z</time>
     <extensions>
      <gpxtpx:TrackPointExtension>
       <gpxtpx:hr>123</gpxtpx:hr>
      </gpxtpx:TrackPointExtension>
     </extensions>
   </trkpt>
   <trkpt lat="-2.6056090" lon="-43.0581370">
    <ele>23.0</ele>
    <time>2026-06-16T14:47:24Z</time>
     <extensions>
      <gpxtpx:TrackPointExtension>
       <gpxtpx:hr>123</gpxtpx:hr>
      </gpxtpx:TrackPointExtension>
     </extensions>
   </trkpt>
   <trkpt lat="-2.6055780" lon="-43.0581780">
    <ele>23.2</ele>
    <time>2026-06-16T14:47:29Z</time>
     <extensions>
      <gpxtpx:TrackPointExtension>
       <gpxtpx:hr>124</gpxtpx:hr>
      </gpxtpx:TrackPointExtension>
     </extensions>
   </trkpt>
   <trkpt lat="-2.6055370" lon="-43.0582070">
    <ele>23.2</ele>
    <time>2026-06-16T14:47:34Z</time>
     <extensions>
      <gpxtpx:TrackPointExtension>
       <gpxtpx:hr>124</gpxtpx:hr>
      </gpxtpx:TrackPointExtension>
     </extensions>
   </trkpt>
   <trkpt lat="-2.6054880" lon="-43.0582150">
    <ele>23.2</ele>
    <time>2026-06-16T14:47:39Z</time>
     <extensions>
      <gpxtpx:TrackPointExtension>
       <gpxtpx:hr>129</gpxtpx:hr>
      </gpxtpx:TrackPointExtension>
     </extensions>
   </trkpt>
   <trkpt lat="-2.6054330" lon="-43.0582240">
    <ele>23.2</ele>
    <time>2026-06-16T14:47:44Z</time>
     <extensions>
      <gpxtpx:TrackPointExtension>
       <gpxtpx:hr>131</gpxtpx:hr>
      </gpxtpx:TrackPointExtension>
     </extensions>
   </trkpt>
   <trkpt lat="-2.6053850" lon="-43.0582440">
    <ele>23.0</ele>
    <time>2026-06-16T14:47:49Z</time>
     <extensions>
      <gpxtpx:TrackPointExtension>
       <gpxtpx:hr>138</gpxtpx:hr>
      </gpxtpx:TrackPointExtension>
     </extensions>
   </trkpt>
   <trkpt lat="-2.6053400" lon="-43.0582670">
    <ele>23.0</ele>
    <time>2026-06-16T14:47:54Z</time>
     <extensions>
      <gpxtpx:TrackPointExtension>
       <gpxtpx:hr>138</gpxtpx:hr>
      </gpxtpx:TrackPointExtension>
     </extensions>
   </trkpt>
   <trkpt lat="-2.6052950" lon="-43.0583010">
    <ele>23.0</ele>
    <time>2026-06-16T14:47:59Z</time>
     <extensions>
      <gpxtpx:TrackPointExtension>
       <gpxtpx:hr>136</gpxtpx:hr>
      </gpxtpx:TrackPointExtension>
     </extensions>
   </trkpt>
   <trkpt lat="-2.6052580" lon="-43.0583330">
    <ele>22.8</ele>
    <time>2026-06-16T14:48:04Z</time>
     <extensions>
      <gpxtpx:TrackPointExtension>
       <gpxtpx:hr>136</gpxtpx:hr>
      </gpxtpx:TrackPointExtension>
     </extensions>
   </trkpt>
   <trkpt lat="-2.6052160" lon="-43.0583710">
    <ele>22.8</ele>
    <time>2026-06-16T14:48:09Z</time>
     <extensions>
      <gpxtpx:TrackPointExtension>
       <gpxtpx:hr>132</gpxtpx:hr>
      </gpxtpx:TrackPointExtension>
     </extensions>
   </trkpt>
   <trkpt lat="-2.6051810" lon="-43.0583990">
    <ele>22.8</ele>
    <time>2026-06-16T14:48:14Z</time>
     <extensions>
      <gpxtpx:TrackPointExtension>
       <gpxtpx:hr>132</gpxtpx:hr>
      </gpxtpx:TrackPointExtension>
     </extensions>
   </trkpt>
   <trkpt lat="-2.6051440" lon="-43.0584250">
    <ele>22.8</ele>
    <time>2026-06-16T14:48:19Z</time>
     <extensions>
      <gpxtpx:TrackPointExtension>
       <gpxtpx:hr>129</gpxtpx:hr>
      </gpxtpx:TrackPointExtension>
     </extensions>
   </trkpt>
   <trkpt lat="-2.6051180" lon="-43.0584480">
    <ele>22.8</ele>
    <time>2026-06-16T14:48:24Z</time>
     <extensions>
      <gpxtpx:TrackPointExtension>
       <gpxtpx:hr>129</gpxtpx:hr>
      </gpxtpx:TrackPointExtension>
     </extensions>
   </trkpt>
   <trkpt lat="-2.6050960" lon="-43.0584630">
    <ele>22.8</ele>
    <time>2026-06-16T14:48:29Z</time>
     <extensions>
      <gpxtpx:TrackPointExtension>
       <gpxtpx:hr>128</gpxtpx:hr>
      </gpxtpx:TrackPointExtension>
     </extensions>
   </trkpt>
   <trkpt lat="-2.6050730" lon="-43.0584850">
    <ele>22.8</ele>
    <time>2026-06-16T14:48:34Z</time>
     <extensions>
      <gpxtpx:TrackPointExtension>
       <gpxtpx:hr>127</gpxtpx:hr>
      </gpxtpx:TrackPointExtension>
     </extensions>
   </trkpt>
   <trkpt lat="-2.6050510" lon="-43.0585090">
    <ele>22.6</ele>
    <time>2026-06-16T14:48:39Z</time>
     <extensions>
      <gpxtpx:TrackPointExtension>
       <gpxtpx:hr>122</gpxtpx:hr>
      </gpxtpx:TrackPointExtension>
     </extensions>
   </trkpt>
   <trkpt lat="-2.6050240" lon="-43.0585310">
    <ele>22.4</ele>
    <time>2026-06-16T14:48:44Z</time>
     <extensions>
      <gpxtpx:TrackPointExtension>
       <gpxtpx:hr>124</gpxtpx:hr>
      </gpxtpx:TrackPointExtension>
     </extensions>
   </trkpt>
   <trkpt lat="-2.6049940" lon="-43.0585520">
    <ele>22.2</ele>
    <time>2026-06-16T14:48:49Z</time>
     <extensions>
      <gpxtpx:TrackPointExtension>
       <gpxtpx:hr>126</gpxtpx:hr>
      </gpxtpx:TrackPointExtension>
     </extensions>
   </trkpt>
   <trkpt lat="-2.6049680" lon="-43.0585730">
    <ele>22.0</ele>
    <time>2026-06-16T14:48:54Z</time>
     <extensions>
      <gpxtpx:TrackPointExtension>
       <gpxtpx:hr>126</gpxtpx:hr>
      </gpxtpx:TrackPointExtension>
     </extensions>
   </trkpt>
   <trkpt lat="-2.6049470" lon="-43.0585910">
    <ele>21.6</ele>
    <time>2026-06-16T14:48:59Z</time>
     <extensions>
      <gpxtpx:TrackPointExtension>
       <gpxtpx:hr>128</gpxtpx:hr>
      </gpxtpx:TrackPointExtension>
     </extensions>
   </trkpt>
   <trkpt lat="-2.6049240" lon="-43.0586100">
    <ele>21.4</ele>
    <time>2026-06-16T14:49:04Z</time>
     <extensions>
      <gpxtpx:TrackPointExtension>
       <gpxtpx:hr>127</gpxtpx:hr>
      </gpxtpx:TrackPointExtension>
     </extensions>
   </trkpt>
   <trkpt lat="-2.6049040" lon="-43.0586320">
    <ele>21.2</ele>
    <time>2026-06-16T14:49:09Z</time>
     <extensions>
      <gpxtpx:TrackPointExtension>
       <gpxtpx:hr>123</gpxtpx:hr>
      </gpxtpx:TrackPointExtension>
     </extensions>
   </trkpt>
   <trkpt lat="-2.6048850" lon="-43.0586580">
    <ele>20.8</ele>
    <time>2026-06-16T14:49:14Z</time>
     <extensions>
      <gpxtpx:TrackPointExtension>
       <gpxtpx:hr>122</gpxtpx:hr>
      </gpxtpx:TrackPointExtension>
     </extensions>
   </trkpt>
   <trkpt lat="-2.6048640" lon="-43.0586810">
    <ele>20.6</ele>
    <time>2026-06-16T14:49:19Z</time>
     <extensions>
      <gpxtpx:TrackPointExtension>
       <gpxtpx:hr>123</gpxtpx:hr>
      </gpxtpx:TrackPointExtension>
     </extensions>
   </trkpt>
   <trkpt lat="-2.6048590" lon="-43.0587030">
    <ele>20.6</ele>
    <time>2026-06-16T14:49:24Z</time>
     <extensions>
      <gpxtpx:TrackPointExtension>
       <gpxtpx:hr>122</gpxtpx:hr>
      </gpxtpx:TrackPointExtension>
     </extensions>
   </trkpt>
   <trkpt lat="-2.6048760" lon="-43.0587250">
    <ele>20.4</ele>
    <time>2026-06-16T14:49:29Z</time>
     <extensions>
      <gpxtpx:TrackPointExtension>
       <gpxtpx:hr>121</gpxtpx:hr>
      </gpxtpx:TrackPointExtension>
     </extensions>
   </trkpt>
   <trkpt lat="-2.6048810" lon="-43.0587280">
    <ele>20.4</ele>
    <time>2026-06-16T14:49:34Z</time>
     <extensions>
      <gpxtpx:TrackPointExtension>
       <gpxtpx:hr>121</gpxtpx:hr>
      </gpxtpx:TrackPointExtension>
     </extensions>
   </trkpt>
   <trkpt lat="-2.6048800" lon="-43.0587290">
    <ele>20.4</ele>
    <time>2026-06-16T14:49:39Z</time>
     <extensions>
      <gpxtpx:TrackPointExtension>
       <gpxtpx:hr>124</gpxtpx:hr>
      </gpxtpx:TrackPointExtension>
     </extensions>
   </trkpt>
   <trkpt lat="-2.6048800" lon="-43.0587260">
    <ele>20.2</ele>
    <time>2026-06-16T14:49:44Z</time>
     <extensions>
      <gpxtpx:TrackPointExtension>
       <gpxtpx:hr>128</gpxtpx:hr>
      </gpxtpx:TrackPointExtension>
     </extensions>
   </trkpt>
   <trkpt lat="-2.6048810" lon="-43.0587290">
    <ele>20.2</ele>
    <time>2026-06-16T14:49:49Z</time>
     <extensions>
      <gpxtpx:TrackPointExtension>
       <gpxtpx:hr>128</gpxtpx:hr>
      </gpxtpx:TrackPointExtension>
     </extensions>
   </trkpt>
   <trkpt lat="-2.6048790" lon="-43.0587290">
    <ele>20.2</ele>
    <time>2026-06-16T14:49:54Z</time>
     <extensions>
      <gpxtpx:TrackPointExtension>
       <gpxtpx:hr>122</gpxtpx:hr>
      </gpxtpx:TrackPointExtension>
     </extensions>
   </trkpt>
   <trkpt lat="-2.6048770" lon="-43.0587300">
    <ele>20.2</ele>
    <time>2026-06-16T14:49:59Z</time>
     <extensions>
      <gpxtpx:TrackPointExtension>
       <gpxtpx:hr>120</gpxtpx:hr>
      </gpxtpx:TrackPointExtension>
     </extensions>
   </trkpt>
   <trkpt lat="-2.6048750" lon="-43.0587330">
    <ele>20.4</ele>
    <time>2026-06-16T14:50:04Z</time>
     <extensions>
      <gpxtpx:TrackPointExtension>
       <gpxtpx:hr>118</gpxtpx:hr>
      </gpxtpx:TrackPointExtension>
     </extensions>
   </trkpt>
   <trkpt lat="-2.6048710" lon="-43.0587330">
    <ele>20.4</ele>
    <time>2026-06-16T14:50:09Z</time>
     <extensions>
      <gpxtpx:TrackPointExtension>
       <gpxtpx:hr>117</gpxtpx:hr>
      </gpxtpx:TrackPointExtension>
     </extensions>
   </trkpt>
   <trkpt lat="-2.6048690" lon="-43.0587340">
    <ele>20.2</ele>
    <time>2026-06-16T14:50:14Z</time>
     <extensions>
      <gpxtpx:TrackPointExtension>
       <gpxtpx:hr>120</gpxtpx:hr>
      </gpxtpx:TrackPointExtension>
     </extensions>
   </trkpt>
   <trkpt lat="-2.6048730" lon="-43.0587290">
    <ele>20.2</ele>
    <time>2026-06-16T14:50:19Z</time>
     <extensions>
      <gpxtpx:TrackPointExtension>
       <gpxtpx:hr>120</gpxtpx:hr>
      </gpxtpx:TrackPointExtension>
     </extensions>
   </trkpt>
   <trkpt lat="-2.6048730" lon="-43.0587290">
    <ele>20.2</ele>
    <time>2026-06-16T14:50:24Z</time>
     <extensions>
      <gpxtpx:TrackPointExtension>
       <gpxtpx:hr>120</gpxtpx:hr>
      </gpxtpx:TrackPointExtension>
     </extensions>
   </trkpt>
   <trkpt lat="-2.6048810" lon="-43.0587370">
    <ele>20.4</ele>
    <time>2026-06-16T14:50:29Z</time>
     <extensions>
      <gpxtpx:TrackPointExtension>
       <gpxtpx:hr>120</gpxtpx:hr>
      </gpxtpx:TrackPointExtension>
     </extensions>
   </trkpt>
   <trkpt lat="-2.6048860" lon="-43.0587350">
    <ele>20.6</ele>
    <time>2026-06-16T14:50:34Z</time>
     <extensions>
      <gpxtpx:TrackPointExtension>
       <gpxtpx:hr>118</gpxtpx:hr>
      </gpxtpx:TrackPointExtension>
     </extensions>
   </trkpt>
   <trkpt lat="-2.6048910" lon="-43.0587310">
    <ele>20.6</ele>
    <time>2026-06-16T14:50:39Z</time>
     <extensions>
      <gpxtpx:TrackPointExtension>
       <gpxtpx:hr>116</gpxtpx:hr>
      </gpxtpx:TrackPointExtension>
     </extensions>
   </trkpt>
   <trkpt lat="-2.6048930" lon="-43.0587290">
    <ele>20.6</ele>
    <time>2026-06-16T14:50:44Z</time>
     <extensions>
      <gpxtpx:TrackPointExtension>
       <gpxtpx:hr>120</gpxtpx:hr>
      </gpxtpx:TrackPointExtension>
     </extensions>
   </trkpt>
   <trkpt lat="-2.6048900" lon="-43.0587230">
    <ele>20.4</ele>
    <time>2026-06-16T14:50:49Z</time>
     <extensions>
      <gpxtpx:TrackPointExtension>
       <gpxtpx:hr>120</gpxtpx:hr>
      </gpxtpx:TrackPointExtension>
     </extensions>
   </trkpt>
   <trkpt lat="-2.6048890" lon="-43.0587240">
    <ele>20.2</ele>
    <time>2026-06-16T14:50:54Z</time>
     <extensions>
      <gpxtpx:TrackPointExtension>
       <gpxtpx:hr>119</gpxtpx:hr>
      </gpxtpx:TrackPointExtension>
     </extensions>
   </trkpt>
   <trkpt lat="-2.6048870" lon="-43.0587260">
    <ele>20.2</ele>
    <time>2026-06-16T14:50:59Z</time>
     <extensions>
      <gpxtpx:TrackPointExtension>
       <gpxtpx:hr>119</gpxtpx:hr>
      </gpxtpx:TrackPointExtension>
     </extensions>
   </trkpt>
   <trkpt lat="-2.6048820" lon="-43.0587240">
    <ele>20.0</ele>
    <time>2026-06-16T14:51:04Z</time>
     <extensions>
      <gpxtpx:TrackPointExtension>
       <gpxtpx:hr>117</gpxtpx:hr>
      </gpxtpx:TrackPointExtension>
     </extensions>
   </trkpt>
   <trkpt lat="-2.6048840" lon="-43.0587250">
    <ele>20.0</ele>
    <time>2026-06-16T14:51:09Z</time>
     <extensions>
      <gpxtpx:TrackPointExtension>
       <gpxtpx:hr>117</gpxtpx:hr>
      </gpxtpx:TrackPointExtension>
     </extensions>
   </trkpt>
   <trkpt lat="-2.6048860" lon="-43.0587280">
    <ele>20.0</ele>
    <time>2026-06-16T14:51:14Z</time>
     <extensions>
      <gpxtpx:TrackPointExtension>
       <gpxtpx:hr>115</gpxtpx:hr>
      </gpxtpx:TrackPointExtension>
     </extensions>
   </trkpt>
   <trkpt lat="-2.6048860" lon="-43.0587320">
    <ele>19.8</ele>
    <time>2026-06-16T14:51:19Z</time>
     <extensions>
      <gpxtpx:TrackPointExtension>
       <gpxtpx:hr>117</gpxtpx:hr>
      </gpxtpx:TrackPointExtension>
     </extensions>
   </trkpt>
   <trkpt lat="-2.6048790" lon="-43.0587390">
    <ele>19.8</ele>
    <time>2026-06-16T14:51:24Z</time>
     <extensions>
      <gpxtpx:TrackPointExtension>
       <gpxtpx:hr>120</gpxtpx:hr>
      </gpxtpx:TrackPointExtension>
     </extensions>
   </trkpt>
   <trkpt lat="-2.6048600" lon="-43.0587500">
    <ele>19.6</ele>
    <time>2026-06-16T14:51:29Z</time>
     <extensions>
      <gpxtpx:TrackPointExtension>
       <gpxtpx:hr>120</gpxtpx:hr>
      </gpxtpx:TrackPointExtension>
     </extensions>
   </trkpt>
   <trkpt lat="-2.6048370" lon="-43.0587600">
    <ele>19.6</ele>
    <time>2026-06-16T14:51:34Z</time>
     <extensions>
      <gpxtpx:TrackPointExtension>
       <gpxtpx:hr>124</gpxtpx:hr>
      </gpxtpx:TrackPointExtension>
     </extensions>
   </trkpt>
   <trkpt lat="-2.6048140" lon="-43.0587760">
    <ele>19.4</ele>
    <time>2026-06-16T14:51:39Z</time>
     <extensions>
      <gpxtpx:TrackPointExtension>
       <gpxtpx:hr>120</gpxtpx:hr>
      </gpxtpx:TrackPointExtension>
     </extensions>
   </trkpt>
   <trkpt lat="-2.6047950" lon="-43.0587940">
    <ele>19.4</ele>
    <time>2026-06-16T14:51:44Z</time>
     <extensions>
      <gpxtpx:TrackPointExtension>
       <gpxtpx:hr>122</gpxtpx:hr>
      </gpxtpx:TrackPointExtension>
     </extensions>
   </trkpt>
   <trkpt lat="-2.6047710" lon="-43.0588170">
    <ele>19.2</ele>
    <time>2026-06-16T14:51:49Z</time>
     <extensions>
      <gpxtpx:TrackPointExtension>
       <gpxtpx:hr>121</gpxtpx:hr>
      </gpxtpx:TrackPointExtension>
     </extensions>
   </trkpt>
   <trkpt lat="-2.6047470" lon="-43.0588400">
    <ele>19.0</ele>
    <time>2026-06-16T14:51:54Z</time>
     <extensions>
      <gpxtpx:TrackPointExtension>
       <gpxtpx:hr>121</gpxtpx:hr>
      </gpxtpx:TrackPointExtension>
     </extensions>
   </trkpt>
   <trkpt lat="-2.6047230" lon="-43.0588630">
    <ele>18.8</ele>
    <time>2026-06-16T14:51:59Z</time>
     <extensions>
      <gpxtpx:TrackPointExtension>
       <gpxtpx:hr>121</gpxtpx:hr>
      </gpxtpx:TrackPointExtension>
     </extensions>
   </trkpt>
   <trkpt lat="-2.6046960" lon="-43.0588890">
    <ele>18.4</ele>
    <time>2026-06-16T14:52:04Z</time>
     <extensions>
      <gpxtpx:TrackPointExtension>
       <gpxtpx:hr>126</gpxtpx:hr>
      </gpxtpx:TrackPointExtension>
     </extensions>
   </trkpt>
   <trkpt lat="-2.6046680" lon="-43.0589100">
    <ele>18.2</ele>
    <time>2026-06-16T14:52:09Z</time>
     <extensions>
      <gpxtpx:TrackPointExtension>
       <gpxtpx:hr>126</gpxtpx:hr>
      </gpxtpx:TrackPointExtension>
     </extensions>
   </trkpt>
   <trkpt lat="-2.6046420" lon="-43.0589320">
    <ele>18.0</ele>
    <time>2026-06-16T14:52:14Z</time>
     <extensions>
      <gpxtpx:TrackPointExtension>
       <gpxtpx:hr>126</gpxtpx:hr>
      </gpxtpx:TrackPointExtension>
     </extensions>
   </trkpt>
   <trkpt lat="-2.6046180" lon="-43.0589540">
    <ele>17.8</ele>
    <time>2026-06-16T14:52:19Z</time>
     <extensions>
      <gpxtpx:TrackPointExtension>
       <gpxtpx:hr>126</gpxtpx:hr>
      </gpxtpx:TrackPointExtension>
     </extensions>
   </trkpt>
   <trkpt lat="-2.6045940" lon="-43.0589780">
    <ele>17.6</ele>
    <time>2026-06-16T14:52:24Z</time>
     <extensions>
      <gpxtpx:TrackPointExtension>
       <gpxtpx:hr>126</gpxtpx:hr>
      </gpxtpx:TrackPointExtension>
     </extensions>
   </trkpt>
   <trkpt lat="-2.6045710" lon="-43.0590010">
    <ele>17.4</ele>
    <time>2026-06-16T14:52:29Z</time>
     <extensions>
      <gpxtpx:TrackPointExtension>
       <gpxtpx:hr>126</gpxtpx:hr>
      </gpxtpx:TrackPointExtension>
     </extensions>
   </trkpt>
   <trkpt lat="-2.6045460" lon="-43.0590240">
    <ele>17.2</ele>
    <time>2026-06-16T14:52:34Z</time>
     <extensions>
      <gpxtpx:TrackPointExtension>
       <gpxtpx:hr>126</gpxtpx:hr>
      </gpxtpx:TrackPointExtension>
     </extensions>
   </trkpt>
   <trkpt lat="-2.6045230" lon="-43.0590470">
    <ele>17.0</ele>
    <time>2026-06-16T14:52:39Z</time>
     <extensions>
      <gpxtpx:TrackPointExtension>
       <gpxtpx:hr>126</gpxtpx:hr>
      </gpxtpx:TrackPointExtension>
     </extensions>
   </trkpt>
   <trkpt lat="-2.6044990" lon="-43.0590680">
    <ele>17.0</ele>
    <time>2026-06-16T14:52:44Z</time>
     <extensions>
      <gpxtpx:TrackPointExtension>
       <gpxtpx:hr>126</gpxtpx:hr>
      </gpxtpx:TrackPointExtension>
     </extensions>
   </trkpt>
   <trkpt lat="-2.6044800" lon="-43.0590880">
    <ele>17.0</ele>
    <time>2026-06-16T14:52:49Z</time>
     <extensions>
      <gpxtpx:TrackPointExtension>
       <gpxtpx:hr>126</gpxtpx:hr>
      </gpxtpx:TrackPointExtension>
     </extensions>
   </trkpt>
   <trkpt lat="-2.6044560" lon="-43.0591070">
    <ele>17.0</ele>
    <time>2026-06-16T14:52:54Z</time>
     <extensions>
      <gpxtpx:TrackPointExtension>
       <gpxtpx:hr>118</gpxtpx:hr>
      </gpxtpx:TrackPointExtension>
     </extensions>
   </trkpt>
   <trkpt lat="-2.6044320" lon="-43.0591240">
    <ele>16.8</ele>
    <time>2026-06-16T14:52:59Z</time>
     <extensions>
      <gpxtpx:TrackPointExtension>
       <gpxtpx:hr>119</gpxtpx:hr>
      </gpxtpx:TrackPointExtension>
     </extensions>
   </trkpt>
   <trkpt lat="-2.6044080" lon="-43.0591380">
    <ele>16.8</ele>
    <time>2026-06-16T14:53:04Z</time>
     <extensions>
      <gpxtpx:TrackPointExtension>
       <gpxtpx:hr>123</gpxtpx:hr>
      </gpxtpx:TrackPointExtension>
     </extensions>
   </trkpt>
   <trkpt lat="-2.6043800" lon="-43.0591590">
    <ele>17.0</ele>
    <time>2026-06-16T14:53:09Z</time>
     <extensions>
      <gpxtpx:TrackPointExtension>
       <gpxtpx:hr>121</gpxtpx:hr>
      </gpxtpx:TrackPointExtension>
     </extensions>
   </trkpt>
   <trkpt lat="-2.6043540" lon="-43.0591790">
    <ele>17.0</ele>
    <time>2026-06-16T14:53:14Z</time>
     <extensions>
      <gpxtpx:TrackPointExtension>
       <gpxtpx:hr>121</gpxtpx:hr>
      </gpxtpx:TrackPointExtension>
     </extensions>
   </trkpt>
   <trkpt lat="-2.6043280" lon="-43.0591980">
    <ele>17.0</ele>
    <time>2026-06-16T14:53:19Z</time>
     <extensions>
      <gpxtpx:TrackPointExtension>
       <gpxtpx:hr>121</gpxtpx:hr>
      </gpxtpx:TrackPointExtension>
     </extensions>
   </trkpt>
   <trkpt lat="-2.6043010" lon="-43.0592170">
    <ele>17.2</ele>
    <time>2026-06-16T14:53:24Z</time>
     <extensions>
      <gpxtpx:TrackPointExtension>
       <gpxtpx:hr>121</gpxtpx:hr>
      </gpxtpx:TrackPointExtension>
     </extensions>
   </trkpt>
   <trkpt lat="-2.6042730" lon="-43.0592360">
    <ele>17.2</ele>
    <time>2026-06-16T14:53:29Z</time>
     <extensions>
      <gpxtpx:TrackPointExtension>
       <gpxtpx:hr>118</gpxtpx:hr>
      </gpxtpx:TrackPointExtension>
     </extensions>
   </trkpt>
   <trkpt lat="-2.6042440" lon="-43.0592520">
    <ele>17.2</ele>
    <time>2026-06-16T14:53:34Z</time>
     <extensions>
      <gpxtpx:TrackPointExtension>
       <gpxtpx:hr>114</gpxtpx:hr>
      </gpxtpx:TrackPointExtension>
     </extensions>
   </trkpt>
   <trkpt lat="-2.6042160" lon="-43.0592690">
    <ele>17.0</ele>
    <time>2026-06-16T14:53:39Z</time>
     <extensions>
      <gpxtpx:TrackPointExtension>
       <gpxtpx:hr>114</gpxtpx:hr>
      </gpxtpx:TrackPointExtension>
     </extensions>
   </trkpt>
   <trkpt lat="-2.6041910" lon="-43.0592850">
    <ele>17.0</ele>
    <time>2026-06-16T14:53:44Z</time>
     <extensions>
      <gpxtpx:TrackPointExtension>
       <gpxtpx:hr>117</gpxtpx:hr>
      </gpxtpx:TrackPointExtension>
     </extensions>
   </trkpt>
   <trkpt lat="-2.6041650" lon="-43.0593010">
    <ele>17.0</ele>
    <time>2026-06-16T14:53:49Z</time>
     <extensions>
      <gpxtpx:TrackPointExtension>
       <gpxtpx:hr>117</gpxtpx:hr>
      </gpxtpx:TrackPointExtension>
     </extensions>
   </trkpt>
   <trkpt lat="-2.6041390" lon="-43.0593140">
    <ele>17.0</ele>
    <time>2026-06-16T14:53:54Z</time>
     <extensions>
      <gpxtpx:TrackPointExtension>
       <gpxtpx:hr>118</gpxtpx:hr>
      </gpxtpx:TrackPointExtension>
     </extensions>
   </trkpt>
   <trkpt lat="-2.6041170" lon="-43.0593270">
    <ele>17.2</ele>
    <time>2026-06-16T14:53:59Z</time>
     <extensions>
      <gpxtpx:TrackPointExtension>
       <gpxtpx:hr>118</gpxtpx:hr>
      </gpxtpx:TrackPointExtension>
     </extensions>
   </trkpt>
   <trkpt lat="-2.6041070" lon="-43.0593380">
    <ele>17.4</ele>
    <time>2026-06-16T14:54:04Z</time>
     <extensions>
      <gpxtpx:TrackPointExtension>
       <gpxtpx:hr>119</gpxtpx:hr>
      </gpxtpx:TrackPointExtension>
     </extensions>
   </trkpt>
   <trkpt lat="-2.6041040" lon="-43.0593430">
    <ele>17.4</ele>
    <time>2026-06-16T14:54:09Z</time>
     <extensions>
      <gpxtpx:TrackPointExtension>
       <gpxtpx:hr>119</gpxtpx:hr>
      </gpxtpx:TrackPointExtension>
     </extensions>
   </trkpt>
   <trkpt lat="-2.6041010" lon="-43.0593440">
    <ele>17.2</ele>
    <time>2026-06-16T14:54:14Z</time>
     <extensions>
      <gpxtpx:TrackPointExtension>
       <gpxtpx:hr>119</gpxtpx:hr>
      </gpxtpx:TrackPointExtension>
     </extensions>
   </trkpt>
   <trkpt lat="-2.6041020" lon="-43.0593440">
    <ele>17.2</ele>
    <time>2026-06-16T14:54:19Z</time>
     <extensions>
      <gpxtpx:TrackPointExtension>
       <gpxtpx:hr>119</gpxtpx:hr>
      </gpxtpx:TrackPointExtension>
     </extensions>
   </trkpt>
   <trkpt lat="-2.6041050" lon="-43.0593440">
    <ele>17.2</ele>
    <time>2026-06-16T14:54:24Z</time>
     <extensions>
      <gpxtpx:TrackPointExtension>
       <gpxtpx:hr>119</gpxtpx:hr>
      </gpxtpx:TrackPointExtension>
     </extensions>
   </trkpt>
   <trkpt lat="-2.6041030" lon="-43.0593460">
    <ele>17.2</ele>
    <time>2026-06-16T14:54:29Z</time>
     <extensions>
      <gpxtpx:TrackPointExtension>
       <gpxtpx:hr>119</gpxtpx:hr>
      </gpxtpx:TrackPointExtension>
     </extensions>
   </trkpt>
   <trkpt lat="-2.6040920" lon="-43.0593540">
    <ele>17.2</ele>
    <time>2026-06-16T14:54:34Z</time>
     <extensions>
      <gpxtpx:TrackPointExtension>
       <gpxtpx:hr>119</gpxtpx:hr>
      </gpxtpx:TrackPointExtension>
     </extensions>
   </trkpt>
   <trkpt lat="-2.6040750" lon="-43.0593590">
    <ele>17.4</ele>
    <time>2026-06-16T14:54:39Z</time>
     <extensions>
      <gpxtpx:TrackPointExtension>
       <gpxtpx:hr>119</gpxtpx:hr>
      </gpxtpx:TrackPointExtension>
     </extensions>
   </trkpt>
   <trkpt lat="-2.6040560" lon="-43.0593670">
    <ele>17.4</ele>
    <time>2026-06-16T14:54:44Z</time>
     <extensions>
      <gpxtpx:TrackPointExtension>
       <gpxtpx:hr>119</gpxtpx:hr>
      </gpxtpx:TrackPointExtension>
     </extensions>
   </trkpt>
   <trkpt lat="-2.6040380" lon="-43.0593770">
    <ele>17.4</ele>
    <time>2026-06-16T14:54:49Z</time>
     <extensions>
      <gpxtpx:TrackPointExtension>
       <gpxtpx:hr>111</gpxtpx:hr>
      </gpxtpx:TrackPointExtension>
     </extensions>
   </trkpt>
   <trkpt lat="-2.6040190" lon="-43.0593920">
    <ele>17.6</ele>
    <time>2026-06-16T14:54:54Z</time>
     <extensions>
      <gpxtpx:TrackPointExtension>
       <gpxtpx:hr>110</gpxtpx:hr>
      </gpxtpx:TrackPointExtension>
     </extensions>
   </trkpt>
   <trkpt lat="-2.6039990" lon="-43.0594060">
    <ele>17.6</ele>
    <time>2026-06-16T14:54:59Z</time>
     <extensions>
      <gpxtpx:TrackPointExtension>
       <gpxtpx:hr>110</gpxtpx:hr>
      </gpxtpx:TrackPointExtension>
     </extensions>
   </trkpt>
   <trkpt lat="-2.6039810" lon="-43.0594160">
    <ele>17.4</ele>
    <time>2026-06-16T14:55:04Z</time>
     <extensions>
      <gpxtpx:TrackPointExtension>
       <gpxtpx:hr>110</gpxtpx:hr>
      </gpxtpx:TrackPointExtension>
     </extensions>
   </trkpt>
   <trkpt lat="-2.6039640" lon="-43.0594270">
    <ele>17.4</ele>
    <time>2026-06-16T14:55:09Z</time>
     <extensions>
      <gpxtpx:TrackPointExtension>
       <gpxtpx:hr>110</gpxtpx:hr>
      </gpxtpx:TrackPointExtension>
     </extensions>
   </trkpt>
   <trkpt lat="-2.6039400" lon="-43.0594420">
    <ele>17.2</ele>
    <time>2026-06-16T14:55:14Z</time>
     <extensions>
      <gpxtpx:TrackPointExtension>
       <gpxtpx:hr>110</gpxtpx:hr>
      </gpxtpx:TrackPointExtension>
     </extensions>
   </trkpt>
   <trkpt lat="-2.6039160" lon="-43.0594590">
    <ele>17.2</ele>
    <time>2026-06-16T14:55:19Z</time>
     <extensions>
      <gpxtpx:TrackPointExtension>
       <gpxtpx:hr>110</gpxtpx:hr>
      </gpxtpx:TrackPointExtension>
     </extensions>
   </trkpt>
   <trkpt lat="-2.6038900" lon="-43.0594790">
    <ele>17.0</ele>
    <time>2026-06-16T14:55:24Z</time>
     <extensions>
      <gpxtpx:TrackPointExtension>
       <gpxtpx:hr>112</gpxtpx:hr>
      </gpxtpx:TrackPointExtension>
     </extensions>
   </trkpt>
   <trkpt lat="-2.6038680" lon="-43.0594970">
    <ele>17.0</ele>
    <time>2026-06-16T14:55:29Z</time>
     <extensions>
      <gpxtpx:TrackPointExtension>
       <gpxtpx:hr>113</gpxtpx:hr>
      </gpxtpx:TrackPointExtension>
     </extensions>
   </trkpt>
   <trkpt lat="-2.6038440" lon="-43.0595100">
    <ele>17.2</ele>
    <time>2026-06-16T14:55:34Z</time>
     <extensions>
      <gpxtpx:TrackPointExtension>
       <gpxtpx:hr>116</gpxtpx:hr>
      </gpxtpx:TrackPointExtension>
     </extensions>
   </trkpt>
   <trkpt lat="-2.6038200" lon="-43.0595180">
    <ele>17.4</ele>
    <time>2026-06-16T14:55:39Z</time>
     <extensions>
      <gpxtpx:TrackPointExtension>
       <gpxtpx:hr>116</gpxtpx:hr>
      </gpxtpx:TrackPointExtension>
     </extensions>
   </trkpt>
   <trkpt lat="-2.6037980" lon="-43.0595240">
    <ele>17.4</ele>
    <time>2026-06-16T14:55:44Z</time>
     <extensions>
      <gpxtpx:TrackPointExtension>
       <gpxtpx:hr>116</gpxtpx:hr>
      </gpxtpx:TrackPointExtension>
     </extensions>
   </trkpt>
   <trkpt lat="-2.6037770" lon="-43.0595280">
    <ele>17.2</ele>
    <time>2026-06-16T14:55:49Z</time>
     <extensions>
      <gpxtpx:TrackPointExtension>
       <gpxtpx:hr>116</gpxtpx:hr>
      </gpxtpx:TrackPointExtension>
     </extensions>
   </trkpt>
   <trkpt lat="-2.6037530" lon="-43.0595380">
    <ele>17.2</ele>
    <time>2026-06-16T14:55:54Z</time>
     <extensions>
      <gpxtpx:TrackPointExtension>
       <gpxtpx:hr>116</gpxtpx:hr>
      </gpxtpx:TrackPointExtension>
     </extensions>
   </trkpt>
   <trkpt lat="-2.6037270" lon="-43.0595500">
    <ele>17.0</ele>
    <time>2026-06-16T14:55:59Z</time>
     <extensions>
      <gpxtpx:TrackPointExtension>
       <gpxtpx:hr>116</gpxtpx:hr>
      </gpxtpx:TrackPointExtension>
     </extensions>
   </trkpt>
   <trkpt lat="-2.6037110" lon="-43.0595540">
    <ele>16.8</ele>
    <time>2026-06-16T14:56:04Z</time>
     <extensions>
      <gpxtpx:TrackPointExtension>
       <gpxtpx:hr>119</gpxtpx:hr>
      </gpxtpx:TrackPointExtension>
     </extensions>
   </trkpt>
   <trkpt lat="-2.6037080" lon="-43.0595510">
    <ele>15.8</ele>
    <time>2026-06-16T14:56:09Z</time>
     <extensions>
      <gpxtpx:TrackPointExtension>
       <gpxtpx:hr>120</gpxtpx:hr>
      </gpxtpx:TrackPointExtension>
     </extensions>
   </trkpt>
   <trkpt lat="-2.6037270" lon="-43.0595510">
    <ele>17.4</ele>
    <time>2026-06-16T14:56:36Z</time>
     <extensions>
      <gpxtpx:TrackPointExtension>
       <gpxtpx:hr>130</gpxtpx:hr>
      </gpxtpx:TrackPointExtension>
     </extensions>
   </trkpt>
   <trkpt lat="-2.6037270" lon="-43.0595510">
    <ele>17.0</ele>
    <time>2026-06-16T14:56:41Z</time>
     <extensions>
      <gpxtpx:TrackPointExtension>
       <gpxtpx:hr>130</gpxtpx:hr>
      </gpxtpx:TrackPointExtension>
     </extensions>
   </trkpt>
   <trkpt lat="-2.6037270" lon="-43.0595520">
    <ele>16.8</ele>
    <time>2026-06-16T14:56:46Z</time>
     <extensions>
      <gpxtpx:TrackPointExtension>
       <gpxtpx:hr>131</gpxtpx:hr>
      </gpxtpx:TrackPointExtension>
     </extensions>
   </trkpt>
   <trkpt lat="-2.6037290" lon="-43.0595510">
    <ele>16.4</ele>
    <time>2026-06-16T14:56:51Z</time>
     <extensions>
      <gpxtpx:TrackPointExtension>
       <gpxtpx:hr>130</gpxtpx:hr>
      </gpxtpx:TrackPointExtension>
     </extensions>
   </trkpt>
   <trkpt lat="-2.6037290" lon="-43.0595510">
    <ele>16.2</ele>
    <time>2026-06-16T14:56:56Z</time>
     <extensions>
      <gpxtpx:TrackPointExtension>
       <gpxtpx:hr>127</gpxtpx:hr>
      </gpxtpx:TrackPointExtension>
     </extensions>
   </trkpt>
   <trkpt lat="-2.6037260" lon="-43.0595520">
    <ele>16.2</ele>
    <time>2026-06-16T14:57:01Z</time>
     <extensions>
      <gpxtpx:TrackPointExtension>
       <gpxtpx:hr>127</gpxtpx:hr>
      </gpxtpx:TrackPointExtension>
     </extensions>
   </trkpt>
   <trkpt lat="-2.6037240" lon="-43.0595530">
    <ele>16.2</ele>
    <time>2026-06-16T14:57:06Z</time>
     <extensions>
      <gpxtpx:TrackPointExtension>
       <gpxtpx:hr>115</gpxtpx:hr>
      </gpxtpx:TrackPointExtension>
     </extensions>
   </trkpt>
   <trkpt lat="-2.6037150" lon="-43.0595550">
    <ele>16.2</ele>
    <time>2026-06-16T14:57:11Z</time>
     <extensions>
      <gpxtpx:TrackPointExtension>
       <gpxtpx:hr>119</gpxtpx:hr>
      </gpxtpx:TrackPointExtension>
     </extensions>
   </trkpt>
   <trkpt lat="-2.6037130" lon="-43.0595580">
    <ele>16.2</ele>
    <time>2026-06-16T14:57:16Z</time>
     <extensions>
      <gpxtpx:TrackPointExtension>
       <gpxtpx:hr>117</gpxtpx:hr>
      </gpxtpx:TrackPointExtension>
     </extensions>
   </trkpt>
   <trkpt lat="-2.6037150" lon="-43.0595610">
    <ele>16.2</ele>
    <time>2026-06-16T14:57:21Z</time>
     <extensions>
      <gpxtpx:TrackPointExtension>
       <gpxtpx:hr>117</gpxtpx:hr>
      </gpxtpx:TrackPointExtension>
     </extensions>
   </trkpt>
   <trkpt lat="-2.6037150" lon="-43.0595620">
    <ele>16.2</ele>
    <time>2026-06-16T14:57:26Z</time>
     <extensions>
      <gpxtpx:TrackPointExtension>
       <gpxtpx:hr>118</gpxtpx:hr>
      </gpxtpx:TrackPointExtension>
     </extensions>
   </trkpt>
   <trkpt lat="-2.6037140" lon="-43.0595610">
    <ele>16.2</ele>
    <time>2026-06-16T14:57:31Z</time>
     <extensions>
      <gpxtpx:TrackPointExtension>
       <gpxtpx:hr>118</gpxtpx:hr>
      </gpxtpx:TrackPointExtension>
     </extensions>
   </trkpt>
   <trkpt lat="-2.6037150" lon="-43.0595550">
    <ele>16.2</ele>
    <time>2026-06-16T14:57:36Z</time>
     <extensions>
      <gpxtpx:TrackPointExtension>
       <gpxtpx:hr>118</gpxtpx:hr>
      </gpxtpx:TrackPointExtension>
     </extensions>
   </trkpt>
   <trkpt lat="-2.6037150" lon="-43.0595470">
    <ele>16.2</ele>
    <time>2026-06-16T14:57:41Z</time>
     <extensions>
      <gpxtpx:TrackPointExtension>
       <gpxtpx:hr>111</gpxtpx:hr>
      </gpxtpx:TrackPointExtension>
     </extensions>
   </trkpt>
   <trkpt lat="-2.6037140" lon="-43.0595400">
    <ele>16.2</ele>
    <time>2026-06-16T14:57:46Z</time>
     <extensions>
      <gpxtpx:TrackPointExtension>
       <gpxtpx:hr>108</gpxtpx:hr>
      </gpxtpx:TrackPointExtension>
     </extensions>
   </trkpt>
   <trkpt lat="-2.6037160" lon="-43.0595400">
    <ele>16.2</ele>
    <time>2026-06-16T14:57:51Z</time>
     <extensions>
      <gpxtpx:TrackPointExtension>
       <gpxtpx:hr>105</gpxtpx:hr>
      </gpxtpx:TrackPointExtension>
     </extensions>
   </trkpt>
   <trkpt lat="-2.6037200" lon="-43.0595500">
    <ele>16.2</ele>
    <time>2026-06-16T14:57:56Z</time>
     <extensions>
      <gpxtpx:TrackPointExtension>
       <gpxtpx:hr>105</gpxtpx:hr>
      </gpxtpx:TrackPointExtension>
     </extensions>
   </trkpt>
   <trkpt lat="-2.6037200" lon="-43.0595540">
    <ele>17.0</ele>
    <time>2026-06-16T14:58:01Z</time>
     <extensions>
      <gpxtpx:TrackPointExtension>
       <gpxtpx:hr>110</gpxtpx:hr>
      </gpxtpx:TrackPointExtension>
     </extensions>
   </trkpt>
   <trkpt lat="-2.6037210" lon="-43.0595550">
    <ele>17.8</ele>
    <time>2026-06-16T14:58:06Z</time>
     <extensions>
      <gpxtpx:TrackPointExtension>
       <gpxtpx:hr>110</gpxtpx:hr>
      </gpxtpx:TrackPointExtension>
     </extensions>
   </trkpt>
   <trkpt lat="-2.6037240" lon="-43.0595550">
    <ele>18.2</ele>
    <time>2026-06-16T14:58:11Z</time>
     <extensions>
      <gpxtpx:TrackPointExtension>
       <gpxtpx:hr>110</gpxtpx:hr>
      </gpxtpx:TrackPointExtension>
     </extensions>
   </trkpt>
   <trkpt lat="-2.6037240" lon="-43.0595550">
    <ele>18.4</ele>
    <time>2026-06-16T14:58:16Z</time>
     <extensions>
      <gpxtpx:TrackPointExtension>
       <gpxtpx:hr>110</gpxtpx:hr>
      </gpxtpx:TrackPointExtension>
     </extensions>
   </trkpt>
   <trkpt lat="-2.6037230" lon="-43.0595550">
    <ele>18.4</ele>
    <time>2026-06-16T14:58:21Z</time>
     <extensions>
      <gpxtpx:TrackPointExtension>
       <gpxtpx:hr>108</gpxtpx:hr>
      </gpxtpx:TrackPointExtension>
     </extensions>
   </trkpt>
   <trkpt lat="-2.6037210" lon="-43.0595540">
    <ele>18.4</ele>
    <time>2026-06-16T14:58:26Z</time>
     <extensions>
      <gpxtpx:TrackPointExtension>
       <gpxtpx:hr>110</gpxtpx:hr>
      </gpxtpx:TrackPointExtension>
     </extensions>
   </trkpt>
   <trkpt lat="-2.6037180" lon="-43.0595550">
    <ele>18.6</ele>
    <time>2026-06-16T14:58:31Z</time>
     <extensions>
      <gpxtpx:TrackPointExtension>
       <gpxtpx:hr>114</gpxtpx:hr>
      </gpxtpx:TrackPointExtension>
     </extensions>
   </trkpt>
   <trkpt lat="-2.6036940" lon="-43.0595740">
    <ele>18.4</ele>
    <time>2026-06-16T14:58:36Z</time>
     <extensions>
      <gpxtpx:TrackPointExtension>
       <gpxtpx:hr>123</gpxtpx:hr>
      </gpxtpx:TrackPointExtension>
     </extensions>
   </trkpt>
   <trkpt lat="-2.6036610" lon="-43.0595790">
    <ele>17.8</ele>
    <time>2026-06-16T14:58:41Z</time>
     <extensions>
      <gpxtpx:TrackPointExtension>
       <gpxtpx:hr>126</gpxtpx:hr>
      </gpxtpx:TrackPointExtension>
     </extensions>
   </trkpt>
   <trkpt lat="-2.6036290" lon="-43.0595710">
    <ele>17.8</ele>
    <time>2026-06-16T14:58:46Z</time>
     <extensions>
      <gpxtpx:TrackPointExtension>
       <gpxtpx:hr>126</gpxtpx:hr>
      </gpxtpx:TrackPointExtension>
     </extensions>
   </trkpt>
   <trkpt lat="-2.6035890" lon="-43.0595790">
    <ele>18.4</ele>
    <time>2026-06-16T14:58:51Z</time>
     <extensions>
      <gpxtpx:TrackPointExtension>
       <gpxtpx:hr>130</gpxtpx:hr>
      </gpxtpx:TrackPointExtension>
     </extensions>
   </trkpt>
   <trkpt lat="-2.6035570" lon="-43.0595930">
    <ele>19.0</ele>
    <time>2026-06-16T14:58:56Z</time>
     <extensions>
      <gpxtpx:TrackPointExtension>
       <gpxtpx:hr>132</gpxtpx:hr>
      </gpxtpx:TrackPointExtension>
     </extensions>
   </trkpt>
   <trkpt lat="-2.6035210" lon="-43.0596080">
    <ele>19.6</ele>
    <time>2026-06-16T14:59:01Z</time>
     <extensions>
      <gpxtpx:TrackPointExtension>
       <gpxtpx:hr>132</gpxtpx:hr>
      </gpxtpx:TrackPointExtension>
     </extensions>
   </trkpt>
   <trkpt lat="-2.6035080" lon="-43.0596100">
    <ele>20.4</ele>
    <time>2026-06-16T14:59:06Z</time>
     <extensions>
      <gpxtpx:TrackPointExtension>
       <gpxtpx:hr>136</gpxtpx:hr>
      </gpxtpx:TrackPointExtension>
     </extensions>
   </trkpt>
   <trkpt lat="-2.6034950" lon="-43.0596250">
    <ele>21.0</ele>
    <time>2026-06-16T14:59:11Z</time>
     <extensions>
      <gpxtpx:TrackPointExtension>
       <gpxtpx:hr>137</gpxtpx:hr>
      </gpxtpx:TrackPointExtension>
     </extensions>
   </trkpt>
   <trkpt lat="-2.6034750" lon="-43.0596370">
    <ele>21.4</ele>
    <time>2026-06-16T14:59:16Z</time>
     <extensions>
      <gpxtpx:TrackPointExtension>
       <gpxtpx:hr>138</gpxtpx:hr>
      </gpxtpx:TrackPointExtension>
     </extensions>
   </trkpt>
   <trkpt lat="-2.6034560" lon="-43.0596500">
    <ele>22.0</ele>
    <time>2026-06-16T14:59:21Z</time>
     <extensions>
      <gpxtpx:TrackPointExtension>
       <gpxtpx:hr>142</gpxtpx:hr>
      </gpxtpx:TrackPointExtension>
     </extensions>
   </trkpt>
   <trkpt lat="-2.6034360" lon="-43.0596660">
    <ele>22.4</ele>
    <time>2026-06-16T14:59:26Z</time>
     <extensions>
      <gpxtpx:TrackPointExtension>
       <gpxtpx:hr>148</gpxtpx:hr>
      </gpxtpx:TrackPointExtension>
     </extensions>
   </trkpt>
   <trkpt lat="-2.6034040" lon="-43.0596680">
    <ele>23.0</ele>
    <time>2026-06-16T14:59:31Z</time>
     <extensions>
      <gpxtpx:TrackPointExtension>
       <gpxtpx:hr>150</gpxtpx:hr>
      </gpxtpx:TrackPointExtension>
     </extensions>
   </trkpt>
   <trkpt lat="-2.6033720" lon="-43.0596630">
    <ele>23.4</ele>
    <time>2026-06-16T14:59:36Z</time>
     <extensions>
      <gpxtpx:TrackPointExtension>
       <gpxtpx:hr>148</gpxtpx:hr>
      </gpxtpx:TrackPointExtension>
     </extensions>
   </trkpt>
   <trkpt lat="-2.6033440" lon="-43.0596470">
    <ele>23.8</ele>
    <time>2026-06-16T14:59:41Z</time>
     <extensions>
      <gpxtpx:TrackPointExtension>
       <gpxtpx:hr>148</gpxtpx:hr>
      </gpxtpx:TrackPointExtension>
     </extensions>
   </trkpt>
   <trkpt lat="-2.6033150" lon="-43.0596340">
    <ele>24.2</ele>
    <time>2026-06-16T14:59:46Z</time>
     <extensions>
      <gpxtpx:TrackPointExtension>
       <gpxtpx:hr>148</gpxtpx:hr>
      </gpxtpx:TrackPointExtension>
     </extensions>
   </trkpt>
   <trkpt lat="-2.6032890" lon="-43.0596290">
    <ele>24.4</ele>
    <time>2026-06-16T14:59:51Z</time>
     <extensions>
      <gpxtpx:TrackPointExtension>
       <gpxtpx:hr>148</gpxtpx:hr>
      </gpxtpx:TrackPointExtension>
     </extensions>
   </trkpt>
   <trkpt lat="-2.6032590" lon="-43.0596240">
    <ele>24.8</ele>
    <time>2026-06-16T14:59:56Z</time>
     <extensions>
      <gpxtpx:TrackPointExtension>
       <gpxtpx:hr>148</gpxtpx:hr>
      </gpxtpx:TrackPointExtension>
     </extensions>
   </trkpt>
   <trkpt lat="-2.6032320" lon="-43.0596220">
    <ele>25.0</ele>
    <time>2026-06-16T15:00:01Z</time>
     <extensions>
      <gpxtpx:TrackPointExtension>
       <gpxtpx:hr>147</gpxtpx:hr>
      </gpxtpx:TrackPointExtension>
     </extensions>
   </trkpt>
   <trkpt lat="-2.6031960" lon="-43.0596180">
    <ele>25.4</ele>
    <time>2026-06-16T15:00:06Z</time>
     <extensions>
      <gpxtpx:TrackPointExtension>
       <gpxtpx:hr>152</gpxtpx:hr>
      </gpxtpx:TrackPointExtension>
     </extensions>
   </trkpt>
   <trkpt lat="-2.6031640" lon="-43.0596180">
    <ele>25.6</ele>
    <time>2026-06-16T15:00:11Z</time>
     <extensions>
      <gpxtpx:TrackPointExtension>
       <gpxtpx:hr>150</gpxtpx:hr>
      </gpxtpx:TrackPointExtension>
     </extensions>
   </trkpt>
   <trkpt lat="-2.6031330" lon="-43.0596110">
    <ele>26.0</ele>
    <time>2026-06-16T15:00:16Z</time>
     <extensions>
      <gpxtpx:TrackPointExtension>
       <gpxtpx:hr>150</gpxtpx:hr>
      </gpxtpx:TrackPointExtension>
     </extensions>
   </trkpt>
   <trkpt lat="-2.6030880" lon="-43.0596100">
    <ele>26.2</ele>
    <time>2026-06-16T15:00:21Z</time>
     <extensions>
      <gpxtpx:TrackPointExtension>
       <gpxtpx:hr>145</gpxtpx:hr>
      </gpxtpx:TrackPointExtension>
     </extensions>
   </trkpt>
   <trkpt lat="-2.6030390" lon="-43.0595920">
    <ele>26.6</ele>
    <time>2026-06-16T15:00:26Z</time>
     <extensions>
      <gpxtpx:TrackPointExtension>
       <gpxtpx:hr>140</gpxtpx:hr>
      </gpxtpx:TrackPointExtension>
     </extensions>
   </trkpt>
   <trkpt lat="-2.6029950" lon="-43.0595600">
    <ele>26.8</ele>
    <time>2026-06-16T15:00:31Z</time>
     <extensions>
      <gpxtpx:TrackPointExtension>
       <gpxtpx:hr>141</gpxtpx:hr>
      </gpxtpx:TrackPointExtension>
     </extensions>
   </trkpt>
   <trkpt lat="-2.6029500" lon="-43.0595320">
    <ele>27.2</ele>
    <time>2026-06-16T15:00:36Z</time>
     <extensions>
      <gpxtpx:TrackPointExtension>
       <gpxtpx:hr>139</gpxtpx:hr>
      </gpxtpx:TrackPointExtension>
     </extensions>
   </trkpt>
   <trkpt lat="-2.6029100" lon="-43.0595170">
    <ele>27.4</ele>
    <time>2026-06-16T15:00:41Z</time>
     <extensions>
      <gpxtpx:TrackPointExtension>
       <gpxtpx:hr>139</gpxtpx:hr>
      </gpxtpx:TrackPointExtension>
     </extensions>
   </trkpt>
   <trkpt lat="-2.6028660" lon="-43.0594960">
    <ele>27.8</ele>
    <time>2026-06-16T15:00:46Z</time>
     <extensions>
      <gpxtpx:TrackPointExtension>
       <gpxtpx:hr>135</gpxtpx:hr>
      </gpxtpx:TrackPointExtension>
     </extensions>
   </trkpt>
   <trkpt lat="-2.6028300" lon="-43.0594720">
    <ele>27.8</ele>
    <time>2026-06-16T15:00:51Z</time>
     <extensions>
      <gpxtpx:TrackPointExtension>
       <gpxtpx:hr>135</gpxtpx:hr>
      </gpxtpx:TrackPointExtension>
     </extensions>
   </trkpt>
   <trkpt lat="-2.6027920" lon="-43.0594410">
    <ele>28.0</ele>
    <time>2026-06-16T15:00:56Z</time>
     <extensions>
      <gpxtpx:TrackPointExtension>
       <gpxtpx:hr>132</gpxtpx:hr>
      </gpxtpx:TrackPointExtension>
     </extensions>
   </trkpt>
   <trkpt lat="-2.6027550" lon="-43.0594200">
    <ele>27.8</ele>
    <time>2026-06-16T15:01:01Z</time>
     <extensions>
      <gpxtpx:TrackPointExtension>
       <gpxtpx:hr>136</gpxtpx:hr>
      </gpxtpx:TrackPointExtension>
     </extensions>
   </trkpt>
   <trkpt lat="-2.6027180" lon="-43.0594010">
    <ele>27.8</ele>
    <time>2026-06-16T15:01:06Z</time>
     <extensions>
      <gpxtpx:TrackPointExtension>
       <gpxtpx:hr>127</gpxtpx:hr>
      </gpxtpx:TrackPointExtension>
     </extensions>
   </trkpt>
   <trkpt lat="-2.6026850" lon="-43.0593810">
    <ele>27.8</ele>
    <time>2026-06-16T15:01:11Z</time>
     <extensions>
      <gpxtpx:TrackPointExtension>
       <gpxtpx:hr>127</gpxtpx:hr>
      </gpxtpx:TrackPointExtension>
     </extensions>
   </trkpt>
   <trkpt lat="-2.6026440" lon="-43.0593650">
    <ele>27.6</ele>
    <time>2026-06-16T15:01:16Z</time>
     <extensions>
      <gpxtpx:TrackPointExtension>
       <gpxtpx:hr>127</gpxtpx:hr>
      </gpxtpx:TrackPointExtension>
     </extensions>
   </trkpt>
   <trkpt lat="-2.6025970" lon="-43.0593560">
    <ele>27.8</ele>
    <time>2026-06-16T15:01:21Z</time>
     <extensions>
      <gpxtpx:TrackPointExtension>
       <gpxtpx:hr>124</gpxtpx:hr>
      </gpxtpx:TrackPointExtension>
     </extensions>
   </trkpt>
   <trkpt lat="-2.6025770" lon="-43.0593420">
    <ele>28.4</ele>
    <time>2026-06-16T15:01:26Z</time>
     <extensions>
      <gpxtpx:TrackPointExtension>
       <gpxtpx:hr>124</gpxtpx:hr>
      </gpxtpx:TrackPointExtension>
     </extensions>
   </trkpt>
   <trkpt lat="-2.6025440" lon="-43.0593220">
    <ele>29.0</ele>
    <time>2026-06-16T15:01:31Z</time>
     <extensions>
      <gpxtpx:TrackPointExtension>
       <gpxtpx:hr>137</gpxtpx:hr>
      </gpxtpx:TrackPointExtension>
     </extensions>
   </trkpt>
   <trkpt lat="-2.6025170" lon="-43.0592940">
    <ele>29.6</ele>
    <time>2026-06-16T15:01:36Z</time>
     <extensions>
      <gpxtpx:TrackPointExtension>
       <gpxtpx:hr>137</gpxtpx:hr>
      </gpxtpx:TrackPointExtension>
     </extensions>
   </trkpt>
   <trkpt lat="-2.6025060" lon="-43.0592500">
    <ele>30.0</ele>
    <time>2026-06-16T15:01:41Z</time>
     <extensions>
      <gpxtpx:TrackPointExtension>
       <gpxtpx:hr>137</gpxtpx:hr>
      </gpxtpx:TrackPointExtension>
     </extensions>
   </trkpt>
   <trkpt lat="-2.6024900" lon="-43.0592140">
    <ele>30.4</ele>
    <time>2026-06-16T15:01:46Z</time>
     <extensions>
      <gpxtpx:TrackPointExtension>
       <gpxtpx:hr>139</gpxtpx:hr>
      </gpxtpx:TrackPointExtension>
     </extensions>
   </trkpt>
   <trkpt lat="-2.6024710" lon="-43.0591820">
    <ele>30.8</ele>
    <time>2026-06-16T15:01:51Z</time>
     <extensions>
      <gpxtpx:TrackPointExtension>
       <gpxtpx:hr>137</gpxtpx:hr>
      </gpxtpx:TrackPointExtension>
     </extensions>
   </trkpt>
   <trkpt lat="-2.6024500" lon="-43.0591400">
    <ele>31.0</ele>
    <time>2026-06-16T15:01:56Z</time>
     <extensions>
      <gpxtpx:TrackPointExtension>
       <gpxtpx:hr>137</gpxtpx:hr>
      </gpxtpx:TrackPointExtension>
     </extensions>
   </trkpt>
   <trkpt lat="-2.6024250" lon="-43.0591140">
    <ele>31.2</ele>
    <time>2026-06-16T15:02:01Z</time>
     <extensions>
      <gpxtpx:TrackPointExtension>
       <gpxtpx:hr>137</gpxtpx:hr>
      </gpxtpx:TrackPointExtension>
     </extensions>
   </trkpt>
   <trkpt lat="-2.6023960" lon="-43.0590880">
    <ele>31.6</ele>
    <time>2026-06-16T15:02:06Z</time>
     <extensions>
      <gpxtpx:TrackPointExtension>
       <gpxtpx:hr>137</gpxtpx:hr>
      </gpxtpx:TrackPointExtension>
     </extensions>
   </trkpt>
   <trkpt lat="-2.6023670" lon="-43.0590590">
    <ele>31.8</ele>
    <time>2026-06-16T15:02:11Z</time>
     <extensions>
      <gpxtpx:TrackPointExtension>
       <gpxtpx:hr>132</gpxtpx:hr>
      </gpxtpx:TrackPointExtension>
     </extensions>
   </trkpt>
   <trkpt lat="-2.6023350" lon="-43.0590350">
    <ele>32.0</ele>
    <time>2026-06-16T15:02:16Z</time>
     <extensions>
      <gpxtpx:TrackPointExtension>
       <gpxtpx:hr>133</gpxtpx:hr>
      </gpxtpx:TrackPointExtension>
     </extensions>
   </trkpt>
   <trkpt lat="-2.6023080" lon="-43.0590110">
    <ele>32.2</ele>
    <time>2026-06-16T15:02:21Z</time>
     <extensions>
      <gpxtpx:TrackPointExtension>
       <gpxtpx:hr>135</gpxtpx:hr>
      </gpxtpx:TrackPointExtension>
     </extensions>
   </trkpt>
   <trkpt lat="-2.6022680" lon="-43.0589860">
    <ele>32.4</ele>
    <time>2026-06-16T15:02:26Z</time>
     <extensions>
      <gpxtpx:TrackPointExtension>
       <gpxtpx:hr>136</gpxtpx:hr>
      </gpxtpx:TrackPointExtension>
     </extensions>
   </trkpt>
   <trkpt lat="-2.6022370" lon="-43.0589700">
    <ele>32.6</ele>
    <time>2026-06-16T15:02:31Z</time>
     <extensions>
      <gpxtpx:TrackPointExtension>
       <gpxtpx:hr>136</gpxtpx:hr>
      </gpxtpx:TrackPointExtension>
     </extensions>
   </trkpt>
   <trkpt lat="-2.6022240" lon="-43.0589600">
    <ele>32.6</ele>
    <time>2026-06-16T15:02:36Z</time>
     <extensions>
      <gpxtpx:TrackPointExtension>
       <gpxtpx:hr>140</gpxtpx:hr>
      </gpxtpx:TrackPointExtension>
     </extensions>
   </trkpt>
   <trkpt lat="-2.6022250" lon="-43.0589570">
    <ele>32.6</ele>
    <time>2026-06-16T15:02:41Z</time>
     <extensions>
      <gpxtpx:TrackPointExtension>
       <gpxtpx:hr>140</gpxtpx:hr>
      </gpxtpx:TrackPointExtension>
     </extensions>
   </trkpt>
   <trkpt lat="-2.6022220" lon="-43.0589560">
    <ele>32.6</ele>
    <time>2026-06-16T15:02:46Z</time>
     <extensions>
      <gpxtpx:TrackPointExtension>
       <gpxtpx:hr>140</gpxtpx:hr>
      </gpxtpx:TrackPointExtension>
     </extensions>
   </trkpt>
   <trkpt lat="-2.6022180" lon="-43.0589600">
    <ele>32.6</ele>
    <time>2026-06-16T15:02:51Z</time>
     <extensions>
      <gpxtpx:TrackPointExtension>
       <gpxtpx:hr>140</gpxtpx:hr>
      </gpxtpx:TrackPointExtension>
     </extensions>
   </trkpt>
   <trkpt lat="-2.6022190" lon="-43.0589630">
    <ele>32.8</ele>
    <time>2026-06-16T15:02:56Z</time>
     <extensions>
      <gpxtpx:TrackPointExtension>
       <gpxtpx:hr>139</gpxtpx:hr>
      </gpxtpx:TrackPointExtension>
     </extensions>
   </trkpt>
   <trkpt lat="-2.6022210" lon="-43.0589640">
    <ele>32.8</ele>
    <time>2026-06-16T15:03:01Z</time>
     <extensions>
      <gpxtpx:TrackPointExtension>
       <gpxtpx:hr>139</gpxtpx:hr>
      </gpxtpx:TrackPointExtension>
     </extensions>
   </trkpt>
   <trkpt lat="-2.6022210" lon="-43.0589670">
    <ele>32.6</ele>
    <time>2026-06-16T15:03:06Z</time>
     <extensions>
      <gpxtpx:TrackPointExtension>
       <gpxtpx:hr>139</gpxtpx:hr>
      </gpxtpx:TrackPointExtension>
     </extensions>
   </trkpt>
   <trkpt lat="-2.6022150" lon="-43.0589660">
    <ele>32.6</ele>
    <time>2026-06-16T15:03:11Z</time>
     <extensions>
      <gpxtpx:TrackPointExtension>
       <gpxtpx:hr>121</gpxtpx:hr>
      </gpxtpx:TrackPointExtension>
     </extensions>
   </trkpt>
   <trkpt lat="-2.6021950" lon="-43.0589600">
    <ele>32.6</ele>
    <time>2026-06-16T15:03:16Z</time>
     <extensions>
      <gpxtpx:TrackPointExtension>
       <gpxtpx:hr>112</gpxtpx:hr>
      </gpxtpx:TrackPointExtension>
     </extensions>
   </trkpt>
   <trkpt lat="-2.6021560" lon="-43.0589410">
    <ele>32.6</ele>
    <time>2026-06-16T15:03:21Z</time>
     <extensions>
      <gpxtpx:TrackPointExtension>
       <gpxtpx:hr>116</gpxtpx:hr>
      </gpxtpx:TrackPointExtension>
     </extensions>
   </trkpt>
   <trkpt lat="-2.6021200" lon="-43.0589400">
    <ele>32.6</ele>
    <time>2026-06-16T15:03:26Z</time>
     <extensions>
      <gpxtpx:TrackPointExtension>
       <gpxtpx:hr>116</gpxtpx:hr>
      </gpxtpx:TrackPointExtension>
     </extensions>
   </trkpt>
   <trkpt lat="-2.6020860" lon="-43.0589440">
    <ele>32.6</ele>
    <time>2026-06-16T15:03:31Z</time>
     <extensions>
      <gpxtpx:TrackPointExtension>
       <gpxtpx:hr>114</gpxtpx:hr>
      </gpxtpx:TrackPointExtension>
     </extensions>
   </trkpt>
   <trkpt lat="-2.6020490" lon="-43.0589460">
    <ele>32.4</ele>
    <time>2026-06-16T15:03:36Z</time>
     <extensions>
      <gpxtpx:TrackPointExtension>
       <gpxtpx:hr>114</gpxtpx:hr>
      </gpxtpx:TrackPointExtension>
     </extensions>
   </trkpt>
   <trkpt lat="-2.6020140" lon="-43.0589490">
    <ele>32.2</ele>
    <time>2026-06-16T15:03:41Z</time>
     <extensions>
      <gpxtpx:TrackPointExtension>
       <gpxtpx:hr>113</gpxtpx:hr>
      </gpxtpx:TrackPointExtension>
     </extensions>
   </trkpt>
   <trkpt lat="-2.6019790" lon="-43.0589530">
    <ele>32.0</ele>
    <time>2026-06-16T15:03:46Z</time>
     <extensions>
      <gpxtpx:TrackPointExtension>
       <gpxtpx:hr>114</gpxtpx:hr>
      </gpxtpx:TrackPointExtension>
     </extensions>
   </trkpt>
   <trkpt lat="-2.6019400" lon="-43.0589570">
    <ele>31.8</ele>
    <time>2026-06-16T15:03:51Z</time>
     <extensions>
      <gpxtpx:TrackPointExtension>
       <gpxtpx:hr>115</gpxtpx:hr>
      </gpxtpx:TrackPointExtension>
     </extensions>
   </trkpt>
   <trkpt lat="-2.6019060" lon="-43.0589560">
    <ele>31.6</ele>
    <time>2026-06-16T15:03:56Z</time>
     <extensions>
      <gpxtpx:TrackPointExtension>
       <gpxtpx:hr>113</gpxtpx:hr>
      </gpxtpx:TrackPointExtension>
     </extensions>
   </trkpt>
   <trkpt lat="-2.6018830" lon="-43.0589470">
    <ele>31.8</ele>
    <time>2026-06-16T15:04:01Z</time>
     <extensions>
      <gpxtpx:TrackPointExtension>
       <gpxtpx:hr>113</gpxtpx:hr>
      </gpxtpx:TrackPointExtension>
     </extensions>
   </trkpt>
   <trkpt lat="-2.6018450" lon="-43.0589420">
    <ele>31.8</ele>
    <time>2026-06-16T15:04:06Z</time>
     <extensions>
      <gpxtpx:TrackPointExtension>
       <gpxtpx:hr>111</gpxtpx:hr>
      </gpxtpx:TrackPointExtension>
     </extensions>
   </trkpt>
   <trkpt lat="-2.6018090" lon="-43.0589220">
    <ele>31.8</ele>
    <time>2026-06-16T15:04:12Z</time>
     <extensions>
      <gpxtpx:TrackPointExtension>
       <gpxtpx:hr>114</gpxtpx:hr>
      </gpxtpx:TrackPointExtension>
     </extensions>
   </trkpt>
   <trkpt lat="-2.6017690" lon="-43.0589110">
    <ele>31.8</ele>
    <time>2026-06-16T15:04:17Z</time>
     <extensions>
      <gpxtpx:TrackPointExtension>
       <gpxtpx:hr>114</gpxtpx:hr>
      </gpxtpx:TrackPointExtension>
     </extensions>
   </trkpt>
   <trkpt lat="-2.6017370" lon="-43.0589030">
    <ele>31.8</ele>
    <time>2026-06-16T15:04:22Z</time>
     <extensions>
      <gpxtpx:TrackPointExtension>
       <gpxtpx:hr>111</gpxtpx:hr>
      </gpxtpx:TrackPointExtension>
     </extensions>
   </trkpt>
   <trkpt lat="-2.6016970" lon="-43.0588930">
    <ele>31.8</ele>
    <time>2026-06-16T15:04:27Z</time>
     <extensions>
      <gpxtpx:TrackPointExtension>
       <gpxtpx:hr>111</gpxtpx:hr>
      </gpxtpx:TrackPointExtension>
     </extensions>
   </trkpt>
   <trkpt lat="-2.6016530" lon="-43.0588790">
    <ele>31.6</ele>
    <time>2026-06-16T15:04:32Z</time>
     <extensions>
      <gpxtpx:TrackPointExtension>
       <gpxtpx:hr>111</gpxtpx:hr>
      </gpxtpx:TrackPointExtension>
     </extensions>
   </trkpt>
   <trkpt lat="-2.6016100" lon="-43.0588660">
    <ele>31.6</ele>
    <time>2026-06-16T15:04:37Z</time>
     <extensions>
      <gpxtpx:TrackPointExtension>
       <gpxtpx:hr>110</gpxtpx:hr>
      </gpxtpx:TrackPointExtension>
     </extensions>
   </trkpt>
   <trkpt lat="-2.6015700" lon="-43.0588590">
    <ele>31.6</ele>
    <time>2026-06-16T15:04:42Z</time>
     <extensions>
      <gpxtpx:TrackPointExtension>
       <gpxtpx:hr>112</gpxtpx:hr>
      </gpxtpx:TrackPointExtension>
     </extensions>
   </trkpt>
   <trkpt lat="-2.6015320" lon="-43.0588470">
    <ele>31.4</ele>
    <time>2026-06-16T15:04:47Z</time>
     <extensions>
      <gpxtpx:TrackPointExtension>
       <gpxtpx:hr>108</gpxtpx:hr>
      </gpxtpx:TrackPointExtension>
     </extensions>
   </trkpt>
   <trkpt lat="-2.6014900" lon="-43.0588390">
    <ele>31.2</ele>
    <time>2026-06-16T15:04:52Z</time>
     <extensions>
      <gpxtpx:TrackPointExtension>
       <gpxtpx:hr>108</gpxtpx:hr>
      </gpxtpx:TrackPointExtension>
     </extensions>
   </trkpt>
   <trkpt lat="-2.6014510" lon="-43.0588430">
    <ele>31.2</ele>
    <time>2026-06-16T15:04:57Z</time>
     <extensions>
      <gpxtpx:TrackPointExtension>
       <gpxtpx:hr>106</gpxtpx:hr>
      </gpxtpx:TrackPointExtension>
     </extensions>
   </trkpt>
   <trkpt lat="-2.6014030" lon="-43.0588260">
    <ele>31.0</ele>
    <time>2026-06-16T15:05:02Z</time>
     <extensions>
      <gpxtpx:TrackPointExtension>
       <gpxtpx:hr>106</gpxtpx:hr>
      </gpxtpx:TrackPointExtension>
     </extensions>
   </trkpt>
   <trkpt lat="-2.6013620" lon="-43.0588160">
    <ele>30.6</ele>
    <time>2026-06-16T15:05:07Z</time>
     <extensions>
      <gpxtpx:TrackPointExtension>
       <gpxtpx:hr>106</gpxtpx:hr>
      </gpxtpx:TrackPointExtension>
     </extensions>
   </trkpt>
   <trkpt lat="-2.6013370" lon="-43.0588180">
    <ele>30.4</ele>
    <time>2026-06-16T15:05:12Z</time>
     <extensions>
      <gpxtpx:TrackPointExtension>
       <gpxtpx:hr>106</gpxtpx:hr>
      </gpxtpx:TrackPointExtension>
     </extensions>
   </trkpt>
   <trkpt lat="-2.6013000" lon="-43.0588210">
    <ele>30.2</ele>
    <time>2026-06-16T15:05:17Z</time>
     <extensions>
      <gpxtpx:TrackPointExtension>
       <gpxtpx:hr>103</gpxtpx:hr>
      </gpxtpx:TrackPointExtension>
     </extensions>
   </trkpt>
   <trkpt lat="-2.6012870" lon="-43.0588240">
    <ele>30.0</ele>
    <time>2026-06-16T15:05:22Z</time>
     <extensions>
      <gpxtpx:TrackPointExtension>
       <gpxtpx:hr>106</gpxtpx:hr>
      </gpxtpx:TrackPointExtension>
     </extensions>
   </trkpt>
   <trkpt lat="-2.6012490" lon="-43.0588270">
    <ele>30.0</ele>
    <time>2026-06-16T15:05:27Z</time>
     <extensions>
      <gpxtpx:TrackPointExtension>
       <gpxtpx:hr>106</gpxtpx:hr>
      </gpxtpx:TrackPointExtension>
     </extensions>
   </trkpt>
   <trkpt lat="-2.6012070" lon="-43.0588270">
    <ele>29.8</ele>
    <time>2026-06-16T15:05:32Z</time>
     <extensions>
      <gpxtpx:TrackPointExtension>
       <gpxtpx:hr>106</gpxtpx:hr>
      </gpxtpx:TrackPointExtension>
     </extensions>
   </trkpt>
   <trkpt lat="-2.6011700" lon="-43.0588280">
    <ele>29.4</ele>
    <time>2026-06-16T15:05:37Z</time>
     <extensions>
      <gpxtpx:TrackPointExtension>
       <gpxtpx:hr>107</gpxtpx:hr>
      </gpxtpx:TrackPointExtension>
     </extensions>
   </trkpt>
   <trkpt lat="-2.6011230" lon="-43.0588340">
    <ele>29.2</ele>
    <time>2026-06-16T15:05:42Z</time>
     <extensions>
      <gpxtpx:TrackPointExtension>
       <gpxtpx:hr>107</gpxtpx:hr>
      </gpxtpx:TrackPointExtension>
     </extensions>
   </trkpt>
   <trkpt lat="-2.6010770" lon="-43.0588430">
    <ele>29.0</ele>
    <time>2026-06-16T15:05:47Z</time>
     <extensions>
      <gpxtpx:TrackPointExtension>
       <gpxtpx:hr>109</gpxtpx:hr>
      </gpxtpx:TrackPointExtension>
     </extensions>
   </trkpt>
   <trkpt lat="-2.6010370" lon="-43.0588480">
    <ele>28.8</ele>
    <time>2026-06-16T15:05:52Z</time>
     <extensions>
      <gpxtpx:TrackPointExtension>
       <gpxtpx:hr>112</gpxtpx:hr>
      </gpxtpx:TrackPointExtension>
     </extensions>
   </trkpt>
   <trkpt lat="-2.6009920" lon="-43.0588610">
    <ele>28.4</ele>
    <time>2026-06-16T15:05:57Z</time>
     <extensions>
      <gpxtpx:TrackPointExtension>
       <gpxtpx:hr>112</gpxtpx:hr>
      </gpxtpx:TrackPointExtension>
     </extensions>
   </trkpt>
   <trkpt lat="-2.6009540" lon="-43.0588740">
    <ele>28.2</ele>
    <time>2026-06-16T15:06:02Z</time>
     <extensions>
      <gpxtpx:TrackPointExtension>
       <gpxtpx:hr>111</gpxtpx:hr>
      </gpxtpx:TrackPointExtension>
     </extensions>
   </trkpt>
   <trkpt lat="-2.6009100" lon="-43.0588850">
    <ele>28.0</ele>
    <time>2026-06-16T15:06:07Z</time>
     <extensions>
      <gpxtpx:TrackPointExtension>
       <gpxtpx:hr>108</gpxtpx:hr>
      </gpxtpx:TrackPointExtension>
     </extensions>
   </trkpt>
   <trkpt lat="-2.6008620" lon="-43.0588970">
    <ele>28.0</ele>
    <time>2026-06-16T15:06:12Z</time>
     <extensions>
      <gpxtpx:TrackPointExtension>
       <gpxtpx:hr>109</gpxtpx:hr>
      </gpxtpx:TrackPointExtension>
     </extensions>
   </trkpt>
   <trkpt lat="-2.6008190" lon="-43.0589080">
    <ele>28.0</ele>
    <time>2026-06-16T15:06:17Z</time>
     <extensions>
      <gpxtpx:TrackPointExtension>
       <gpxtpx:hr>109</gpxtpx:hr>
      </gpxtpx:TrackPointExtension>
     </extensions>
   </trkpt>
   <trkpt lat="-2.6007800" lon="-43.0589190">
    <ele>27.8</ele>
    <time>2026-06-16T15:06:22Z</time>
     <extensions>
      <gpxtpx:TrackPointExtension>
       <gpxtpx:hr>109</gpxtpx:hr>
      </gpxtpx:TrackPointExtension>
     </extensions>
   </trkpt>
   <trkpt lat="-2.6007350" lon="-43.0589290">
    <ele>28.0</ele>
    <time>2026-06-16T15:06:27Z</time>
     <extensions>
      <gpxtpx:TrackPointExtension>
       <gpxtpx:hr>111</gpxtpx:hr>
      </gpxtpx:TrackPointExtension>
     </extensions>
   </trkpt>
   <trkpt lat="-2.6006910" lon="-43.0589440">
    <ele>28.0</ele>
    <time>2026-06-16T15:06:32Z</time>
     <extensions>
      <gpxtpx:TrackPointExtension>
       <gpxtpx:hr>111</gpxtpx:hr>
      </gpxtpx:TrackPointExtension>
     </extensions>
   </trkpt>
   <trkpt lat="-2.6006490" lon="-43.0589580">
    <ele>28.0</ele>
    <time>2026-06-16T15:06:37Z</time>
     <extensions>
      <gpxtpx:TrackPointExtension>
       <gpxtpx:hr>113</gpxtpx:hr>
      </gpxtpx:TrackPointExtension>
     </extensions>
   </trkpt>
   <trkpt lat="-2.6006080" lon="-43.0589720">
    <ele>28.2</ele>
    <time>2026-06-16T15:06:42Z</time>
     <extensions>
      <gpxtpx:TrackPointExtension>
       <gpxtpx:hr>108</gpxtpx:hr>
      </gpxtpx:TrackPointExtension>
     </extensions>
   </trkpt>
   <trkpt lat="-2.6005640" lon="-43.0589830">
    <ele>28.4</ele>
    <time>2026-06-16T15:06:47Z</time>
     <extensions>
      <gpxtpx:TrackPointExtension>
       <gpxtpx:hr>111</gpxtpx:hr>
      </gpxtpx:TrackPointExtension>
     </extensions>
   </trkpt>
   <trkpt lat="-2.6005160" lon="-43.0589980">
    <ele>28.6</ele>
    <time>2026-06-16T15:06:52Z</time>
     <extensions>
      <gpxtpx:TrackPointExtension>
       <gpxtpx:hr>110</gpxtpx:hr>
      </gpxtpx:TrackPointExtension>
     </extensions>
   </trkpt>
   <trkpt lat="-2.6004730" lon="-43.0590090">
    <ele>28.6</ele>
    <time>2026-06-16T15:06:57Z</time>
     <extensions>
      <gpxtpx:TrackPointExtension>
       <gpxtpx:hr>112</gpxtpx:hr>
      </gpxtpx:TrackPointExtension>
     </extensions>
   </trkpt>
   <trkpt lat="-2.6004270" lon="-43.0590210">
    <ele>28.6</ele>
    <time>2026-06-16T15:07:02Z</time>
     <extensions>
      <gpxtpx:TrackPointExtension>
       <gpxtpx:hr>112</gpxtpx:hr>
      </gpxtpx:TrackPointExtension>
     </extensions>
   </trkpt>
   <trkpt lat="-2.6003840" lon="-43.0590350">
    <ele>28.8</ele>
    <time>2026-06-16T15:07:07Z</time>
     <extensions>
      <gpxtpx:TrackPointExtension>
       <gpxtpx:hr>116</gpxtpx:hr>
      </gpxtpx:TrackPointExtension>
     </extensions>
   </trkpt>
   <trkpt lat="-2.6003420" lon="-43.0590450">
    <ele>29.0</ele>
    <time>2026-06-16T15:07:12Z</time>
     <extensions>
      <gpxtpx:TrackPointExtension>
       <gpxtpx:hr>115</gpxtpx:hr>
      </gpxtpx:TrackPointExtension>
     </extensions>
   </trkpt>
   <trkpt lat="-2.6003020" lon="-43.0590590">
    <ele>29.2</ele>
    <time>2026-06-16T15:07:17Z</time>
     <extensions>
      <gpxtpx:TrackPointExtension>
       <gpxtpx:hr>115</gpxtpx:hr>
      </gpxtpx:TrackPointExtension>
     </extensions>
   </trkpt>
   <trkpt lat="-2.6002640" lon="-43.0590810">
    <ele>29.2</ele>
    <time>2026-06-16T15:07:22Z</time>
     <extensions>
      <gpxtpx:TrackPointExtension>
       <gpxtpx:hr>115</gpxtpx:hr>
      </gpxtpx:TrackPointExtension>
     </extensions>
   </trkpt>
   <trkpt lat="-2.6002230" lon="-43.0591020">
    <ele>29.2</ele>
    <time>2026-06-16T15:07:27Z</time>
     <extensions>
      <gpxtpx:TrackPointExtension>
       <gpxtpx:hr>113</gpxtpx:hr>
      </gpxtpx:TrackPointExtension>
     </extensions>
   </trkpt>
   <trkpt lat="-2.6001830" lon="-43.0591330">
    <ele>29.2</ele>
    <time>2026-06-16T15:07:32Z</time>
     <extensions>
      <gpxtpx:TrackPointExtension>
       <gpxtpx:hr>118</gpxtpx:hr>
      </gpxtpx:TrackPointExtension>
     </extensions>
   </trkpt>
   <trkpt lat="-2.6001560" lon="-43.0591640">
    <ele>29.0</ele>
    <time>2026-06-16T15:07:37Z</time>
     <extensions>
      <gpxtpx:TrackPointExtension>
       <gpxtpx:hr>118</gpxtpx:hr>
      </gpxtpx:TrackPointExtension>
     </extensions>
   </trkpt>
   <trkpt lat="-2.6001220" lon="-43.0591950">
    <ele>28.6</ele>
    <time>2026-06-16T15:07:42Z</time>
     <extensions>
      <gpxtpx:TrackPointExtension>
       <gpxtpx:hr>112</gpxtpx:hr>
      </gpxtpx:TrackPointExtension>
     </extensions>
   </trkpt>
   <trkpt lat="-2.6000880" lon="-43.0592220">
    <ele>28.4</ele>
    <time>2026-06-16T15:07:47Z</time>
     <extensions>
      <gpxtpx:TrackPointExtension>
       <gpxtpx:hr>109</gpxtpx:hr>
      </gpxtpx:TrackPointExtension>
     </extensions>
   </trkpt>
   <trkpt lat="-2.6000520" lon="-43.0592440">
    <ele>28.0</ele>
    <time>2026-06-16T15:07:52Z</time>
     <extensions>
      <gpxtpx:TrackPointExtension>
       <gpxtpx:hr>108</gpxtpx:hr>
      </gpxtpx:TrackPointExtension>
     </extensions>
   </trkpt>
   <trkpt lat="-2.6000170" lon="-43.0592680">
    <ele>27.4</ele>
    <time>2026-06-16T15:07:57Z</time>
     <extensions>
      <gpxtpx:TrackPointExtension>
       <gpxtpx:hr>108</gpxtpx:hr>
      </gpxtpx:TrackPointExtension>
     </extensions>
   </trkpt>
   <trkpt lat="-2.5999890" lon="-43.0592920">
    <ele>27.0</ele>
    <time>2026-06-16T15:08:02Z</time>
     <extensions>
      <gpxtpx:TrackPointExtension>
       <gpxtpx:hr>108</gpxtpx:hr>
      </gpxtpx:TrackPointExtension>
     </extensions>
   </trkpt>
   <trkpt lat="-2.5999490" lon="-43.0593230">
    <ele>26.4</ele>
    <time>2026-06-16T15:08:07Z</time>
     <extensions>
      <gpxtpx:TrackPointExtension>
       <gpxtpx:hr>108</gpxtpx:hr>
      </gpxtpx:TrackPointExtension>
     </extensions>
   </trkpt>
   <trkpt lat="-2.5999180" lon="-43.0593470">
    <ele>25.8</ele>
    <time>2026-06-16T15:08:12Z</time>
     <extensions>
      <gpxtpx:TrackPointExtension>
       <gpxtpx:hr>108</gpxtpx:hr>
      </gpxtpx:TrackPointExtension>
     </extensions>
   </trkpt>
   <trkpt lat="-2.5998950" lon="-43.0593800">
    <ele>25.4</ele>
    <time>2026-06-16T15:08:17Z</time>
     <extensions>
      <gpxtpx:TrackPointExtension>
       <gpxtpx:hr>108</gpxtpx:hr>
      </gpxtpx:TrackPointExtension>
     </extensions>
   </trkpt>
   <trkpt lat="-2.5998660" lon="-43.0594170">
    <ele>24.8</ele>
    <time>2026-06-16T15:08:22Z</time>
     <extensions>
      <gpxtpx:TrackPointExtension>
       <gpxtpx:hr>106</gpxtpx:hr>
      </gpxtpx:TrackPointExtension>
     </extensions>
   </trkpt>
   <trkpt lat="-2.5998330" lon="-43.0594530">
    <ele>24.2</ele>
    <time>2026-06-16T15:08:27Z</time>
     <extensions>
      <gpxtpx:TrackPointExtension>
       <gpxtpx:hr>104</gpxtpx:hr>
      </gpxtpx:TrackPointExtension>
     </extensions>
   </trkpt>
   <trkpt lat="-2.5998040" lon="-43.0594910">
    <ele>23.6</ele>
    <time>2026-06-16T15:08:32Z</time>
     <extensions>
      <gpxtpx:TrackPointExtension>
       <gpxtpx:hr>104</gpxtpx:hr>
      </gpxtpx:TrackPointExtension>
     </extensions>
   </trkpt>
   <trkpt lat="-2.5997840" lon="-43.0595350">
    <ele>23.0</ele>
    <time>2026-06-16T15:08:37Z</time>
     <extensions>
      <gpxtpx:TrackPointExtension>
       <gpxtpx:hr>106</gpxtpx:hr>
      </gpxtpx:TrackPointExtension>
     </extensions>
   </trkpt>
   <trkpt lat="-2.5997690" lon="-43.0595850">
    <ele>22.4</ele>
    <time>2026-06-16T15:08:42Z</time>
     <extensions>
      <gpxtpx:TrackPointExtension>
       <gpxtpx:hr>104</gpxtpx:hr>
      </gpxtpx:TrackPointExtension>
     </extensions>
   </trkpt>
   <trkpt lat="-2.5997550" lon="-43.0596280">
    <ele>22.0</ele>
    <time>2026-06-16T15:08:47Z</time>
     <extensions>
      <gpxtpx:TrackPointExtension>
       <gpxtpx:hr>106</gpxtpx:hr>
      </gpxtpx:TrackPointExtension>
     </extensions>
   </trkpt>
   <trkpt lat="-2.5997410" lon="-43.0596760">
    <ele>21.8</ele>
    <time>2026-06-16T15:08:52Z</time>
     <extensions>
      <gpxtpx:TrackPointExtension>
       <gpxtpx:hr>110</gpxtpx:hr>
      </gpxtpx:TrackPointExtension>
     </extensions>
   </trkpt>
   <trkpt lat="-2.5997250" lon="-43.0597290">
    <ele>21.8</ele>
    <time>2026-06-16T15:08:57Z</time>
     <extensions>
      <gpxtpx:TrackPointExtension>
       <gpxtpx:hr>110</gpxtpx:hr>
      </gpxtpx:TrackPointExtension>
     </extensions>
   </trkpt>
   <trkpt lat="-2.5997190" lon="-43.0597810">
    <ele>21.8</ele>
    <time>2026-06-16T15:09:02Z</time>
     <extensions>
      <gpxtpx:TrackPointExtension>
       <gpxtpx:hr>108</gpxtpx:hr>
      </gpxtpx:TrackPointExtension>
     </extensions>
   </trkpt>
   <trkpt lat="-2.5997110" lon="-43.0598270">
    <ele>21.6</ele>
    <time>2026-06-16T15:09:07Z</time>
     <extensions>
      <gpxtpx:TrackPointExtension>
       <gpxtpx:hr>106</gpxtpx:hr>
      </gpxtpx:TrackPointExtension>
     </extensions>
   </trkpt>
   <trkpt lat="-2.5997050" lon="-43.0598790">
    <ele>21.6</ele>
    <time>2026-06-16T15:09:12Z</time>
     <extensions>
      <gpxtpx:TrackPointExtension>
       <gpxtpx:hr>108</gpxtpx:hr>
      </gpxtpx:TrackPointExtension>
     </extensions>
   </trkpt>
   <trkpt lat="-2.5997040" lon="-43.0599300">
    <ele>21.4</ele>
    <time>2026-06-16T15:09:17Z</time>
     <extensions>
      <gpxtpx:TrackPointExtension>
       <gpxtpx:hr>110</gpxtpx:hr>
      </gpxtpx:TrackPointExtension>
     </extensions>
   </trkpt>
   <trkpt lat="-2.5996980" lon="-43.0599690">
    <ele>21.2</ele>
    <time>2026-06-16T15:09:22Z</time>
     <extensions>
      <gpxtpx:TrackPointExtension>
       <gpxtpx:hr>110</gpxtpx:hr>
      </gpxtpx:TrackPointExtension>
     </extensions>
   </trkpt>
   <trkpt lat="-2.5997010" lon="-43.0600180">
    <ele>21.0</ele>
    <time>2026-06-16T15:09:27Z</time>
     <extensions>
      <gpxtpx:TrackPointExtension>
       <gpxtpx:hr>111</gpxtpx:hr>
      </gpxtpx:TrackPointExtension>
     </extensions>
   </trkpt>
   <trkpt lat="-2.5996990" lon="-43.0600630">
    <ele>21.0</ele>
    <time>2026-06-16T15:09:32Z</time>
     <extensions>
      <gpxtpx:TrackPointExtension>
       <gpxtpx:hr>111</gpxtpx:hr>
      </gpxtpx:TrackPointExtension>
     </extensions>
   </trkpt>
   <trkpt lat="-2.5996880" lon="-43.0601120">
    <ele>20.8</ele>
    <time>2026-06-16T15:09:37Z</time>
     <extensions>
      <gpxtpx:TrackPointExtension>
       <gpxtpx:hr>111</gpxtpx:hr>
      </gpxtpx:TrackPointExtension>
     </extensions>
   </trkpt>
   <trkpt lat="-2.5996830" lon="-43.0601670">
    <ele>20.6</ele>
    <time>2026-06-16T15:09:42Z</time>
     <extensions>
      <gpxtpx:TrackPointExtension>
       <gpxtpx:hr>113</gpxtpx:hr>
      </gpxtpx:TrackPointExtension>
     </extensions>
   </trkpt>
   <trkpt lat="-2.5996840" lon="-43.0602170">
    <ele>20.4</ele>
    <time>2026-06-16T15:09:47Z</time>
     <extensions>
      <gpxtpx:TrackPointExtension>
       <gpxtpx:hr>110</gpxtpx:hr>
      </gpxtpx:TrackPointExtension>
     </extensions>
   </trkpt>
   <trkpt lat="-2.5996850" lon="-43.0602640">
    <ele>20.4</ele>
    <time>2026-06-16T15:09:52Z</time>
     <extensions>
      <gpxtpx:TrackPointExtension>
       <gpxtpx:hr>109</gpxtpx:hr>
      </gpxtpx:TrackPointExtension>
     </extensions>
   </trkpt>
   <trkpt lat="-2.5996830" lon="-43.0603090">
    <ele>20.2</ele>
    <time>2026-06-16T15:09:57Z</time>
     <extensions>
      <gpxtpx:TrackPointExtension>
       <gpxtpx:hr>110</gpxtpx:hr>
      </gpxtpx:TrackPointExtension>
     </extensions>
   </trkpt>
   <trkpt lat="-2.5996870" lon="-43.0603470">
    <ele>20.2</ele>
    <time>2026-06-16T15:10:02Z</time>
     <extensions>
      <gpxtpx:TrackPointExtension>
       <gpxtpx:hr>111</gpxtpx:hr>
      </gpxtpx:TrackPointExtension>
     </extensions>
   </trkpt>
   <trkpt lat="-2.5996900" lon="-43.0603900">
    <ele>20.0</ele>
    <time>2026-06-16T15:10:07Z</time>
     <extensions>
      <gpxtpx:TrackPointExtension>
       <gpxtpx:hr>111</gpxtpx:hr>
      </gpxtpx:TrackPointExtension>
     </extensions>
   </trkpt>
   <trkpt lat="-2.5996860" lon="-43.0604420">
    <ele>19.8</ele>
    <time>2026-06-16T15:10:12Z</time>
     <extensions>
      <gpxtpx:TrackPointExtension>
       <gpxtpx:hr>111</gpxtpx:hr>
      </gpxtpx:TrackPointExtension>
     </extensions>
   </trkpt>
   <trkpt lat="-2.5996820" lon="-43.0604830">
    <ele>19.8</ele>
    <time>2026-06-16T15:10:17Z</time>
     <extensions>
      <gpxtpx:TrackPointExtension>
       <gpxtpx:hr>114</gpxtpx:hr>
      </gpxtpx:TrackPointExtension>
     </extensions>
   </trkpt>
   <trkpt lat="-2.5996730" lon="-43.0605250">
    <ele>19.6</ele>
    <time>2026-06-16T15:10:22Z</time>
     <extensions>
      <gpxtpx:TrackPointExtension>
       <gpxtpx:hr>115</gpxtpx:hr>
      </gpxtpx:TrackPointExtension>
     </extensions>
   </trkpt>
   <trkpt lat="-2.5996690" lon="-43.0605590">
    <ele>19.4</ele>
    <time>2026-06-16T15:10:27Z</time>
     <extensions>
      <gpxtpx:TrackPointExtension>
       <gpxtpx:hr>115</gpxtpx:hr>
      </gpxtpx:TrackPointExtension>
     </extensions>
   </trkpt>
   <trkpt lat="-2.5996740" lon="-43.0606010">
    <ele>19.4</ele>
    <time>2026-06-16T15:10:32Z</time>
     <extensions>
      <gpxtpx:TrackPointExtension>
       <gpxtpx:hr>114</gpxtpx:hr>
      </gpxtpx:TrackPointExtension>
     </extensions>
   </trkpt>
   <trkpt lat="-2.5996800" lon="-43.0606420">
    <ele>19.4</ele>
    <time>2026-06-16T15:10:37Z</time>
     <extensions>
      <gpxtpx:TrackPointExtension>
       <gpxtpx:hr>114</gpxtpx:hr>
      </gpxtpx:TrackPointExtension>
     </extensions>
   </trkpt>
   <trkpt lat="-2.5996810" lon="-43.0606800">
    <ele>19.6</ele>
    <time>2026-06-16T15:10:42Z</time>
     <extensions>
      <gpxtpx:TrackPointExtension>
       <gpxtpx:hr>113</gpxtpx:hr>
      </gpxtpx:TrackPointExtension>
     </extensions>
   </trkpt>
   <trkpt lat="-2.5996840" lon="-43.0607220">
    <ele>19.8</ele>
    <time>2026-06-16T15:10:47Z</time>
     <extensions>
      <gpxtpx:TrackPointExtension>
       <gpxtpx:hr>113</gpxtpx:hr>
      </gpxtpx:TrackPointExtension>
     </extensions>
   </trkpt>
   <trkpt lat="-2.5996870" lon="-43.0607640">
    <ele>19.8</ele>
    <time>2026-06-16T15:10:52Z</time>
     <extensions>
      <gpxtpx:TrackPointExtension>
       <gpxtpx:hr>116</gpxtpx:hr>
      </gpxtpx:TrackPointExtension>
     </extensions>
   </trkpt>
   <trkpt lat="-2.5996910" lon="-43.0608040">
    <ele>19.6</ele>
    <time>2026-06-16T15:10:57Z</time>
     <extensions>
      <gpxtpx:TrackPointExtension>
       <gpxtpx:hr>123</gpxtpx:hr>
      </gpxtpx:TrackPointExtension>
     </extensions>
   </trkpt>
   <trkpt lat="-2.5996970" lon="-43.0608450">
    <ele>19.6</ele>
    <time>2026-06-16T15:11:02Z</time>
     <extensions>
      <gpxtpx:TrackPointExtension>
       <gpxtpx:hr>125</gpxtpx:hr>
      </gpxtpx:TrackPointExtension>
     </extensions>
   </trkpt>
   <trkpt lat="-2.5996930" lon="-43.0608900">
    <ele>19.8</ele>
    <time>2026-06-16T15:11:07Z</time>
     <extensions>
      <gpxtpx:TrackPointExtension>
       <gpxtpx:hr>124</gpxtpx:hr>
      </gpxtpx:TrackPointExtension>
     </extensions>
   </trkpt>
   <trkpt lat="-2.5996940" lon="-43.0609300">
    <ele>19.8</ele>
    <time>2026-06-16T15:11:12Z</time>
     <extensions>
      <gpxtpx:TrackPointExtension>
       <gpxtpx:hr>122</gpxtpx:hr>
      </gpxtpx:TrackPointExtension>
     </extensions>
   </trkpt>
   <trkpt lat="-2.5996970" lon="-43.0609670">
    <ele>20.0</ele>
    <time>2026-06-16T15:11:17Z</time>
     <extensions>
      <gpxtpx:TrackPointExtension>
       <gpxtpx:hr>121</gpxtpx:hr>
      </gpxtpx:TrackPointExtension>
     </extensions>
   </trkpt>
   <trkpt lat="-2.5997040" lon="-43.0610050">
    <ele>20.0</ele>
    <time>2026-06-16T15:11:22Z</time>
     <extensions>
      <gpxtpx:TrackPointExtension>
       <gpxtpx:hr>123</gpxtpx:hr>
      </gpxtpx:TrackPointExtension>
     </extensions>
   </trkpt>
   <trkpt lat="-2.5997130" lon="-43.0610450">
    <ele>20.2</ele>
    <time>2026-06-16T15:11:27Z</time>
     <extensions>
      <gpxtpx:TrackPointExtension>
       <gpxtpx:hr>125</gpxtpx:hr>
      </gpxtpx:TrackPointExtension>
     </extensions>
   </trkpt>
   <trkpt lat="-2.5997210" lon="-43.0610810">
    <ele>20.2</ele>
    <time>2026-06-16T15:11:32Z</time>
     <extensions>
      <gpxtpx:TrackPointExtension>
       <gpxtpx:hr>124</gpxtpx:hr>
      </gpxtpx:TrackPointExtension>
     </extensions>
   </trkpt>
   <trkpt lat="-2.5997250" lon="-43.0611150">
    <ele>20.2</ele>
    <time>2026-06-16T15:11:37Z</time>
     <extensions>
      <gpxtpx:TrackPointExtension>
       <gpxtpx:hr>124</gpxtpx:hr>
      </gpxtpx:TrackPointExtension>
     </extensions>
   </trkpt>
   <trkpt lat="-2.5997310" lon="-43.0611530">
    <ele>20.4</ele>
    <time>2026-06-16T15:11:42Z</time>
     <extensions>
      <gpxtpx:TrackPointExtension>
       <gpxtpx:hr>115</gpxtpx:hr>
      </gpxtpx:TrackPointExtension>
     </extensions>
   </trkpt>
   <trkpt lat="-2.5997400" lon="-43.0611990">
    <ele>20.4</ele>
    <time>2026-06-16T15:11:47Z</time>
     <extensions>
      <gpxtpx:TrackPointExtension>
       <gpxtpx:hr>115</gpxtpx:hr>
      </gpxtpx:TrackPointExtension>
     </extensions>
   </trkpt>
   <trkpt lat="-2.5997460" lon="-43.0612460">
    <ele>20.6</ele>
    <time>2026-06-16T15:11:52Z</time>
     <extensions>
      <gpxtpx:TrackPointExtension>
       <gpxtpx:hr>120</gpxtpx:hr>
      </gpxtpx:TrackPointExtension>
     </extensions>
   </trkpt>
   <trkpt lat="-2.5997400" lon="-43.0612890">
    <ele>20.6</ele>
    <time>2026-06-16T15:11:57Z</time>
     <extensions>
      <gpxtpx:TrackPointExtension>
       <gpxtpx:hr>122</gpxtpx:hr>
      </gpxtpx:TrackPointExtension>
     </extensions>
   </trkpt>
   <trkpt lat="-2.5997350" lon="-43.0613350">
    <ele>20.6</ele>
    <time>2026-06-16T15:12:02Z</time>
     <extensions>
      <gpxtpx:TrackPointExtension>
       <gpxtpx:hr>122</gpxtpx:hr>
      </gpxtpx:TrackPointExtension>
     </extensions>
   </trkpt>
   <trkpt lat="-2.5997320" lon="-43.0613800">
    <ele>20.6</ele>
    <time>2026-06-16T15:12:07Z</time>
     <extensions>
      <gpxtpx:TrackPointExtension>
       <gpxtpx:hr>125</gpxtpx:hr>
      </gpxtpx:TrackPointExtension>
     </extensions>
   </trkpt>
   <trkpt lat="-2.5997230" lon="-43.0614230">
    <ele>20.6</ele>
    <time>2026-06-16T15:12:12Z</time>
     <extensions>
      <gpxtpx:TrackPointExtension>
       <gpxtpx:hr>120</gpxtpx:hr>
      </gpxtpx:TrackPointExtension>
     </extensions>
   </trkpt>
   <trkpt lat="-2.5997210" lon="-43.0614680">
    <ele>20.6</ele>
    <time>2026-06-16T15:12:17Z</time>
     <extensions>
      <gpxtpx:TrackPointExtension>
       <gpxtpx:hr>120</gpxtpx:hr>
      </gpxtpx:TrackPointExtension>
     </extensions>
   </trkpt>
   <trkpt lat="-2.5997220" lon="-43.0615150">
    <ele>20.4</ele>
    <time>2026-06-16T15:12:22Z</time>
     <extensions>
      <gpxtpx:TrackPointExtension>
       <gpxtpx:hr>120</gpxtpx:hr>
      </gpxtpx:TrackPointExtension>
     </extensions>
   </trkpt>
   <trkpt lat="-2.5997170" lon="-43.0615620">
    <ele>20.4</ele>
    <time>2026-06-16T15:12:27Z</time>
     <extensions>
      <gpxtpx:TrackPointExtension>
       <gpxtpx:hr>116</gpxtpx:hr>
      </gpxtpx:TrackPointExtension>
     </extensions>
   </trkpt>
   <trkpt lat="-2.5997160" lon="-43.0616140">
    <ele>20.2</ele>
    <time>2026-06-16T15:12:32Z</time>
     <extensions>
      <gpxtpx:TrackPointExtension>
       <gpxtpx:hr>116</gpxtpx:hr>
      </gpxtpx:TrackPointExtension>
     </extensions>
   </trkpt>
   <trkpt lat="-2.5997090" lon="-43.0616670">
    <ele>20.0</ele>
    <time>2026-06-16T15:12:37Z</time>
     <extensions>
      <gpxtpx:TrackPointExtension>
       <gpxtpx:hr>120</gpxtpx:hr>
      </gpxtpx:TrackPointExtension>
     </extensions>
   </trkpt>
   <trkpt lat="-2.5997090" lon="-43.0617110">
    <ele>20.0</ele>
    <time>2026-06-16T15:12:42Z</time>
     <extensions>
      <gpxtpx:TrackPointExtension>
       <gpxtpx:hr>120</gpxtpx:hr>
      </gpxtpx:TrackPointExtension>
     </extensions>
   </trkpt>
   <trkpt lat="-2.5997100" lon="-43.0617550">
    <ele>19.8</ele>
    <time>2026-06-16T15:12:47Z</time>
     <extensions>
      <gpxtpx:TrackPointExtension>
       <gpxtpx:hr>116</gpxtpx:hr>
      </gpxtpx:TrackPointExtension>
     </extensions>
   </trkpt>
   <trkpt lat="-2.5997030" lon="-43.0618060">
    <ele>19.6</ele>
    <time>2026-06-16T15:12:52Z</time>
     <extensions>
      <gpxtpx:TrackPointExtension>
       <gpxtpx:hr>115</gpxtpx:hr>
      </gpxtpx:TrackPointExtension>
     </extensions>
   </trkpt>
   <trkpt lat="-2.5996930" lon="-43.0618570">
    <ele>19.2</ele>
    <time>2026-06-16T15:12:57Z</time>
     <extensions>
      <gpxtpx:TrackPointExtension>
       <gpxtpx:hr>119</gpxtpx:hr>
      </gpxtpx:TrackPointExtension>
     </extensions>
   </trkpt>
   <trkpt lat="-2.5996820" lon="-43.0619060">
    <ele>19.0</ele>
    <time>2026-06-16T15:13:02Z</time>
     <extensions>
      <gpxtpx:TrackPointExtension>
       <gpxtpx:hr>119</gpxtpx:hr>
      </gpxtpx:TrackPointExtension>
     </extensions>
   </trkpt>
   <trkpt lat="-2.5996810" lon="-43.0619570">
    <ele>18.8</ele>
    <time>2026-06-16T15:13:07Z</time>
     <extensions>
      <gpxtpx:TrackPointExtension>
       <gpxtpx:hr>115</gpxtpx:hr>
      </gpxtpx:TrackPointExtension>
     </extensions>
   </trkpt>
   <trkpt lat="-2.5996810" lon="-43.0620050">
    <ele>18.6</ele>
    <time>2026-06-16T15:13:12Z</time>
     <extensions>
      <gpxtpx:TrackPointExtension>
       <gpxtpx:hr>115</gpxtpx:hr>
      </gpxtpx:TrackPointExtension>
     </extensions>
   </trkpt>
   <trkpt lat="-2.5996810" lon="-43.0620500">
    <ele>18.2</ele>
    <time>2026-06-16T15:13:17Z</time>
     <extensions>
      <gpxtpx:TrackPointExtension>
       <gpxtpx:hr>109</gpxtpx:hr>
      </gpxtpx:TrackPointExtension>
     </extensions>
   </trkpt>
   <trkpt lat="-2.5996740" lon="-43.0620950">
    <ele>18.0</ele>
    <time>2026-06-16T15:13:22Z</time>
     <extensions>
      <gpxtpx:TrackPointExtension>
       <gpxtpx:hr>109</gpxtpx:hr>
      </gpxtpx:TrackPointExtension>
     </extensions>
   </trkpt>
   <trkpt lat="-2.5996620" lon="-43.0621330">
    <ele>17.8</ele>
    <time>2026-06-16T15:13:27Z</time>
     <extensions>
      <gpxtpx:TrackPointExtension>
       <gpxtpx:hr>109</gpxtpx:hr>
      </gpxtpx:TrackPointExtension>
     </extensions>
   </trkpt>
   <trkpt lat="-2.5996460" lon="-43.0621730">
    <ele>17.4</ele>
    <time>2026-06-16T15:13:32Z</time>
     <extensions>
      <gpxtpx:TrackPointExtension>
       <gpxtpx:hr>109</gpxtpx:hr>
      </gpxtpx:TrackPointExtension>
     </extensions>
   </trkpt>
   <trkpt lat="-2.5996400" lon="-43.0622280">
    <ele>17.0</ele>
    <time>2026-06-16T15:13:37Z</time>
     <extensions>
      <gpxtpx:TrackPointExtension>
       <gpxtpx:hr>108</gpxtpx:hr>
      </gpxtpx:TrackPointExtension>
     </extensions>
   </trkpt>
   <trkpt lat="-2.5996460" lon="-43.0622790">
    <ele>16.8</ele>
    <time>2026-06-16T15:13:42Z</time>
     <extensions>
      <gpxtpx:TrackPointExtension>
       <gpxtpx:hr>109</gpxtpx:hr>
      </gpxtpx:TrackPointExtension>
     </extensions>
   </trkpt>
   <trkpt lat="-2.5996500" lon="-43.0623300">
    <ele>16.8</ele>
    <time>2026-06-16T15:13:47Z</time>
     <extensions>
      <gpxtpx:TrackPointExtension>
       <gpxtpx:hr>112</gpxtpx:hr>
      </gpxtpx:TrackPointExtension>
     </extensions>
   </trkpt>
   <trkpt lat="-2.5996460" lon="-43.0623850">
    <ele>16.8</ele>
    <time>2026-06-16T15:13:52Z</time>
     <extensions>
      <gpxtpx:TrackPointExtension>
       <gpxtpx:hr>111</gpxtpx:hr>
      </gpxtpx:TrackPointExtension>
     </extensions>
   </trkpt>
   <trkpt lat="-2.5996420" lon="-43.0624380">
    <ele>16.8</ele>
    <time>2026-06-16T15:13:57Z</time>
     <extensions>
      <gpxtpx:TrackPointExtension>
       <gpxtpx:hr>110</gpxtpx:hr>
      </gpxtpx:TrackPointExtension>
     </extensions>
   </trkpt>
   <trkpt lat="-2.5996450" lon="-43.0624840">
    <ele>16.8</ele>
    <time>2026-06-16T15:14:02Z</time>
     <extensions>
      <gpxtpx:TrackPointExtension>
       <gpxtpx:hr>115</gpxtpx:hr>
      </gpxtpx:TrackPointExtension>
     </extensions>
   </trkpt>
   <trkpt lat="-2.5996470" lon="-43.0625360">
    <ele>16.6</ele>
    <time>2026-06-16T15:14:07Z</time>
     <extensions>
      <gpxtpx:TrackPointExtension>
       <gpxtpx:hr>110</gpxtpx:hr>
      </gpxtpx:TrackPointExtension>
     </extensions>
   </trkpt>
   <trkpt lat="-2.5996420" lon="-43.0625780">
    <ele>16.6</ele>
    <time>2026-06-16T15:14:12Z</time>
     <extensions>
      <gpxtpx:TrackPointExtension>
       <gpxtpx:hr>113</gpxtpx:hr>
      </gpxtpx:TrackPointExtension>
     </extensions>
   </trkpt>
   <trkpt lat="-2.5996360" lon="-43.0626270">
    <ele>16.8</ele>
    <time>2026-06-16T15:14:17Z</time>
     <extensions>
      <gpxtpx:TrackPointExtension>
       <gpxtpx:hr>113</gpxtpx:hr>
      </gpxtpx:TrackPointExtension>
     </extensions>
   </trkpt>
   <trkpt lat="-2.5996230" lon="-43.0626760">
    <ele>16.8</ele>
    <time>2026-06-16T15:14:22Z</time>
     <extensions>
      <gpxtpx:TrackPointExtension>
       <gpxtpx:hr>111</gpxtpx:hr>
      </gpxtpx:TrackPointExtension>
     </extensions>
   </trkpt>
   <trkpt lat="-2.5995910" lon="-43.0627210">
    <ele>16.6</ele>
    <time>2026-06-16T15:14:27Z</time>
     <extensions>
      <gpxtpx:TrackPointExtension>
       <gpxtpx:hr>115</gpxtpx:hr>
      </gpxtpx:TrackPointExtension>
     </extensions>
   </trkpt>
   <trkpt lat="-2.5995510" lon="-43.0627590">
    <ele>16.6</ele>
    <time>2026-06-16T15:14:32Z</time>
     <extensions>
      <gpxtpx:TrackPointExtension>
       <gpxtpx:hr>114</gpxtpx:hr>
      </gpxtpx:TrackPointExtension>
     </extensions>
   </trkpt>
   <trkpt lat="-2.5995100" lon="-43.0627910">
    <ele>16.6</ele>
    <time>2026-06-16T15:14:37Z</time>
     <extensions>
      <gpxtpx:TrackPointExtension>
       <gpxtpx:hr>114</gpxtpx:hr>
      </gpxtpx:TrackPointExtension>
     </extensions>
   </trkpt>
   <trkpt lat="-2.5994750" lon="-43.0628210">
    <ele>16.6</ele>
    <time>2026-06-16T15:14:42Z</time>
     <extensions>
      <gpxtpx:TrackPointExtension>
       <gpxtpx:hr>114</gpxtpx:hr>
      </gpxtpx:TrackPointExtension>
     </extensions>
   </trkpt>
   <trkpt lat="-2.5994400" lon="-43.0628490">
    <ele>16.6</ele>
    <time>2026-06-16T15:14:47Z</time>
     <extensions>
      <gpxtpx:TrackPointExtension>
       <gpxtpx:hr>114</gpxtpx:hr>
      </gpxtpx:TrackPointExtension>
     </extensions>
   </trkpt>
   <trkpt lat="-2.5994110" lon="-43.0628850">
    <ele>16.6</ele>
    <time>2026-06-16T15:14:52Z</time>
     <extensions>
      <gpxtpx:TrackPointExtension>
       <gpxtpx:hr>111</gpxtpx:hr>
      </gpxtpx:TrackPointExtension>
     </extensions>
   </trkpt>
   <trkpt lat="-2.5993920" lon="-43.0629220">
    <ele>16.6</ele>
    <time>2026-06-16T15:14:57Z</time>
     <extensions>
      <gpxtpx:TrackPointExtension>
       <gpxtpx:hr>112</gpxtpx:hr>
      </gpxtpx:TrackPointExtension>
     </extensions>
   </trkpt>
   <trkpt lat="-2.5993710" lon="-43.0629680">
    <ele>16.6</ele>
    <time>2026-06-16T15:15:02Z</time>
     <extensions>
      <gpxtpx:TrackPointExtension>
       <gpxtpx:hr>112</gpxtpx:hr>
      </gpxtpx:TrackPointExtension>
     </extensions>
   </trkpt>
   <trkpt lat="-2.5993380" lon="-43.0630020">
    <ele>16.4</ele>
    <time>2026-06-16T15:15:07Z</time>
     <extensions>
      <gpxtpx:TrackPointExtension>
       <gpxtpx:hr>112</gpxtpx:hr>
      </gpxtpx:TrackPointExtension>
     </extensions>
   </trkpt>
   <trkpt lat="-2.5993140" lon="-43.0630290">
    <ele>16.4</ele>
    <time>2026-06-16T15:15:12Z</time>
     <extensions>
      <gpxtpx:TrackPointExtension>
       <gpxtpx:hr>115</gpxtpx:hr>
      </gpxtpx:TrackPointExtension>
     </extensions>
   </trkpt>
   <trkpt lat="-2.5992930" lon="-43.0630650">
    <ele>16.4</ele>
    <time>2026-06-16T15:15:17Z</time>
     <extensions>
      <gpxtpx:TrackPointExtension>
       <gpxtpx:hr>115</gpxtpx:hr>
      </gpxtpx:TrackPointExtension>
     </extensions>
   </trkpt>
   <trkpt lat="-2.5992690" lon="-43.0631080">
    <ele>16.4</ele>
    <time>2026-06-16T15:15:22Z</time>
     <extensions>
      <gpxtpx:TrackPointExtension>
       <gpxtpx:hr>118</gpxtpx:hr>
      </gpxtpx:TrackPointExtension>
     </extensions>
   </trkpt>
   <trkpt lat="-2.5992510" lon="-43.0631480">
    <ele>16.6</ele>
    <time>2026-06-16T15:15:27Z</time>
     <extensions>
      <gpxtpx:TrackPointExtension>
       <gpxtpx:hr>118</gpxtpx:hr>
      </gpxtpx:TrackPointExtension>
     </extensions>
   </trkpt>
   <trkpt lat="-2.5992270" lon="-43.0631910">
    <ele>16.6</ele>
    <time>2026-06-16T15:15:32Z</time>
     <extensions>
      <gpxtpx:TrackPointExtension>
       <gpxtpx:hr>118</gpxtpx:hr>
      </gpxtpx:TrackPointExtension>
     </extensions>
   </trkpt>
   <trkpt lat="-2.5992050" lon="-43.0632300">
    <ele>16.6</ele>
    <time>2026-06-16T15:15:37Z</time>
     <extensions>
      <gpxtpx:TrackPointExtension>
       <gpxtpx:hr>120</gpxtpx:hr>
      </gpxtpx:TrackPointExtension>
     </extensions>
   </trkpt>
   <trkpt lat="-2.5991780" lon="-43.0632740">
    <ele>16.6</ele>
    <time>2026-06-16T15:15:42Z</time>
     <extensions>
      <gpxtpx:TrackPointExtension>
       <gpxtpx:hr>120</gpxtpx:hr>
      </gpxtpx:TrackPointExtension>
     </extensions>
   </trkpt>
   <trkpt lat="-2.5991570" lon="-43.0633120">
    <ele>16.6</ele>
    <time>2026-06-16T15:15:47Z</time>
     <extensions>
      <gpxtpx:TrackPointExtension>
       <gpxtpx:hr>115</gpxtpx:hr>
      </gpxtpx:TrackPointExtension>
     </extensions>
   </trkpt>
   <trkpt lat="-2.5991310" lon="-43.0633600">
    <ele>16.6</ele>
    <time>2026-06-16T15:15:52Z</time>
     <extensions>
      <gpxtpx:TrackPointExtension>
       <gpxtpx:hr>120</gpxtpx:hr>
      </gpxtpx:TrackPointExtension>
     </extensions>
   </trkpt>
   <trkpt lat="-2.5991110" lon="-43.0634100">
    <ele>16.6</ele>
    <time>2026-06-16T15:15:57Z</time>
     <extensions>
      <gpxtpx:TrackPointExtension>
       <gpxtpx:hr>120</gpxtpx:hr>
      </gpxtpx:TrackPointExtension>
     </extensions>
   </trkpt>
   <trkpt lat="-2.5990990" lon="-43.0634600">
    <ele>16.6</ele>
    <time>2026-06-16T15:16:02Z</time>
     <extensions>
      <gpxtpx:TrackPointExtension>
       <gpxtpx:hr>118</gpxtpx:hr>
      </gpxtpx:TrackPointExtension>
     </extensions>
   </trkpt>
   <trkpt lat="-2.5990850" lon="-43.0635080">
    <ele>16.6</ele>
    <time>2026-06-16T15:16:07Z</time>
     <extensions>
      <gpxtpx:TrackPointExtension>
       <gpxtpx:hr>118</gpxtpx:hr>
      </gpxtpx:TrackPointExtension>
     </extensions>
   </trkpt>
   <trkpt lat="-2.5990720" lon="-43.0635540">
    <ele>16.6</ele>
    <time>2026-06-16T15:16:12Z</time>
     <extensions>
      <gpxtpx:TrackPointExtension>
       <gpxtpx:hr>120</gpxtpx:hr>
      </gpxtpx:TrackPointExtension>
     </extensions>
   </trkpt>
   <trkpt lat="-2.5990660" lon="-43.0636010">
    <ele>16.6</ele>
    <time>2026-06-16T15:16:17Z</time>
     <extensions>
      <gpxtpx:TrackPointExtension>
       <gpxtpx:hr>120</gpxtpx:hr>
      </gpxtpx:TrackPointExtension>
     </extensions>
   </trkpt>
   <trkpt lat="-2.5990550" lon="-43.0636470">
    <ele>16.6</ele>
    <time>2026-06-16T15:16:22Z</time>
     <extensions>
      <gpxtpx:TrackPointExtension>
       <gpxtpx:hr>120</gpxtpx:hr>
      </gpxtpx:TrackPointExtension>
     </extensions>
   </trkpt>
   <trkpt lat="-2.5990460" lon="-43.0636910">
    <ele>16.6</ele>
    <time>2026-06-16T15:16:27Z</time>
     <extensions>
      <gpxtpx:TrackPointExtension>
       <gpxtpx:hr>115</gpxtpx:hr>
      </gpxtpx:TrackPointExtension>
     </extensions>
   </trkpt>
   <trkpt lat="-2.5990280" lon="-43.0637450">
    <ele>16.6</ele>
    <time>2026-06-16T15:16:32Z</time>
     <extensions>
      <gpxtpx:TrackPointExtension>
       <gpxtpx:hr>116</gpxtpx:hr>
      </gpxtpx:TrackPointExtension>
     </extensions>
   </trkpt>
   <trkpt lat="-2.5990090" lon="-43.0637920">
    <ele>16.6</ele>
    <time>2026-06-16T15:16:37Z</time>
     <extensions>
      <gpxtpx:TrackPointExtension>
       <gpxtpx:hr>115</gpxtpx:hr>
      </gpxtpx:TrackPointExtension>
     </extensions>
   </trkpt>
   <trkpt lat="-2.5989950" lon="-43.0638380">
    <ele>16.6</ele>
    <time>2026-06-16T15:16:42Z</time>
     <extensions>
      <gpxtpx:TrackPointExtension>
       <gpxtpx:hr>115</gpxtpx:hr>
      </gpxtpx:TrackPointExtension>
     </extensions>
   </trkpt>
   <trkpt lat="-2.5989850" lon="-43.0638850">
    <ele>16.6</ele>
    <time>2026-06-16T15:16:47Z</time>
     <extensions>
      <gpxtpx:TrackPointExtension>
       <gpxtpx:hr>121</gpxtpx:hr>
      </gpxtpx:TrackPointExtension>
     </extensions>
   </trkpt>
   <trkpt lat="-2.5989770" lon="-43.0639300">
    <ele>16.6</ele>
    <time>2026-06-16T15:16:53Z</time>
     <extensions>
      <gpxtpx:TrackPointExtension>
       <gpxtpx:hr>120</gpxtpx:hr>
      </gpxtpx:TrackPointExtension>
     </extensions>
   </trkpt>
   <trkpt lat="-2.5989720" lon="-43.0639750">
    <ele>16.6</ele>
    <time>2026-06-16T15:16:58Z</time>
     <extensions>
      <gpxtpx:TrackPointExtension>
       <gpxtpx:hr>121</gpxtpx:hr>
      </gpxtpx:TrackPointExtension>
     </extensions>
   </trkpt>
   <trkpt lat="-2.5989700" lon="-43.0640130">
    <ele>16.4</ele>
    <time>2026-06-16T15:17:03Z</time>
     <extensions>
      <gpxtpx:TrackPointExtension>
       <gpxtpx:hr>118</gpxtpx:hr>
      </gpxtpx:TrackPointExtension>
     </extensions>
   </trkpt>
   <trkpt lat="-2.5989620" lon="-43.0640500">
    <ele>16.4</ele>
    <time>2026-06-16T15:17:08Z</time>
     <extensions>
      <gpxtpx:TrackPointExtension>
       <gpxtpx:hr>118</gpxtpx:hr>
      </gpxtpx:TrackPointExtension>
     </extensions>
   </trkpt>
   <trkpt lat="-2.5989450" lon="-43.0640890">
    <ele>16.4</ele>
    <time>2026-06-16T15:17:13Z</time>
     <extensions>
      <gpxtpx:TrackPointExtension>
       <gpxtpx:hr>123</gpxtpx:hr>
      </gpxtpx:TrackPointExtension>
     </extensions>
   </trkpt>
   <trkpt lat="-2.5989400" lon="-43.0641170">
    <ele>16.4</ele>
    <time>2026-06-16T15:17:18Z</time>
     <extensions>
      <gpxtpx:TrackPointExtension>
       <gpxtpx:hr>123</gpxtpx:hr>
      </gpxtpx:TrackPointExtension>
     </extensions>
   </trkpt>
   <trkpt lat="-2.5989400" lon="-43.0641250">
    <ele>16.4</ele>
    <time>2026-06-16T15:17:23Z</time>
     <extensions>
      <gpxtpx:TrackPointExtension>
       <gpxtpx:hr>116</gpxtpx:hr>
      </gpxtpx:TrackPointExtension>
     </extensions>
   </trkpt>
   <trkpt lat="-2.5989440" lon="-43.0641230">
    <ele>16.4</ele>
    <time>2026-06-16T15:17:28Z</time>
     <extensions>
      <gpxtpx:TrackPointExtension>
       <gpxtpx:hr>115</gpxtpx:hr>
      </gpxtpx:TrackPointExtension>
     </extensions>
   </trkpt>
   <trkpt lat="-2.5989460" lon="-43.0641160">
    <ele>16.4</ele>
    <time>2026-06-16T15:17:33Z</time>
     <extensions>
      <gpxtpx:TrackPointExtension>
       <gpxtpx:hr>116</gpxtpx:hr>
      </gpxtpx:TrackPointExtension>
     </extensions>
   </trkpt>
   <trkpt lat="-2.5989450" lon="-43.0641140">
    <ele>16.6</ele>
    <time>2026-06-16T15:17:38Z</time>
     <extensions>
      <gpxtpx:TrackPointExtension>
       <gpxtpx:hr>117</gpxtpx:hr>
      </gpxtpx:TrackPointExtension>
     </extensions>
   </trkpt>
   <trkpt lat="-2.5989450" lon="-43.0641140">
    <ele>16.4</ele>
    <time>2026-06-16T15:17:43Z</time>
     <extensions>
      <gpxtpx:TrackPointExtension>
       <gpxtpx:hr>118</gpxtpx:hr>
      </gpxtpx:TrackPointExtension>
     </extensions>
   </trkpt>
   <trkpt lat="-2.5989440" lon="-43.0641140">
    <ele>16.4</ele>
    <time>2026-06-16T15:17:48Z</time>
     <extensions>
      <gpxtpx:TrackPointExtension>
       <gpxtpx:hr>119</gpxtpx:hr>
      </gpxtpx:TrackPointExtension>
     </extensions>
   </trkpt>
   <trkpt lat="-2.5989440" lon="-43.0641150">
    <ele>16.4</ele>
    <time>2026-06-16T15:17:53Z</time>
     <extensions>
      <gpxtpx:TrackPointExtension>
       <gpxtpx:hr>119</gpxtpx:hr>
      </gpxtpx:TrackPointExtension>
     </extensions>
   </trkpt>
   <trkpt lat="-2.5989450" lon="-43.0641150">
    <ele>16.4</ele>
    <time>2026-06-16T15:17:58Z</time>
     <extensions>
      <gpxtpx:TrackPointExtension>
       <gpxtpx:hr>113</gpxtpx:hr>
      </gpxtpx:TrackPointExtension>
     </extensions>
   </trkpt>
   <trkpt lat="-2.5989440" lon="-43.0641160">
    <ele>16.4</ele>
    <time>2026-06-16T15:18:03Z</time>
     <extensions>
      <gpxtpx:TrackPointExtension>
       <gpxtpx:hr>103</gpxtpx:hr>
      </gpxtpx:TrackPointExtension>
     </extensions>
   </trkpt>
   <trkpt lat="-2.5989440" lon="-43.0641150">
    <ele>16.4</ele>
    <time>2026-06-16T15:18:08Z</time>
     <extensions>
      <gpxtpx:TrackPointExtension>
       <gpxtpx:hr>99</gpxtpx:hr>
      </gpxtpx:TrackPointExtension>
     </extensions>
   </trkpt>
   <trkpt lat="-2.5989450" lon="-43.0641140">
    <ele>16.4</ele>
    <time>2026-06-16T15:18:13Z</time>
     <extensions>
      <gpxtpx:TrackPointExtension>
       <gpxtpx:hr>97</gpxtpx:hr>
      </gpxtpx:TrackPointExtension>
     </extensions>
   </trkpt>
   <trkpt lat="-2.5989450" lon="-43.0641140">
    <ele>16.2</ele>
    <time>2026-06-16T15:18:18Z</time>
     <extensions>
      <gpxtpx:TrackPointExtension>
       <gpxtpx:hr>97</gpxtpx:hr>
      </gpxtpx:TrackPointExtension>
     </extensions>
   </trkpt>
   <trkpt lat="-2.5989450" lon="-43.0641130">
    <ele>16.4</ele>
    <time>2026-06-16T15:18:23Z</time>
     <extensions>
      <gpxtpx:TrackPointExtension>
       <gpxtpx:hr>97</gpxtpx:hr>
      </gpxtpx:TrackPointExtension>
     </extensions>
   </trkpt>
   <trkpt lat="-2.5989430" lon="-43.0641140">
    <ele>16.4</ele>
    <time>2026-06-16T15:18:28Z</time>
     <extensions>
      <gpxtpx:TrackPointExtension>
       <gpxtpx:hr>100</gpxtpx:hr>
      </gpxtpx:TrackPointExtension>
     </extensions>
   </trkpt>
   <trkpt lat="-2.5989420" lon="-43.0641160">
    <ele>16.4</ele>
    <time>2026-06-16T15:18:33Z</time>
     <extensions>
      <gpxtpx:TrackPointExtension>
       <gpxtpx:hr>100</gpxtpx:hr>
      </gpxtpx:TrackPointExtension>
     </extensions>
   </trkpt>
   <trkpt lat="-2.5989410" lon="-43.0641170">
    <ele>16.4</ele>
    <time>2026-06-16T15:18:38Z</time>
     <extensions>
      <gpxtpx:TrackPointExtension>
       <gpxtpx:hr>103</gpxtpx:hr>
      </gpxtpx:TrackPointExtension>
     </extensions>
   </trkpt>
   <trkpt lat="-2.5989410" lon="-43.0641170">
    <ele>16.4</ele>
    <time>2026-06-16T15:18:43Z</time>
     <extensions>
      <gpxtpx:TrackPointExtension>
       <gpxtpx:hr>100</gpxtpx:hr>
      </gpxtpx:TrackPointExtension>
     </extensions>
   </trkpt>
   <trkpt lat="-2.5989430" lon="-43.0641130">
    <ele>16.4</ele>
    <time>2026-06-16T15:18:48Z</time>
     <extensions>
      <gpxtpx:TrackPointExtension>
       <gpxtpx:hr>101</gpxtpx:hr>
      </gpxtpx:TrackPointExtension>
     </extensions>
   </trkpt>
   <trkpt lat="-2.5989460" lon="-43.0641080">
    <ele>16.4</ele>
    <time>2026-06-16T15:18:53Z</time>
     <extensions>
      <gpxtpx:TrackPointExtension>
       <gpxtpx:hr>105</gpxtpx:hr>
      </gpxtpx:TrackPointExtension>
     </extensions>
   </trkpt>
   <trkpt lat="-2.5989450" lon="-43.0641070">
    <ele>16.4</ele>
    <time>2026-06-16T15:18:58Z</time>
     <extensions>
      <gpxtpx:TrackPointExtension>
       <gpxtpx:hr>104</gpxtpx:hr>
      </gpxtpx:TrackPointExtension>
     </extensions>
   </trkpt>
   <trkpt lat="-2.5989470" lon="-43.0641060">
    <ele>16.4</ele>
    <time>2026-06-16T15:19:03Z</time>
     <extensions>
      <gpxtpx:TrackPointExtension>
       <gpxtpx:hr>102</gpxtpx:hr>
      </gpxtpx:TrackPointExtension>
     </extensions>
   </trkpt>
   <trkpt lat="-2.5989470" lon="-43.0641070">
    <ele>16.4</ele>
    <time>2026-06-16T15:19:08Z</time>
     <extensions>
      <gpxtpx:TrackPointExtension>
       <gpxtpx:hr>99</gpxtpx:hr>
      </gpxtpx:TrackPointExtension>
     </extensions>
   </trkpt>
   <trkpt lat="-2.5989460" lon="-43.0641080">
    <ele>16.4</ele>
    <time>2026-06-16T15:19:13Z</time>
     <extensions>
      <gpxtpx:TrackPointExtension>
       <gpxtpx:hr>94</gpxtpx:hr>
      </gpxtpx:TrackPointExtension>
     </extensions>
   </trkpt>
   <trkpt lat="-2.5989470" lon="-43.0641090">
    <ele>16.4</ele>
    <time>2026-06-16T15:19:18Z</time>
     <extensions>
      <gpxtpx:TrackPointExtension>
       <gpxtpx:hr>97</gpxtpx:hr>
      </gpxtpx:TrackPointExtension>
     </extensions>
   </trkpt>
   <trkpt lat="-2.5989510" lon="-43.0641310">
    <ele>16.6</ele>
    <time>2026-06-16T15:19:23Z</time>
     <extensions>
      <gpxtpx:TrackPointExtension>
       <gpxtpx:hr>96</gpxtpx:hr>
      </gpxtpx:TrackPointExtension>
     </extensions>
   </trkpt>
   <trkpt lat="-2.5989570" lon="-43.0641610">
    <ele>16.4</ele>
    <time>2026-06-16T15:19:28Z</time>
     <extensions>
      <gpxtpx:TrackPointExtension>
       <gpxtpx:hr>111</gpxtpx:hr>
      </gpxtpx:TrackPointExtension>
     </extensions>
   </trkpt>
   <trkpt lat="-2.5989640" lon="-43.0641890">
    <ele>16.4</ele>
    <time>2026-06-16T15:19:33Z</time>
     <extensions>
      <gpxtpx:TrackPointExtension>
       <gpxtpx:hr>110</gpxtpx:hr>
      </gpxtpx:TrackPointExtension>
     </extensions>
   </trkpt>
   <trkpt lat="-2.5989670" lon="-43.0641970">
    <ele>16.6</ele>
    <time>2026-06-16T15:19:38Z</time>
     <extensions>
      <gpxtpx:TrackPointExtension>
       <gpxtpx:hr>110</gpxtpx:hr>
      </gpxtpx:TrackPointExtension>
     </extensions>
   </trkpt>
   <trkpt lat="-2.5989660" lon="-43.0641950">
    <ele>16.6</ele>
    <time>2026-06-16T15:19:43Z</time>
     <extensions>
      <gpxtpx:TrackPointExtension>
       <gpxtpx:hr>113</gpxtpx:hr>
      </gpxtpx:TrackPointExtension>
     </extensions>
   </trkpt>
   <trkpt lat="-2.5989660" lon="-43.0641910">
    <ele>16.6</ele>
    <time>2026-06-16T15:19:48Z</time>
     <extensions>
      <gpxtpx:TrackPointExtension>
       <gpxtpx:hr>113</gpxtpx:hr>
      </gpxtpx:TrackPointExtension>
     </extensions>
   </trkpt>
   <trkpt lat="-2.5989660" lon="-43.0641900">
    <ele>16.4</ele>
    <time>2026-06-16T15:19:53Z</time>
     <extensions>
      <gpxtpx:TrackPointExtension>
       <gpxtpx:hr>112</gpxtpx:hr>
      </gpxtpx:TrackPointExtension>
     </extensions>
   </trkpt>
   <trkpt lat="-2.5989660" lon="-43.0641900">
    <ele>16.4</ele>
    <time>2026-06-16T15:19:58Z</time>
     <extensions>
      <gpxtpx:TrackPointExtension>
       <gpxtpx:hr>111</gpxtpx:hr>
      </gpxtpx:TrackPointExtension>
     </extensions>
   </trkpt>
   <trkpt lat="-2.5989670" lon="-43.0641930">
    <ele>16.4</ele>
    <time>2026-06-16T15:20:03Z</time>
     <extensions>
      <gpxtpx:TrackPointExtension>
       <gpxtpx:hr>110</gpxtpx:hr>
      </gpxtpx:TrackPointExtension>
     </extensions>
   </trkpt>
   <trkpt lat="-2.5989660" lon="-43.0642150">
    <ele>16.6</ele>
    <time>2026-06-16T15:20:08Z</time>
     <extensions>
      <gpxtpx:TrackPointExtension>
       <gpxtpx:hr>114</gpxtpx:hr>
      </gpxtpx:TrackPointExtension>
     </extensions>
   </trkpt>
   <trkpt lat="-2.5989600" lon="-43.0642570">
    <ele>16.4</ele>
    <time>2026-06-16T15:20:13Z</time>
     <extensions>
      <gpxtpx:TrackPointExtension>
       <gpxtpx:hr>108</gpxtpx:hr>
      </gpxtpx:TrackPointExtension>
     </extensions>
   </trkpt>
   <trkpt lat="-2.5989540" lon="-43.0643020">
    <ele>16.4</ele>
    <time>2026-06-16T15:20:18Z</time>
     <extensions>
      <gpxtpx:TrackPointExtension>
       <gpxtpx:hr>112</gpxtpx:hr>
      </gpxtpx:TrackPointExtension>
     </extensions>
   </trkpt>
   <trkpt lat="-2.5989350" lon="-43.0643400">
    <ele>16.4</ele>
    <time>2026-06-16T15:20:23Z</time>
     <extensions>
      <gpxtpx:TrackPointExtension>
       <gpxtpx:hr>109</gpxtpx:hr>
      </gpxtpx:TrackPointExtension>
     </extensions>
   </trkpt>
   <trkpt lat="-2.5989190" lon="-43.0643630">
    <ele>16.4</ele>
    <time>2026-06-16T15:20:28Z</time>
     <extensions>
      <gpxtpx:TrackPointExtension>
       <gpxtpx:hr>109</gpxtpx:hr>
      </gpxtpx:TrackPointExtension>
     </extensions>
   </trkpt>
   <trkpt lat="-2.5988990" lon="-43.0643950">
    <ele>16.4</ele>
    <time>2026-06-16T15:20:33Z</time>
     <extensions>
      <gpxtpx:TrackPointExtension>
       <gpxtpx:hr>105</gpxtpx:hr>
      </gpxtpx:TrackPointExtension>
     </extensions>
   </trkpt>
   <trkpt lat="-2.5988810" lon="-43.0644250">
    <ele>16.4</ele>
    <time>2026-06-16T15:20:38Z</time>
     <extensions>
      <gpxtpx:TrackPointExtension>
       <gpxtpx:hr>108</gpxtpx:hr>
      </gpxtpx:TrackPointExtension>
     </extensions>
   </trkpt>
   <trkpt lat="-2.5988590" lon="-43.0644500">
    <ele>16.4</ele>
    <time>2026-06-16T15:20:43Z</time>
     <extensions>
      <gpxtpx:TrackPointExtension>
       <gpxtpx:hr>101</gpxtpx:hr>
      </gpxtpx:TrackPointExtension>
     </extensions>
   </trkpt>
   <trkpt lat="-2.5988310" lon="-43.0644730">
    <ele>16.2</ele>
    <time>2026-06-16T15:20:48Z</time>
     <extensions>
      <gpxtpx:TrackPointExtension>
       <gpxtpx:hr>108</gpxtpx:hr>
      </gpxtpx:TrackPointExtension>
     </extensions>
   </trkpt>
   <trkpt lat="-2.5988000" lon="-43.0644980">
    <ele>16.4</ele>
    <time>2026-06-16T15:20:53Z</time>
     <extensions>
      <gpxtpx:TrackPointExtension>
       <gpxtpx:hr>109</gpxtpx:hr>
      </gpxtpx:TrackPointExtension>
     </extensions>
   </trkpt>
   <trkpt lat="-2.5987760" lon="-43.0645300">
    <ele>16.4</ele>
    <time>2026-06-16T15:20:58Z</time>
     <extensions>
      <gpxtpx:TrackPointExtension>
       <gpxtpx:hr>114</gpxtpx:hr>
      </gpxtpx:TrackPointExtension>
     </extensions>
   </trkpt>
   <trkpt lat="-2.5987530" lon="-43.0645560">
    <ele>16.4</ele>
    <time>2026-06-16T15:21:03Z</time>
     <extensions>
      <gpxtpx:TrackPointExtension>
       <gpxtpx:hr>118</gpxtpx:hr>
      </gpxtpx:TrackPointExtension>
     </extensions>
   </trkpt>
   <trkpt lat="-2.5987260" lon="-43.0645850">
    <ele>16.4</ele>
    <time>2026-06-16T15:21:08Z</time>
     <extensions>
      <gpxtpx:TrackPointExtension>
       <gpxtpx:hr>118</gpxtpx:hr>
      </gpxtpx:TrackPointExtension>
     </extensions>
   </trkpt>
   <trkpt lat="-2.5986950" lon="-43.0646110">
    <ele>16.4</ele>
    <time>2026-06-16T15:21:13Z</time>
     <extensions>
      <gpxtpx:TrackPointExtension>
       <gpxtpx:hr>114</gpxtpx:hr>
      </gpxtpx:TrackPointExtension>
     </extensions>
   </trkpt>
   <trkpt lat="-2.5986730" lon="-43.0646410">
    <ele>16.4</ele>
    <time>2026-06-16T15:21:18Z</time>
     <extensions>
      <gpxtpx:TrackPointExtension>
       <gpxtpx:hr>119</gpxtpx:hr>
      </gpxtpx:TrackPointExtension>
     </extensions>
   </trkpt>
   <trkpt lat="-2.5986600" lon="-43.0646750">
    <ele>16.4</ele>
    <time>2026-06-16T15:21:23Z</time>
     <extensions>
      <gpxtpx:TrackPointExtension>
       <gpxtpx:hr>116</gpxtpx:hr>
      </gpxtpx:TrackPointExtension>
     </extensions>
   </trkpt>
   <trkpt lat="-2.5986530" lon="-43.0647120">
    <ele>16.2</ele>
    <time>2026-06-16T15:21:28Z</time>
     <extensions>
      <gpxtpx:TrackPointExtension>
       <gpxtpx:hr>119</gpxtpx:hr>
      </gpxtpx:TrackPointExtension>
     </extensions>
   </trkpt>
   <trkpt lat="-2.5986510" lon="-43.0647470">
    <ele>16.2</ele>
    <time>2026-06-16T15:21:33Z</time>
     <extensions>
      <gpxtpx:TrackPointExtension>
       <gpxtpx:hr>118</gpxtpx:hr>
      </gpxtpx:TrackPointExtension>
     </extensions>
   </trkpt>
   <trkpt lat="-2.5986510" lon="-43.0647650">
    <ele>16.2</ele>
    <time>2026-06-16T15:21:38Z</time>
     <extensions>
      <gpxtpx:TrackPointExtension>
       <gpxtpx:hr>118</gpxtpx:hr>
      </gpxtpx:TrackPointExtension>
     </extensions>
   </trkpt>
   <trkpt lat="-2.5986510" lon="-43.0647730">
    <ele>16.2</ele>
    <time>2026-06-16T15:21:43Z</time>
     <extensions>
      <gpxtpx:TrackPointExtension>
       <gpxtpx:hr>121</gpxtpx:hr>
      </gpxtpx:TrackPointExtension>
     </extensions>
   </trkpt>
   <trkpt lat="-2.5986510" lon="-43.0647970">
    <ele>16.2</ele>
    <time>2026-06-16T15:21:48Z</time>
     <extensions>
      <gpxtpx:TrackPointExtension>
       <gpxtpx:hr>122</gpxtpx:hr>
      </gpxtpx:TrackPointExtension>
     </extensions>
   </trkpt>
   <trkpt lat="-2.5986500" lon="-43.0648290">
    <ele>16.2</ele>
    <time>2026-06-16T15:21:53Z</time>
     <extensions>
      <gpxtpx:TrackPointExtension>
       <gpxtpx:hr>123</gpxtpx:hr>
      </gpxtpx:TrackPointExtension>
     </extensions>
   </trkpt>
   <trkpt lat="-2.5986510" lon="-43.0648520">
    <ele>16.0</ele>
    <time>2026-06-16T15:21:58Z</time>
     <extensions>
      <gpxtpx:TrackPointExtension>
       <gpxtpx:hr>123</gpxtpx:hr>
      </gpxtpx:TrackPointExtension>
     </extensions>
   </trkpt>
   <trkpt lat="-2.5986550" lon="-43.0648810">
    <ele>16.0</ele>
    <time>2026-06-16T15:22:03Z</time>
     <extensions>
      <gpxtpx:TrackPointExtension>
       <gpxtpx:hr>121</gpxtpx:hr>
      </gpxtpx:TrackPointExtension>
     </extensions>
   </trkpt>
   <trkpt lat="-2.5986500" lon="-43.0649130">
    <ele>16.2</ele>
    <time>2026-06-16T15:22:08Z</time>
     <extensions>
      <gpxtpx:TrackPointExtension>
       <gpxtpx:hr>121</gpxtpx:hr>
      </gpxtpx:TrackPointExtension>
     </extensions>
   </trkpt>
   <trkpt lat="-2.5986360" lon="-43.0649140">
    <ele>16.4</ele>
    <time>2026-06-16T15:22:13Z</time>
     <extensions>
      <gpxtpx:TrackPointExtension>
       <gpxtpx:hr>132</gpxtpx:hr>
      </gpxtpx:TrackPointExtension>
     </extensions>
   </trkpt>
   <trkpt lat="-2.5986350" lon="-43.0649140">
    <ele>16.6</ele>
    <time>2026-06-16T15:22:18Z</time>
     <extensions>
      <gpxtpx:TrackPointExtension>
       <gpxtpx:hr>138</gpxtpx:hr>
      </gpxtpx:TrackPointExtension>
     </extensions>
   </trkpt>
   <trkpt lat="-2.5986270" lon="-43.0649080">
    <ele>16.6</ele>
    <time>2026-06-16T15:22:23Z</time>
     <extensions>
      <gpxtpx:TrackPointExtension>
       <gpxtpx:hr>136</gpxtpx:hr>
      </gpxtpx:TrackPointExtension>
     </extensions>
   </trkpt>
   <trkpt lat="-2.5986320" lon="-43.0649080">
    <ele>16.6</ele>
    <time>2026-06-16T15:22:28Z</time>
     <extensions>
      <gpxtpx:TrackPointExtension>
       <gpxtpx:hr>133</gpxtpx:hr>
      </gpxtpx:TrackPointExtension>
     </extensions>
   </trkpt>
   <trkpt lat="-2.5986390" lon="-43.0649080">
    <ele>16.4</ele>
    <time>2026-06-16T15:22:33Z</time>
     <extensions>
      <gpxtpx:TrackPointExtension>
       <gpxtpx:hr>133</gpxtpx:hr>
      </gpxtpx:TrackPointExtension>
     </extensions>
   </trkpt>
   <trkpt lat="-2.5986400" lon="-43.0649080">
    <ele>16.2</ele>
    <time>2026-06-16T15:22:38Z</time>
     <extensions>
      <gpxtpx:TrackPointExtension>
       <gpxtpx:hr>125</gpxtpx:hr>
      </gpxtpx:TrackPointExtension>
     </extensions>
   </trkpt>
   <trkpt lat="-2.5986410" lon="-43.0649080">
    <ele>16.2</ele>
    <time>2026-06-16T15:22:43Z</time>
     <extensions>
      <gpxtpx:TrackPointExtension>
       <gpxtpx:hr>123</gpxtpx:hr>
      </gpxtpx:TrackPointExtension>
     </extensions>
   </trkpt>
   <trkpt lat="-2.5986450" lon="-43.0649090">
    <ele>16.2</ele>
    <time>2026-06-16T15:22:48Z</time>
     <extensions>
      <gpxtpx:TrackPointExtension>
       <gpxtpx:hr>122</gpxtpx:hr>
      </gpxtpx:TrackPointExtension>
     </extensions>
   </trkpt>
   <trkpt lat="-2.5986510" lon="-43.0649100">
    <ele>16.2</ele>
    <time>2026-06-16T15:22:53Z</time>
     <extensions>
      <gpxtpx:TrackPointExtension>
       <gpxtpx:hr>112</gpxtpx:hr>
      </gpxtpx:TrackPointExtension>
     </extensions>
   </trkpt>
   <trkpt lat="-2.5986520" lon="-43.0649100">
    <ele>16.2</ele>
    <time>2026-06-16T15:22:58Z</time>
     <extensions>
      <gpxtpx:TrackPointExtension>
       <gpxtpx:hr>103</gpxtpx:hr>
      </gpxtpx:TrackPointExtension>
     </extensions>
   </trkpt>
   <trkpt lat="-2.5986520" lon="-43.0649100">
    <ele>16.2</ele>
    <time>2026-06-16T15:23:03Z</time>
     <extensions>
      <gpxtpx:TrackPointExtension>
       <gpxtpx:hr>98</gpxtpx:hr>
      </gpxtpx:TrackPointExtension>
     </extensions>
   </trkpt>
   <trkpt lat="-2.5986510" lon="-43.0649110">
    <ele>16.2</ele>
    <time>2026-06-16T15:23:08Z</time>
     <extensions>
      <gpxtpx:TrackPointExtension>
       <gpxtpx:hr>97</gpxtpx:hr>
      </gpxtpx:TrackPointExtension>
     </extensions>
   </trkpt>
   <trkpt lat="-2.5986490" lon="-43.0649150">
    <ele>16.2</ele>
    <time>2026-06-16T15:23:13Z</time>
     <extensions>
      <gpxtpx:TrackPointExtension>
       <gpxtpx:hr>97</gpxtpx:hr>
      </gpxtpx:TrackPointExtension>
     </extensions>
   </trkpt>
   <trkpt lat="-2.5986550" lon="-43.0649190">
    <ele>16.4</ele>
    <time>2026-06-16T15:23:18Z</time>
     <extensions>
      <gpxtpx:TrackPointExtension>
       <gpxtpx:hr>97</gpxtpx:hr>
      </gpxtpx:TrackPointExtension>
     </extensions>
   </trkpt>
   <trkpt lat="-2.5986550" lon="-43.0649200">
    <ele>16.4</ele>
    <time>2026-06-16T15:23:23Z</time>
     <extensions>
      <gpxtpx:TrackPointExtension>
       <gpxtpx:hr>101</gpxtpx:hr>
      </gpxtpx:TrackPointExtension>
     </extensions>
   </trkpt>
   <trkpt lat="-2.5986520" lon="-43.0649230">
    <ele>16.4</ele>
    <time>2026-06-16T15:23:28Z</time>
     <extensions>
      <gpxtpx:TrackPointExtension>
       <gpxtpx:hr>100</gpxtpx:hr>
      </gpxtpx:TrackPointExtension>
     </extensions>
   </trkpt>
   <trkpt lat="-2.5986480" lon="-43.0649230">
    <ele>16.4</ele>
    <time>2026-06-16T15:23:33Z</time>
     <extensions>
      <gpxtpx:TrackPointExtension>
       <gpxtpx:hr>105</gpxtpx:hr>
      </gpxtpx:TrackPointExtension>
     </extensions>
   </trkpt>
   <trkpt lat="-2.5986430" lon="-43.0649230">
    <ele>16.4</ele>
    <time>2026-06-16T15:23:38Z</time>
     <extensions>
      <gpxtpx:TrackPointExtension>
       <gpxtpx:hr>99</gpxtpx:hr>
      </gpxtpx:TrackPointExtension>
     </extensions>
   </trkpt>
   <trkpt lat="-2.5986410" lon="-43.0649310">
    <ele>16.4</ele>
    <time>2026-06-16T15:23:43Z</time>
     <extensions>
      <gpxtpx:TrackPointExtension>
       <gpxtpx:hr>106</gpxtpx:hr>
      </gpxtpx:TrackPointExtension>
     </extensions>
   </trkpt>
   <trkpt lat="-2.5986350" lon="-43.0649440">
    <ele>16.4</ele>
    <time>2026-06-16T15:23:48Z</time>
     <extensions>
      <gpxtpx:TrackPointExtension>
       <gpxtpx:hr>106</gpxtpx:hr>
      </gpxtpx:TrackPointExtension>
     </extensions>
   </trkpt>
   <trkpt lat="-2.5986230" lon="-43.0649740">
    <ele>16.2</ele>
    <time>2026-06-16T15:23:53Z</time>
     <extensions>
      <gpxtpx:TrackPointExtension>
       <gpxtpx:hr>99</gpxtpx:hr>
      </gpxtpx:TrackPointExtension>
     </extensions>
   </trkpt>
   <trkpt lat="-2.5986000" lon="-43.0650170">
    <ele>16.2</ele>
    <time>2026-06-16T15:23:58Z</time>
     <extensions>
      <gpxtpx:TrackPointExtension>
       <gpxtpx:hr>109</gpxtpx:hr>
      </gpxtpx:TrackPointExtension>
     </extensions>
   </trkpt>
   <trkpt lat="-2.5985740" lon="-43.0650460">
    <ele>16.2</ele>
    <time>2026-06-16T15:24:03Z</time>
     <extensions>
      <gpxtpx:TrackPointExtension>
       <gpxtpx:hr>108</gpxtpx:hr>
      </gpxtpx:TrackPointExtension>
     </extensions>
   </trkpt>
   <trkpt lat="-2.5985370" lon="-43.0650820">
    <ele>16.2</ele>
    <time>2026-06-16T15:24:08Z</time>
     <extensions>
      <gpxtpx:TrackPointExtension>
       <gpxtpx:hr>100</gpxtpx:hr>
      </gpxtpx:TrackPointExtension>
     </extensions>
   </trkpt>
   <trkpt lat="-2.5984890" lon="-43.0651070">
    <ele>16.2</ele>
    <time>2026-06-16T15:24:13Z</time>
     <extensions>
      <gpxtpx:TrackPointExtension>
       <gpxtpx:hr>103</gpxtpx:hr>
      </gpxtpx:TrackPointExtension>
     </extensions>
   </trkpt>
   <trkpt lat="-2.5984420" lon="-43.0651260">
    <ele>16.2</ele>
    <time>2026-06-16T15:24:18Z</time>
     <extensions>
      <gpxtpx:TrackPointExtension>
       <gpxtpx:hr>105</gpxtpx:hr>
      </gpxtpx:TrackPointExtension>
     </extensions>
   </trkpt>
   <trkpt lat="-2.5984060" lon="-43.0651420">
    <ele>16.0</ele>
    <time>2026-06-16T15:24:23Z</time>
     <extensions>
      <gpxtpx:TrackPointExtension>
       <gpxtpx:hr>110</gpxtpx:hr>
      </gpxtpx:TrackPointExtension>
     </extensions>
   </trkpt>
   <trkpt lat="-2.5983780" lon="-43.0651800">
    <ele>16.0</ele>
    <time>2026-06-16T15:24:28Z</time>
     <extensions>
      <gpxtpx:TrackPointExtension>
       <gpxtpx:hr>111</gpxtpx:hr>
      </gpxtpx:TrackPointExtension>
     </extensions>
   </trkpt>
   <trkpt lat="-2.5983480" lon="-43.0652250">
    <ele>16.0</ele>
    <time>2026-06-16T15:24:33Z</time>
     <extensions>
      <gpxtpx:TrackPointExtension>
       <gpxtpx:hr>109</gpxtpx:hr>
      </gpxtpx:TrackPointExtension>
     </extensions>
   </trkpt>
   <trkpt lat="-2.5983090" lon="-43.0652570">
    <ele>16.0</ele>
    <time>2026-06-16T15:24:38Z</time>
     <extensions>
      <gpxtpx:TrackPointExtension>
       <gpxtpx:hr>111</gpxtpx:hr>
      </gpxtpx:TrackPointExtension>
     </extensions>
   </trkpt>
   <trkpt lat="-2.5982650" lon="-43.0652900">
    <ele>16.0</ele>
    <time>2026-06-16T15:24:43Z</time>
     <extensions>
      <gpxtpx:TrackPointExtension>
       <gpxtpx:hr>111</gpxtpx:hr>
      </gpxtpx:TrackPointExtension>
     </extensions>
   </trkpt>
   <trkpt lat="-2.5982350" lon="-43.0653210">
    <ele>16.0</ele>
    <time>2026-06-16T15:24:48Z</time>
     <extensions>
      <gpxtpx:TrackPointExtension>
       <gpxtpx:hr>116</gpxtpx:hr>
      </gpxtpx:TrackPointExtension>
     </extensions>
   </trkpt>
   <trkpt lat="-2.5982010" lon="-43.0653480">
    <ele>16.0</ele>
    <time>2026-06-16T15:24:53Z</time>
     <extensions>
      <gpxtpx:TrackPointExtension>
       <gpxtpx:hr>117</gpxtpx:hr>
      </gpxtpx:TrackPointExtension>
     </extensions>
   </trkpt>
   <trkpt lat="-2.5981730" lon="-43.0653780">
    <ele>16.0</ele>
    <time>2026-06-16T15:24:58Z</time>
     <extensions>
      <gpxtpx:TrackPointExtension>
       <gpxtpx:hr>110</gpxtpx:hr>
      </gpxtpx:TrackPointExtension>
     </extensions>
   </trkpt>
   <trkpt lat="-2.5981360" lon="-43.0654010">
    <ele>16.0</ele>
    <time>2026-06-16T15:25:03Z</time>
     <extensions>
      <gpxtpx:TrackPointExtension>
       <gpxtpx:hr>110</gpxtpx:hr>
      </gpxtpx:TrackPointExtension>
     </extensions>
   </trkpt>
   <trkpt lat="-2.5980900" lon="-43.0654290">
    <ele>16.0</ele>
    <time>2026-06-16T15:25:08Z</time>
     <extensions>
      <gpxtpx:TrackPointExtension>
       <gpxtpx:hr>111</gpxtpx:hr>
      </gpxtpx:TrackPointExtension>
     </extensions>
   </trkpt>
   <trkpt lat="-2.5980540" lon="-43.0654480">
    <ele>16.2</ele>
    <time>2026-06-16T15:25:13Z</time>
     <extensions>
      <gpxtpx:TrackPointExtension>
       <gpxtpx:hr>113</gpxtpx:hr>
      </gpxtpx:TrackPointExtension>
     </extensions>
   </trkpt>
   <trkpt lat="-2.5980200" lon="-43.0654700">
    <ele>16.4</ele>
    <time>2026-06-16T15:25:18Z</time>
     <extensions>
      <gpxtpx:TrackPointExtension>
       <gpxtpx:hr>114</gpxtpx:hr>
      </gpxtpx:TrackPointExtension>
     </extensions>
   </trkpt>
   <trkpt lat="-2.5979870" lon="-43.0654910">
    <ele>16.6</ele>
    <time>2026-06-16T15:25:23Z</time>
     <extensions>
      <gpxtpx:TrackPointExtension>
       <gpxtpx:hr>116</gpxtpx:hr>
      </gpxtpx:TrackPointExtension>
     </extensions>
   </trkpt>
   <trkpt lat="-2.5979380" lon="-43.0654980">
    <ele>16.8</ele>
    <time>2026-06-16T15:25:28Z</time>
     <extensions>
      <gpxtpx:TrackPointExtension>
       <gpxtpx:hr>116</gpxtpx:hr>
      </gpxtpx:TrackPointExtension>
     </extensions>
   </trkpt>
   <trkpt lat="-2.5978890" lon="-43.0655070">
    <ele>16.8</ele>
    <time>2026-06-16T15:25:33Z</time>
     <extensions>
      <gpxtpx:TrackPointExtension>
       <gpxtpx:hr>120</gpxtpx:hr>
      </gpxtpx:TrackPointExtension>
     </extensions>
   </trkpt>
   <trkpt lat="-2.5978420" lon="-43.0655100">
    <ele>16.8</ele>
    <time>2026-06-16T15:25:38Z</time>
     <extensions>
      <gpxtpx:TrackPointExtension>
       <gpxtpx:hr>121</gpxtpx:hr>
      </gpxtpx:TrackPointExtension>
     </extensions>
   </trkpt>
   <trkpt lat="-2.5977990" lon="-43.0655150">
    <ele>16.8</ele>
    <time>2026-06-16T15:25:43Z</time>
     <extensions>
      <gpxtpx:TrackPointExtension>
       <gpxtpx:hr>120</gpxtpx:hr>
      </gpxtpx:TrackPointExtension>
     </extensions>
   </trkpt>
   <trkpt lat="-2.5977520" lon="-43.0655130">
    <ele>16.6</ele>
    <time>2026-06-16T15:25:48Z</time>
     <extensions>
      <gpxtpx:TrackPointExtension>
       <gpxtpx:hr>122</gpxtpx:hr>
      </gpxtpx:TrackPointExtension>
     </extensions>
   </trkpt>
   <trkpt lat="-2.5977070" lon="-43.0655220">
    <ele>16.6</ele>
    <time>2026-06-16T15:25:53Z</time>
     <extensions>
      <gpxtpx:TrackPointExtension>
       <gpxtpx:hr>122</gpxtpx:hr>
      </gpxtpx:TrackPointExtension>
     </extensions>
   </trkpt>
   <trkpt lat="-2.5976730" lon="-43.0655240">
    <ele>16.4</ele>
    <time>2026-06-16T15:25:58Z</time>
     <extensions>
      <gpxtpx:TrackPointExtension>
       <gpxtpx:hr>125</gpxtpx:hr>
      </gpxtpx:TrackPointExtension>
     </extensions>
   </trkpt>
   <trkpt lat="-2.5976310" lon="-43.0655120">
    <ele>16.4</ele>
    <time>2026-06-16T15:26:03Z</time>
     <extensions>
      <gpxtpx:TrackPointExtension>
       <gpxtpx:hr>125</gpxtpx:hr>
      </gpxtpx:TrackPointExtension>
     </extensions>
   </trkpt>
   <trkpt lat="-2.5976160" lon="-43.0655330">
    <ele>16.2</ele>
    <time>2026-06-16T15:26:08Z</time>
     <extensions>
      <gpxtpx:TrackPointExtension>
       <gpxtpx:hr>124</gpxtpx:hr>
      </gpxtpx:TrackPointExtension>
     </extensions>
   </trkpt>
   <trkpt lat="-2.5976250" lon="-43.0655520">
    <ele>16.2</ele>
    <time>2026-06-16T15:26:13Z</time>
     <extensions>
      <gpxtpx:TrackPointExtension>
       <gpxtpx:hr>118</gpxtpx:hr>
      </gpxtpx:TrackPointExtension>
     </extensions>
   </trkpt>
   <trkpt lat="-2.5976160" lon="-43.0655580">
    <ele>16.2</ele>
    <time>2026-06-16T15:26:18Z</time>
     <extensions>
      <gpxtpx:TrackPointExtension>
       <gpxtpx:hr>123</gpxtpx:hr>
      </gpxtpx:TrackPointExtension>
     </extensions>
   </trkpt>
   <trkpt lat="-2.5975710" lon="-43.0655660">
    <ele>16.2</ele>
    <time>2026-06-16T15:26:23Z</time>
     <extensions>
      <gpxtpx:TrackPointExtension>
       <gpxtpx:hr>123</gpxtpx:hr>
      </gpxtpx:TrackPointExtension>
     </extensions>
   </trkpt>
   <trkpt lat="-2.5975230" lon="-43.0655520">
    <ele>16.2</ele>
    <time>2026-06-16T15:26:28Z</time>
     <extensions>
      <gpxtpx:TrackPointExtension>
       <gpxtpx:hr>123</gpxtpx:hr>
      </gpxtpx:TrackPointExtension>
     </extensions>
   </trkpt>
   <trkpt lat="-2.5974860" lon="-43.0655510">
    <ele>16.4</ele>
    <time>2026-06-16T15:26:33Z</time>
     <extensions>
      <gpxtpx:TrackPointExtension>
       <gpxtpx:hr>118</gpxtpx:hr>
      </gpxtpx:TrackPointExtension>
     </extensions>
   </trkpt>
   <trkpt lat="-2.5974460" lon="-43.0655290">
    <ele>16.6</ele>
    <time>2026-06-16T15:26:38Z</time>
     <extensions>
      <gpxtpx:TrackPointExtension>
       <gpxtpx:hr>119</gpxtpx:hr>
      </gpxtpx:TrackPointExtension>
     </extensions>
   </trkpt>
   <trkpt lat="-2.5974000" lon="-43.0655030">
    <ele>16.4</ele>
    <time>2026-06-16T15:26:43Z</time>
     <extensions>
      <gpxtpx:TrackPointExtension>
       <gpxtpx:hr>119</gpxtpx:hr>
      </gpxtpx:TrackPointExtension>
     </extensions>
   </trkpt>
   <trkpt lat="-2.5973520" lon="-43.0654650">
    <ele>16.4</ele>
    <time>2026-06-16T15:26:48Z</time>
     <extensions>
      <gpxtpx:TrackPointExtension>
       <gpxtpx:hr>114</gpxtpx:hr>
      </gpxtpx:TrackPointExtension>
     </extensions>
   </trkpt>
   <trkpt lat="-2.5973110" lon="-43.0654460">
    <ele>16.4</ele>
    <time>2026-06-16T15:26:53Z</time>
     <extensions>
      <gpxtpx:TrackPointExtension>
       <gpxtpx:hr>113</gpxtpx:hr>
      </gpxtpx:TrackPointExtension>
     </extensions>
   </trkpt>
   <trkpt lat="-2.5972580" lon="-43.0654380">
    <ele>16.4</ele>
    <time>2026-06-16T15:26:58Z</time>
     <extensions>
      <gpxtpx:TrackPointExtension>
       <gpxtpx:hr>116</gpxtpx:hr>
      </gpxtpx:TrackPointExtension>
     </extensions>
   </trkpt>
   <trkpt lat="-2.5972070" lon="-43.0654320">
    <ele>16.4</ele>
    <time>2026-06-16T15:27:03Z</time>
     <extensions>
      <gpxtpx:TrackPointExtension>
       <gpxtpx:hr>118</gpxtpx:hr>
      </gpxtpx:TrackPointExtension>
     </extensions>
   </trkpt>
   <trkpt lat="-2.5971600" lon="-43.0654400">
    <ele>16.4</ele>
    <time>2026-06-16T15:27:08Z</time>
     <extensions>
      <gpxtpx:TrackPointExtension>
       <gpxtpx:hr>116</gpxtpx:hr>
      </gpxtpx:TrackPointExtension>
     </extensions>
   </trkpt>
   <trkpt lat="-2.5971150" lon="-43.0654530">
    <ele>16.4</ele>
    <time>2026-06-16T15:27:13Z</time>
     <extensions>
      <gpxtpx:TrackPointExtension>
       <gpxtpx:hr>115</gpxtpx:hr>
      </gpxtpx:TrackPointExtension>
     </extensions>
   </trkpt>
   <trkpt lat="-2.5970680" lon="-43.0654660">
    <ele>16.4</ele>
    <time>2026-06-16T15:27:18Z</time>
     <extensions>
      <gpxtpx:TrackPointExtension>
       <gpxtpx:hr>115</gpxtpx:hr>
      </gpxtpx:TrackPointExtension>
     </extensions>
   </trkpt>
   <trkpt lat="-2.5970230" lon="-43.0654680">
    <ele>16.4</ele>
    <time>2026-06-16T15:27:23Z</time>
     <extensions>
      <gpxtpx:TrackPointExtension>
       <gpxtpx:hr>117</gpxtpx:hr>
      </gpxtpx:TrackPointExtension>
     </extensions>
   </trkpt>
   <trkpt lat="-2.5969850" lon="-43.0654720">
    <ele>16.6</ele>
    <time>2026-06-16T15:27:28Z</time>
     <extensions>
      <gpxtpx:TrackPointExtension>
       <gpxtpx:hr>117</gpxtpx:hr>
      </gpxtpx:TrackPointExtension>
     </extensions>
   </trkpt>
   <trkpt lat="-2.5969540" lon="-43.0654740">
    <ele>16.8</ele>
    <time>2026-06-16T15:27:33Z</time>
     <extensions>
      <gpxtpx:TrackPointExtension>
       <gpxtpx:hr>121</gpxtpx:hr>
      </gpxtpx:TrackPointExtension>
     </extensions>
   </trkpt>
   <trkpt lat="-2.5969160" lon="-43.0654730">
    <ele>16.8</ele>
    <time>2026-06-16T15:27:38Z</time>
     <extensions>
      <gpxtpx:TrackPointExtension>
       <gpxtpx:hr>126</gpxtpx:hr>
      </gpxtpx:TrackPointExtension>
     </extensions>
   </trkpt>
   <trkpt lat="-2.5968730" lon="-43.0654780">
    <ele>16.6</ele>
    <time>2026-06-16T15:27:43Z</time>
     <extensions>
      <gpxtpx:TrackPointExtension>
       <gpxtpx:hr>129</gpxtpx:hr>
      </gpxtpx:TrackPointExtension>
     </extensions>
   </trkpt>
   <trkpt lat="-2.5968330" lon="-43.0654850">
    <ele>16.8</ele>
    <time>2026-06-16T15:27:48Z</time>
     <extensions>
      <gpxtpx:TrackPointExtension>
       <gpxtpx:hr>128</gpxtpx:hr>
      </gpxtpx:TrackPointExtension>
     </extensions>
   </trkpt>
   <trkpt lat="-2.5968000" lon="-43.0655030">
    <ele>16.8</ele>
    <time>2026-06-16T15:27:53Z</time>
     <extensions>
      <gpxtpx:TrackPointExtension>
       <gpxtpx:hr>128</gpxtpx:hr>
      </gpxtpx:TrackPointExtension>
     </extensions>
   </trkpt>
   <trkpt lat="-2.5967760" lon="-43.0655370">
    <ele>17.2</ele>
    <time>2026-06-16T15:27:58Z</time>
     <extensions>
      <gpxtpx:TrackPointExtension>
       <gpxtpx:hr>124</gpxtpx:hr>
      </gpxtpx:TrackPointExtension>
     </extensions>
   </trkpt>
   <trkpt lat="-2.5967640" lon="-43.0655790">
    <ele>17.8</ele>
    <time>2026-06-16T15:28:03Z</time>
     <extensions>
      <gpxtpx:TrackPointExtension>
       <gpxtpx:hr>128</gpxtpx:hr>
      </gpxtpx:TrackPointExtension>
     </extensions>
   </trkpt>
   <trkpt lat="-2.5967380" lon="-43.0656080">
    <ele>18.4</ele>
    <time>2026-06-16T15:28:08Z</time>
     <extensions>
      <gpxtpx:TrackPointExtension>
       <gpxtpx:hr>131</gpxtpx:hr>
      </gpxtpx:TrackPointExtension>
     </extensions>
   </trkpt>
   <trkpt lat="-2.5967160" lon="-43.0656340">
    <ele>19.0</ele>
    <time>2026-06-16T15:28:13Z</time>
     <extensions>
      <gpxtpx:TrackPointExtension>
       <gpxtpx:hr>131</gpxtpx:hr>
      </gpxtpx:TrackPointExtension>
     </extensions>
   </trkpt>
   <trkpt lat="-2.5967000" lon="-43.0656680">
    <ele>19.6</ele>
    <time>2026-06-16T15:28:18Z</time>
     <extensions>
      <gpxtpx:TrackPointExtension>
       <gpxtpx:hr>134</gpxtpx:hr>
      </gpxtpx:TrackPointExtension>
     </extensions>
   </trkpt>
   <trkpt lat="-2.5966660" lon="-43.0657020">
    <ele>20.2</ele>
    <time>2026-06-16T15:28:23Z</time>
     <extensions>
      <gpxtpx:TrackPointExtension>
       <gpxtpx:hr>138</gpxtpx:hr>
      </gpxtpx:TrackPointExtension>
     </extensions>
   </trkpt>
   <trkpt lat="-2.5966480" lon="-43.0657240">
    <ele>20.6</ele>
    <time>2026-06-16T15:28:28Z</time>
     <extensions>
      <gpxtpx:TrackPointExtension>
       <gpxtpx:hr>140</gpxtpx:hr>
      </gpxtpx:TrackPointExtension>
     </extensions>
   </trkpt>
   <trkpt lat="-2.5966340" lon="-43.0657650">
    <ele>20.6</ele>
    <time>2026-06-16T15:28:33Z</time>
     <extensions>
      <gpxtpx:TrackPointExtension>
       <gpxtpx:hr>145</gpxtpx:hr>
      </gpxtpx:TrackPointExtension>
     </extensions>
   </trkpt>
   <trkpt lat="-2.5965950" lon="-43.0657910">
    <ele>20.8</ele>
    <time>2026-06-16T15:28:38Z</time>
     <extensions>
      <gpxtpx:TrackPointExtension>
       <gpxtpx:hr>144</gpxtpx:hr>
      </gpxtpx:TrackPointExtension>
     </extensions>
   </trkpt>
   <trkpt lat="-2.5965840" lon="-43.0657880">
    <ele>21.0</ele>
    <time>2026-06-16T15:28:43Z</time>
     <extensions>
      <gpxtpx:TrackPointExtension>
       <gpxtpx:hr>145</gpxtpx:hr>
      </gpxtpx:TrackPointExtension>
     </extensions>
   </trkpt>
   <trkpt lat="-2.5965870" lon="-43.0657860">
    <ele>21.0</ele>
    <time>2026-06-16T15:28:48Z</time>
     <extensions>
      <gpxtpx:TrackPointExtension>
       <gpxtpx:hr>144</gpxtpx:hr>
      </gpxtpx:TrackPointExtension>
     </extensions>
   </trkpt>
   <trkpt lat="-2.5965870" lon="-43.0657810">
    <ele>21.2</ele>
    <time>2026-06-16T15:28:53Z</time>
     <extensions>
      <gpxtpx:TrackPointExtension>
       <gpxtpx:hr>144</gpxtpx:hr>
      </gpxtpx:TrackPointExtension>
     </extensions>
   </trkpt>
   <trkpt lat="-2.5965820" lon="-43.0657680">
    <ele>21.0</ele>
    <time>2026-06-16T15:28:58Z</time>
     <extensions>
      <gpxtpx:TrackPointExtension>
       <gpxtpx:hr>142</gpxtpx:hr>
      </gpxtpx:TrackPointExtension>
     </extensions>
   </trkpt>
   <trkpt lat="-2.5965670" lon="-43.0657810">
    <ele>20.8</ele>
    <time>2026-06-16T15:29:03Z</time>
     <extensions>
      <gpxtpx:TrackPointExtension>
       <gpxtpx:hr>136</gpxtpx:hr>
      </gpxtpx:TrackPointExtension>
     </extensions>
   </trkpt>
   <trkpt lat="-2.5965460" lon="-43.0658110">
    <ele>20.8</ele>
    <time>2026-06-16T15:29:08Z</time>
     <extensions>
      <gpxtpx:TrackPointExtension>
       <gpxtpx:hr>135</gpxtpx:hr>
      </gpxtpx:TrackPointExtension>
     </extensions>
   </trkpt>
   <trkpt lat="-2.5965230" lon="-43.0658520">
    <ele>21.0</ele>
    <time>2026-06-16T15:29:13Z</time>
     <extensions>
      <gpxtpx:TrackPointExtension>
       <gpxtpx:hr>136</gpxtpx:hr>
      </gpxtpx:TrackPointExtension>
     </extensions>
   </trkpt>
   <trkpt lat="-2.5964900" lon="-43.0658940">
    <ele>21.0</ele>
    <time>2026-06-16T15:29:18Z</time>
     <extensions>
      <gpxtpx:TrackPointExtension>
       <gpxtpx:hr>129</gpxtpx:hr>
      </gpxtpx:TrackPointExtension>
     </extensions>
   </trkpt>
   <trkpt lat="-2.5964680" lon="-43.0659330">
    <ele>20.8</ele>
    <time>2026-06-16T15:29:23Z</time>
     <extensions>
      <gpxtpx:TrackPointExtension>
       <gpxtpx:hr>124</gpxtpx:hr>
      </gpxtpx:TrackPointExtension>
     </extensions>
   </trkpt>
   <trkpt lat="-2.5964500" lon="-43.0659750">
    <ele>21.0</ele>
    <time>2026-06-16T15:29:28Z</time>
     <extensions>
      <gpxtpx:TrackPointExtension>
       <gpxtpx:hr>121</gpxtpx:hr>
      </gpxtpx:TrackPointExtension>
     </extensions>
   </trkpt>
   <trkpt lat="-2.5964210" lon="-43.0660080">
    <ele>21.2</ele>
    <time>2026-06-16T15:29:33Z</time>
     <extensions>
      <gpxtpx:TrackPointExtension>
       <gpxtpx:hr>122</gpxtpx:hr>
      </gpxtpx:TrackPointExtension>
     </extensions>
   </trkpt>
   <trkpt lat="-2.5964060" lon="-43.0660430">
    <ele>21.8</ele>
    <time>2026-06-16T15:29:38Z</time>
     <extensions>
      <gpxtpx:TrackPointExtension>
       <gpxtpx:hr>121</gpxtpx:hr>
      </gpxtpx:TrackPointExtension>
     </extensions>
   </trkpt>
   <trkpt lat="-2.5964050" lon="-43.0660900">
    <ele>22.8</ele>
    <time>2026-06-16T15:29:43Z</time>
     <extensions>
      <gpxtpx:TrackPointExtension>
       <gpxtpx:hr>121</gpxtpx:hr>
      </gpxtpx:TrackPointExtension>
     </extensions>
   </trkpt>
   <trkpt lat="-2.5964000" lon="-43.0661240">
    <ele>23.4</ele>
    <time>2026-06-16T15:29:48Z</time>
     <extensions>
      <gpxtpx:TrackPointExtension>
       <gpxtpx:hr>122</gpxtpx:hr>
      </gpxtpx:TrackPointExtension>
     </extensions>
   </trkpt>
   <trkpt lat="-2.5963960" lon="-43.0661630">
    <ele>23.8</ele>
    <time>2026-06-16T15:29:53Z</time>
     <extensions>
      <gpxtpx:TrackPointExtension>
       <gpxtpx:hr>122</gpxtpx:hr>
      </gpxtpx:TrackPointExtension>
     </extensions>
   </trkpt>
   <trkpt lat="-2.5963920" lon="-43.0662050">
    <ele>24.2</ele>
    <time>2026-06-16T15:29:58Z</time>
     <extensions>
      <gpxtpx:TrackPointExtension>
       <gpxtpx:hr>124</gpxtpx:hr>
      </gpxtpx:TrackPointExtension>
     </extensions>
   </trkpt>
   <trkpt lat="-2.5963830" lon="-43.0662540">
    <ele>24.4</ele>
    <time>2026-06-16T15:30:03Z</time>
     <extensions>
      <gpxtpx:TrackPointExtension>
       <gpxtpx:hr>130</gpxtpx:hr>
      </gpxtpx:TrackPointExtension>
     </extensions>
   </trkpt>
   <trkpt lat="-2.5963610" lon="-43.0662590">
    <ele>24.6</ele>
    <time>2026-06-16T15:30:08Z</time>
     <extensions>
      <gpxtpx:TrackPointExtension>
       <gpxtpx:hr>136</gpxtpx:hr>
      </gpxtpx:TrackPointExtension>
     </extensions>
   </trkpt>
   <trkpt lat="-2.5963580" lon="-43.0662540">
    <ele>24.8</ele>
    <time>2026-06-16T15:30:13Z</time>
     <extensions>
      <gpxtpx:TrackPointExtension>
       <gpxtpx:hr>144</gpxtpx:hr>
      </gpxtpx:TrackPointExtension>
     </extensions>
   </trkpt>
   <trkpt lat="-2.5963500" lon="-43.0662680">
    <ele>24.8</ele>
    <time>2026-06-16T15:30:18Z</time>
     <extensions>
      <gpxtpx:TrackPointExtension>
       <gpxtpx:hr>142</gpxtpx:hr>
      </gpxtpx:TrackPointExtension>
     </extensions>
   </trkpt>
   <trkpt lat="-2.5963250" lon="-43.0662880">
    <ele>24.8</ele>
    <time>2026-06-16T15:30:23Z</time>
     <extensions>
      <gpxtpx:TrackPointExtension>
       <gpxtpx:hr>143</gpxtpx:hr>
      </gpxtpx:TrackPointExtension>
     </extensions>
   </trkpt>
   <trkpt lat="-2.5962860" lon="-43.0663040">
    <ele>24.6</ele>
    <time>2026-06-16T15:30:28Z</time>
     <extensions>
      <gpxtpx:TrackPointExtension>
       <gpxtpx:hr>143</gpxtpx:hr>
      </gpxtpx:TrackPointExtension>
     </extensions>
   </trkpt>
   <trkpt lat="-2.5962710" lon="-43.0663080">
    <ele>24.6</ele>
    <time>2026-06-16T15:30:33Z</time>
     <extensions>
      <gpxtpx:TrackPointExtension>
       <gpxtpx:hr>142</gpxtpx:hr>
      </gpxtpx:TrackPointExtension>
     </extensions>
   </trkpt>
   <trkpt lat="-2.5962700" lon="-43.0663110">
    <ele>24.8</ele>
    <time>2026-06-16T15:30:38Z</time>
     <extensions>
      <gpxtpx:TrackPointExtension>
       <gpxtpx:hr>130</gpxtpx:hr>
      </gpxtpx:TrackPointExtension>
     </extensions>
   </trkpt>
   <trkpt lat="-2.5962490" lon="-43.0663340">
    <ele>24.6</ele>
    <time>2026-06-16T15:30:43Z</time>
     <extensions>
      <gpxtpx:TrackPointExtension>
       <gpxtpx:hr>127</gpxtpx:hr>
      </gpxtpx:TrackPointExtension>
     </extensions>
   </trkpt>
   <trkpt lat="-2.5962140" lon="-43.0663640">
    <ele>24.4</ele>
    <time>2026-06-16T15:30:48Z</time>
     <extensions>
      <gpxtpx:TrackPointExtension>
       <gpxtpx:hr>125</gpxtpx:hr>
      </gpxtpx:TrackPointExtension>
     </extensions>
   </trkpt>
   <trkpt lat="-2.5961800" lon="-43.0663920">
    <ele>24.0</ele>
    <time>2026-06-16T15:30:53Z</time>
     <extensions>
      <gpxtpx:TrackPointExtension>
       <gpxtpx:hr>122</gpxtpx:hr>
      </gpxtpx:TrackPointExtension>
     </extensions>
   </trkpt>
   <trkpt lat="-2.5961480" lon="-43.0664220">
    <ele>23.6</ele>
    <time>2026-06-16T15:30:58Z</time>
     <extensions>
      <gpxtpx:TrackPointExtension>
       <gpxtpx:hr>121</gpxtpx:hr>
      </gpxtpx:TrackPointExtension>
     </extensions>
   </trkpt>
   <trkpt lat="-2.5961100" lon="-43.0664550">
    <ele>23.0</ele>
    <time>2026-06-16T15:31:03Z</time>
     <extensions>
      <gpxtpx:TrackPointExtension>
       <gpxtpx:hr>111</gpxtpx:hr>
      </gpxtpx:TrackPointExtension>
     </extensions>
   </trkpt>
   <trkpt lat="-2.5960820" lon="-43.0665010">
    <ele>22.6</ele>
    <time>2026-06-16T15:31:08Z</time>
     <extensions>
      <gpxtpx:TrackPointExtension>
       <gpxtpx:hr>103</gpxtpx:hr>
      </gpxtpx:TrackPointExtension>
     </extensions>
   </trkpt>
   <trkpt lat="-2.5960570" lon="-43.0665410">
    <ele>22.0</ele>
    <time>2026-06-16T15:31:13Z</time>
     <extensions>
      <gpxtpx:TrackPointExtension>
       <gpxtpx:hr>101</gpxtpx:hr>
      </gpxtpx:TrackPointExtension>
     </extensions>
   </trkpt>
   <trkpt lat="-2.5960310" lon="-43.0665810">
    <ele>21.8</ele>
    <time>2026-06-16T15:31:18Z</time>
     <extensions>
      <gpxtpx:TrackPointExtension>
       <gpxtpx:hr>99</gpxtpx:hr>
      </gpxtpx:TrackPointExtension>
     </extensions>
   </trkpt>
   <trkpt lat="-2.5960030" lon="-43.0666010">
    <ele>22.0</ele>
    <time>2026-06-16T15:31:23Z</time>
     <extensions>
      <gpxtpx:TrackPointExtension>
       <gpxtpx:hr>103</gpxtpx:hr>
      </gpxtpx:TrackPointExtension>
     </extensions>
   </trkpt>
   <trkpt lat="-2.5959680" lon="-43.0666270">
    <ele>22.4</ele>
    <time>2026-06-16T15:31:28Z</time>
     <extensions>
      <gpxtpx:TrackPointExtension>
       <gpxtpx:hr>103</gpxtpx:hr>
      </gpxtpx:TrackPointExtension>
     </extensions>
   </trkpt>
   <trkpt lat="-2.5959270" lon="-43.0666600">
    <ele>22.4</ele>
    <time>2026-06-16T15:31:33Z</time>
     <extensions>
      <gpxtpx:TrackPointExtension>
       <gpxtpx:hr>109</gpxtpx:hr>
      </gpxtpx:TrackPointExtension>
     </extensions>
   </trkpt>
   <trkpt lat="-2.5958870" lon="-43.0666950">
    <ele>22.2</ele>
    <time>2026-06-16T15:31:38Z</time>
     <extensions>
      <gpxtpx:TrackPointExtension>
       <gpxtpx:hr>113</gpxtpx:hr>
      </gpxtpx:TrackPointExtension>
     </extensions>
   </trkpt>
   <trkpt lat="-2.5958460" lon="-43.0667270">
    <ele>21.6</ele>
    <time>2026-06-16T15:31:43Z</time>
     <extensions>
      <gpxtpx:TrackPointExtension>
       <gpxtpx:hr>112</gpxtpx:hr>
      </gpxtpx:TrackPointExtension>
     </extensions>
   </trkpt>
   <trkpt lat="-2.5957940" lon="-43.0667460">
    <ele>20.8</ele>
    <time>2026-06-16T15:31:48Z</time>
     <extensions>
      <gpxtpx:TrackPointExtension>
       <gpxtpx:hr>113</gpxtpx:hr>
      </gpxtpx:TrackPointExtension>
     </extensions>
   </trkpt>
   <trkpt lat="-2.5957390" lon="-43.0667710">
    <ele>20.2</ele>
    <time>2026-06-16T15:31:53Z</time>
     <extensions>
      <gpxtpx:TrackPointExtension>
       <gpxtpx:hr>108</gpxtpx:hr>
      </gpxtpx:TrackPointExtension>
     </extensions>
   </trkpt>
   <trkpt lat="-2.5956870" lon="-43.0667980">
    <ele>20.0</ele>
    <time>2026-06-16T15:31:58Z</time>
     <extensions>
      <gpxtpx:TrackPointExtension>
       <gpxtpx:hr>110</gpxtpx:hr>
      </gpxtpx:TrackPointExtension>
     </extensions>
   </trkpt>
   <trkpt lat="-2.5956580" lon="-43.0668110">
    <ele>20.2</ele>
    <time>2026-06-16T15:32:03Z</time>
     <extensions>
      <gpxtpx:TrackPointExtension>
       <gpxtpx:hr>101</gpxtpx:hr>
      </gpxtpx:TrackPointExtension>
     </extensions>
   </trkpt>
   <trkpt lat="-2.5956330" lon="-43.0668250">
    <ele>20.8</ele>
    <time>2026-06-16T15:32:08Z</time>
     <extensions>
      <gpxtpx:TrackPointExtension>
       <gpxtpx:hr>104</gpxtpx:hr>
      </gpxtpx:TrackPointExtension>
     </extensions>
   </trkpt>
   <trkpt lat="-2.5956050" lon="-43.0668380">
    <ele>21.4</ele>
    <time>2026-06-16T15:32:13Z</time>
     <extensions>
      <gpxtpx:TrackPointExtension>
       <gpxtpx:hr>105</gpxtpx:hr>
      </gpxtpx:TrackPointExtension>
     </extensions>
   </trkpt>
   <trkpt lat="-2.5955800" lon="-43.0668490">
    <ele>22.2</ele>
    <time>2026-06-16T15:32:18Z</time>
     <extensions>
      <gpxtpx:TrackPointExtension>
       <gpxtpx:hr>114</gpxtpx:hr>
      </gpxtpx:TrackPointExtension>
     </extensions>
   </trkpt>
   <trkpt lat="-2.5955550" lon="-43.0668520">
    <ele>22.8</ele>
    <time>2026-06-16T15:32:23Z</time>
     <extensions>
      <gpxtpx:TrackPointExtension>
       <gpxtpx:hr>121</gpxtpx:hr>
      </gpxtpx:TrackPointExtension>
     </extensions>
   </trkpt>
   <trkpt lat="-2.5955300" lon="-43.0668400">
    <ele>23.4</ele>
    <time>2026-06-16T15:32:28Z</time>
     <extensions>
      <gpxtpx:TrackPointExtension>
       <gpxtpx:hr>122</gpxtpx:hr>
      </gpxtpx:TrackPointExtension>
     </extensions>
   </trkpt>
   <trkpt lat="-2.5955020" lon="-43.0668300">
    <ele>24.0</ele>
    <time>2026-06-16T15:32:33Z</time>
     <extensions>
      <gpxtpx:TrackPointExtension>
       <gpxtpx:hr>127</gpxtpx:hr>
      </gpxtpx:TrackPointExtension>
     </extensions>
   </trkpt>
   <trkpt lat="-2.5954450" lon="-43.0668310">
    <ele>24.4</ele>
    <time>2026-06-16T15:32:38Z</time>
     <extensions>
      <gpxtpx:TrackPointExtension>
       <gpxtpx:hr>127</gpxtpx:hr>
      </gpxtpx:TrackPointExtension>
     </extensions>
   </trkpt>
   <trkpt lat="-2.5953810" lon="-43.0668230">
    <ele>24.4</ele>
    <time>2026-06-16T15:32:43Z</time>
     <extensions>
      <gpxtpx:TrackPointExtension>
       <gpxtpx:hr>125</gpxtpx:hr>
      </gpxtpx:TrackPointExtension>
     </extensions>
   </trkpt>
   <trkpt lat="-2.5953250" lon="-43.0668180">
    <ele>24.4</ele>
    <time>2026-06-16T15:32:48Z</time>
     <extensions>
      <gpxtpx:TrackPointExtension>
       <gpxtpx:hr>126</gpxtpx:hr>
      </gpxtpx:TrackPointExtension>
     </extensions>
   </trkpt>
   <trkpt lat="-2.5952700" lon="-43.0668210">
    <ele>24.6</ele>
    <time>2026-06-16T15:32:53Z</time>
     <extensions>
      <gpxtpx:TrackPointExtension>
       <gpxtpx:hr>126</gpxtpx:hr>
      </gpxtpx:TrackPointExtension>
     </extensions>
   </trkpt>
   <trkpt lat="-2.5952170" lon="-43.0668310">
    <ele>24.6</ele>
    <time>2026-06-16T15:32:58Z</time>
     <extensions>
      <gpxtpx:TrackPointExtension>
       <gpxtpx:hr>123</gpxtpx:hr>
      </gpxtpx:TrackPointExtension>
     </extensions>
   </trkpt>
   <trkpt lat="-2.5951660" lon="-43.0668450">
    <ele>24.8</ele>
    <time>2026-06-16T15:33:03Z</time>
     <extensions>
      <gpxtpx:TrackPointExtension>
       <gpxtpx:hr>124</gpxtpx:hr>
      </gpxtpx:TrackPointExtension>
     </extensions>
   </trkpt>
   <trkpt lat="-2.5951160" lon="-43.0668620">
    <ele>24.8</ele>
    <time>2026-06-16T15:33:08Z</time>
     <extensions>
      <gpxtpx:TrackPointExtension>
       <gpxtpx:hr>126</gpxtpx:hr>
      </gpxtpx:TrackPointExtension>
     </extensions>
   </trkpt>
   <trkpt lat="-2.5950710" lon="-43.0668830">
    <ele>24.8</ele>
    <time>2026-06-16T15:33:13Z</time>
     <extensions>
      <gpxtpx:TrackPointExtension>
       <gpxtpx:hr>125</gpxtpx:hr>
      </gpxtpx:TrackPointExtension>
     </extensions>
   </trkpt>
   <trkpt lat="-2.5950350" lon="-43.0668930">
    <ele>25.2</ele>
    <time>2026-06-16T15:33:18Z</time>
     <extensions>
      <gpxtpx:TrackPointExtension>
       <gpxtpx:hr>125</gpxtpx:hr>
      </gpxtpx:TrackPointExtension>
     </extensions>
   </trkpt>
   <trkpt lat="-2.5949880" lon="-43.0668870">
    <ele>25.4</ele>
    <time>2026-06-16T15:33:23Z</time>
     <extensions>
      <gpxtpx:TrackPointExtension>
       <gpxtpx:hr>129</gpxtpx:hr>
      </gpxtpx:TrackPointExtension>
     </extensions>
   </trkpt>
   <trkpt lat="-2.5949450" lon="-43.0668720">
    <ele>25.6</ele>
    <time>2026-06-16T15:33:28Z</time>
     <extensions>
      <gpxtpx:TrackPointExtension>
       <gpxtpx:hr>129</gpxtpx:hr>
      </gpxtpx:TrackPointExtension>
     </extensions>
   </trkpt>
   <trkpt lat="-2.5948960" lon="-43.0668580">
    <ele>25.4</ele>
    <time>2026-06-16T15:33:33Z</time>
     <extensions>
      <gpxtpx:TrackPointExtension>
       <gpxtpx:hr>122</gpxtpx:hr>
      </gpxtpx:TrackPointExtension>
     </extensions>
   </trkpt>
   <trkpt lat="-2.5948470" lon="-43.0668590">
    <ele>24.8</ele>
    <time>2026-06-16T15:33:38Z</time>
     <extensions>
      <gpxtpx:TrackPointExtension>
       <gpxtpx:hr>122</gpxtpx:hr>
      </gpxtpx:TrackPointExtension>
     </extensions>
   </trkpt>
   <trkpt lat="-2.5947970" lon="-43.0668860">
    <ele>23.8</ele>
    <time>2026-06-16T15:33:43Z</time>
     <extensions>
      <gpxtpx:TrackPointExtension>
       <gpxtpx:hr>124</gpxtpx:hr>
      </gpxtpx:TrackPointExtension>
     </extensions>
   </trkpt>
   <trkpt lat="-2.5947510" lon="-43.0669230">
    <ele>23.0</ele>
    <time>2026-06-16T15:33:48Z</time>
     <extensions>
      <gpxtpx:TrackPointExtension>
       <gpxtpx:hr>123</gpxtpx:hr>
      </gpxtpx:TrackPointExtension>
     </extensions>
   </trkpt>
   <trkpt lat="-2.5947300" lon="-43.0669810">
    <ele>22.4</ele>
    <time>2026-06-16T15:33:53Z</time>
     <extensions>
      <gpxtpx:TrackPointExtension>
       <gpxtpx:hr>121</gpxtpx:hr>
      </gpxtpx:TrackPointExtension>
     </extensions>
   </trkpt>
   <trkpt lat="-2.5947300" lon="-43.0670350">
    <ele>22.2</ele>
    <time>2026-06-16T15:33:58Z</time>
     <extensions>
      <gpxtpx:TrackPointExtension>
       <gpxtpx:hr>112</gpxtpx:hr>
      </gpxtpx:TrackPointExtension>
     </extensions>
   </trkpt>
   <trkpt lat="-2.5947260" lon="-43.0670930">
    <ele>22.0</ele>
    <time>2026-06-16T15:34:03Z</time>
     <extensions>
      <gpxtpx:TrackPointExtension>
       <gpxtpx:hr>109</gpxtpx:hr>
      </gpxtpx:TrackPointExtension>
     </extensions>
   </trkpt>
   <trkpt lat="-2.5947250" lon="-43.0671420">
    <ele>21.8</ele>
    <time>2026-06-16T15:34:08Z</time>
     <extensions>
      <gpxtpx:TrackPointExtension>
       <gpxtpx:hr>108</gpxtpx:hr>
      </gpxtpx:TrackPointExtension>
     </extensions>
   </trkpt>
   <trkpt lat="-2.5947130" lon="-43.0671860">
    <ele>22.0</ele>
    <time>2026-06-16T15:34:13Z</time>
     <extensions>
      <gpxtpx:TrackPointExtension>
       <gpxtpx:hr>116</gpxtpx:hr>
      </gpxtpx:TrackPointExtension>
     </extensions>
   </trkpt>
   <trkpt lat="-2.5947020" lon="-43.0672250">
    <ele>21.8</ele>
    <time>2026-06-16T15:34:18Z</time>
     <extensions>
      <gpxtpx:TrackPointExtension>
       <gpxtpx:hr>115</gpxtpx:hr>
      </gpxtpx:TrackPointExtension>
     </extensions>
   </trkpt>
   <trkpt lat="-2.5946880" lon="-43.0672460">
    <ele>21.6</ele>
    <time>2026-06-16T15:34:23Z</time>
     <extensions>
      <gpxtpx:TrackPointExtension>
       <gpxtpx:hr>115</gpxtpx:hr>
      </gpxtpx:TrackPointExtension>
     </extensions>
   </trkpt>
   <trkpt lat="-2.5946890" lon="-43.0672380">
    <ele>21.4</ele>
    <time>2026-06-16T15:34:28Z</time>
     <extensions>
      <gpxtpx:TrackPointExtension>
       <gpxtpx:hr>113</gpxtpx:hr>
      </gpxtpx:TrackPointExtension>
     </extensions>
   </trkpt>
   <trkpt lat="-2.5946900" lon="-43.0672370">
    <ele>21.2</ele>
    <time>2026-06-16T15:34:33Z</time>
     <extensions>
      <gpxtpx:TrackPointExtension>
       <gpxtpx:hr>114</gpxtpx:hr>
      </gpxtpx:TrackPointExtension>
     </extensions>
   </trkpt>
   <trkpt lat="-2.5946860" lon="-43.0672450">
    <ele>21.2</ele>
    <time>2026-06-16T15:34:38Z</time>
     <extensions>
      <gpxtpx:TrackPointExtension>
       <gpxtpx:hr>120</gpxtpx:hr>
      </gpxtpx:TrackPointExtension>
     </extensions>
   </trkpt>
   <trkpt lat="-2.5946690" lon="-43.0672660">
    <ele>20.8</ele>
    <time>2026-06-16T15:34:43Z</time>
     <extensions>
      <gpxtpx:TrackPointExtension>
       <gpxtpx:hr>108</gpxtpx:hr>
      </gpxtpx:TrackPointExtension>
     </extensions>
   </trkpt>
   <trkpt lat="-2.5946470" lon="-43.0673070">
    <ele>20.2</ele>
    <time>2026-06-16T15:34:48Z</time>
     <extensions>
      <gpxtpx:TrackPointExtension>
       <gpxtpx:hr>105</gpxtpx:hr>
      </gpxtpx:TrackPointExtension>
     </extensions>
   </trkpt>
   <trkpt lat="-2.5946390" lon="-43.0673700">
    <ele>19.6</ele>
    <time>2026-06-16T15:34:53Z</time>
     <extensions>
      <gpxtpx:TrackPointExtension>
       <gpxtpx:hr>107</gpxtpx:hr>
      </gpxtpx:TrackPointExtension>
     </extensions>
   </trkpt>
   <trkpt lat="-2.5946110" lon="-43.0674120">
    <ele>19.0</ele>
    <time>2026-06-16T15:34:58Z</time>
     <extensions>
      <gpxtpx:TrackPointExtension>
       <gpxtpx:hr>110</gpxtpx:hr>
      </gpxtpx:TrackPointExtension>
     </extensions>
   </trkpt>
   <trkpt lat="-2.5945910" lon="-43.0674560">
    <ele>19.0</ele>
    <time>2026-06-16T15:35:03Z</time>
     <extensions>
      <gpxtpx:TrackPointExtension>
       <gpxtpx:hr>111</gpxtpx:hr>
      </gpxtpx:TrackPointExtension>
     </extensions>
   </trkpt>
   <trkpt lat="-2.5945740" lon="-43.0675000">
    <ele>18.8</ele>
    <time>2026-06-16T15:35:08Z</time>
     <extensions>
      <gpxtpx:TrackPointExtension>
       <gpxtpx:hr>109</gpxtpx:hr>
      </gpxtpx:TrackPointExtension>
     </extensions>
   </trkpt>
   <trkpt lat="-2.5945560" lon="-43.0675450">
    <ele>18.6</ele>
    <time>2026-06-16T15:35:13Z</time>
     <extensions>
      <gpxtpx:TrackPointExtension>
       <gpxtpx:hr>111</gpxtpx:hr>
      </gpxtpx:TrackPointExtension>
     </extensions>
   </trkpt>
   <trkpt lat="-2.5945390" lon="-43.0675910">
    <ele>18.4</ele>
    <time>2026-06-16T15:35:18Z</time>
     <extensions>
      <gpxtpx:TrackPointExtension>
       <gpxtpx:hr>113</gpxtpx:hr>
      </gpxtpx:TrackPointExtension>
     </extensions>
   </trkpt>
   <trkpt lat="-2.5945350" lon="-43.0676450">
    <ele>18.0</ele>
    <time>2026-06-16T15:35:23Z</time>
     <extensions>
      <gpxtpx:TrackPointExtension>
       <gpxtpx:hr>113</gpxtpx:hr>
      </gpxtpx:TrackPointExtension>
     </extensions>
   </trkpt>
   <trkpt lat="-2.5945270" lon="-43.0676980">
    <ele>17.4</ele>
    <time>2026-06-16T15:35:29Z</time>
     <extensions>
      <gpxtpx:TrackPointExtension>
       <gpxtpx:hr>116</gpxtpx:hr>
      </gpxtpx:TrackPointExtension>
     </extensions>
   </trkpt>
   <trkpt lat="-2.5945160" lon="-43.0677430">
    <ele>17.0</ele>
    <time>2026-06-16T15:35:34Z</time>
     <extensions>
      <gpxtpx:TrackPointExtension>
       <gpxtpx:hr>117</gpxtpx:hr>
      </gpxtpx:TrackPointExtension>
     </extensions>
   </trkpt>
   <trkpt lat="-2.5945010" lon="-43.0677880">
    <ele>16.6</ele>
    <time>2026-06-16T15:35:39Z</time>
     <extensions>
      <gpxtpx:TrackPointExtension>
       <gpxtpx:hr>117</gpxtpx:hr>
      </gpxtpx:TrackPointExtension>
     </extensions>
   </trkpt>
   <trkpt lat="-2.5944910" lon="-43.0678360">
    <ele>16.2</ele>
    <time>2026-06-16T15:35:44Z</time>
     <extensions>
      <gpxtpx:TrackPointExtension>
       <gpxtpx:hr>110</gpxtpx:hr>
      </gpxtpx:TrackPointExtension>
     </extensions>
   </trkpt>
   <trkpt lat="-2.5944900" lon="-43.0678880">
    <ele>16.0</ele>
    <time>2026-06-16T15:35:49Z</time>
     <extensions>
      <gpxtpx:TrackPointExtension>
       <gpxtpx:hr>111</gpxtpx:hr>
      </gpxtpx:TrackPointExtension>
     </extensions>
   </trkpt>
   <trkpt lat="-2.5944820" lon="-43.0679390">
    <ele>15.8</ele>
    <time>2026-06-16T15:35:54Z</time>
     <extensions>
      <gpxtpx:TrackPointExtension>
       <gpxtpx:hr>110</gpxtpx:hr>
      </gpxtpx:TrackPointExtension>
     </extensions>
   </trkpt>
   <trkpt lat="-2.5944820" lon="-43.0679940">
    <ele>15.8</ele>
    <time>2026-06-16T15:35:59Z</time>
     <extensions>
      <gpxtpx:TrackPointExtension>
       <gpxtpx:hr>114</gpxtpx:hr>
      </gpxtpx:TrackPointExtension>
     </extensions>
   </trkpt>
   <trkpt lat="-2.5944740" lon="-43.0680480">
    <ele>15.8</ele>
    <time>2026-06-16T15:36:04Z</time>
     <extensions>
      <gpxtpx:TrackPointExtension>
       <gpxtpx:hr>115</gpxtpx:hr>
      </gpxtpx:TrackPointExtension>
     </extensions>
   </trkpt>
   <trkpt lat="-2.5944570" lon="-43.0680990">
    <ele>15.8</ele>
    <time>2026-06-16T15:36:09Z</time>
     <extensions>
      <gpxtpx:TrackPointExtension>
       <gpxtpx:hr>116</gpxtpx:hr>
      </gpxtpx:TrackPointExtension>
     </extensions>
   </trkpt>
   <trkpt lat="-2.5944380" lon="-43.0681560">
    <ele>15.8</ele>
    <time>2026-06-16T15:36:14Z</time>
     <extensions>
      <gpxtpx:TrackPointExtension>
       <gpxtpx:hr>118</gpxtpx:hr>
      </gpxtpx:TrackPointExtension>
     </extensions>
   </trkpt>
   <trkpt lat="-2.5944150" lon="-43.0682020">
    <ele>15.8</ele>
    <time>2026-06-16T15:36:19Z</time>
     <extensions>
      <gpxtpx:TrackPointExtension>
       <gpxtpx:hr>118</gpxtpx:hr>
      </gpxtpx:TrackPointExtension>
     </extensions>
   </trkpt>
   <trkpt lat="-2.5943990" lon="-43.0682580">
    <ele>15.8</ele>
    <time>2026-06-16T15:36:24Z</time>
     <extensions>
      <gpxtpx:TrackPointExtension>
       <gpxtpx:hr>116</gpxtpx:hr>
      </gpxtpx:TrackPointExtension>
     </extensions>
   </trkpt>
   <trkpt lat="-2.5943980" lon="-43.0683170">
    <ele>15.8</ele>
    <time>2026-06-16T15:36:29Z</time>
     <extensions>
      <gpxtpx:TrackPointExtension>
       <gpxtpx:hr>115</gpxtpx:hr>
      </gpxtpx:TrackPointExtension>
     </extensions>
   </trkpt>
   <trkpt lat="-2.5943920" lon="-43.0683730">
    <ele>15.6</ele>
    <time>2026-06-16T15:36:34Z</time>
     <extensions>
      <gpxtpx:TrackPointExtension>
       <gpxtpx:hr>114</gpxtpx:hr>
      </gpxtpx:TrackPointExtension>
     </extensions>
   </trkpt>
   <trkpt lat="-2.5943920" lon="-43.0684180">
    <ele>15.4</ele>
    <time>2026-06-16T15:36:39Z</time>
     <extensions>
      <gpxtpx:TrackPointExtension>
       <gpxtpx:hr>115</gpxtpx:hr>
      </gpxtpx:TrackPointExtension>
     </extensions>
   </trkpt>
   <trkpt lat="-2.5943990" lon="-43.0684670">
    <ele>15.4</ele>
    <time>2026-06-16T15:36:44Z</time>
     <extensions>
      <gpxtpx:TrackPointExtension>
       <gpxtpx:hr>115</gpxtpx:hr>
      </gpxtpx:TrackPointExtension>
     </extensions>
   </trkpt>
   <trkpt lat="-2.5944080" lon="-43.0685210">
    <ele>15.6</ele>
    <time>2026-06-16T15:36:49Z</time>
     <extensions>
      <gpxtpx:TrackPointExtension>
       <gpxtpx:hr>115</gpxtpx:hr>
      </gpxtpx:TrackPointExtension>
     </extensions>
   </trkpt>
   <trkpt lat="-2.5944200" lon="-43.0685770">
    <ele>15.6</ele>
    <time>2026-06-16T15:36:54Z</time>
     <extensions>
      <gpxtpx:TrackPointExtension>
       <gpxtpx:hr>116</gpxtpx:hr>
      </gpxtpx:TrackPointExtension>
     </extensions>
   </trkpt>
   <trkpt lat="-2.5944330" lon="-43.0686270">
    <ele>15.8</ele>
    <time>2026-06-16T15:36:59Z</time>
     <extensions>
      <gpxtpx:TrackPointExtension>
       <gpxtpx:hr>115</gpxtpx:hr>
      </gpxtpx:TrackPointExtension>
     </extensions>
   </trkpt>
   <trkpt lat="-2.5944440" lon="-43.0686780">
    <ele>16.0</ele>
    <time>2026-06-16T15:37:04Z</time>
     <extensions>
      <gpxtpx:TrackPointExtension>
       <gpxtpx:hr>114</gpxtpx:hr>
      </gpxtpx:TrackPointExtension>
     </extensions>
   </trkpt>
   <trkpt lat="-2.5944460" lon="-43.0687310">
    <ele>16.0</ele>
    <time>2026-06-16T15:37:09Z</time>
     <extensions>
      <gpxtpx:TrackPointExtension>
       <gpxtpx:hr>116</gpxtpx:hr>
      </gpxtpx:TrackPointExtension>
     </extensions>
   </trkpt>
   <trkpt lat="-2.5944510" lon="-43.0687850">
    <ele>16.0</ele>
    <time>2026-06-16T15:37:14Z</time>
     <extensions>
      <gpxtpx:TrackPointExtension>
       <gpxtpx:hr>116</gpxtpx:hr>
      </gpxtpx:TrackPointExtension>
     </extensions>
   </trkpt>
   <trkpt lat="-2.5944530" lon="-43.0688340">
    <ele>15.8</ele>
    <time>2026-06-16T15:37:19Z</time>
     <extensions>
      <gpxtpx:TrackPointExtension>
       <gpxtpx:hr>116</gpxtpx:hr>
      </gpxtpx:TrackPointExtension>
     </extensions>
   </trkpt>
   <trkpt lat="-2.5944560" lon="-43.0688850">
    <ele>15.8</ele>
    <time>2026-06-16T15:37:24Z</time>
     <extensions>
      <gpxtpx:TrackPointExtension>
       <gpxtpx:hr>116</gpxtpx:hr>
      </gpxtpx:TrackPointExtension>
     </extensions>
   </trkpt>
   <trkpt lat="-2.5944630" lon="-43.0689370">
    <ele>15.6</ele>
    <time>2026-06-16T15:37:29Z</time>
     <extensions>
      <gpxtpx:TrackPointExtension>
       <gpxtpx:hr>120</gpxtpx:hr>
      </gpxtpx:TrackPointExtension>
     </extensions>
   </trkpt>
   <trkpt lat="-2.5944670" lon="-43.0689900">
    <ele>15.6</ele>
    <time>2026-06-16T15:37:34Z</time>
     <extensions>
      <gpxtpx:TrackPointExtension>
       <gpxtpx:hr>120</gpxtpx:hr>
      </gpxtpx:TrackPointExtension>
     </extensions>
   </trkpt>
   <trkpt lat="-2.5944830" lon="-43.0690470">
    <ele>15.6</ele>
    <time>2026-06-16T15:37:39Z</time>
     <extensions>
      <gpxtpx:TrackPointExtension>
       <gpxtpx:hr>116</gpxtpx:hr>
      </gpxtpx:TrackPointExtension>
     </extensions>
   </trkpt>
   <trkpt lat="-2.5945020" lon="-43.0691060">
    <ele>15.4</ele>
    <time>2026-06-16T15:37:44Z</time>
     <extensions>
      <gpxtpx:TrackPointExtension>
       <gpxtpx:hr>116</gpxtpx:hr>
      </gpxtpx:TrackPointExtension>
     </extensions>
   </trkpt>
   <trkpt lat="-2.5945220" lon="-43.0691540">
    <ele>15.4</ele>
    <time>2026-06-16T15:37:49Z</time>
     <extensions>
      <gpxtpx:TrackPointExtension>
       <gpxtpx:hr>115</gpxtpx:hr>
      </gpxtpx:TrackPointExtension>
     </extensions>
   </trkpt>
   <trkpt lat="-2.5945260" lon="-43.0692040">
    <ele>15.4</ele>
    <time>2026-06-16T15:37:54Z</time>
     <extensions>
      <gpxtpx:TrackPointExtension>
       <gpxtpx:hr>108</gpxtpx:hr>
      </gpxtpx:TrackPointExtension>
     </extensions>
   </trkpt>
   <trkpt lat="-2.5945170" lon="-43.0692380">
    <ele>15.4</ele>
    <time>2026-06-16T15:37:59Z</time>
     <extensions>
      <gpxtpx:TrackPointExtension>
       <gpxtpx:hr>108</gpxtpx:hr>
      </gpxtpx:TrackPointExtension>
     </extensions>
   </trkpt>
   <trkpt lat="-2.5945130" lon="-43.0692360">
    <ele>15.6</ele>
    <time>2026-06-16T15:38:04Z</time>
     <extensions>
      <gpxtpx:TrackPointExtension>
       <gpxtpx:hr>113</gpxtpx:hr>
      </gpxtpx:TrackPointExtension>
     </extensions>
   </trkpt>
   <trkpt lat="-2.5945120" lon="-43.0692360">
    <ele>15.6</ele>
    <time>2026-06-16T15:38:09Z</time>
     <extensions>
      <gpxtpx:TrackPointExtension>
       <gpxtpx:hr>113</gpxtpx:hr>
      </gpxtpx:TrackPointExtension>
     </extensions>
   </trkpt>
   <trkpt lat="-2.5945150" lon="-43.0692340">
    <ele>15.6</ele>
    <time>2026-06-16T15:38:14Z</time>
     <extensions>
      <gpxtpx:TrackPointExtension>
       <gpxtpx:hr>113</gpxtpx:hr>
      </gpxtpx:TrackPointExtension>
     </extensions>
   </trkpt>
   <trkpt lat="-2.5945170" lon="-43.0692320">
    <ele>15.6</ele>
    <time>2026-06-16T15:38:19Z</time>
     <extensions>
      <gpxtpx:TrackPointExtension>
       <gpxtpx:hr>112</gpxtpx:hr>
      </gpxtpx:TrackPointExtension>
     </extensions>
   </trkpt>
   <trkpt lat="-2.5945150" lon="-43.0692370">
    <ele>15.6</ele>
    <time>2026-06-16T15:38:24Z</time>
     <extensions>
      <gpxtpx:TrackPointExtension>
       <gpxtpx:hr>111</gpxtpx:hr>
      </gpxtpx:TrackPointExtension>
     </extensions>
   </trkpt>
   <trkpt lat="-2.5945160" lon="-43.0692340">
    <ele>15.6</ele>
    <time>2026-06-16T15:38:29Z</time>
     <extensions>
      <gpxtpx:TrackPointExtension>
       <gpxtpx:hr>116</gpxtpx:hr>
      </gpxtpx:TrackPointExtension>
     </extensions>
   </trkpt>
   <trkpt lat="-2.5945150" lon="-43.0692310">
    <ele>15.4</ele>
    <time>2026-06-16T15:38:34Z</time>
     <extensions>
      <gpxtpx:TrackPointExtension>
       <gpxtpx:hr>111</gpxtpx:hr>
      </gpxtpx:TrackPointExtension>
     </extensions>
   </trkpt>
   <trkpt lat="-2.5945150" lon="-43.0692310">
    <ele>15.4</ele>
    <time>2026-06-16T15:38:39Z</time>
     <extensions>
      <gpxtpx:TrackPointExtension>
       <gpxtpx:hr>111</gpxtpx:hr>
      </gpxtpx:TrackPointExtension>
     </extensions>
   </trkpt>
   <trkpt lat="-2.5945130" lon="-43.0692300">
    <ele>15.4</ele>
    <time>2026-06-16T15:38:44Z</time>
     <extensions>
      <gpxtpx:TrackPointExtension>
       <gpxtpx:hr>98</gpxtpx:hr>
      </gpxtpx:TrackPointExtension>
     </extensions>
   </trkpt>
   <trkpt lat="-2.5945140" lon="-43.0692310">
    <ele>15.6</ele>
    <time>2026-06-16T15:38:49Z</time>
     <extensions>
      <gpxtpx:TrackPointExtension>
       <gpxtpx:hr>98</gpxtpx:hr>
      </gpxtpx:TrackPointExtension>
     </extensions>
   </trkpt>
   <trkpt lat="-2.5945210" lon="-43.0692430">
    <ele>15.6</ele>
    <time>2026-06-16T15:38:54Z</time>
     <extensions>
      <gpxtpx:TrackPointExtension>
       <gpxtpx:hr>101</gpxtpx:hr>
      </gpxtpx:TrackPointExtension>
     </extensions>
   </trkpt>
   <trkpt lat="-2.5945310" lon="-43.0692930">
    <ele>15.4</ele>
    <time>2026-06-16T15:38:59Z</time>
     <extensions>
      <gpxtpx:TrackPointExtension>
       <gpxtpx:hr>97</gpxtpx:hr>
      </gpxtpx:TrackPointExtension>
     </extensions>
   </trkpt>
   <trkpt lat="-2.5945290" lon="-43.0693300">
    <ele>15.4</ele>
    <time>2026-06-16T15:39:04Z</time>
     <extensions>
      <gpxtpx:TrackPointExtension>
       <gpxtpx:hr>97</gpxtpx:hr>
      </gpxtpx:TrackPointExtension>
     </extensions>
   </trkpt>
   <trkpt lat="-2.5945120" lon="-43.0693650">
    <ele>15.4</ele>
    <time>2026-06-16T15:39:09Z</time>
     <extensions>
      <gpxtpx:TrackPointExtension>
       <gpxtpx:hr>101</gpxtpx:hr>
      </gpxtpx:TrackPointExtension>
     </extensions>
   </trkpt>
   <trkpt lat="-2.5944950" lon="-43.0694090">
    <ele>15.4</ele>
    <time>2026-06-16T15:39:14Z</time>
     <extensions>
      <gpxtpx:TrackPointExtension>
       <gpxtpx:hr>102</gpxtpx:hr>
      </gpxtpx:TrackPointExtension>
     </extensions>
   </trkpt>
   <trkpt lat="-2.5944650" lon="-43.0694430">
    <ele>15.4</ele>
    <time>2026-06-16T15:39:19Z</time>
     <extensions>
      <gpxtpx:TrackPointExtension>
       <gpxtpx:hr>102</gpxtpx:hr>
      </gpxtpx:TrackPointExtension>
     </extensions>
   </trkpt>
   <trkpt lat="-2.5944360" lon="-43.0694760">
    <ele>15.4</ele>
    <time>2026-06-16T15:39:24Z</time>
     <extensions>
      <gpxtpx:TrackPointExtension>
       <gpxtpx:hr>105</gpxtpx:hr>
      </gpxtpx:TrackPointExtension>
     </extensions>
   </trkpt>
   <trkpt lat="-2.5944040" lon="-43.0695130">
    <ele>15.4</ele>
    <time>2026-06-16T15:39:29Z</time>
     <extensions>
      <gpxtpx:TrackPointExtension>
       <gpxtpx:hr>105</gpxtpx:hr>
      </gpxtpx:TrackPointExtension>
     </extensions>
   </trkpt>
   <trkpt lat="-2.5943720" lon="-43.0695500">
    <ele>15.4</ele>
    <time>2026-06-16T15:39:34Z</time>
     <extensions>
      <gpxtpx:TrackPointExtension>
       <gpxtpx:hr>105</gpxtpx:hr>
      </gpxtpx:TrackPointExtension>
     </extensions>
   </trkpt>
   <trkpt lat="-2.5943290" lon="-43.0695830">
    <ele>15.2</ele>
    <time>2026-06-16T15:39:39Z</time>
     <extensions>
      <gpxtpx:TrackPointExtension>
       <gpxtpx:hr>107</gpxtpx:hr>
      </gpxtpx:TrackPointExtension>
     </extensions>
   </trkpt>
   <trkpt lat="-2.5942850" lon="-43.0696090">
    <ele>15.4</ele>
    <time>2026-06-16T15:39:44Z</time>
     <extensions>
      <gpxtpx:TrackPointExtension>
       <gpxtpx:hr>109</gpxtpx:hr>
      </gpxtpx:TrackPointExtension>
     </extensions>
   </trkpt>
   <trkpt lat="-2.5942440" lon="-43.0696370">
    <ele>15.4</ele>
    <time>2026-06-16T15:39:49Z</time>
     <extensions>
      <gpxtpx:TrackPointExtension>
       <gpxtpx:hr>109</gpxtpx:hr>
      </gpxtpx:TrackPointExtension>
     </extensions>
   </trkpt>
   <trkpt lat="-2.5942020" lon="-43.0696620">
    <ele>15.4</ele>
    <time>2026-06-16T15:39:54Z</time>
     <extensions>
      <gpxtpx:TrackPointExtension>
       <gpxtpx:hr>109</gpxtpx:hr>
      </gpxtpx:TrackPointExtension>
     </extensions>
   </trkpt>
   <trkpt lat="-2.5941620" lon="-43.0696930">
    <ele>15.4</ele>
    <time>2026-06-16T15:39:59Z</time>
     <extensions>
      <gpxtpx:TrackPointExtension>
       <gpxtpx:hr>111</gpxtpx:hr>
      </gpxtpx:TrackPointExtension>
     </extensions>
   </trkpt>
   <trkpt lat="-2.5941300" lon="-43.0697220">
    <ele>15.6</ele>
    <time>2026-06-16T15:40:04Z</time>
     <extensions>
      <gpxtpx:TrackPointExtension>
       <gpxtpx:hr>109</gpxtpx:hr>
      </gpxtpx:TrackPointExtension>
     </extensions>
   </trkpt>
   <trkpt lat="-2.5940960" lon="-43.0697550">
    <ele>15.6</ele>
    <time>2026-06-16T15:40:09Z</time>
     <extensions>
      <gpxtpx:TrackPointExtension>
       <gpxtpx:hr>110</gpxtpx:hr>
      </gpxtpx:TrackPointExtension>
     </extensions>
   </trkpt>
   <trkpt lat="-2.5940700" lon="-43.0697910">
    <ele>15.8</ele>
    <time>2026-06-16T15:40:14Z</time>
     <extensions>
      <gpxtpx:TrackPointExtension>
       <gpxtpx:hr>110</gpxtpx:hr>
      </gpxtpx:TrackPointExtension>
     </extensions>
   </trkpt>
   <trkpt lat="-2.5940440" lon="-43.0698250">
    <ele>15.8</ele>
    <time>2026-06-16T15:40:19Z</time>
     <extensions>
      <gpxtpx:TrackPointExtension>
       <gpxtpx:hr>110</gpxtpx:hr>
      </gpxtpx:TrackPointExtension>
     </extensions>
   </trkpt>
   <trkpt lat="-2.5940180" lon="-43.0698650">
    <ele>15.8</ele>
    <time>2026-06-16T15:40:24Z</time>
     <extensions>
      <gpxtpx:TrackPointExtension>
       <gpxtpx:hr>111</gpxtpx:hr>
      </gpxtpx:TrackPointExtension>
     </extensions>
   </trkpt>
   <trkpt lat="-2.5939900" lon="-43.0699020">
    <ele>15.8</ele>
    <time>2026-06-16T15:40:29Z</time>
     <extensions>
      <gpxtpx:TrackPointExtension>
       <gpxtpx:hr>115</gpxtpx:hr>
      </gpxtpx:TrackPointExtension>
     </extensions>
   </trkpt>
   <trkpt lat="-2.5939670" lon="-43.0699440">
    <ele>15.6</ele>
    <time>2026-06-16T15:40:34Z</time>
     <extensions>
      <gpxtpx:TrackPointExtension>
       <gpxtpx:hr>115</gpxtpx:hr>
      </gpxtpx:TrackPointExtension>
     </extensions>
   </trkpt>
   <trkpt lat="-2.5939500" lon="-43.0699920">
    <ele>15.6</ele>
    <time>2026-06-16T15:40:39Z</time>
     <extensions>
      <gpxtpx:TrackPointExtension>
       <gpxtpx:hr>117</gpxtpx:hr>
      </gpxtpx:TrackPointExtension>
     </extensions>
   </trkpt>
   <trkpt lat="-2.5939440" lon="-43.0700380">
    <ele>15.6</ele>
    <time>2026-06-16T15:40:44Z</time>
     <extensions>
      <gpxtpx:TrackPointExtension>
       <gpxtpx:hr>117</gpxtpx:hr>
      </gpxtpx:TrackPointExtension>
     </extensions>
   </trkpt>
   <trkpt lat="-2.5939380" lon="-43.0700820">
    <ele>15.6</ele>
    <time>2026-06-16T15:40:49Z</time>
     <extensions>
      <gpxtpx:TrackPointExtension>
       <gpxtpx:hr>114</gpxtpx:hr>
      </gpxtpx:TrackPointExtension>
     </extensions>
   </trkpt>
   <trkpt lat="-2.5939250" lon="-43.0701290">
    <ele>15.8</ele>
    <time>2026-06-16T15:40:54Z</time>
     <extensions>
      <gpxtpx:TrackPointExtension>
       <gpxtpx:hr>116</gpxtpx:hr>
      </gpxtpx:TrackPointExtension>
     </extensions>
   </trkpt>
   <trkpt lat="-2.5939030" lon="-43.0701710">
    <ele>15.6</ele>
    <time>2026-06-16T15:40:59Z</time>
     <extensions>
      <gpxtpx:TrackPointExtension>
       <gpxtpx:hr>116</gpxtpx:hr>
      </gpxtpx:TrackPointExtension>
     </extensions>
   </trkpt>
   <trkpt lat="-2.5938800" lon="-43.0702050">
    <ele>15.6</ele>
    <time>2026-06-16T15:41:04Z</time>
     <extensions>
      <gpxtpx:TrackPointExtension>
       <gpxtpx:hr>116</gpxtpx:hr>
      </gpxtpx:TrackPointExtension>
     </extensions>
   </trkpt>
   <trkpt lat="-2.5938500" lon="-43.0702390">
    <ele>15.6</ele>
    <time>2026-06-16T15:41:09Z</time>
     <extensions>
      <gpxtpx:TrackPointExtension>
       <gpxtpx:hr>117</gpxtpx:hr>
      </gpxtpx:TrackPointExtension>
     </extensions>
   </trkpt>
   <trkpt lat="-2.5938240" lon="-43.0702720">
    <ele>15.6</ele>
    <time>2026-06-16T15:41:14Z</time>
     <extensions>
      <gpxtpx:TrackPointExtension>
       <gpxtpx:hr>117</gpxtpx:hr>
      </gpxtpx:TrackPointExtension>
     </extensions>
   </trkpt>
   <trkpt lat="-2.5937940" lon="-43.0703020">
    <ele>15.6</ele>
    <time>2026-06-16T15:41:19Z</time>
     <extensions>
      <gpxtpx:TrackPointExtension>
       <gpxtpx:hr>122</gpxtpx:hr>
      </gpxtpx:TrackPointExtension>
     </extensions>
   </trkpt>
   <trkpt lat="-2.5937630" lon="-43.0703350">
    <ele>15.6</ele>
    <time>2026-06-16T15:41:24Z</time>
     <extensions>
      <gpxtpx:TrackPointExtension>
       <gpxtpx:hr>122</gpxtpx:hr>
      </gpxtpx:TrackPointExtension>
     </extensions>
   </trkpt>
   <trkpt lat="-2.5937380" lon="-43.0703670">
    <ele>15.4</ele>
    <time>2026-06-16T15:41:29Z</time>
     <extensions>
      <gpxtpx:TrackPointExtension>
       <gpxtpx:hr>115</gpxtpx:hr>
      </gpxtpx:TrackPointExtension>
     </extensions>
   </trkpt>
   <trkpt lat="-2.5937050" lon="-43.0704020">
    <ele>15.4</ele>
    <time>2026-06-16T15:41:34Z</time>
     <extensions>
      <gpxtpx:TrackPointExtension>
       <gpxtpx:hr>116</gpxtpx:hr>
      </gpxtpx:TrackPointExtension>
     </extensions>
   </trkpt>
   <trkpt lat="-2.5936800" lon="-43.0704420">
    <ele>15.4</ele>
    <time>2026-06-16T15:41:39Z</time>
     <extensions>
      <gpxtpx:TrackPointExtension>
       <gpxtpx:hr>116</gpxtpx:hr>
      </gpxtpx:TrackPointExtension>
     </extensions>
   </trkpt>
   <trkpt lat="-2.5936560" lon="-43.0704750">
    <ele>15.6</ele>
    <time>2026-06-16T15:41:44Z</time>
     <extensions>
      <gpxtpx:TrackPointExtension>
       <gpxtpx:hr>115</gpxtpx:hr>
      </gpxtpx:TrackPointExtension>
     </extensions>
   </trkpt>
   <trkpt lat="-2.5936360" lon="-43.0705230">
    <ele>15.6</ele>
    <time>2026-06-16T15:41:49Z</time>
     <extensions>
      <gpxtpx:TrackPointExtension>
       <gpxtpx:hr>120</gpxtpx:hr>
      </gpxtpx:TrackPointExtension>
     </extensions>
   </trkpt>
   <trkpt lat="-2.5936150" lon="-43.0705630">
    <ele>15.6</ele>
    <time>2026-06-16T15:41:54Z</time>
     <extensions>
      <gpxtpx:TrackPointExtension>
       <gpxtpx:hr>120</gpxtpx:hr>
      </gpxtpx:TrackPointExtension>
     </extensions>
   </trkpt>
   <trkpt lat="-2.5935920" lon="-43.0705950">
    <ele>15.6</ele>
    <time>2026-06-16T15:41:59Z</time>
     <extensions>
      <gpxtpx:TrackPointExtension>
       <gpxtpx:hr>118</gpxtpx:hr>
      </gpxtpx:TrackPointExtension>
     </extensions>
   </trkpt>
   <trkpt lat="-2.5935660" lon="-43.0706300">
    <ele>15.6</ele>
    <time>2026-06-16T15:42:04Z</time>
     <extensions>
      <gpxtpx:TrackPointExtension>
       <gpxtpx:hr>118</gpxtpx:hr>
      </gpxtpx:TrackPointExtension>
     </extensions>
   </trkpt>
   <trkpt lat="-2.5935390" lon="-43.0706650">
    <ele>15.6</ele>
    <time>2026-06-16T15:42:09Z</time>
     <extensions>
      <gpxtpx:TrackPointExtension>
       <gpxtpx:hr>118</gpxtpx:hr>
      </gpxtpx:TrackPointExtension>
     </extensions>
   </trkpt>
   <trkpt lat="-2.5935150" lon="-43.0707020">
    <ele>15.4</ele>
    <time>2026-06-16T15:42:14Z</time>
     <extensions>
      <gpxtpx:TrackPointExtension>
       <gpxtpx:hr>116</gpxtpx:hr>
      </gpxtpx:TrackPointExtension>
     </extensions>
   </trkpt>
   <trkpt lat="-2.5935000" lon="-43.0707300">
    <ele>15.4</ele>
    <time>2026-06-16T15:42:19Z</time>
     <extensions>
      <gpxtpx:TrackPointExtension>
       <gpxtpx:hr>115</gpxtpx:hr>
      </gpxtpx:TrackPointExtension>
     </extensions>
   </trkpt>
   <trkpt lat="-2.5934920" lon="-43.0707430">
    <ele>15.4</ele>
    <time>2026-06-16T15:42:24Z</time>
     <extensions>
      <gpxtpx:TrackPointExtension>
       <gpxtpx:hr>113</gpxtpx:hr>
      </gpxtpx:TrackPointExtension>
     </extensions>
   </trkpt>
   <trkpt lat="-2.5934760" lon="-43.0707830">
    <ele>15.4</ele>
    <time>2026-06-16T15:42:29Z</time>
     <extensions>
      <gpxtpx:TrackPointExtension>
       <gpxtpx:hr>112</gpxtpx:hr>
      </gpxtpx:TrackPointExtension>
     </extensions>
   </trkpt>
   <trkpt lat="-2.5934690" lon="-43.0708010">
    <ele>15.4</ele>
    <time>2026-06-16T15:42:34Z</time>
     <extensions>
      <gpxtpx:TrackPointExtension>
       <gpxtpx:hr>112</gpxtpx:hr>
      </gpxtpx:TrackPointExtension>
     </extensions>
   </trkpt>
   <trkpt lat="-2.5934750" lon="-43.0707930">
    <ele>15.4</ele>
    <time>2026-06-16T15:42:39Z</time>
     <extensions>
      <gpxtpx:TrackPointExtension>
       <gpxtpx:hr>116</gpxtpx:hr>
      </gpxtpx:TrackPointExtension>
     </extensions>
   </trkpt>
   <trkpt lat="-2.5934730" lon="-43.0708140">
    <ele>15.4</ele>
    <time>2026-06-16T15:42:44Z</time>
     <extensions>
      <gpxtpx:TrackPointExtension>
       <gpxtpx:hr>121</gpxtpx:hr>
      </gpxtpx:TrackPointExtension>
     </extensions>
   </trkpt>
   <trkpt lat="-2.5934560" lon="-43.0708570">
    <ele>15.4</ele>
    <time>2026-06-16T15:42:49Z</time>
     <extensions>
      <gpxtpx:TrackPointExtension>
       <gpxtpx:hr>122</gpxtpx:hr>
      </gpxtpx:TrackPointExtension>
     </extensions>
   </trkpt>
   <trkpt lat="-2.5934360" lon="-43.0709060">
    <ele>15.2</ele>
    <time>2026-06-16T15:42:54Z</time>
     <extensions>
      <gpxtpx:TrackPointExtension>
       <gpxtpx:hr>122</gpxtpx:hr>
      </gpxtpx:TrackPointExtension>
     </extensions>
   </trkpt>
   <trkpt lat="-2.5934170" lon="-43.0709620">
    <ele>15.2</ele>
    <time>2026-06-16T15:42:59Z</time>
     <extensions>
      <gpxtpx:TrackPointExtension>
       <gpxtpx:hr>119</gpxtpx:hr>
      </gpxtpx:TrackPointExtension>
     </extensions>
   </trkpt>
   <trkpt lat="-2.5934050" lon="-43.0710130">
    <ele>15.2</ele>
    <time>2026-06-16T15:43:04Z</time>
     <extensions>
      <gpxtpx:TrackPointExtension>
       <gpxtpx:hr>118</gpxtpx:hr>
      </gpxtpx:TrackPointExtension>
     </extensions>
   </trkpt>
   <trkpt lat="-2.5933890" lon="-43.0710650">
    <ele>15.2</ele>
    <time>2026-06-16T15:43:09Z</time>
     <extensions>
      <gpxtpx:TrackPointExtension>
       <gpxtpx:hr>118</gpxtpx:hr>
      </gpxtpx:TrackPointExtension>
     </extensions>
   </trkpt>
   <trkpt lat="-2.5933790" lon="-43.0711180">
    <ele>15.0</ele>
    <time>2026-06-16T15:43:14Z</time>
     <extensions>
      <gpxtpx:TrackPointExtension>
       <gpxtpx:hr>118</gpxtpx:hr>
      </gpxtpx:TrackPointExtension>
     </extensions>
   </trkpt>
   <trkpt lat="-2.5933690" lon="-43.0711680">
    <ele>15.0</ele>
    <time>2026-06-16T15:43:19Z</time>
     <extensions>
      <gpxtpx:TrackPointExtension>
       <gpxtpx:hr>118</gpxtpx:hr>
      </gpxtpx:TrackPointExtension>
     </extensions>
   </trkpt>
   <trkpt lat="-2.5933700" lon="-43.0712200">
    <ele>14.8</ele>
    <time>2026-06-16T15:43:24Z</time>
     <extensions>
      <gpxtpx:TrackPointExtension>
       <gpxtpx:hr>118</gpxtpx:hr>
      </gpxtpx:TrackPointExtension>
     </extensions>
   </trkpt>
   <trkpt lat="-2.5933730" lon="-43.0712780">
    <ele>14.8</ele>
    <time>2026-06-16T15:43:29Z</time>
     <extensions>
      <gpxtpx:TrackPointExtension>
       <gpxtpx:hr>115</gpxtpx:hr>
      </gpxtpx:TrackPointExtension>
     </extensions>
   </trkpt>
   <trkpt lat="-2.5933880" lon="-43.0713370">
    <ele>14.8</ele>
    <time>2026-06-16T15:43:34Z</time>
     <extensions>
      <gpxtpx:TrackPointExtension>
       <gpxtpx:hr>116</gpxtpx:hr>
      </gpxtpx:TrackPointExtension>
     </extensions>
   </trkpt>
   <trkpt lat="-2.5934060" lon="-43.0713850">
    <ele>15.0</ele>
    <time>2026-06-16T15:43:39Z</time>
     <extensions>
      <gpxtpx:TrackPointExtension>
       <gpxtpx:hr>115</gpxtpx:hr>
      </gpxtpx:TrackPointExtension>
     </extensions>
   </trkpt>
   <trkpt lat="-2.5934220" lon="-43.0714350">
    <ele>14.8</ele>
    <time>2026-06-16T15:43:44Z</time>
     <extensions>
      <gpxtpx:TrackPointExtension>
       <gpxtpx:hr>116</gpxtpx:hr>
      </gpxtpx:TrackPointExtension>
     </extensions>
   </trkpt>
   <trkpt lat="-2.5934420" lon="-43.0714840">
    <ele>14.8</ele>
    <time>2026-06-16T15:43:49Z</time>
     <extensions>
      <gpxtpx:TrackPointExtension>
       <gpxtpx:hr>116</gpxtpx:hr>
      </gpxtpx:TrackPointExtension>
     </extensions>
   </trkpt>
   <trkpt lat="-2.5934650" lon="-43.0715330">
    <ele>14.6</ele>
    <time>2026-06-16T15:43:54Z</time>
     <extensions>
      <gpxtpx:TrackPointExtension>
       <gpxtpx:hr>117</gpxtpx:hr>
      </gpxtpx:TrackPointExtension>
     </extensions>
   </trkpt>
   <trkpt lat="-2.5934730" lon="-43.0715810">
    <ele>14.6</ele>
    <time>2026-06-16T15:43:59Z</time>
     <extensions>
      <gpxtpx:TrackPointExtension>
       <gpxtpx:hr>117</gpxtpx:hr>
      </gpxtpx:TrackPointExtension>
     </extensions>
   </trkpt>
   <trkpt lat="-2.5934610" lon="-43.0716330">
    <ele>14.4</ele>
    <time>2026-06-16T15:44:04Z</time>
     <extensions>
      <gpxtpx:TrackPointExtension>
       <gpxtpx:hr>117</gpxtpx:hr>
      </gpxtpx:TrackPointExtension>
     </extensions>
   </trkpt>
   <trkpt lat="-2.5934300" lon="-43.0716710">
    <ele>14.4</ele>
    <time>2026-06-16T15:44:09Z</time>
     <extensions>
      <gpxtpx:TrackPointExtension>
       <gpxtpx:hr>117</gpxtpx:hr>
      </gpxtpx:TrackPointExtension>
     </extensions>
   </trkpt>
   <trkpt lat="-2.5934030" lon="-43.0716900">
    <ele>14.6</ele>
    <time>2026-06-16T15:44:14Z</time>
     <extensions>
      <gpxtpx:TrackPointExtension>
       <gpxtpx:hr>116</gpxtpx:hr>
      </gpxtpx:TrackPointExtension>
     </extensions>
   </trkpt>
   <trkpt lat="-2.5933860" lon="-43.0717040">
    <ele>15.0</ele>
    <time>2026-06-16T15:44:19Z</time>
     <extensions>
      <gpxtpx:TrackPointExtension>
       <gpxtpx:hr>121</gpxtpx:hr>
      </gpxtpx:TrackPointExtension>
     </extensions>
   </trkpt>
   <trkpt lat="-2.5933710" lon="-43.0717150">
    <ele>15.4</ele>
    <time>2026-06-16T15:44:24Z</time>
     <extensions>
      <gpxtpx:TrackPointExtension>
       <gpxtpx:hr>126</gpxtpx:hr>
      </gpxtpx:TrackPointExtension>
     </extensions>
   </trkpt>
   <trkpt lat="-2.5933570" lon="-43.0717350">
    <ele>15.8</ele>
    <time>2026-06-16T15:44:29Z</time>
     <extensions>
      <gpxtpx:TrackPointExtension>
       <gpxtpx:hr>130</gpxtpx:hr>
      </gpxtpx:TrackPointExtension>
     </extensions>
   </trkpt>
   <trkpt lat="-2.5933430" lon="-43.0717450">
    <ele>16.2</ele>
    <time>2026-06-16T15:44:34Z</time>
     <extensions>
      <gpxtpx:TrackPointExtension>
       <gpxtpx:hr>130</gpxtpx:hr>
      </gpxtpx:TrackPointExtension>
     </extensions>
   </trkpt>
   <trkpt lat="-2.5933350" lon="-43.0717570">
    <ele>16.6</ele>
    <time>2026-06-16T15:44:39Z</time>
     <extensions>
      <gpxtpx:TrackPointExtension>
       <gpxtpx:hr>135</gpxtpx:hr>
      </gpxtpx:TrackPointExtension>
     </extensions>
   </trkpt>
   <trkpt lat="-2.5933210" lon="-43.0717750">
    <ele>17.0</ele>
    <time>2026-06-16T15:44:44Z</time>
     <extensions>
      <gpxtpx:TrackPointExtension>
       <gpxtpx:hr>134</gpxtpx:hr>
      </gpxtpx:TrackPointExtension>
     </extensions>
   </trkpt>
   <trkpt lat="-2.5933040" lon="-43.0717900">
    <ele>17.6</ele>
    <time>2026-06-16T15:44:49Z</time>
     <extensions>
      <gpxtpx:TrackPointExtension>
       <gpxtpx:hr>134</gpxtpx:hr>
      </gpxtpx:TrackPointExtension>
     </extensions>
   </trkpt>
   <trkpt lat="-2.5932880" lon="-43.0718110">
    <ele>18.0</ele>
    <time>2026-06-16T15:44:54Z</time>
     <extensions>
      <gpxtpx:TrackPointExtension>
       <gpxtpx:hr>134</gpxtpx:hr>
      </gpxtpx:TrackPointExtension>
     </extensions>
   </trkpt>
   <trkpt lat="-2.5932780" lon="-43.0718300">
    <ele>18.6</ele>
    <time>2026-06-16T15:44:59Z</time>
     <extensions>
      <gpxtpx:TrackPointExtension>
       <gpxtpx:hr>135</gpxtpx:hr>
      </gpxtpx:TrackPointExtension>
     </extensions>
   </trkpt>
   <trkpt lat="-2.5932640" lon="-43.0718470">
    <ele>19.0</ele>
    <time>2026-06-16T15:45:04Z</time>
     <extensions>
      <gpxtpx:TrackPointExtension>
       <gpxtpx:hr>135</gpxtpx:hr>
      </gpxtpx:TrackPointExtension>
     </extensions>
   </trkpt>
   <trkpt lat="-2.5932510" lon="-43.0718670">
    <ele>19.6</ele>
    <time>2026-06-16T15:45:09Z</time>
     <extensions>
      <gpxtpx:TrackPointExtension>
       <gpxtpx:hr>138</gpxtpx:hr>
      </gpxtpx:TrackPointExtension>
     </extensions>
   </trkpt>
   <trkpt lat="-2.5932390" lon="-43.0718800">
    <ele>20.0</ele>
    <time>2026-06-16T15:45:14Z</time>
     <extensions>
      <gpxtpx:TrackPointExtension>
       <gpxtpx:hr>140</gpxtpx:hr>
      </gpxtpx:TrackPointExtension>
     </extensions>
   </trkpt>
   <trkpt lat="-2.5932260" lon="-43.0719000">
    <ele>20.4</ele>
    <time>2026-06-16T15:45:19Z</time>
     <extensions>
      <gpxtpx:TrackPointExtension>
       <gpxtpx:hr>143</gpxtpx:hr>
      </gpxtpx:TrackPointExtension>
     </extensions>
   </trkpt>
   <trkpt lat="-2.5932350" lon="-43.0719510">
    <ele>20.8</ele>
    <time>2026-06-16T15:45:24Z</time>
     <extensions>
      <gpxtpx:TrackPointExtension>
       <gpxtpx:hr>141</gpxtpx:hr>
      </gpxtpx:TrackPointExtension>
     </extensions>
   </trkpt>
   <trkpt lat="-2.5932150" lon="-43.0719760">
    <ele>21.4</ele>
    <time>2026-06-16T15:45:29Z</time>
     <extensions>
      <gpxtpx:TrackPointExtension>
       <gpxtpx:hr>138</gpxtpx:hr>
      </gpxtpx:TrackPointExtension>
     </extensions>
   </trkpt>
   <trkpt lat="-2.5932000" lon="-43.0719910">
    <ele>22.2</ele>
    <time>2026-06-16T15:45:34Z</time>
     <extensions>
      <gpxtpx:TrackPointExtension>
       <gpxtpx:hr>138</gpxtpx:hr>
      </gpxtpx:TrackPointExtension>
     </extensions>
   </trkpt>
   <trkpt lat="-2.5931950" lon="-43.0720080">
    <ele>22.8</ele>
    <time>2026-06-16T15:45:39Z</time>
     <extensions>
      <gpxtpx:TrackPointExtension>
       <gpxtpx:hr>147</gpxtpx:hr>
      </gpxtpx:TrackPointExtension>
     </extensions>
   </trkpt>
   <trkpt lat="-2.5931840" lon="-43.0720310">
    <ele>23.2</ele>
    <time>2026-06-16T15:45:44Z</time>
     <extensions>
      <gpxtpx:TrackPointExtension>
       <gpxtpx:hr>149</gpxtpx:hr>
      </gpxtpx:TrackPointExtension>
     </extensions>
   </trkpt>
   <trkpt lat="-2.5931690" lon="-43.0720530">
    <ele>23.6</ele>
    <time>2026-06-16T15:45:49Z</time>
     <extensions>
      <gpxtpx:TrackPointExtension>
       <gpxtpx:hr>148</gpxtpx:hr>
      </gpxtpx:TrackPointExtension>
     </extensions>
   </trkpt>
   <trkpt lat="-2.5931590" lon="-43.0720760">
    <ele>23.8</ele>
    <time>2026-06-16T15:45:54Z</time>
     <extensions>
      <gpxtpx:TrackPointExtension>
       <gpxtpx:hr>148</gpxtpx:hr>
      </gpxtpx:TrackPointExtension>
     </extensions>
   </trkpt>
   <trkpt lat="-2.5931460" lon="-43.0721200">
    <ele>24.2</ele>
    <time>2026-06-16T15:45:59Z</time>
     <extensions>
      <gpxtpx:TrackPointExtension>
       <gpxtpx:hr>148</gpxtpx:hr>
      </gpxtpx:TrackPointExtension>
     </extensions>
   </trkpt>
   <trkpt lat="-2.5931210" lon="-43.0721720">
    <ele>24.4</ele>
    <time>2026-06-16T15:46:04Z</time>
     <extensions>
      <gpxtpx:TrackPointExtension>
       <gpxtpx:hr>148</gpxtpx:hr>
      </gpxtpx:TrackPointExtension>
     </extensions>
   </trkpt>
   <trkpt lat="-2.5931120" lon="-43.0722230">
    <ele>24.8</ele>
    <time>2026-06-16T15:46:09Z</time>
     <extensions>
      <gpxtpx:TrackPointExtension>
       <gpxtpx:hr>147</gpxtpx:hr>
      </gpxtpx:TrackPointExtension>
     </extensions>
   </trkpt>
   <trkpt lat="-2.5931110" lon="-43.0722820">
    <ele>24.8</ele>
    <time>2026-06-16T15:46:14Z</time>
     <extensions>
      <gpxtpx:TrackPointExtension>
       <gpxtpx:hr>146</gpxtpx:hr>
      </gpxtpx:TrackPointExtension>
     </extensions>
   </trkpt>
   <trkpt lat="-2.5931040" lon="-43.0723390">
    <ele>24.8</ele>
    <time>2026-06-16T15:46:19Z</time>
     <extensions>
      <gpxtpx:TrackPointExtension>
       <gpxtpx:hr>146</gpxtpx:hr>
      </gpxtpx:TrackPointExtension>
     </extensions>
   </trkpt>
   <trkpt lat="-2.5930880" lon="-43.0723890">
    <ele>24.8</ele>
    <time>2026-06-16T15:46:24Z</time>
     <extensions>
      <gpxtpx:TrackPointExtension>
       <gpxtpx:hr>141</gpxtpx:hr>
      </gpxtpx:TrackPointExtension>
     </extensions>
   </trkpt>
   <trkpt lat="-2.5930630" lon="-43.0724390">
    <ele>24.6</ele>
    <time>2026-06-16T15:46:29Z</time>
     <extensions>
      <gpxtpx:TrackPointExtension>
       <gpxtpx:hr>140</gpxtpx:hr>
      </gpxtpx:TrackPointExtension>
     </extensions>
   </trkpt>
   <trkpt lat="-2.5930340" lon="-43.0724870">
    <ele>24.4</ele>
    <time>2026-06-16T15:46:34Z</time>
     <extensions>
      <gpxtpx:TrackPointExtension>
       <gpxtpx:hr>137</gpxtpx:hr>
      </gpxtpx:TrackPointExtension>
     </extensions>
   </trkpt>
   <trkpt lat="-2.5930070" lon="-43.0725320">
    <ele>24.2</ele>
    <time>2026-06-16T15:46:39Z</time>
     <extensions>
      <gpxtpx:TrackPointExtension>
       <gpxtpx:hr>135</gpxtpx:hr>
      </gpxtpx:TrackPointExtension>
     </extensions>
   </trkpt>
   <trkpt lat="-2.5929830" lon="-43.0725720">
    <ele>23.8</ele>
    <time>2026-06-16T15:46:44Z</time>
     <extensions>
      <gpxtpx:TrackPointExtension>
       <gpxtpx:hr>130</gpxtpx:hr>
      </gpxtpx:TrackPointExtension>
     </extensions>
   </trkpt>
   <trkpt lat="-2.5929660" lon="-43.0726150">
    <ele>23.0</ele>
    <time>2026-06-16T15:46:49Z</time>
     <extensions>
      <gpxtpx:TrackPointExtension>
       <gpxtpx:hr>129</gpxtpx:hr>
      </gpxtpx:TrackPointExtension>
     </extensions>
   </trkpt>
   <trkpt lat="-2.5929470" lon="-43.0726720">
    <ele>22.4</ele>
    <time>2026-06-16T15:46:54Z</time>
     <extensions>
      <gpxtpx:TrackPointExtension>
       <gpxtpx:hr>129</gpxtpx:hr>
      </gpxtpx:TrackPointExtension>
     </extensions>
   </trkpt>
   <trkpt lat="-2.5929320" lon="-43.0727220">
    <ele>21.8</ele>
    <time>2026-06-16T15:46:59Z</time>
     <extensions>
      <gpxtpx:TrackPointExtension>
       <gpxtpx:hr>132</gpxtpx:hr>
      </gpxtpx:TrackPointExtension>
     </extensions>
   </trkpt>
   <trkpt lat="-2.5929020" lon="-43.0727720">
    <ele>21.0</ele>
    <time>2026-06-16T15:47:04Z</time>
     <extensions>
      <gpxtpx:TrackPointExtension>
       <gpxtpx:hr>126</gpxtpx:hr>
      </gpxtpx:TrackPointExtension>
     </extensions>
   </trkpt>
   <trkpt lat="-2.5928790" lon="-43.0728180">
    <ele>20.2</ele>
    <time>2026-06-16T15:47:09Z</time>
     <extensions>
      <gpxtpx:TrackPointExtension>
       <gpxtpx:hr>124</gpxtpx:hr>
      </gpxtpx:TrackPointExtension>
     </extensions>
   </trkpt>
   <trkpt lat="-2.5928670" lon="-43.0728640">
    <ele>19.6</ele>
    <time>2026-06-16T15:47:14Z</time>
     <extensions>
      <gpxtpx:TrackPointExtension>
       <gpxtpx:hr>125</gpxtpx:hr>
      </gpxtpx:TrackPointExtension>
     </extensions>
   </trkpt>
   <trkpt lat="-2.5928590" lon="-43.0729130">
    <ele>19.4</ele>
    <time>2026-06-16T15:47:19Z</time>
     <extensions>
      <gpxtpx:TrackPointExtension>
       <gpxtpx:hr>125</gpxtpx:hr>
      </gpxtpx:TrackPointExtension>
     </extensions>
   </trkpt>
   <trkpt lat="-2.5928590" lon="-43.0729590">
    <ele>19.2</ele>
    <time>2026-06-16T15:47:24Z</time>
     <extensions>
      <gpxtpx:TrackPointExtension>
       <gpxtpx:hr>117</gpxtpx:hr>
      </gpxtpx:TrackPointExtension>
     </extensions>
   </trkpt>
   <trkpt lat="-2.5928490" lon="-43.0730120">
    <ele>19.0</ele>
    <time>2026-06-16T15:47:29Z</time>
     <extensions>
      <gpxtpx:TrackPointExtension>
       <gpxtpx:hr>117</gpxtpx:hr>
      </gpxtpx:TrackPointExtension>
     </extensions>
   </trkpt>
   <trkpt lat="-2.5928430" lon="-43.0730580">
    <ele>18.8</ele>
    <time>2026-06-16T15:47:34Z</time>
     <extensions>
      <gpxtpx:TrackPointExtension>
       <gpxtpx:hr>114</gpxtpx:hr>
      </gpxtpx:TrackPointExtension>
     </extensions>
   </trkpt>
   <trkpt lat="-2.5928340" lon="-43.0731110">
    <ele>18.6</ele>
    <time>2026-06-16T15:47:39Z</time>
     <extensions>
      <gpxtpx:TrackPointExtension>
       <gpxtpx:hr>108</gpxtpx:hr>
      </gpxtpx:TrackPointExtension>
     </extensions>
   </trkpt>
   <trkpt lat="-2.5928300" lon="-43.0731620">
    <ele>18.6</ele>
    <time>2026-06-16T15:47:44Z</time>
     <extensions>
      <gpxtpx:TrackPointExtension>
       <gpxtpx:hr>115</gpxtpx:hr>
      </gpxtpx:TrackPointExtension>
     </extensions>
   </trkpt>
   <trkpt lat="-2.5928260" lon="-43.0732160">
    <ele>18.6</ele>
    <time>2026-06-16T15:47:49Z</time>
     <extensions>
      <gpxtpx:TrackPointExtension>
       <gpxtpx:hr>115</gpxtpx:hr>
      </gpxtpx:TrackPointExtension>
     </extensions>
   </trkpt>
   <trkpt lat="-2.5928210" lon="-43.0732700">
    <ele>18.6</ele>
    <time>2026-06-16T15:47:54Z</time>
     <extensions>
      <gpxtpx:TrackPointExtension>
       <gpxtpx:hr>116</gpxtpx:hr>
      </gpxtpx:TrackPointExtension>
     </extensions>
   </trkpt>
   <trkpt lat="-2.5928160" lon="-43.0733170">
    <ele>18.4</ele>
    <time>2026-06-16T15:47:59Z</time>
     <extensions>
      <gpxtpx:TrackPointExtension>
       <gpxtpx:hr>114</gpxtpx:hr>
      </gpxtpx:TrackPointExtension>
     </extensions>
   </trkpt>
   <trkpt lat="-2.5928180" lon="-43.0733730">
    <ele>18.2</ele>
    <time>2026-06-16T15:48:04Z</time>
     <extensions>
      <gpxtpx:TrackPointExtension>
       <gpxtpx:hr>115</gpxtpx:hr>
      </gpxtpx:TrackPointExtension>
     </extensions>
   </trkpt>
   <trkpt lat="-2.5928140" lon="-43.0734300">
    <ele>18.0</ele>
    <time>2026-06-16T15:48:09Z</time>
     <extensions>
      <gpxtpx:TrackPointExtension>
       <gpxtpx:hr>115</gpxtpx:hr>
      </gpxtpx:TrackPointExtension>
     </extensions>
   </trkpt>
   <trkpt lat="-2.5928080" lon="-43.0734840">
    <ele>17.8</ele>
    <time>2026-06-16T15:48:14Z</time>
     <extensions>
      <gpxtpx:TrackPointExtension>
       <gpxtpx:hr>113</gpxtpx:hr>
      </gpxtpx:TrackPointExtension>
     </extensions>
   </trkpt>
   <trkpt lat="-2.5928020" lon="-43.0735390">
    <ele>17.8</ele>
    <time>2026-06-16T15:48:19Z</time>
     <extensions>
      <gpxtpx:TrackPointExtension>
       <gpxtpx:hr>113</gpxtpx:hr>
      </gpxtpx:TrackPointExtension>
     </extensions>
   </trkpt>
   <trkpt lat="-2.5927950" lon="-43.0735910">
    <ele>18.0</ele>
    <time>2026-06-16T15:48:24Z</time>
     <extensions>
      <gpxtpx:TrackPointExtension>
       <gpxtpx:hr>114</gpxtpx:hr>
      </gpxtpx:TrackPointExtension>
     </extensions>
   </trkpt>
   <trkpt lat="-2.5927760" lon="-43.0736420">
    <ele>18.4</ele>
    <time>2026-06-16T15:48:29Z</time>
     <extensions>
      <gpxtpx:TrackPointExtension>
       <gpxtpx:hr>114</gpxtpx:hr>
      </gpxtpx:TrackPointExtension>
     </extensions>
   </trkpt>
   <trkpt lat="-2.5927570" lon="-43.0736910">
    <ele>18.8</ele>
    <time>2026-06-16T15:48:34Z</time>
     <extensions>
      <gpxtpx:TrackPointExtension>
       <gpxtpx:hr>121</gpxtpx:hr>
      </gpxtpx:TrackPointExtension>
     </extensions>
   </trkpt>
   <trkpt lat="-2.5927390" lon="-43.0737390">
    <ele>19.6</ele>
    <time>2026-06-16T15:48:39Z</time>
     <extensions>
      <gpxtpx:TrackPointExtension>
       <gpxtpx:hr>121</gpxtpx:hr>
      </gpxtpx:TrackPointExtension>
     </extensions>
   </trkpt>
   <trkpt lat="-2.5927150" lon="-43.0737890">
    <ele>20.4</ele>
    <time>2026-06-16T15:48:44Z</time>
     <extensions>
      <gpxtpx:TrackPointExtension>
       <gpxtpx:hr>124</gpxtpx:hr>
      </gpxtpx:TrackPointExtension>
     </extensions>
   </trkpt>
   <trkpt lat="-2.5926800" lon="-43.0738110">
    <ele>21.2</ele>
    <time>2026-06-16T15:48:49Z</time>
     <extensions>
      <gpxtpx:TrackPointExtension>
       <gpxtpx:hr>129</gpxtpx:hr>
      </gpxtpx:TrackPointExtension>
     </extensions>
   </trkpt>
   <trkpt lat="-2.5926420" lon="-43.0738000">
    <ele>22.2</ele>
    <time>2026-06-16T15:48:54Z</time>
     <extensions>
      <gpxtpx:TrackPointExtension>
       <gpxtpx:hr>131</gpxtpx:hr>
      </gpxtpx:TrackPointExtension>
     </extensions>
   </trkpt>
   <trkpt lat="-2.5926010" lon="-43.0737790">
    <ele>23.0</ele>
    <time>2026-06-16T15:48:59Z</time>
     <extensions>
      <gpxtpx:TrackPointExtension>
       <gpxtpx:hr>132</gpxtpx:hr>
      </gpxtpx:TrackPointExtension>
     </extensions>
   </trkpt>
   <trkpt lat="-2.5925580" lon="-43.0737660">
    <ele>23.2</ele>
    <time>2026-06-16T15:49:04Z</time>
     <extensions>
      <gpxtpx:TrackPointExtension>
       <gpxtpx:hr>131</gpxtpx:hr>
      </gpxtpx:TrackPointExtension>
     </extensions>
   </trkpt>
   <trkpt lat="-2.5925180" lon="-43.0737570">
    <ele>23.4</ele>
    <time>2026-06-16T15:49:09Z</time>
     <extensions>
      <gpxtpx:TrackPointExtension>
       <gpxtpx:hr>134</gpxtpx:hr>
      </gpxtpx:TrackPointExtension>
     </extensions>
   </trkpt>
   <trkpt lat="-2.5924860" lon="-43.0737520">
    <ele>23.2</ele>
    <time>2026-06-16T15:49:14Z</time>
     <extensions>
      <gpxtpx:TrackPointExtension>
       <gpxtpx:hr>135</gpxtpx:hr>
      </gpxtpx:TrackPointExtension>
     </extensions>
   </trkpt>
   <trkpt lat="-2.5924550" lon="-43.0737550">
    <ele>23.4</ele>
    <time>2026-06-16T15:49:19Z</time>
     <extensions>
      <gpxtpx:TrackPointExtension>
       <gpxtpx:hr>138</gpxtpx:hr>
      </gpxtpx:TrackPointExtension>
     </extensions>
   </trkpt>
   <trkpt lat="-2.5924250" lon="-43.0737590">
    <ele>23.4</ele>
    <time>2026-06-16T15:49:24Z</time>
     <extensions>
      <gpxtpx:TrackPointExtension>
       <gpxtpx:hr>137</gpxtpx:hr>
      </gpxtpx:TrackPointExtension>
     </extensions>
   </trkpt>
   <trkpt lat="-2.5923860" lon="-43.0737710">
    <ele>23.4</ele>
    <time>2026-06-16T15:49:29Z</time>
     <extensions>
      <gpxtpx:TrackPointExtension>
       <gpxtpx:hr>136</gpxtpx:hr>
      </gpxtpx:TrackPointExtension>
     </extensions>
   </trkpt>
   <trkpt lat="-2.5923450" lon="-43.0737880">
    <ele>23.6</ele>
    <time>2026-06-16T15:49:34Z</time>
     <extensions>
      <gpxtpx:TrackPointExtension>
       <gpxtpx:hr>137</gpxtpx:hr>
      </gpxtpx:TrackPointExtension>
     </extensions>
   </trkpt>
   <trkpt lat="-2.5922990" lon="-43.0738140">
    <ele>23.6</ele>
    <time>2026-06-16T15:49:39Z</time>
     <extensions>
      <gpxtpx:TrackPointExtension>
       <gpxtpx:hr>135</gpxtpx:hr>
      </gpxtpx:TrackPointExtension>
     </extensions>
   </trkpt>
   <trkpt lat="-2.5922510" lon="-43.0738350">
    <ele>23.4</ele>
    <time>2026-06-16T15:49:44Z</time>
     <extensions>
      <gpxtpx:TrackPointExtension>
       <gpxtpx:hr>138</gpxtpx:hr>
      </gpxtpx:TrackPointExtension>
     </extensions>
   </trkpt>
   <trkpt lat="-2.5921980" lon="-43.0738570">
    <ele>23.4</ele>
    <time>2026-06-16T15:49:49Z</time>
     <extensions>
      <gpxtpx:TrackPointExtension>
       <gpxtpx:hr>134</gpxtpx:hr>
      </gpxtpx:TrackPointExtension>
     </extensions>
   </trkpt>
   <trkpt lat="-2.5921480" lon="-43.0738740">
    <ele>23.6</ele>
    <time>2026-06-16T15:49:54Z</time>
     <extensions>
      <gpxtpx:TrackPointExtension>
       <gpxtpx:hr>134</gpxtpx:hr>
      </gpxtpx:TrackPointExtension>
     </extensions>
   </trkpt>
   <trkpt lat="-2.5920990" lon="-43.0738800">
    <ele>23.6</ele>
    <time>2026-06-16T15:49:59Z</time>
     <extensions>
      <gpxtpx:TrackPointExtension>
       <gpxtpx:hr>126</gpxtpx:hr>
      </gpxtpx:TrackPointExtension>
     </extensions>
   </trkpt>
   <trkpt lat="-2.5920650" lon="-43.0738930">
    <ele>23.6</ele>
    <time>2026-06-16T15:50:04Z</time>
     <extensions>
      <gpxtpx:TrackPointExtension>
       <gpxtpx:hr>126</gpxtpx:hr>
      </gpxtpx:TrackPointExtension>
     </extensions>
   </trkpt>
   <trkpt lat="-2.5920340" lon="-43.0738950">
    <ele>23.6</ele>
    <time>2026-06-16T15:50:09Z</time>
     <extensions>
      <gpxtpx:TrackPointExtension>
       <gpxtpx:hr>126</gpxtpx:hr>
      </gpxtpx:TrackPointExtension>
     </extensions>
   </trkpt>
   <trkpt lat="-2.5919910" lon="-43.0738950">
    <ele>23.6</ele>
    <time>2026-06-16T15:50:14Z</time>
     <extensions>
      <gpxtpx:TrackPointExtension>
       <gpxtpx:hr>126</gpxtpx:hr>
      </gpxtpx:TrackPointExtension>
     </extensions>
   </trkpt>
   <trkpt lat="-2.5919460" lon="-43.0738980">
    <ele>23.6</ele>
    <time>2026-06-16T15:50:19Z</time>
     <extensions>
      <gpxtpx:TrackPointExtension>
       <gpxtpx:hr>126</gpxtpx:hr>
      </gpxtpx:TrackPointExtension>
     </extensions>
   </trkpt>
   <trkpt lat="-2.5919010" lon="-43.0739050">
    <ele>23.4</ele>
    <time>2026-06-16T15:50:24Z</time>
     <extensions>
      <gpxtpx:TrackPointExtension>
       <gpxtpx:hr>123</gpxtpx:hr>
      </gpxtpx:TrackPointExtension>
     </extensions>
   </trkpt>
   <trkpt lat="-2.5918610" lon="-43.0739160">
    <ele>23.0</ele>
    <time>2026-06-16T15:50:29Z</time>
     <extensions>
      <gpxtpx:TrackPointExtension>
       <gpxtpx:hr>122</gpxtpx:hr>
      </gpxtpx:TrackPointExtension>
     </extensions>
   </trkpt>
   <trkpt lat="-2.5918170" lon="-43.0739210">
    <ele>22.6</ele>
    <time>2026-06-16T15:50:34Z</time>
     <extensions>
      <gpxtpx:TrackPointExtension>
       <gpxtpx:hr>120</gpxtpx:hr>
      </gpxtpx:TrackPointExtension>
     </extensions>
   </trkpt>
   <trkpt lat="-2.5917710" lon="-43.0739210">
    <ele>22.2</ele>
    <time>2026-06-16T15:50:39Z</time>
     <extensions>
      <gpxtpx:TrackPointExtension>
       <gpxtpx:hr>120</gpxtpx:hr>
      </gpxtpx:TrackPointExtension>
     </extensions>
   </trkpt>
   <trkpt lat="-2.5917170" lon="-43.0739300">
    <ele>21.6</ele>
    <time>2026-06-16T15:50:44Z</time>
     <extensions>
      <gpxtpx:TrackPointExtension>
       <gpxtpx:hr>110</gpxtpx:hr>
      </gpxtpx:TrackPointExtension>
     </extensions>
   </trkpt>
   <trkpt lat="-2.5916590" lon="-43.0739370">
    <ele>21.2</ele>
    <time>2026-06-16T15:50:49Z</time>
     <extensions>
      <gpxtpx:TrackPointExtension>
       <gpxtpx:hr>108</gpxtpx:hr>
      </gpxtpx:TrackPointExtension>
     </extensions>
   </trkpt>
   <trkpt lat="-2.5916140" lon="-43.0739490">
    <ele>20.6</ele>
    <time>2026-06-16T15:50:54Z</time>
     <extensions>
      <gpxtpx:TrackPointExtension>
       <gpxtpx:hr>108</gpxtpx:hr>
      </gpxtpx:TrackPointExtension>
     </extensions>
   </trkpt>
   <trkpt lat="-2.5915690" lon="-43.0739510">
    <ele>20.2</ele>
    <time>2026-06-16T15:50:59Z</time>
     <extensions>
      <gpxtpx:TrackPointExtension>
       <gpxtpx:hr>109</gpxtpx:hr>
      </gpxtpx:TrackPointExtension>
     </extensions>
   </trkpt>
   <trkpt lat="-2.5915220" lon="-43.0739550">
    <ele>19.8</ele>
    <time>2026-06-16T15:51:04Z</time>
     <extensions>
      <gpxtpx:TrackPointExtension>
       <gpxtpx:hr>109</gpxtpx:hr>
      </gpxtpx:TrackPointExtension>
     </extensions>
   </trkpt>
   <trkpt lat="-2.5914830" lon="-43.0739570">
    <ele>19.6</ele>
    <time>2026-06-16T15:51:09Z</time>
     <extensions>
      <gpxtpx:TrackPointExtension>
       <gpxtpx:hr>104</gpxtpx:hr>
      </gpxtpx:TrackPointExtension>
     </extensions>
   </trkpt>
   <trkpt lat="-2.5914900" lon="-43.0739500">
    <ele>19.6</ele>
    <time>2026-06-16T15:51:14Z</time>
     <extensions>
      <gpxtpx:TrackPointExtension>
       <gpxtpx:hr>104</gpxtpx:hr>
      </gpxtpx:TrackPointExtension>
     </extensions>
   </trkpt>
   <trkpt lat="-2.5914940" lon="-43.0739580">
    <ele>19.6</ele>
    <time>2026-06-16T15:51:19Z</time>
     <extensions>
      <gpxtpx:TrackPointExtension>
       <gpxtpx:hr>98</gpxtpx:hr>
      </gpxtpx:TrackPointExtension>
     </extensions>
   </trkpt>
   <trkpt lat="-2.5914970" lon="-43.0739630">
    <ele>19.4</ele>
    <time>2026-06-16T15:51:24Z</time>
     <extensions>
      <gpxtpx:TrackPointExtension>
       <gpxtpx:hr>100</gpxtpx:hr>
      </gpxtpx:TrackPointExtension>
     </extensions>
   </trkpt>
   <trkpt lat="-2.5914950" lon="-43.0739710">
    <ele>19.4</ele>
    <time>2026-06-16T15:51:29Z</time>
     <extensions>
      <gpxtpx:TrackPointExtension>
       <gpxtpx:hr>114</gpxtpx:hr>
      </gpxtpx:TrackPointExtension>
     </extensions>
   </trkpt>
   <trkpt lat="-2.5914880" lon="-43.0739760">
    <ele>19.4</ele>
    <time>2026-06-16T15:51:34Z</time>
     <extensions>
      <gpxtpx:TrackPointExtension>
       <gpxtpx:hr>115</gpxtpx:hr>
      </gpxtpx:TrackPointExtension>
     </extensions>
   </trkpt>
   <trkpt lat="-2.5914810" lon="-43.0739740">
    <ele>19.4</ele>
    <time>2026-06-16T15:51:39Z</time>
     <extensions>
      <gpxtpx:TrackPointExtension>
       <gpxtpx:hr>115</gpxtpx:hr>
      </gpxtpx:TrackPointExtension>
     </extensions>
   </trkpt>
   <trkpt lat="-2.5914390" lon="-43.0739810">
    <ele>19.2</ele>
    <time>2026-06-16T15:51:44Z</time>
     <extensions>
      <gpxtpx:TrackPointExtension>
       <gpxtpx:hr>115</gpxtpx:hr>
      </gpxtpx:TrackPointExtension>
     </extensions>
   </trkpt>
   <trkpt lat="-2.5913990" lon="-43.0739880">
    <ele>19.0</ele>
    <time>2026-06-16T15:51:49Z</time>
     <extensions>
      <gpxtpx:TrackPointExtension>
       <gpxtpx:hr>115</gpxtpx:hr>
      </gpxtpx:TrackPointExtension>
     </extensions>
   </trkpt>
   <trkpt lat="-2.5913460" lon="-43.0740000">
    <ele>18.8</ele>
    <time>2026-06-16T15:51:54Z</time>
     <extensions>
      <gpxtpx:TrackPointExtension>
       <gpxtpx:hr>110</gpxtpx:hr>
      </gpxtpx:TrackPointExtension>
     </extensions>
   </trkpt>
   <trkpt lat="-2.5912970" lon="-43.0740130">
    <ele>18.8</ele>
    <time>2026-06-16T15:51:59Z</time>
     <extensions>
      <gpxtpx:TrackPointExtension>
       <gpxtpx:hr>110</gpxtpx:hr>
      </gpxtpx:TrackPointExtension>
     </extensions>
   </trkpt>
   <trkpt lat="-2.5912520" lon="-43.0740190">
    <ele>18.8</ele>
    <time>2026-06-16T15:52:04Z</time>
     <extensions>
      <gpxtpx:TrackPointExtension>
       <gpxtpx:hr>111</gpxtpx:hr>
      </gpxtpx:TrackPointExtension>
     </extensions>
   </trkpt>
   <trkpt lat="-2.5912000" lon="-43.0740220">
    <ele>19.0</ele>
    <time>2026-06-16T15:52:09Z</time>
     <extensions>
      <gpxtpx:TrackPointExtension>
       <gpxtpx:hr>114</gpxtpx:hr>
      </gpxtpx:TrackPointExtension>
     </extensions>
   </trkpt>
   <trkpt lat="-2.5911510" lon="-43.0740310">
    <ele>18.8</ele>
    <time>2026-06-16T15:52:14Z</time>
     <extensions>
      <gpxtpx:TrackPointExtension>
       <gpxtpx:hr>109</gpxtpx:hr>
      </gpxtpx:TrackPointExtension>
     </extensions>
   </trkpt>
   <trkpt lat="-2.5911050" lon="-43.0740450">
    <ele>18.8</ele>
    <time>2026-06-16T15:52:19Z</time>
     <extensions>
      <gpxtpx:TrackPointExtension>
       <gpxtpx:hr>110</gpxtpx:hr>
      </gpxtpx:TrackPointExtension>
     </extensions>
   </trkpt>
   <trkpt lat="-2.5910590" lon="-43.0740570">
    <ele>18.8</ele>
    <time>2026-06-16T15:52:24Z</time>
     <extensions>
      <gpxtpx:TrackPointExtension>
       <gpxtpx:hr>114</gpxtpx:hr>
      </gpxtpx:TrackPointExtension>
     </extensions>
   </trkpt>
   <trkpt lat="-2.5910130" lon="-43.0740680">
    <ele>18.8</ele>
    <time>2026-06-16T15:52:29Z</time>
     <extensions>
      <gpxtpx:TrackPointExtension>
       <gpxtpx:hr>111</gpxtpx:hr>
      </gpxtpx:TrackPointExtension>
     </extensions>
   </trkpt>
   <trkpt lat="-2.5909650" lon="-43.0740710">
    <ele>18.8</ele>
    <time>2026-06-16T15:52:34Z</time>
     <extensions>
      <gpxtpx:TrackPointExtension>
       <gpxtpx:hr>110</gpxtpx:hr>
      </gpxtpx:TrackPointExtension>
     </extensions>
   </trkpt>
   <trkpt lat="-2.5909200" lon="-43.0740770">
    <ele>18.8</ele>
    <time>2026-06-16T15:52:39Z</time>
     <extensions>
      <gpxtpx:TrackPointExtension>
       <gpxtpx:hr>111</gpxtpx:hr>
      </gpxtpx:TrackPointExtension>
     </extensions>
   </trkpt>
   <trkpt lat="-2.5908800" lon="-43.0740830">
    <ele>18.8</ele>
    <time>2026-06-16T15:52:44Z</time>
     <extensions>
      <gpxtpx:TrackPointExtension>
       <gpxtpx:hr>111</gpxtpx:hr>
      </gpxtpx:TrackPointExtension>
     </extensions>
   </trkpt>
   <trkpt lat="-2.5908380" lon="-43.0740980">
    <ele>19.0</ele>
    <time>2026-06-16T15:52:49Z</time>
     <extensions>
      <gpxtpx:TrackPointExtension>
       <gpxtpx:hr>112</gpxtpx:hr>
      </gpxtpx:TrackPointExtension>
     </extensions>
   </trkpt>
   <trkpt lat="-2.5907940" lon="-43.0741140">
    <ele>19.0</ele>
    <time>2026-06-16T15:52:54Z</time>
     <extensions>
      <gpxtpx:TrackPointExtension>
       <gpxtpx:hr>112</gpxtpx:hr>
      </gpxtpx:TrackPointExtension>
     </extensions>
   </trkpt>
   <trkpt lat="-2.5907470" lon="-43.0741270">
    <ele>19.4</ele>
    <time>2026-06-16T15:52:59Z</time>
     <extensions>
      <gpxtpx:TrackPointExtension>
       <gpxtpx:hr>118</gpxtpx:hr>
      </gpxtpx:TrackPointExtension>
     </extensions>
   </trkpt>
   <trkpt lat="-2.5907050" lon="-43.0741370">
    <ele>19.6</ele>
    <time>2026-06-16T15:53:04Z</time>
     <extensions>
      <gpxtpx:TrackPointExtension>
       <gpxtpx:hr>118</gpxtpx:hr>
      </gpxtpx:TrackPointExtension>
     </extensions>
   </trkpt>
   <trkpt lat="-2.5906670" lon="-43.0741430">
    <ele>20.0</ele>
    <time>2026-06-16T15:53:09Z</time>
     <extensions>
      <gpxtpx:TrackPointExtension>
       <gpxtpx:hr>115</gpxtpx:hr>
      </gpxtpx:TrackPointExtension>
     </extensions>
   </trkpt>
   <trkpt lat="-2.5906260" lon="-43.0741540">
    <ele>20.4</ele>
    <time>2026-06-16T15:53:14Z</time>
     <extensions>
      <gpxtpx:TrackPointExtension>
       <gpxtpx:hr>121</gpxtpx:hr>
      </gpxtpx:TrackPointExtension>
     </extensions>
   </trkpt>
   <trkpt lat="-2.5905850" lon="-43.0741640">
    <ele>20.8</ele>
    <time>2026-06-16T15:53:19Z</time>
     <extensions>
      <gpxtpx:TrackPointExtension>
       <gpxtpx:hr>122</gpxtpx:hr>
      </gpxtpx:TrackPointExtension>
     </extensions>
   </trkpt>
   <trkpt lat="-2.5905420" lon="-43.0741730">
    <ele>21.4</ele>
    <time>2026-06-16T15:53:24Z</time>
     <extensions>
      <gpxtpx:TrackPointExtension>
       <gpxtpx:hr>123</gpxtpx:hr>
      </gpxtpx:TrackPointExtension>
     </extensions>
   </trkpt>
   <trkpt lat="-2.5905010" lon="-43.0741790">
    <ele>21.8</ele>
    <time>2026-06-16T15:53:29Z</time>
     <extensions>
      <gpxtpx:TrackPointExtension>
       <gpxtpx:hr>123</gpxtpx:hr>
      </gpxtpx:TrackPointExtension>
     </extensions>
   </trkpt>
   <trkpt lat="-2.5904620" lon="-43.0741950">
    <ele>22.0</ele>
    <time>2026-06-16T15:53:34Z</time>
     <extensions>
      <gpxtpx:TrackPointExtension>
       <gpxtpx:hr>123</gpxtpx:hr>
      </gpxtpx:TrackPointExtension>
     </extensions>
   </trkpt>
   <trkpt lat="-2.5904270" lon="-43.0742150">
    <ele>22.2</ele>
    <time>2026-06-16T15:53:39Z</time>
     <extensions>
      <gpxtpx:TrackPointExtension>
       <gpxtpx:hr>130</gpxtpx:hr>
      </gpxtpx:TrackPointExtension>
     </extensions>
   </trkpt>
   <trkpt lat="-2.5903910" lon="-43.0742340">
    <ele>22.0</ele>
    <time>2026-06-16T15:53:44Z</time>
     <extensions>
      <gpxtpx:TrackPointExtension>
       <gpxtpx:hr>129</gpxtpx:hr>
      </gpxtpx:TrackPointExtension>
     </extensions>
   </trkpt>
   <trkpt lat="-2.5903560" lon="-43.0742510">
    <ele>21.8</ele>
    <time>2026-06-16T15:53:49Z</time>
     <extensions>
      <gpxtpx:TrackPointExtension>
       <gpxtpx:hr>129</gpxtpx:hr>
      </gpxtpx:TrackPointExtension>
     </extensions>
   </trkpt>
   <trkpt lat="-2.5903210" lon="-43.0742710">
    <ele>21.6</ele>
    <time>2026-06-16T15:53:54Z</time>
     <extensions>
      <gpxtpx:TrackPointExtension>
       <gpxtpx:hr>127</gpxtpx:hr>
      </gpxtpx:TrackPointExtension>
     </extensions>
   </trkpt>
   <trkpt lat="-2.5902920" lon="-43.0742970">
    <ele>21.2</ele>
    <time>2026-06-16T15:53:59Z</time>
     <extensions>
      <gpxtpx:TrackPointExtension>
       <gpxtpx:hr>128</gpxtpx:hr>
      </gpxtpx:TrackPointExtension>
     </extensions>
   </trkpt>
   <trkpt lat="-2.5902690" lon="-43.0743100">
    <ele>21.0</ele>
    <time>2026-06-16T15:54:04Z</time>
     <extensions>
      <gpxtpx:TrackPointExtension>
       <gpxtpx:hr>128</gpxtpx:hr>
      </gpxtpx:TrackPointExtension>
     </extensions>
   </trkpt>
   <trkpt lat="-2.5902410" lon="-43.0743260">
    <ele>21.0</ele>
    <time>2026-06-16T15:54:09Z</time>
     <extensions>
      <gpxtpx:TrackPointExtension>
       <gpxtpx:hr>128</gpxtpx:hr>
      </gpxtpx:TrackPointExtension>
     </extensions>
   </trkpt>
   <trkpt lat="-2.5901950" lon="-43.0743460">
    <ele>20.6</ele>
    <time>2026-06-16T15:54:14Z</time>
     <extensions>
      <gpxtpx:TrackPointExtension>
       <gpxtpx:hr>117</gpxtpx:hr>
      </gpxtpx:TrackPointExtension>
     </extensions>
   </trkpt>
   <trkpt lat="-2.5901400" lon="-43.0743640">
    <ele>20.2</ele>
    <time>2026-06-16T15:54:19Z</time>
     <extensions>
      <gpxtpx:TrackPointExtension>
       <gpxtpx:hr>117</gpxtpx:hr>
      </gpxtpx:TrackPointExtension>
     </extensions>
   </trkpt>
   <trkpt lat="-2.5900840" lon="-43.0743710">
    <ele>20.0</ele>
    <time>2026-06-16T15:54:24Z</time>
     <extensions>
      <gpxtpx:TrackPointExtension>
       <gpxtpx:hr>108</gpxtpx:hr>
      </gpxtpx:TrackPointExtension>
     </extensions>
   </trkpt>
   <trkpt lat="-2.5900370" lon="-43.0743790">
    <ele>19.6</ele>
    <time>2026-06-16T15:54:29Z</time>
     <extensions>
      <gpxtpx:TrackPointExtension>
       <gpxtpx:hr>109</gpxtpx:hr>
      </gpxtpx:TrackPointExtension>
     </extensions>
   </trkpt>
   <trkpt lat="-2.5899960" lon="-43.0743850">
    <ele>19.2</ele>
    <time>2026-06-16T15:54:34Z</time>
     <extensions>
      <gpxtpx:TrackPointExtension>
       <gpxtpx:hr>105</gpxtpx:hr>
      </gpxtpx:TrackPointExtension>
     </extensions>
   </trkpt>
   <trkpt lat="-2.5899520" lon="-43.0743900">
    <ele>18.8</ele>
    <time>2026-06-16T15:54:39Z</time>
     <extensions>
      <gpxtpx:TrackPointExtension>
       <gpxtpx:hr>105</gpxtpx:hr>
      </gpxtpx:TrackPointExtension>
     </extensions>
   </trkpt>
   <trkpt lat="-2.5899110" lon="-43.0743930">
    <ele>18.2</ele>
    <time>2026-06-16T15:54:44Z</time>
     <extensions>
      <gpxtpx:TrackPointExtension>
       <gpxtpx:hr>104</gpxtpx:hr>
      </gpxtpx:TrackPointExtension>
     </extensions>
   </trkpt>
   <trkpt lat="-2.5898960" lon="-43.0743940">
    <ele>17.6</ele>
    <time>2026-06-16T15:54:49Z</time>
     <extensions>
      <gpxtpx:TrackPointExtension>
       <gpxtpx:hr>104</gpxtpx:hr>
      </gpxtpx:TrackPointExtension>
     </extensions>
   </trkpt>
   <trkpt lat="-2.5898990" lon="-43.0743960">
    <ele>17.4</ele>
    <time>2026-06-16T15:54:54Z</time>
     <extensions>
      <gpxtpx:TrackPointExtension>
       <gpxtpx:hr>104</gpxtpx:hr>
      </gpxtpx:TrackPointExtension>
     </extensions>
   </trkpt>
   <trkpt lat="-2.5899000" lon="-43.0744000">
    <ele>17.4</ele>
    <time>2026-06-16T15:54:59Z</time>
     <extensions>
      <gpxtpx:TrackPointExtension>
       <gpxtpx:hr>104</gpxtpx:hr>
      </gpxtpx:TrackPointExtension>
     </extensions>
   </trkpt>
   <trkpt lat="-2.5899040" lon="-43.0744030">
    <ele>17.6</ele>
    <time>2026-06-16T15:55:04Z</time>
     <extensions>
      <gpxtpx:TrackPointExtension>
       <gpxtpx:hr>108</gpxtpx:hr>
      </gpxtpx:TrackPointExtension>
     </extensions>
   </trkpt>
   <trkpt lat="-2.5899050" lon="-43.0744220">
    <ele>17.4</ele>
    <time>2026-06-16T15:55:09Z</time>
     <extensions>
      <gpxtpx:TrackPointExtension>
       <gpxtpx:hr>113</gpxtpx:hr>
      </gpxtpx:TrackPointExtension>
     </extensions>
   </trkpt>
   <trkpt lat="-2.5899140" lon="-43.0744620">
    <ele>16.8</ele>
    <time>2026-06-16T15:55:14Z</time>
     <extensions>
      <gpxtpx:TrackPointExtension>
       <gpxtpx:hr>110</gpxtpx:hr>
      </gpxtpx:TrackPointExtension>
     </extensions>
   </trkpt>
   <trkpt lat="-2.5899310" lon="-43.0745140">
    <ele>16.0</ele>
    <time>2026-06-16T15:55:19Z</time>
     <extensions>
      <gpxtpx:TrackPointExtension>
       <gpxtpx:hr>110</gpxtpx:hr>
      </gpxtpx:TrackPointExtension>
     </extensions>
   </trkpt>
   <trkpt lat="-2.5899450" lon="-43.0745700">
    <ele>15.0</ele>
    <time>2026-06-16T15:55:24Z</time>
     <extensions>
      <gpxtpx:TrackPointExtension>
       <gpxtpx:hr>102</gpxtpx:hr>
      </gpxtpx:TrackPointExtension>
     </extensions>
   </trkpt>
   <trkpt lat="-2.5899510" lon="-43.0746300">
    <ele>13.8</ele>
    <time>2026-06-16T15:55:29Z</time>
     <extensions>
      <gpxtpx:TrackPointExtension>
       <gpxtpx:hr>104</gpxtpx:hr>
      </gpxtpx:TrackPointExtension>
     </extensions>
   </trkpt>
   <trkpt lat="-2.5899530" lon="-43.0746830">
    <ele>13.0</ele>
    <time>2026-06-16T15:55:34Z</time>
     <extensions>
      <gpxtpx:TrackPointExtension>
       <gpxtpx:hr>107</gpxtpx:hr>
      </gpxtpx:TrackPointExtension>
     </extensions>
   </trkpt>
   <trkpt lat="-2.5899410" lon="-43.0747340">
    <ele>12.6</ele>
    <time>2026-06-16T15:55:39Z</time>
     <extensions>
      <gpxtpx:TrackPointExtension>
       <gpxtpx:hr>107</gpxtpx:hr>
      </gpxtpx:TrackPointExtension>
     </extensions>
   </trkpt>
   <trkpt lat="-2.5899310" lon="-43.0747750">
    <ele>12.6</ele>
    <time>2026-06-16T15:55:44Z</time>
     <extensions>
      <gpxtpx:TrackPointExtension>
       <gpxtpx:hr>109</gpxtpx:hr>
      </gpxtpx:TrackPointExtension>
     </extensions>
   </trkpt>
   <trkpt lat="-2.5899260" lon="-43.0747790">
    <ele>12.6</ele>
    <time>2026-06-16T15:55:49Z</time>
     <extensions>
      <gpxtpx:TrackPointExtension>
       <gpxtpx:hr>106</gpxtpx:hr>
      </gpxtpx:TrackPointExtension>
     </extensions>
   </trkpt>
   <trkpt lat="-2.5898990" lon="-43.0748140">
    <ele>12.6</ele>
    <time>2026-06-16T15:55:54Z</time>
     <extensions>
      <gpxtpx:TrackPointExtension>
       <gpxtpx:hr>106</gpxtpx:hr>
      </gpxtpx:TrackPointExtension>
     </extensions>
   </trkpt>
   <trkpt lat="-2.5898660" lon="-43.0748450">
    <ele>12.6</ele>
    <time>2026-06-16T15:55:59Z</time>
     <extensions>
      <gpxtpx:TrackPointExtension>
       <gpxtpx:hr>109</gpxtpx:hr>
      </gpxtpx:TrackPointExtension>
     </extensions>
   </trkpt>
   <trkpt lat="-2.5898430" lon="-43.0748820">
    <ele>12.6</ele>
    <time>2026-06-16T15:56:04Z</time>
     <extensions>
      <gpxtpx:TrackPointExtension>
       <gpxtpx:hr>109</gpxtpx:hr>
      </gpxtpx:TrackPointExtension>
     </extensions>
   </trkpt>
   <trkpt lat="-2.5898150" lon="-43.0749340">
    <ele>12.8</ele>
    <time>2026-06-16T15:56:09Z</time>
     <extensions>
      <gpxtpx:TrackPointExtension>
       <gpxtpx:hr>113</gpxtpx:hr>
      </gpxtpx:TrackPointExtension>
     </extensions>
   </trkpt>
   <trkpt lat="-2.5897870" lon="-43.0749790">
    <ele>12.8</ele>
    <time>2026-06-16T15:56:14Z</time>
     <extensions>
      <gpxtpx:TrackPointExtension>
       <gpxtpx:hr>117</gpxtpx:hr>
      </gpxtpx:TrackPointExtension>
     </extensions>
   </trkpt>
   <trkpt lat="-2.5897550" lon="-43.0750160">
    <ele>12.8</ele>
    <time>2026-06-16T15:56:19Z</time>
     <extensions>
      <gpxtpx:TrackPointExtension>
       <gpxtpx:hr>118</gpxtpx:hr>
      </gpxtpx:TrackPointExtension>
     </extensions>
   </trkpt>
   <trkpt lat="-2.5897230" lon="-43.0750530">
    <ele>12.8</ele>
    <time>2026-06-16T15:56:24Z</time>
     <extensions>
      <gpxtpx:TrackPointExtension>
       <gpxtpx:hr>117</gpxtpx:hr>
      </gpxtpx:TrackPointExtension>
     </extensions>
   </trkpt>
   <trkpt lat="-2.5896910" lon="-43.0750880">
    <ele>12.8</ele>
    <time>2026-06-16T15:56:29Z</time>
     <extensions>
      <gpxtpx:TrackPointExtension>
       <gpxtpx:hr>117</gpxtpx:hr>
      </gpxtpx:TrackPointExtension>
     </extensions>
   </trkpt>
   <trkpt lat="-2.5896540" lon="-43.0751230">
    <ele>12.8</ele>
    <time>2026-06-16T15:56:34Z</time>
     <extensions>
      <gpxtpx:TrackPointExtension>
       <gpxtpx:hr>115</gpxtpx:hr>
      </gpxtpx:TrackPointExtension>
     </extensions>
   </trkpt>
   <trkpt lat="-2.5896220" lon="-43.0751620">
    <ele>12.8</ele>
    <time>2026-06-16T15:56:39Z</time>
     <extensions>
      <gpxtpx:TrackPointExtension>
       <gpxtpx:hr>116</gpxtpx:hr>
      </gpxtpx:TrackPointExtension>
     </extensions>
   </trkpt>
   <trkpt lat="-2.5895970" lon="-43.0752040">
    <ele>13.0</ele>
    <time>2026-06-16T15:56:44Z</time>
     <extensions>
      <gpxtpx:TrackPointExtension>
       <gpxtpx:hr>116</gpxtpx:hr>
      </gpxtpx:TrackPointExtension>
     </extensions>
   </trkpt>
   <trkpt lat="-2.5895830" lon="-43.0752530">
    <ele>14.0</ele>
    <time>2026-06-16T15:56:49Z</time>
     <extensions>
      <gpxtpx:TrackPointExtension>
       <gpxtpx:hr>114</gpxtpx:hr>
      </gpxtpx:TrackPointExtension>
     </extensions>
   </trkpt>
   <trkpt lat="-2.5895690" lon="-43.0752990">
    <ele>15.8</ele>
    <time>2026-06-16T15:56:54Z</time>
     <extensions>
      <gpxtpx:TrackPointExtension>
       <gpxtpx:hr>114</gpxtpx:hr>
      </gpxtpx:TrackPointExtension>
     </extensions>
   </trkpt>
   <trkpt lat="-2.5895530" lon="-43.0753380">
    <ele>16.8</ele>
    <time>2026-06-16T15:56:59Z</time>
     <extensions>
      <gpxtpx:TrackPointExtension>
       <gpxtpx:hr>113</gpxtpx:hr>
      </gpxtpx:TrackPointExtension>
     </extensions>
   </trkpt>
   <trkpt lat="-2.5895370" lon="-43.0753820">
    <ele>16.8</ele>
    <time>2026-06-16T15:57:04Z</time>
     <extensions>
      <gpxtpx:TrackPointExtension>
       <gpxtpx:hr>113</gpxtpx:hr>
      </gpxtpx:TrackPointExtension>
     </extensions>
   </trkpt>
   <trkpt lat="-2.5895280" lon="-43.0754070">
    <ele>16.8</ele>
    <time>2026-06-16T15:57:09Z</time>
     <extensions>
      <gpxtpx:TrackPointExtension>
       <gpxtpx:hr>115</gpxtpx:hr>
      </gpxtpx:TrackPointExtension>
     </extensions>
   </trkpt>
   <trkpt lat="-2.5895290" lon="-43.0754210">
    <ele>17.0</ele>
    <time>2026-06-16T15:57:14Z</time>
     <extensions>
      <gpxtpx:TrackPointExtension>
       <gpxtpx:hr>111</gpxtpx:hr>
      </gpxtpx:TrackPointExtension>
     </extensions>
   </trkpt>
   <trkpt lat="-2.5895380" lon="-43.0754440">
    <ele>17.0</ele>
    <time>2026-06-16T15:57:19Z</time>
     <extensions>
      <gpxtpx:TrackPointExtension>
       <gpxtpx:hr>113</gpxtpx:hr>
      </gpxtpx:TrackPointExtension>
     </extensions>
   </trkpt>
   <trkpt lat="-2.5895380" lon="-43.0754420">
    <ele>16.8</ele>
    <time>2026-06-16T15:57:24Z</time>
     <extensions>
      <gpxtpx:TrackPointExtension>
       <gpxtpx:hr>115</gpxtpx:hr>
      </gpxtpx:TrackPointExtension>
     </extensions>
   </trkpt>
   <trkpt lat="-2.5895460" lon="-43.0754450">
    <ele>15.4</ele>
    <time>2026-06-16T15:57:29Z</time>
     <extensions>
      <gpxtpx:TrackPointExtension>
       <gpxtpx:hr>117</gpxtpx:hr>
      </gpxtpx:TrackPointExtension>
     </extensions>
   </trkpt>
   <trkpt lat="-2.5895350" lon="-43.0755410">
    <ele>19.6</ele>
    <time>2026-06-16T16:43:43Z</time>
     <extensions>
      <gpxtpx:TrackPointExtension>
       <gpxtpx:hr>117</gpxtpx:hr>
      </gpxtpx:TrackPointExtension>
     </extensions>
   </trkpt>
   <trkpt lat="-2.5895240" lon="-43.0755790">
    <ele>17.6</ele>
    <time>2026-06-16T16:43:48Z</time>
     <extensions>
      <gpxtpx:TrackPointExtension>
       <gpxtpx:hr>121</gpxtpx:hr>
      </gpxtpx:TrackPointExtension>
     </extensions>
   </trkpt>
   <trkpt lat="-2.5895120" lon="-43.0756210">
    <ele>17.2</ele>
    <time>2026-06-16T16:43:53Z</time>
     <extensions>
      <gpxtpx:TrackPointExtension>
       <gpxtpx:hr>120</gpxtpx:hr>
      </gpxtpx:TrackPointExtension>
     </extensions>
   </trkpt>
   <trkpt lat="-2.5894920" lon="-43.0756750">
    <ele>17.2</ele>
    <time>2026-06-16T16:43:58Z</time>
     <extensions>
      <gpxtpx:TrackPointExtension>
       <gpxtpx:hr>120</gpxtpx:hr>
      </gpxtpx:TrackPointExtension>
     </extensions>
   </trkpt>
   <trkpt lat="-2.5894750" lon="-43.0757300">
    <ele>17.2</ele>
    <time>2026-06-16T16:44:03Z</time>
     <extensions>
      <gpxtpx:TrackPointExtension>
       <gpxtpx:hr>120</gpxtpx:hr>
      </gpxtpx:TrackPointExtension>
     </extensions>
   </trkpt>
   <trkpt lat="-2.5894730" lon="-43.0757760">
    <ele>17.4</ele>
    <time>2026-06-16T16:44:08Z</time>
     <extensions>
      <gpxtpx:TrackPointExtension>
       <gpxtpx:hr>118</gpxtpx:hr>
      </gpxtpx:TrackPointExtension>
     </extensions>
   </trkpt>
   <trkpt lat="-2.5894690" lon="-43.0758250">
    <ele>17.8</ele>
    <time>2026-06-16T16:44:13Z</time>
     <extensions>
      <gpxtpx:TrackPointExtension>
       <gpxtpx:hr>118</gpxtpx:hr>
      </gpxtpx:TrackPointExtension>
     </extensions>
   </trkpt>
   <trkpt lat="-2.5894720" lon="-43.0758670">
    <ele>18.0</ele>
    <time>2026-06-16T16:44:18Z</time>
     <extensions>
      <gpxtpx:TrackPointExtension>
       <gpxtpx:hr>117</gpxtpx:hr>
      </gpxtpx:TrackPointExtension>
     </extensions>
   </trkpt>
   <trkpt lat="-2.5894700" lon="-43.0759190">
    <ele>18.2</ele>
    <time>2026-06-16T16:44:23Z</time>
     <extensions>
      <gpxtpx:TrackPointExtension>
       <gpxtpx:hr>115</gpxtpx:hr>
      </gpxtpx:TrackPointExtension>
     </extensions>
   </trkpt>
   <trkpt lat="-2.5894660" lon="-43.0759720">
    <ele>18.2</ele>
    <time>2026-06-16T16:44:28Z</time>
     <extensions>
      <gpxtpx:TrackPointExtension>
       <gpxtpx:hr>114</gpxtpx:hr>
      </gpxtpx:TrackPointExtension>
     </extensions>
   </trkpt>
   <trkpt lat="-2.5894650" lon="-43.0760170">
    <ele>18.4</ele>
    <time>2026-06-16T16:44:33Z</time>
     <extensions>
      <gpxtpx:TrackPointExtension>
       <gpxtpx:hr>112</gpxtpx:hr>
      </gpxtpx:TrackPointExtension>
     </extensions>
   </trkpt>
   <trkpt lat="-2.5894610" lon="-43.0760650">
    <ele>18.2</ele>
    <time>2026-06-16T16:44:38Z</time>
     <extensions>
      <gpxtpx:TrackPointExtension>
       <gpxtpx:hr>110</gpxtpx:hr>
      </gpxtpx:TrackPointExtension>
     </extensions>
   </trkpt>
   <trkpt lat="-2.5894530" lon="-43.0761080">
    <ele>18.2</ele>
    <time>2026-06-16T16:44:43Z</time>
     <extensions>
      <gpxtpx:TrackPointExtension>
       <gpxtpx:hr>110</gpxtpx:hr>
      </gpxtpx:TrackPointExtension>
     </extensions>
   </trkpt>
   <trkpt lat="-2.5894480" lon="-43.0761580">
    <ele>17.8</ele>
    <time>2026-06-16T16:44:48Z</time>
     <extensions>
      <gpxtpx:TrackPointExtension>
       <gpxtpx:hr>111</gpxtpx:hr>
      </gpxtpx:TrackPointExtension>
     </extensions>
   </trkpt>
   <trkpt lat="-2.5894320" lon="-43.0762120">
    <ele>17.6</ele>
    <time>2026-06-16T16:44:53Z</time>
     <extensions>
      <gpxtpx:TrackPointExtension>
       <gpxtpx:hr>108</gpxtpx:hr>
      </gpxtpx:TrackPointExtension>
     </extensions>
   </trkpt>
   <trkpt lat="-2.5894170" lon="-43.0762580">
    <ele>17.2</ele>
    <time>2026-06-16T16:44:58Z</time>
     <extensions>
      <gpxtpx:TrackPointExtension>
       <gpxtpx:hr>104</gpxtpx:hr>
      </gpxtpx:TrackPointExtension>
     </extensions>
   </trkpt>
   <trkpt lat="-2.5893910" lon="-43.0763120">
    <ele>17.0</ele>
    <time>2026-06-16T16:45:03Z</time>
     <extensions>
      <gpxtpx:TrackPointExtension>
       <gpxtpx:hr>104</gpxtpx:hr>
      </gpxtpx:TrackPointExtension>
     </extensions>
   </trkpt>
   <trkpt lat="-2.5893620" lon="-43.0763550">
    <ele>16.8</ele>
    <time>2026-06-16T16:45:08Z</time>
     <extensions>
      <gpxtpx:TrackPointExtension>
       <gpxtpx:hr>105</gpxtpx:hr>
      </gpxtpx:TrackPointExtension>
     </extensions>
   </trkpt>
   <trkpt lat="-2.5893190" lon="-43.0763870">
    <ele>16.4</ele>
    <time>2026-06-16T16:45:13Z</time>
     <extensions>
      <gpxtpx:TrackPointExtension>
       <gpxtpx:hr>105</gpxtpx:hr>
      </gpxtpx:TrackPointExtension>
     </extensions>
   </trkpt>
   <trkpt lat="-2.5892750" lon="-43.0764160">
    <ele>15.8</ele>
    <time>2026-06-16T16:45:18Z</time>
     <extensions>
      <gpxtpx:TrackPointExtension>
       <gpxtpx:hr>108</gpxtpx:hr>
      </gpxtpx:TrackPointExtension>
     </extensions>
   </trkpt>
   <trkpt lat="-2.5892330" lon="-43.0764300">
    <ele>15.6</ele>
    <time>2026-06-16T16:45:23Z</time>
     <extensions>
      <gpxtpx:TrackPointExtension>
       <gpxtpx:hr>109</gpxtpx:hr>
      </gpxtpx:TrackPointExtension>
     </extensions>
   </trkpt>
   <trkpt lat="-2.5891920" lon="-43.0764540">
    <ele>15.4</ele>
    <time>2026-06-16T16:45:28Z</time>
     <extensions>
      <gpxtpx:TrackPointExtension>
       <gpxtpx:hr>112</gpxtpx:hr>
      </gpxtpx:TrackPointExtension>
     </extensions>
   </trkpt>
   <trkpt lat="-2.5891550" lon="-43.0764780">
    <ele>15.2</ele>
    <time>2026-06-16T16:45:33Z</time>
     <extensions>
      <gpxtpx:TrackPointExtension>
       <gpxtpx:hr>112</gpxtpx:hr>
      </gpxtpx:TrackPointExtension>
     </extensions>
   </trkpt>
   <trkpt lat="-2.5891220" lon="-43.0764960">
    <ele>15.2</ele>
    <time>2026-06-16T16:45:38Z</time>
     <extensions>
      <gpxtpx:TrackPointExtension>
       <gpxtpx:hr>105</gpxtpx:hr>
      </gpxtpx:TrackPointExtension>
     </extensions>
   </trkpt>
   <trkpt lat="-2.5890990" lon="-43.0765040">
    <ele>15.2</ele>
    <time>2026-06-16T16:45:43Z</time>
     <extensions>
      <gpxtpx:TrackPointExtension>
       <gpxtpx:hr>107</gpxtpx:hr>
      </gpxtpx:TrackPointExtension>
     </extensions>
   </trkpt>
   <trkpt lat="-2.5890840" lon="-43.0765200">
    <ele>15.4</ele>
    <time>2026-06-16T16:45:48Z</time>
     <extensions>
      <gpxtpx:TrackPointExtension>
       <gpxtpx:hr>114</gpxtpx:hr>
      </gpxtpx:TrackPointExtension>
     </extensions>
   </trkpt>
   <trkpt lat="-2.5890640" lon="-43.0765340">
    <ele>15.4</ele>
    <time>2026-06-16T16:45:53Z</time>
     <extensions>
      <gpxtpx:TrackPointExtension>
       <gpxtpx:hr>115</gpxtpx:hr>
      </gpxtpx:TrackPointExtension>
     </extensions>
   </trkpt>
   <trkpt lat="-2.5890510" lon="-43.0765480">
    <ele>15.6</ele>
    <time>2026-06-16T16:45:58Z</time>
     <extensions>
      <gpxtpx:TrackPointExtension>
       <gpxtpx:hr>115</gpxtpx:hr>
      </gpxtpx:TrackPointExtension>
     </extensions>
   </trkpt>
   <trkpt lat="-2.5890400" lon="-43.0765630">
    <ele>15.4</ele>
    <time>2026-06-16T16:46:03Z</time>
     <extensions>
      <gpxtpx:TrackPointExtension>
       <gpxtpx:hr>124</gpxtpx:hr>
      </gpxtpx:TrackPointExtension>
     </extensions>
   </trkpt>
   <trkpt lat="-2.5890250" lon="-43.0765790">
    <ele>15.4</ele>
    <time>2026-06-16T16:46:08Z</time>
     <extensions>
      <gpxtpx:TrackPointExtension>
       <gpxtpx:hr>123</gpxtpx:hr>
      </gpxtpx:TrackPointExtension>
     </extensions>
   </trkpt>
   <trkpt lat="-2.5890150" lon="-43.0765920">
    <ele>15.2</ele>
    <time>2026-06-16T16:46:13Z</time>
     <extensions>
      <gpxtpx:TrackPointExtension>
       <gpxtpx:hr>123</gpxtpx:hr>
      </gpxtpx:TrackPointExtension>
     </extensions>
   </trkpt>
   <trkpt lat="-2.5890030" lon="-43.0766100">
    <ele>15.4</ele>
    <time>2026-06-16T16:46:18Z</time>
     <extensions>
      <gpxtpx:TrackPointExtension>
       <gpxtpx:hr>122</gpxtpx:hr>
      </gpxtpx:TrackPointExtension>
     </extensions>
   </trkpt>
   <trkpt lat="-2.5889820" lon="-43.0766220">
    <ele>15.6</ele>
    <time>2026-06-16T16:46:23Z</time>
     <extensions>
      <gpxtpx:TrackPointExtension>
       <gpxtpx:hr>129</gpxtpx:hr>
      </gpxtpx:TrackPointExtension>
     </extensions>
   </trkpt>
   <trkpt lat="-2.5889620" lon="-43.0766330">
    <ele>16.0</ele>
    <time>2026-06-16T16:46:28Z</time>
     <extensions>
      <gpxtpx:TrackPointExtension>
       <gpxtpx:hr>131</gpxtpx:hr>
      </gpxtpx:TrackPointExtension>
     </extensions>
   </trkpt>
   <trkpt lat="-2.5889440" lon="-43.0766450">
    <ele>16.2</ele>
    <time>2026-06-16T16:46:33Z</time>
     <extensions>
      <gpxtpx:TrackPointExtension>
       <gpxtpx:hr>130</gpxtpx:hr>
      </gpxtpx:TrackPointExtension>
     </extensions>
   </trkpt>
   <trkpt lat="-2.5889260" lon="-43.0766560">
    <ele>16.4</ele>
    <time>2026-06-16T16:46:38Z</time>
     <extensions>
      <gpxtpx:TrackPointExtension>
       <gpxtpx:hr>129</gpxtpx:hr>
      </gpxtpx:TrackPointExtension>
     </extensions>
   </trkpt>
   <trkpt lat="-2.5889050" lon="-43.0766670">
    <ele>16.6</ele>
    <time>2026-06-16T16:46:43Z</time>
     <extensions>
      <gpxtpx:TrackPointExtension>
       <gpxtpx:hr>132</gpxtpx:hr>
      </gpxtpx:TrackPointExtension>
     </extensions>
   </trkpt>
   <trkpt lat="-2.5888920" lon="-43.0766820">
    <ele>16.8</ele>
    <time>2026-06-16T16:46:48Z</time>
     <extensions>
      <gpxtpx:TrackPointExtension>
       <gpxtpx:hr>132</gpxtpx:hr>
      </gpxtpx:TrackPointExtension>
     </extensions>
   </trkpt>
   <trkpt lat="-2.5888650" lon="-43.0767010">
    <ele>16.8</ele>
    <time>2026-06-16T16:46:53Z</time>
     <extensions>
      <gpxtpx:TrackPointExtension>
       <gpxtpx:hr>133</gpxtpx:hr>
      </gpxtpx:TrackPointExtension>
     </extensions>
   </trkpt>
   <trkpt lat="-2.5888190" lon="-43.0767350">
    <ele>17.2</ele>
    <time>2026-06-16T16:46:58Z</time>
     <extensions>
      <gpxtpx:TrackPointExtension>
       <gpxtpx:hr>133</gpxtpx:hr>
      </gpxtpx:TrackPointExtension>
     </extensions>
   </trkpt>
   <trkpt lat="-2.5887540" lon="-43.0767380">
    <ele>17.2</ele>
    <time>2026-06-16T16:47:03Z</time>
     <extensions>
      <gpxtpx:TrackPointExtension>
       <gpxtpx:hr>134</gpxtpx:hr>
      </gpxtpx:TrackPointExtension>
     </extensions>
   </trkpt>
   <trkpt lat="-2.5887040" lon="-43.0767410">
    <ele>17.4</ele>
    <time>2026-06-16T16:47:08Z</time>
     <extensions>
      <gpxtpx:TrackPointExtension>
       <gpxtpx:hr>137</gpxtpx:hr>
      </gpxtpx:TrackPointExtension>
     </extensions>
   </trkpt>
   <trkpt lat="-2.5886580" lon="-43.0767410">
    <ele>17.2</ele>
    <time>2026-06-16T16:47:13Z</time>
     <extensions>
      <gpxtpx:TrackPointExtension>
       <gpxtpx:hr>137</gpxtpx:hr>
      </gpxtpx:TrackPointExtension>
     </extensions>
   </trkpt>
   <trkpt lat="-2.5886010" lon="-43.0767230">
    <ele>17.4</ele>
    <time>2026-06-16T16:47:18Z</time>
     <extensions>
      <gpxtpx:TrackPointExtension>
       <gpxtpx:hr>134</gpxtpx:hr>
      </gpxtpx:TrackPointExtension>
     </extensions>
   </trkpt>
   <trkpt lat="-2.5885450" lon="-43.0767120">
    <ele>17.4</ele>
    <time>2026-06-16T16:47:23Z</time>
     <extensions>
      <gpxtpx:TrackPointExtension>
       <gpxtpx:hr>134</gpxtpx:hr>
      </gpxtpx:TrackPointExtension>
     </extensions>
   </trkpt>
   <trkpt lat="-2.5884930" lon="-43.0767000">
    <ele>17.6</ele>
    <time>2026-06-16T16:47:28Z</time>
     <extensions>
      <gpxtpx:TrackPointExtension>
       <gpxtpx:hr>136</gpxtpx:hr>
      </gpxtpx:TrackPointExtension>
     </extensions>
   </trkpt>
   <trkpt lat="-2.5884460" lon="-43.0766950">
    <ele>18.0</ele>
    <time>2026-06-16T16:47:33Z</time>
     <extensions>
      <gpxtpx:TrackPointExtension>
       <gpxtpx:hr>132</gpxtpx:hr>
      </gpxtpx:TrackPointExtension>
     </extensions>
   </trkpt>
   <trkpt lat="-2.5883990" lon="-43.0766890">
    <ele>18.4</ele>
    <time>2026-06-16T16:47:38Z</time>
     <extensions>
      <gpxtpx:TrackPointExtension>
       <gpxtpx:hr>132</gpxtpx:hr>
      </gpxtpx:TrackPointExtension>
     </extensions>
   </trkpt>
   <trkpt lat="-2.5883470" lon="-43.0766880">
    <ele>19.0</ele>
    <time>2026-06-16T16:47:43Z</time>
     <extensions>
      <gpxtpx:TrackPointExtension>
       <gpxtpx:hr>132</gpxtpx:hr>
      </gpxtpx:TrackPointExtension>
     </extensions>
   </trkpt>
   <trkpt lat="-2.5882960" lon="-43.0766920">
    <ele>19.8</ele>
    <time>2026-06-16T16:47:48Z</time>
     <extensions>
      <gpxtpx:TrackPointExtension>
       <gpxtpx:hr>125</gpxtpx:hr>
      </gpxtpx:TrackPointExtension>
     </extensions>
   </trkpt>
   <trkpt lat="-2.5882390" lon="-43.0766960">
    <ele>20.4</ele>
    <time>2026-06-16T16:47:53Z</time>
     <extensions>
      <gpxtpx:TrackPointExtension>
       <gpxtpx:hr>125</gpxtpx:hr>
      </gpxtpx:TrackPointExtension>
     </extensions>
   </trkpt>
   <trkpt lat="-2.5881870" lon="-43.0766930">
    <ele>21.0</ele>
    <time>2026-06-16T16:47:58Z</time>
     <extensions>
      <gpxtpx:TrackPointExtension>
       <gpxtpx:hr>128</gpxtpx:hr>
      </gpxtpx:TrackPointExtension>
     </extensions>
   </trkpt>
   <trkpt lat="-2.5881420" lon="-43.0766930">
    <ele>21.4</ele>
    <time>2026-06-16T16:48:03Z</time>
     <extensions>
      <gpxtpx:TrackPointExtension>
       <gpxtpx:hr>123</gpxtpx:hr>
      </gpxtpx:TrackPointExtension>
     </extensions>
   </trkpt>
   <trkpt lat="-2.5880930" lon="-43.0766890">
    <ele>21.8</ele>
    <time>2026-06-16T16:48:08Z</time>
     <extensions>
      <gpxtpx:TrackPointExtension>
       <gpxtpx:hr>126</gpxtpx:hr>
      </gpxtpx:TrackPointExtension>
     </extensions>
   </trkpt>
   <trkpt lat="-2.5880380" lon="-43.0766920">
    <ele>22.2</ele>
    <time>2026-06-16T16:48:13Z</time>
     <extensions>
      <gpxtpx:TrackPointExtension>
       <gpxtpx:hr>126</gpxtpx:hr>
      </gpxtpx:TrackPointExtension>
     </extensions>
   </trkpt>
   <trkpt lat="-2.5879990" lon="-43.0767040">
    <ele>22.6</ele>
    <time>2026-06-16T16:48:18Z</time>
     <extensions>
      <gpxtpx:TrackPointExtension>
       <gpxtpx:hr>131</gpxtpx:hr>
      </gpxtpx:TrackPointExtension>
     </extensions>
   </trkpt>
   <trkpt lat="-2.5879550" lon="-43.0767230">
    <ele>22.8</ele>
    <time>2026-06-16T16:48:23Z</time>
     <extensions>
      <gpxtpx:TrackPointExtension>
       <gpxtpx:hr>130</gpxtpx:hr>
      </gpxtpx:TrackPointExtension>
     </extensions>
   </trkpt>
   <trkpt lat="-2.5879170" lon="-43.0767520">
    <ele>23.0</ele>
    <time>2026-06-16T16:48:28Z</time>
     <extensions>
      <gpxtpx:TrackPointExtension>
       <gpxtpx:hr>130</gpxtpx:hr>
      </gpxtpx:TrackPointExtension>
     </extensions>
   </trkpt>
   <trkpt lat="-2.5878810" lon="-43.0767810">
    <ele>23.0</ele>
    <time>2026-06-16T16:48:33Z</time>
     <extensions>
      <gpxtpx:TrackPointExtension>
       <gpxtpx:hr>124</gpxtpx:hr>
      </gpxtpx:TrackPointExtension>
     </extensions>
   </trkpt>
   <trkpt lat="-2.5878540" lon="-43.0768090">
    <ele>23.0</ele>
    <time>2026-06-16T16:48:38Z</time>
     <extensions>
      <gpxtpx:TrackPointExtension>
       <gpxtpx:hr>123</gpxtpx:hr>
      </gpxtpx:TrackPointExtension>
     </extensions>
   </trkpt>
   <trkpt lat="-2.5878340" lon="-43.0768480">
    <ele>23.0</ele>
    <time>2026-06-16T16:48:43Z</time>
     <extensions>
      <gpxtpx:TrackPointExtension>
       <gpxtpx:hr>119</gpxtpx:hr>
      </gpxtpx:TrackPointExtension>
     </extensions>
   </trkpt>
   <trkpt lat="-2.5878130" lon="-43.0768850">
    <ele>22.8</ele>
    <time>2026-06-16T16:48:48Z</time>
     <extensions>
      <gpxtpx:TrackPointExtension>
       <gpxtpx:hr>119</gpxtpx:hr>
      </gpxtpx:TrackPointExtension>
     </extensions>
   </trkpt>
   <trkpt lat="-2.5878000" lon="-43.0769300">
    <ele>22.6</ele>
    <time>2026-06-16T16:48:53Z</time>
     <extensions>
      <gpxtpx:TrackPointExtension>
       <gpxtpx:hr>118</gpxtpx:hr>
      </gpxtpx:TrackPointExtension>
     </extensions>
   </trkpt>
   <trkpt lat="-2.5877850" lon="-43.0769730">
    <ele>22.2</ele>
    <time>2026-06-16T16:48:58Z</time>
     <extensions>
      <gpxtpx:TrackPointExtension>
       <gpxtpx:hr>116</gpxtpx:hr>
      </gpxtpx:TrackPointExtension>
     </extensions>
   </trkpt>
   <trkpt lat="-2.5877720" lon="-43.0770140">
    <ele>21.8</ele>
    <time>2026-06-16T16:49:03Z</time>
     <extensions>
      <gpxtpx:TrackPointExtension>
       <gpxtpx:hr>112</gpxtpx:hr>
      </gpxtpx:TrackPointExtension>
     </extensions>
   </trkpt>
   <trkpt lat="-2.5877540" lon="-43.0770550">
    <ele>21.6</ele>
    <time>2026-06-16T16:49:08Z</time>
     <extensions>
      <gpxtpx:TrackPointExtension>
       <gpxtpx:hr>110</gpxtpx:hr>
      </gpxtpx:TrackPointExtension>
     </extensions>
   </trkpt>
   <trkpt lat="-2.5877270" lon="-43.0771060">
    <ele>21.4</ele>
    <time>2026-06-16T16:49:13Z</time>
     <extensions>
      <gpxtpx:TrackPointExtension>
       <gpxtpx:hr>110</gpxtpx:hr>
      </gpxtpx:TrackPointExtension>
     </extensions>
   </trkpt>
   <trkpt lat="-2.5876910" lon="-43.0771510">
    <ele>21.4</ele>
    <time>2026-06-16T16:49:18Z</time>
     <extensions>
      <gpxtpx:TrackPointExtension>
       <gpxtpx:hr>109</gpxtpx:hr>
      </gpxtpx:TrackPointExtension>
     </extensions>
   </trkpt>
   <trkpt lat="-2.5876580" lon="-43.0771950">
    <ele>21.6</ele>
    <time>2026-06-16T16:49:23Z</time>
     <extensions>
      <gpxtpx:TrackPointExtension>
       <gpxtpx:hr>105</gpxtpx:hr>
      </gpxtpx:TrackPointExtension>
     </extensions>
   </trkpt>
   <trkpt lat="-2.5876200" lon="-43.0772350">
    <ele>21.6</ele>
    <time>2026-06-16T16:49:28Z</time>
     <extensions>
      <gpxtpx:TrackPointExtension>
       <gpxtpx:hr>105</gpxtpx:hr>
      </gpxtpx:TrackPointExtension>
     </extensions>
   </trkpt>
   <trkpt lat="-2.5875860" lon="-43.0772770">
    <ele>21.6</ele>
    <time>2026-06-16T16:49:33Z</time>
     <extensions>
      <gpxtpx:TrackPointExtension>
       <gpxtpx:hr>108</gpxtpx:hr>
      </gpxtpx:TrackPointExtension>
     </extensions>
   </trkpt>
   <trkpt lat="-2.5875520" lon="-43.0773190">
    <ele>21.4</ele>
    <time>2026-06-16T16:49:38Z</time>
     <extensions>
      <gpxtpx:TrackPointExtension>
       <gpxtpx:hr>104</gpxtpx:hr>
      </gpxtpx:TrackPointExtension>
     </extensions>
   </trkpt>
   <trkpt lat="-2.5875200" lon="-43.0773560">
    <ele>21.2</ele>
    <time>2026-06-16T16:49:43Z</time>
     <extensions>
      <gpxtpx:TrackPointExtension>
       <gpxtpx:hr>104</gpxtpx:hr>
      </gpxtpx:TrackPointExtension>
     </extensions>
   </trkpt>
   <trkpt lat="-2.5874860" lon="-43.0773900">
    <ele>21.0</ele>
    <time>2026-06-16T16:49:48Z</time>
     <extensions>
      <gpxtpx:TrackPointExtension>
       <gpxtpx:hr>108</gpxtpx:hr>
      </gpxtpx:TrackPointExtension>
     </extensions>
   </trkpt>
   <trkpt lat="-2.5874550" lon="-43.0774320">
    <ele>20.8</ele>
    <time>2026-06-16T16:49:53Z</time>
     <extensions>
      <gpxtpx:TrackPointExtension>
       <gpxtpx:hr>108</gpxtpx:hr>
      </gpxtpx:TrackPointExtension>
     </extensions>
   </trkpt>
   <trkpt lat="-2.5874290" lon="-43.0774720">
    <ele>20.6</ele>
    <time>2026-06-16T16:49:58Z</time>
     <extensions>
      <gpxtpx:TrackPointExtension>
       <gpxtpx:hr>108</gpxtpx:hr>
      </gpxtpx:TrackPointExtension>
     </extensions>
   </trkpt>
   <trkpt lat="-2.5874030" lon="-43.0775130">
    <ele>20.4</ele>
    <time>2026-06-16T16:50:03Z</time>
     <extensions>
      <gpxtpx:TrackPointExtension>
       <gpxtpx:hr>108</gpxtpx:hr>
      </gpxtpx:TrackPointExtension>
     </extensions>
   </trkpt>
   <trkpt lat="-2.5873840" lon="-43.0775670">
    <ele>20.2</ele>
    <time>2026-06-16T16:50:08Z</time>
     <extensions>
      <gpxtpx:TrackPointExtension>
       <gpxtpx:hr>105</gpxtpx:hr>
      </gpxtpx:TrackPointExtension>
     </extensions>
   </trkpt>
   <trkpt lat="-2.5873700" lon="-43.0776080">
    <ele>20.0</ele>
    <time>2026-06-16T16:50:13Z</time>
     <extensions>
      <gpxtpx:TrackPointExtension>
       <gpxtpx:hr>105</gpxtpx:hr>
      </gpxtpx:TrackPointExtension>
     </extensions>
   </trkpt>
   <trkpt lat="-2.5873470" lon="-43.0776310">
    <ele>20.0</ele>
    <time>2026-06-16T16:50:18Z</time>
     <extensions>
      <gpxtpx:TrackPointExtension>
       <gpxtpx:hr>108</gpxtpx:hr>
      </gpxtpx:TrackPointExtension>
     </extensions>
   </trkpt>
   <trkpt lat="-2.5872980" lon="-43.0776260">
    <ele>19.8</ele>
    <time>2026-06-16T16:50:23Z</time>
     <extensions>
      <gpxtpx:TrackPointExtension>
       <gpxtpx:hr>104</gpxtpx:hr>
      </gpxtpx:TrackPointExtension>
     </extensions>
   </trkpt>
   <trkpt lat="-2.5872430" lon="-43.0776210">
    <ele>20.0</ele>
    <time>2026-06-16T16:50:28Z</time>
     <extensions>
      <gpxtpx:TrackPointExtension>
       <gpxtpx:hr>105</gpxtpx:hr>
      </gpxtpx:TrackPointExtension>
     </extensions>
   </trkpt>
   <trkpt lat="-2.5871890" lon="-43.0776240">
    <ele>20.0</ele>
    <time>2026-06-16T16:50:33Z</time>
     <extensions>
      <gpxtpx:TrackPointExtension>
       <gpxtpx:hr>105</gpxtpx:hr>
      </gpxtpx:TrackPointExtension>
     </extensions>
   </trkpt>
   <trkpt lat="-2.5871380" lon="-43.0776330">
    <ele>20.2</ele>
    <time>2026-06-16T16:50:38Z</time>
     <extensions>
      <gpxtpx:TrackPointExtension>
       <gpxtpx:hr>105</gpxtpx:hr>
      </gpxtpx:TrackPointExtension>
     </extensions>
   </trkpt>
   <trkpt lat="-2.5870870" lon="-43.0776500">
    <ele>20.2</ele>
    <time>2026-06-16T16:50:43Z</time>
     <extensions>
      <gpxtpx:TrackPointExtension>
       <gpxtpx:hr>105</gpxtpx:hr>
      </gpxtpx:TrackPointExtension>
     </extensions>
   </trkpt>
   <trkpt lat="-2.5870400" lon="-43.0776740">
    <ele>20.4</ele>
    <time>2026-06-16T16:50:48Z</time>
     <extensions>
      <gpxtpx:TrackPointExtension>
       <gpxtpx:hr>105</gpxtpx:hr>
      </gpxtpx:TrackPointExtension>
     </extensions>
   </trkpt>
   <trkpt lat="-2.5870030" lon="-43.0777010">
    <ele>20.8</ele>
    <time>2026-06-16T16:50:53Z</time>
     <extensions>
      <gpxtpx:TrackPointExtension>
       <gpxtpx:hr>105</gpxtpx:hr>
      </gpxtpx:TrackPointExtension>
     </extensions>
   </trkpt>
   <trkpt lat="-2.5869760" lon="-43.0777280">
    <ele>21.2</ele>
    <time>2026-06-16T16:50:58Z</time>
     <extensions>
      <gpxtpx:TrackPointExtension>
       <gpxtpx:hr>105</gpxtpx:hr>
      </gpxtpx:TrackPointExtension>
     </extensions>
   </trkpt>
   <trkpt lat="-2.5869530" lon="-43.0777520">
    <ele>21.6</ele>
    <time>2026-06-16T16:51:03Z</time>
     <extensions>
      <gpxtpx:TrackPointExtension>
       <gpxtpx:hr>103</gpxtpx:hr>
      </gpxtpx:TrackPointExtension>
     </extensions>
   </trkpt>
   <trkpt lat="-2.5869280" lon="-43.0777770">
    <ele>22.0</ele>
    <time>2026-06-16T16:51:08Z</time>
     <extensions>
      <gpxtpx:TrackPointExtension>
       <gpxtpx:hr>108</gpxtpx:hr>
      </gpxtpx:TrackPointExtension>
     </extensions>
   </trkpt>
   <trkpt lat="-2.5869080" lon="-43.0778110">
    <ele>22.4</ele>
    <time>2026-06-16T16:51:13Z</time>
     <extensions>
      <gpxtpx:TrackPointExtension>
       <gpxtpx:hr>114</gpxtpx:hr>
      </gpxtpx:TrackPointExtension>
     </extensions>
   </trkpt>
   <trkpt lat="-2.5868880" lon="-43.0778390">
    <ele>22.6</ele>
    <time>2026-06-16T16:51:18Z</time>
     <extensions>
      <gpxtpx:TrackPointExtension>
       <gpxtpx:hr>121</gpxtpx:hr>
      </gpxtpx:TrackPointExtension>
     </extensions>
   </trkpt>
   <trkpt lat="-2.5868720" lon="-43.0778730">
    <ele>22.8</ele>
    <time>2026-06-16T16:51:23Z</time>
     <extensions>
      <gpxtpx:TrackPointExtension>
       <gpxtpx:hr>123</gpxtpx:hr>
      </gpxtpx:TrackPointExtension>
     </extensions>
   </trkpt>
   <trkpt lat="-2.5868650" lon="-43.0778950">
    <ele>22.8</ele>
    <time>2026-06-16T16:51:28Z</time>
     <extensions>
      <gpxtpx:TrackPointExtension>
       <gpxtpx:hr>131</gpxtpx:hr>
      </gpxtpx:TrackPointExtension>
     </extensions>
   </trkpt>
   <trkpt lat="-2.5868760" lon="-43.0779270">
    <ele>22.8</ele>
    <time>2026-06-16T16:51:33Z</time>
     <extensions>
      <gpxtpx:TrackPointExtension>
       <gpxtpx:hr>130</gpxtpx:hr>
      </gpxtpx:TrackPointExtension>
     </extensions>
   </trkpt>
   <trkpt lat="-2.5869030" lon="-43.0779590">
    <ele>22.6</ele>
    <time>2026-06-16T16:51:38Z</time>
     <extensions>
      <gpxtpx:TrackPointExtension>
       <gpxtpx:hr>126</gpxtpx:hr>
      </gpxtpx:TrackPointExtension>
     </extensions>
   </trkpt>
   <trkpt lat="-2.5869370" lon="-43.0779900">
    <ele>22.2</ele>
    <time>2026-06-16T16:51:43Z</time>
     <extensions>
      <gpxtpx:TrackPointExtension>
       <gpxtpx:hr>126</gpxtpx:hr>
      </gpxtpx:TrackPointExtension>
     </extensions>
   </trkpt>
   <trkpt lat="-2.5869610" lon="-43.0780360">
    <ele>21.8</ele>
    <time>2026-06-16T16:51:48Z</time>
     <extensions>
      <gpxtpx:TrackPointExtension>
       <gpxtpx:hr>126</gpxtpx:hr>
      </gpxtpx:TrackPointExtension>
     </extensions>
   </trkpt>
   <trkpt lat="-2.5869820" lon="-43.0780810">
    <ele>21.4</ele>
    <time>2026-06-16T16:51:53Z</time>
     <extensions>
      <gpxtpx:TrackPointExtension>
       <gpxtpx:hr>119</gpxtpx:hr>
      </gpxtpx:TrackPointExtension>
     </extensions>
   </trkpt>
   <trkpt lat="-2.5869890" lon="-43.0781110">
    <ele>21.0</ele>
    <time>2026-06-16T16:51:58Z</time>
     <extensions>
      <gpxtpx:TrackPointExtension>
       <gpxtpx:hr>119</gpxtpx:hr>
      </gpxtpx:TrackPointExtension>
     </extensions>
   </trkpt>
   <trkpt lat="-2.5869890" lon="-43.0781500">
    <ele>20.8</ele>
    <time>2026-06-16T16:52:03Z</time>
     <extensions>
      <gpxtpx:TrackPointExtension>
       <gpxtpx:hr>115</gpxtpx:hr>
      </gpxtpx:TrackPointExtension>
     </extensions>
   </trkpt>
   <trkpt lat="-2.5870010" lon="-43.0781930">
    <ele>20.6</ele>
    <time>2026-06-16T16:52:08Z</time>
     <extensions>
      <gpxtpx:TrackPointExtension>
       <gpxtpx:hr>115</gpxtpx:hr>
      </gpxtpx:TrackPointExtension>
     </extensions>
   </trkpt>
   <trkpt lat="-2.5870090" lon="-43.0782300">
    <ele>20.6</ele>
    <time>2026-06-16T16:52:13Z</time>
     <extensions>
      <gpxtpx:TrackPointExtension>
       <gpxtpx:hr>116</gpxtpx:hr>
      </gpxtpx:TrackPointExtension>
     </extensions>
   </trkpt>
   <trkpt lat="-2.5870120" lon="-43.0782730">
    <ele>20.4</ele>
    <time>2026-06-16T16:52:18Z</time>
     <extensions>
      <gpxtpx:TrackPointExtension>
       <gpxtpx:hr>122</gpxtpx:hr>
      </gpxtpx:TrackPointExtension>
     </extensions>
   </trkpt>
   <trkpt lat="-2.5870070" lon="-43.0783150">
    <ele>20.2</ele>
    <time>2026-06-16T16:52:23Z</time>
     <extensions>
      <gpxtpx:TrackPointExtension>
       <gpxtpx:hr>122</gpxtpx:hr>
      </gpxtpx:TrackPointExtension>
     </extensions>
   </trkpt>
   <trkpt lat="-2.5869880" lon="-43.0783560">
    <ele>20.2</ele>
    <time>2026-06-16T16:52:28Z</time>
     <extensions>
      <gpxtpx:TrackPointExtension>
       <gpxtpx:hr>112</gpxtpx:hr>
      </gpxtpx:TrackPointExtension>
     </extensions>
   </trkpt>
   <trkpt lat="-2.5869680" lon="-43.0784060">
    <ele>20.2</ele>
    <time>2026-06-16T16:52:33Z</time>
     <extensions>
      <gpxtpx:TrackPointExtension>
       <gpxtpx:hr>110</gpxtpx:hr>
      </gpxtpx:TrackPointExtension>
     </extensions>
   </trkpt>
   <trkpt lat="-2.5869480" lon="-43.0784580">
    <ele>20.2</ele>
    <time>2026-06-16T16:52:38Z</time>
     <extensions>
      <gpxtpx:TrackPointExtension>
       <gpxtpx:hr>113</gpxtpx:hr>
      </gpxtpx:TrackPointExtension>
     </extensions>
   </trkpt>
   <trkpt lat="-2.5869240" lon="-43.0785050">
    <ele>20.4</ele>
    <time>2026-06-16T16:52:43Z</time>
     <extensions>
      <gpxtpx:TrackPointExtension>
       <gpxtpx:hr>113</gpxtpx:hr>
      </gpxtpx:TrackPointExtension>
     </extensions>
   </trkpt>
   <trkpt lat="-2.5868910" lon="-43.0785400">
    <ele>20.6</ele>
    <time>2026-06-16T16:52:48Z</time>
     <extensions>
      <gpxtpx:TrackPointExtension>
       <gpxtpx:hr>107</gpxtpx:hr>
      </gpxtpx:TrackPointExtension>
     </extensions>
   </trkpt>
   <trkpt lat="-2.5868630" lon="-43.0785660">
    <ele>20.8</ele>
    <time>2026-06-16T16:52:53Z</time>
     <extensions>
      <gpxtpx:TrackPointExtension>
       <gpxtpx:hr>113</gpxtpx:hr>
      </gpxtpx:TrackPointExtension>
     </extensions>
   </trkpt>
   <trkpt lat="-2.5868370" lon="-43.0785910">
    <ele>21.0</ele>
    <time>2026-06-16T16:52:58Z</time>
     <extensions>
      <gpxtpx:TrackPointExtension>
       <gpxtpx:hr>113</gpxtpx:hr>
      </gpxtpx:TrackPointExtension>
     </extensions>
   </trkpt>
   <trkpt lat="-2.5868120" lon="-43.0786130">
    <ele>21.4</ele>
    <time>2026-06-16T16:53:03Z</time>
     <extensions>
      <gpxtpx:TrackPointExtension>
       <gpxtpx:hr>121</gpxtpx:hr>
      </gpxtpx:TrackPointExtension>
     </extensions>
   </trkpt>
   <trkpt lat="-2.5867810" lon="-43.0786320">
    <ele>21.6</ele>
    <time>2026-06-16T16:53:08Z</time>
     <extensions>
      <gpxtpx:TrackPointExtension>
       <gpxtpx:hr>123</gpxtpx:hr>
      </gpxtpx:TrackPointExtension>
     </extensions>
   </trkpt>
   <trkpt lat="-2.5867540" lon="-43.0786560">
    <ele>21.8</ele>
    <time>2026-06-16T16:53:13Z</time>
     <extensions>
      <gpxtpx:TrackPointExtension>
       <gpxtpx:hr>127</gpxtpx:hr>
      </gpxtpx:TrackPointExtension>
     </extensions>
   </trkpt>
   <trkpt lat="-2.5867220" lon="-43.0786860">
    <ele>22.0</ele>
    <time>2026-06-16T16:53:18Z</time>
     <extensions>
      <gpxtpx:TrackPointExtension>
       <gpxtpx:hr>127</gpxtpx:hr>
      </gpxtpx:TrackPointExtension>
     </extensions>
   </trkpt>
   <trkpt lat="-2.5866880" lon="-43.0787220">
    <ele>22.2</ele>
    <time>2026-06-16T16:53:23Z</time>
     <extensions>
      <gpxtpx:TrackPointExtension>
       <gpxtpx:hr>138</gpxtpx:hr>
      </gpxtpx:TrackPointExtension>
     </extensions>
   </trkpt>
   <trkpt lat="-2.5866540" lon="-43.0787480">
    <ele>22.0</ele>
    <time>2026-06-16T16:53:28Z</time>
     <extensions>
      <gpxtpx:TrackPointExtension>
       <gpxtpx:hr>138</gpxtpx:hr>
      </gpxtpx:TrackPointExtension>
     </extensions>
   </trkpt>
   <trkpt lat="-2.5866200" lon="-43.0787730">
    <ele>21.8</ele>
    <time>2026-06-16T16:53:33Z</time>
     <extensions>
      <gpxtpx:TrackPointExtension>
       <gpxtpx:hr>139</gpxtpx:hr>
      </gpxtpx:TrackPointExtension>
     </extensions>
   </trkpt>
   <trkpt lat="-2.5865840" lon="-43.0787990">
    <ele>21.6</ele>
    <time>2026-06-16T16:53:38Z</time>
     <extensions>
      <gpxtpx:TrackPointExtension>
       <gpxtpx:hr>137</gpxtpx:hr>
      </gpxtpx:TrackPointExtension>
     </extensions>
   </trkpt>
   <trkpt lat="-2.5865470" lon="-43.0788260">
    <ele>21.4</ele>
    <time>2026-06-16T16:53:43Z</time>
     <extensions>
      <gpxtpx:TrackPointExtension>
       <gpxtpx:hr>131</gpxtpx:hr>
      </gpxtpx:TrackPointExtension>
     </extensions>
   </trkpt>
   <trkpt lat="-2.5865100" lon="-43.0788400">
    <ele>21.4</ele>
    <time>2026-06-16T16:53:48Z</time>
     <extensions>
      <gpxtpx:TrackPointExtension>
       <gpxtpx:hr>131</gpxtpx:hr>
      </gpxtpx:TrackPointExtension>
     </extensions>
   </trkpt>
   <trkpt lat="-2.5864760" lon="-43.0788580">
    <ele>21.0</ele>
    <time>2026-06-16T16:53:53Z</time>
     <extensions>
      <gpxtpx:TrackPointExtension>
       <gpxtpx:hr>123</gpxtpx:hr>
      </gpxtpx:TrackPointExtension>
     </extensions>
   </trkpt>
   <trkpt lat="-2.5864400" lon="-43.0788890">
    <ele>20.8</ele>
    <time>2026-06-16T16:53:58Z</time>
     <extensions>
      <gpxtpx:TrackPointExtension>
       <gpxtpx:hr>123</gpxtpx:hr>
      </gpxtpx:TrackPointExtension>
     </extensions>
   </trkpt>
   <trkpt lat="-2.5864050" lon="-43.0789270">
    <ele>20.6</ele>
    <time>2026-06-16T16:54:03Z</time>
     <extensions>
      <gpxtpx:TrackPointExtension>
       <gpxtpx:hr>109</gpxtpx:hr>
      </gpxtpx:TrackPointExtension>
     </extensions>
   </trkpt>
   <trkpt lat="-2.5863710" lon="-43.0789690">
    <ele>20.4</ele>
    <time>2026-06-16T16:54:08Z</time>
     <extensions>
      <gpxtpx:TrackPointExtension>
       <gpxtpx:hr>109</gpxtpx:hr>
      </gpxtpx:TrackPointExtension>
     </extensions>
   </trkpt>
   <trkpt lat="-2.5863370" lon="-43.0790060">
    <ele>20.2</ele>
    <time>2026-06-16T16:54:13Z</time>
     <extensions>
      <gpxtpx:TrackPointExtension>
       <gpxtpx:hr>102</gpxtpx:hr>
      </gpxtpx:TrackPointExtension>
     </extensions>
   </trkpt>
   <trkpt lat="-2.5863020" lon="-43.0790450">
    <ele>20.2</ele>
    <time>2026-06-16T16:54:18Z</time>
     <extensions>
      <gpxtpx:TrackPointExtension>
       <gpxtpx:hr>101</gpxtpx:hr>
      </gpxtpx:TrackPointExtension>
     </extensions>
   </trkpt>
   <trkpt lat="-2.5862710" lon="-43.0790870">
    <ele>20.2</ele>
    <time>2026-06-16T16:54:23Z</time>
     <extensions>
      <gpxtpx:TrackPointExtension>
       <gpxtpx:hr>102</gpxtpx:hr>
      </gpxtpx:TrackPointExtension>
     </extensions>
   </trkpt>
   <trkpt lat="-2.5862360" lon="-43.0791210">
    <ele>20.2</ele>
    <time>2026-06-16T16:54:28Z</time>
     <extensions>
      <gpxtpx:TrackPointExtension>
       <gpxtpx:hr>102</gpxtpx:hr>
      </gpxtpx:TrackPointExtension>
     </extensions>
   </trkpt>
   <trkpt lat="-2.5862030" lon="-43.0791530">
    <ele>20.4</ele>
    <time>2026-06-16T16:54:33Z</time>
     <extensions>
      <gpxtpx:TrackPointExtension>
       <gpxtpx:hr>97</gpxtpx:hr>
      </gpxtpx:TrackPointExtension>
     </extensions>
   </trkpt>
   <trkpt lat="-2.5861650" lon="-43.0791840">
    <ele>20.2</ele>
    <time>2026-06-16T16:54:38Z</time>
     <extensions>
      <gpxtpx:TrackPointExtension>
       <gpxtpx:hr>97</gpxtpx:hr>
      </gpxtpx:TrackPointExtension>
     </extensions>
   </trkpt>
   <trkpt lat="-2.5861270" lon="-43.0792120">
    <ele>20.2</ele>
    <time>2026-06-16T16:54:43Z</time>
     <extensions>
      <gpxtpx:TrackPointExtension>
       <gpxtpx:hr>103</gpxtpx:hr>
      </gpxtpx:TrackPointExtension>
     </extensions>
   </trkpt>
   <trkpt lat="-2.5860890" lon="-43.0792440">
    <ele>20.2</ele>
    <time>2026-06-16T16:54:48Z</time>
     <extensions>
      <gpxtpx:TrackPointExtension>
       <gpxtpx:hr>103</gpxtpx:hr>
      </gpxtpx:TrackPointExtension>
     </extensions>
   </trkpt>
   <trkpt lat="-2.5860540" lon="-43.0792750">
    <ele>20.2</ele>
    <time>2026-06-16T16:54:53Z</time>
     <extensions>
      <gpxtpx:TrackPointExtension>
       <gpxtpx:hr>103</gpxtpx:hr>
      </gpxtpx:TrackPointExtension>
     </extensions>
   </trkpt>
   <trkpt lat="-2.5860200" lon="-43.0793060">
    <ele>20.2</ele>
    <time>2026-06-16T16:54:58Z</time>
     <extensions>
      <gpxtpx:TrackPointExtension>
       <gpxtpx:hr>99</gpxtpx:hr>
      </gpxtpx:TrackPointExtension>
     </extensions>
   </trkpt>
   <trkpt lat="-2.5859780" lon="-43.0793370">
    <ele>20.0</ele>
    <time>2026-06-16T16:55:03Z</time>
     <extensions>
      <gpxtpx:TrackPointExtension>
       <gpxtpx:hr>99</gpxtpx:hr>
      </gpxtpx:TrackPointExtension>
     </extensions>
   </trkpt>
   <trkpt lat="-2.5859460" lon="-43.0793660">
    <ele>20.0</ele>
    <time>2026-06-16T16:55:08Z</time>
     <extensions>
      <gpxtpx:TrackPointExtension>
       <gpxtpx:hr>99</gpxtpx:hr>
      </gpxtpx:TrackPointExtension>
     </extensions>
   </trkpt>
   <trkpt lat="-2.5859070" lon="-43.0793870">
    <ele>19.8</ele>
    <time>2026-06-16T16:55:13Z</time>
     <extensions>
      <gpxtpx:TrackPointExtension>
       <gpxtpx:hr>99</gpxtpx:hr>
      </gpxtpx:TrackPointExtension>
     </extensions>
   </trkpt>
   <trkpt lat="-2.5858670" lon="-43.0794030">
    <ele>19.8</ele>
    <time>2026-06-16T16:55:18Z</time>
     <extensions>
      <gpxtpx:TrackPointExtension>
       <gpxtpx:hr>101</gpxtpx:hr>
      </gpxtpx:TrackPointExtension>
     </extensions>
   </trkpt>
   <trkpt lat="-2.5858250" lon="-43.0794320">
    <ele>19.8</ele>
    <time>2026-06-16T16:55:23Z</time>
     <extensions>
      <gpxtpx:TrackPointExtension>
       <gpxtpx:hr>101</gpxtpx:hr>
      </gpxtpx:TrackPointExtension>
     </extensions>
   </trkpt>
   <trkpt lat="-2.5857870" lon="-43.0794660">
    <ele>19.8</ele>
    <time>2026-06-16T16:55:28Z</time>
     <extensions>
      <gpxtpx:TrackPointExtension>
       <gpxtpx:hr>99</gpxtpx:hr>
      </gpxtpx:TrackPointExtension>
     </extensions>
   </trkpt>
   <trkpt lat="-2.5857490" lon="-43.0794980">
    <ele>19.6</ele>
    <time>2026-06-16T16:55:33Z</time>
     <extensions>
      <gpxtpx:TrackPointExtension>
       <gpxtpx:hr>98</gpxtpx:hr>
      </gpxtpx:TrackPointExtension>
     </extensions>
   </trkpt>
   <trkpt lat="-2.5857110" lon="-43.0795190">
    <ele>19.6</ele>
    <time>2026-06-16T16:55:38Z</time>
     <extensions>
      <gpxtpx:TrackPointExtension>
       <gpxtpx:hr>97</gpxtpx:hr>
      </gpxtpx:TrackPointExtension>
     </extensions>
   </trkpt>
   <trkpt lat="-2.5856860" lon="-43.0795410">
    <ele>19.6</ele>
    <time>2026-06-16T16:55:43Z</time>
     <extensions>
      <gpxtpx:TrackPointExtension>
       <gpxtpx:hr>97</gpxtpx:hr>
      </gpxtpx:TrackPointExtension>
     </extensions>
   </trkpt>
   <trkpt lat="-2.5856770" lon="-43.0795490">
    <ele>19.8</ele>
    <time>2026-06-16T16:55:48Z</time>
     <extensions>
      <gpxtpx:TrackPointExtension>
       <gpxtpx:hr>102</gpxtpx:hr>
      </gpxtpx:TrackPointExtension>
     </extensions>
   </trkpt>
   <trkpt lat="-2.5856790" lon="-43.0795470">
    <ele>19.8</ele>
    <time>2026-06-16T16:55:53Z</time>
     <extensions>
      <gpxtpx:TrackPointExtension>
       <gpxtpx:hr>97</gpxtpx:hr>
      </gpxtpx:TrackPointExtension>
     </extensions>
   </trkpt>
   <trkpt lat="-2.5856760" lon="-43.0795500">
    <ele>19.8</ele>
    <time>2026-06-16T16:55:58Z</time>
     <extensions>
      <gpxtpx:TrackPointExtension>
       <gpxtpx:hr>97</gpxtpx:hr>
      </gpxtpx:TrackPointExtension>
     </extensions>
   </trkpt>
   <trkpt lat="-2.5856690" lon="-43.0795490">
    <ele>19.6</ele>
    <time>2026-06-16T16:56:03Z</time>
     <extensions>
      <gpxtpx:TrackPointExtension>
       <gpxtpx:hr>96</gpxtpx:hr>
      </gpxtpx:TrackPointExtension>
     </extensions>
   </trkpt>
   <trkpt lat="-2.5856700" lon="-43.0795430">
    <ele>19.6</ele>
    <time>2026-06-16T16:56:08Z</time>
     <extensions>
      <gpxtpx:TrackPointExtension>
       <gpxtpx:hr>99</gpxtpx:hr>
      </gpxtpx:TrackPointExtension>
     </extensions>
   </trkpt>
   <trkpt lat="-2.5856720" lon="-43.0795410">
    <ele>19.6</ele>
    <time>2026-06-16T16:56:13Z</time>
     <extensions>
      <gpxtpx:TrackPointExtension>
       <gpxtpx:hr>107</gpxtpx:hr>
      </gpxtpx:TrackPointExtension>
     </extensions>
   </trkpt>
   <trkpt lat="-2.5856710" lon="-43.0795400">
    <ele>19.8</ele>
    <time>2026-06-16T16:56:18Z</time>
     <extensions>
      <gpxtpx:TrackPointExtension>
       <gpxtpx:hr>102</gpxtpx:hr>
      </gpxtpx:TrackPointExtension>
     </extensions>
   </trkpt>
   <trkpt lat="-2.5856710" lon="-43.0795400">
    <ele>19.8</ele>
    <time>2026-06-16T16:56:23Z</time>
     <extensions>
      <gpxtpx:TrackPointExtension>
       <gpxtpx:hr>104</gpxtpx:hr>
      </gpxtpx:TrackPointExtension>
     </extensions>
   </trkpt>
   <trkpt lat="-2.5856710" lon="-43.0795400">
    <ele>20.0</ele>
    <time>2026-06-16T16:56:28Z</time>
     <extensions>
      <gpxtpx:TrackPointExtension>
       <gpxtpx:hr>104</gpxtpx:hr>
      </gpxtpx:TrackPointExtension>
     </extensions>
   </trkpt>
   <trkpt lat="-2.5856710" lon="-43.0795380">
    <ele>20.0</ele>
    <time>2026-06-16T16:56:33Z</time>
     <extensions>
      <gpxtpx:TrackPointExtension>
       <gpxtpx:hr>97</gpxtpx:hr>
      </gpxtpx:TrackPointExtension>
     </extensions>
   </trkpt>
   <trkpt lat="-2.5856700" lon="-43.0795370">
    <ele>20.0</ele>
    <time>2026-06-16T16:56:38Z</time>
     <extensions>
      <gpxtpx:TrackPointExtension>
       <gpxtpx:hr>92</gpxtpx:hr>
      </gpxtpx:TrackPointExtension>
     </extensions>
   </trkpt>
   <trkpt lat="-2.5856700" lon="-43.0795350">
    <ele>20.0</ele>
    <time>2026-06-16T16:56:43Z</time>
     <extensions>
      <gpxtpx:TrackPointExtension>
       <gpxtpx:hr>92</gpxtpx:hr>
      </gpxtpx:TrackPointExtension>
     </extensions>
   </trkpt>
   <trkpt lat="-2.5856690" lon="-43.0795350">
    <ele>20.2</ele>
    <time>2026-06-16T16:56:48Z</time>
     <extensions>
      <gpxtpx:TrackPointExtension>
       <gpxtpx:hr>97</gpxtpx:hr>
      </gpxtpx:TrackPointExtension>
     </extensions>
   </trkpt>
   <trkpt lat="-2.5856710" lon="-43.0795390">
    <ele>20.2</ele>
    <time>2026-06-16T16:56:53Z</time>
     <extensions>
      <gpxtpx:TrackPointExtension>
       <gpxtpx:hr>97</gpxtpx:hr>
      </gpxtpx:TrackPointExtension>
     </extensions>
   </trkpt>
   <trkpt lat="-2.5856750" lon="-43.0795420">
    <ele>20.4</ele>
    <time>2026-06-16T16:56:58Z</time>
     <extensions>
      <gpxtpx:TrackPointExtension>
       <gpxtpx:hr>101</gpxtpx:hr>
      </gpxtpx:TrackPointExtension>
     </extensions>
   </trkpt>
   <trkpt lat="-2.5856730" lon="-43.0795430">
    <ele>20.4</ele>
    <time>2026-06-16T16:57:03Z</time>
     <extensions>
      <gpxtpx:TrackPointExtension>
       <gpxtpx:hr>97</gpxtpx:hr>
      </gpxtpx:TrackPointExtension>
     </extensions>
   </trkpt>
   <trkpt lat="-2.5856740" lon="-43.0795380">
    <ele>20.2</ele>
    <time>2026-06-16T16:57:08Z</time>
     <extensions>
      <gpxtpx:TrackPointExtension>
       <gpxtpx:hr>97</gpxtpx:hr>
      </gpxtpx:TrackPointExtension>
     </extensions>
   </trkpt>
   <trkpt lat="-2.5856740" lon="-43.0795310">
    <ele>20.2</ele>
    <time>2026-06-16T16:57:13Z</time>
     <extensions>
      <gpxtpx:TrackPointExtension>
       <gpxtpx:hr>95</gpxtpx:hr>
      </gpxtpx:TrackPointExtension>
     </extensions>
   </trkpt>
   <trkpt lat="-2.5856720" lon="-43.0795320">
    <ele>20.0</ele>
    <time>2026-06-16T16:57:18Z</time>
     <extensions>
      <gpxtpx:TrackPointExtension>
       <gpxtpx:hr>92</gpxtpx:hr>
      </gpxtpx:TrackPointExtension>
     </extensions>
   </trkpt>
   <trkpt lat="-2.5856740" lon="-43.0795300">
    <ele>19.8</ele>
    <time>2026-06-16T16:57:23Z</time>
     <extensions>
      <gpxtpx:TrackPointExtension>
       <gpxtpx:hr>93</gpxtpx:hr>
      </gpxtpx:TrackPointExtension>
     </extensions>
   </trkpt>
   <trkpt lat="-2.5856740" lon="-43.0795380">
    <ele>20.0</ele>
    <time>2026-06-16T16:57:28Z</time>
     <extensions>
      <gpxtpx:TrackPointExtension>
       <gpxtpx:hr>97</gpxtpx:hr>
      </gpxtpx:TrackPointExtension>
     </extensions>
   </trkpt>
   <trkpt lat="-2.5856750" lon="-43.0795390">
    <ele>20.2</ele>
    <time>2026-06-16T16:57:33Z</time>
     <extensions>
      <gpxtpx:TrackPointExtension>
       <gpxtpx:hr>97</gpxtpx:hr>
      </gpxtpx:TrackPointExtension>
     </extensions>
   </trkpt>
   <trkpt lat="-2.5856810" lon="-43.0795360">
    <ele>20.4</ele>
    <time>2026-06-16T16:57:38Z</time>
     <extensions>
      <gpxtpx:TrackPointExtension>
       <gpxtpx:hr>97</gpxtpx:hr>
      </gpxtpx:TrackPointExtension>
     </extensions>
   </trkpt>
   <trkpt lat="-2.5856810" lon="-43.0795360">
    <ele>20.4</ele>
    <time>2026-06-16T16:57:43Z</time>
     <extensions>
      <gpxtpx:TrackPointExtension>
       <gpxtpx:hr>98</gpxtpx:hr>
      </gpxtpx:TrackPointExtension>
     </extensions>
   </trkpt>
   <trkpt lat="-2.5856770" lon="-43.0795370">
    <ele>20.2</ele>
    <time>2026-06-16T16:57:48Z</time>
     <extensions>
      <gpxtpx:TrackPointExtension>
       <gpxtpx:hr>101</gpxtpx:hr>
      </gpxtpx:TrackPointExtension>
     </extensions>
   </trkpt>
   <trkpt lat="-2.5856690" lon="-43.0795450">
    <ele>20.2</ele>
    <time>2026-06-16T16:57:53Z</time>
     <extensions>
      <gpxtpx:TrackPointExtension>
       <gpxtpx:hr>104</gpxtpx:hr>
      </gpxtpx:TrackPointExtension>
     </extensions>
   </trkpt>
   <trkpt lat="-2.5856490" lon="-43.0795620">
    <ele>20.0</ele>
    <time>2026-06-16T16:57:58Z</time>
     <extensions>
      <gpxtpx:TrackPointExtension>
       <gpxtpx:hr>103</gpxtpx:hr>
      </gpxtpx:TrackPointExtension>
     </extensions>
   </trkpt>
   <trkpt lat="-2.5856220" lon="-43.0795830">
    <ele>19.8</ele>
    <time>2026-06-16T16:58:03Z</time>
     <extensions>
      <gpxtpx:TrackPointExtension>
       <gpxtpx:hr>107</gpxtpx:hr>
      </gpxtpx:TrackPointExtension>
     </extensions>
   </trkpt>
   <trkpt lat="-2.5855890" lon="-43.0795990">
    <ele>19.8</ele>
    <time>2026-06-16T16:58:08Z</time>
     <extensions>
      <gpxtpx:TrackPointExtension>
       <gpxtpx:hr>107</gpxtpx:hr>
      </gpxtpx:TrackPointExtension>
     </extensions>
   </trkpt>
   <trkpt lat="-2.5855650" lon="-43.0796040">
    <ele>19.8</ele>
    <time>2026-06-16T16:58:13Z</time>
     <extensions>
      <gpxtpx:TrackPointExtension>
       <gpxtpx:hr>104</gpxtpx:hr>
      </gpxtpx:TrackPointExtension>
     </extensions>
   </trkpt>
   <trkpt lat="-2.5855530" lon="-43.0796120">
    <ele>19.8</ele>
    <time>2026-06-16T16:58:18Z</time>
     <extensions>
      <gpxtpx:TrackPointExtension>
       <gpxtpx:hr>105</gpxtpx:hr>
      </gpxtpx:TrackPointExtension>
     </extensions>
   </trkpt>
   <trkpt lat="-2.5855420" lon="-43.0796190">
    <ele>19.8</ele>
    <time>2026-06-16T16:58:23Z</time>
     <extensions>
      <gpxtpx:TrackPointExtension>
       <gpxtpx:hr>109</gpxtpx:hr>
      </gpxtpx:TrackPointExtension>
     </extensions>
   </trkpt>
   <trkpt lat="-2.5855230" lon="-43.0796400">
    <ele>20.0</ele>
    <time>2026-06-16T16:58:29Z</time>
     <extensions>
      <gpxtpx:TrackPointExtension>
       <gpxtpx:hr>110</gpxtpx:hr>
      </gpxtpx:TrackPointExtension>
     </extensions>
   </trkpt>
   <trkpt lat="-2.5855050" lon="-43.0796670">
    <ele>20.0</ele>
    <time>2026-06-16T16:58:34Z</time>
     <extensions>
      <gpxtpx:TrackPointExtension>
       <gpxtpx:hr>109</gpxtpx:hr>
      </gpxtpx:TrackPointExtension>
     </extensions>
   </trkpt>
   <trkpt lat="-2.5854940" lon="-43.0796920">
    <ele>20.0</ele>
    <time>2026-06-16T16:58:39Z</time>
     <extensions>
      <gpxtpx:TrackPointExtension>
       <gpxtpx:hr>110</gpxtpx:hr>
      </gpxtpx:TrackPointExtension>
     </extensions>
   </trkpt>
   <trkpt lat="-2.5854760" lon="-43.0797140">
    <ele>19.8</ele>
    <time>2026-06-16T16:58:44Z</time>
     <extensions>
      <gpxtpx:TrackPointExtension>
       <gpxtpx:hr>123</gpxtpx:hr>
      </gpxtpx:TrackPointExtension>
     </extensions>
   </trkpt>
   <trkpt lat="-2.5854520" lon="-43.0797330">
    <ele>19.8</ele>
    <time>2026-06-16T16:58:49Z</time>
     <extensions>
      <gpxtpx:TrackPointExtension>
       <gpxtpx:hr>122</gpxtpx:hr>
      </gpxtpx:TrackPointExtension>
     </extensions>
   </trkpt>
   <trkpt lat="-2.5854190" lon="-43.0797660">
    <ele>19.8</ele>
    <time>2026-06-16T16:58:54Z</time>
     <extensions>
      <gpxtpx:TrackPointExtension>
       <gpxtpx:hr>120</gpxtpx:hr>
      </gpxtpx:TrackPointExtension>
     </extensions>
   </trkpt>
   <trkpt lat="-2.5853960" lon="-43.0797780">
    <ele>20.0</ele>
    <time>2026-06-16T16:58:59Z</time>
     <extensions>
      <gpxtpx:TrackPointExtension>
       <gpxtpx:hr>124</gpxtpx:hr>
      </gpxtpx:TrackPointExtension>
     </extensions>
   </trkpt>
   <trkpt lat="-2.5853670" lon="-43.0797850">
    <ele>20.0</ele>
    <time>2026-06-16T16:59:04Z</time>
     <extensions>
      <gpxtpx:TrackPointExtension>
       <gpxtpx:hr>124</gpxtpx:hr>
      </gpxtpx:TrackPointExtension>
     </extensions>
   </trkpt>
   <trkpt lat="-2.5853240" lon="-43.0797890">
    <ele>20.0</ele>
    <time>2026-06-16T16:59:09Z</time>
     <extensions>
      <gpxtpx:TrackPointExtension>
       <gpxtpx:hr>124</gpxtpx:hr>
      </gpxtpx:TrackPointExtension>
     </extensions>
   </trkpt>
   <trkpt lat="-2.5852770" lon="-43.0798090">
    <ele>19.8</ele>
    <time>2026-06-16T16:59:15Z</time>
     <extensions>
      <gpxtpx:TrackPointExtension>
       <gpxtpx:hr>131</gpxtpx:hr>
      </gpxtpx:TrackPointExtension>
     </extensions>
   </trkpt>
   <trkpt lat="-2.5852310" lon="-43.0798390">
    <ele>19.6</ele>
    <time>2026-06-16T16:59:21Z</time>
     <extensions>
      <gpxtpx:TrackPointExtension>
       <gpxtpx:hr>131</gpxtpx:hr>
      </gpxtpx:TrackPointExtension>
     </extensions>
   </trkpt>
   <trkpt lat="-2.5852130" lon="-43.0798780">
    <ele>19.4</ele>
    <time>2026-06-16T16:59:26Z</time>
     <extensions>
      <gpxtpx:TrackPointExtension>
       <gpxtpx:hr>131</gpxtpx:hr>
      </gpxtpx:TrackPointExtension>
     </extensions>
   </trkpt>
   <trkpt lat="-2.5851890" lon="-43.0799210">
    <ele>19.4</ele>
    <time>2026-06-16T16:59:31Z</time>
     <extensions>
      <gpxtpx:TrackPointExtension>
       <gpxtpx:hr>130</gpxtpx:hr>
      </gpxtpx:TrackPointExtension>
     </extensions>
   </trkpt>
   <trkpt lat="-2.5851650" lon="-43.0799580">
    <ele>19.2</ele>
    <time>2026-06-16T16:59:36Z</time>
     <extensions>
      <gpxtpx:TrackPointExtension>
       <gpxtpx:hr>130</gpxtpx:hr>
      </gpxtpx:TrackPointExtension>
     </extensions>
   </trkpt>
   <trkpt lat="-2.5851360" lon="-43.0799910">
    <ele>19.0</ele>
    <time>2026-06-16T16:59:41Z</time>
     <extensions>
      <gpxtpx:TrackPointExtension>
       <gpxtpx:hr>130</gpxtpx:hr>
      </gpxtpx:TrackPointExtension>
     </extensions>
   </trkpt>
   <trkpt lat="-2.5851090" lon="-43.0800320">
    <ele>18.8</ele>
    <time>2026-06-16T16:59:46Z</time>
     <extensions>
      <gpxtpx:TrackPointExtension>
       <gpxtpx:hr>116</gpxtpx:hr>
      </gpxtpx:TrackPointExtension>
     </extensions>
   </trkpt>
   <trkpt lat="-2.5850940" lon="-43.0800790">
    <ele>18.6</ele>
    <time>2026-06-16T16:59:51Z</time>
     <extensions>
      <gpxtpx:TrackPointExtension>
       <gpxtpx:hr>116</gpxtpx:hr>
      </gpxtpx:TrackPointExtension>
     </extensions>
   </trkpt>
   <trkpt lat="-2.5850800" lon="-43.0801220">
    <ele>18.6</ele>
    <time>2026-06-16T16:59:56Z</time>
     <extensions>
      <gpxtpx:TrackPointExtension>
       <gpxtpx:hr>122</gpxtpx:hr>
      </gpxtpx:TrackPointExtension>
     </extensions>
   </trkpt>
   <trkpt lat="-2.5850770" lon="-43.0801680">
    <ele>18.8</ele>
    <time>2026-06-16T17:00:01Z</time>
     <extensions>
      <gpxtpx:TrackPointExtension>
       <gpxtpx:hr>116</gpxtpx:hr>
      </gpxtpx:TrackPointExtension>
     </extensions>
   </trkpt>
   <trkpt lat="-2.5850710" lon="-43.0802170">
    <ele>19.0</ele>
    <time>2026-06-16T17:00:06Z</time>
     <extensions>
      <gpxtpx:TrackPointExtension>
       <gpxtpx:hr>115</gpxtpx:hr>
      </gpxtpx:TrackPointExtension>
     </extensions>
   </trkpt>
   <trkpt lat="-2.5850500" lon="-43.0802560">
    <ele>19.2</ele>
    <time>2026-06-16T17:00:11Z</time>
     <extensions>
      <gpxtpx:TrackPointExtension>
       <gpxtpx:hr>115</gpxtpx:hr>
      </gpxtpx:TrackPointExtension>
     </extensions>
   </trkpt>
   <trkpt lat="-2.5850190" lon="-43.0802980">
    <ele>19.4</ele>
    <time>2026-06-16T17:00:16Z</time>
     <extensions>
      <gpxtpx:TrackPointExtension>
       <gpxtpx:hr>121</gpxtpx:hr>
      </gpxtpx:TrackPointExtension>
     </extensions>
   </trkpt>
   <trkpt lat="-2.5849920" lon="-43.0803410">
    <ele>19.6</ele>
    <time>2026-06-16T17:00:21Z</time>
     <extensions>
      <gpxtpx:TrackPointExtension>
       <gpxtpx:hr>119</gpxtpx:hr>
      </gpxtpx:TrackPointExtension>
     </extensions>
   </trkpt>
   <trkpt lat="-2.5849640" lon="-43.0803850">
    <ele>19.6</ele>
    <time>2026-06-16T17:00:26Z</time>
     <extensions>
      <gpxtpx:TrackPointExtension>
       <gpxtpx:hr>119</gpxtpx:hr>
      </gpxtpx:TrackPointExtension>
     </extensions>
   </trkpt>
   <trkpt lat="-2.5849400" lon="-43.0804310">
    <ele>19.6</ele>
    <time>2026-06-16T17:00:31Z</time>
     <extensions>
      <gpxtpx:TrackPointExtension>
       <gpxtpx:hr>114</gpxtpx:hr>
      </gpxtpx:TrackPointExtension>
     </extensions>
   </trkpt>
   <trkpt lat="-2.5849170" lon="-43.0804790">
    <ele>19.8</ele>
    <time>2026-06-16T17:00:36Z</time>
     <extensions>
      <gpxtpx:TrackPointExtension>
       <gpxtpx:hr>114</gpxtpx:hr>
      </gpxtpx:TrackPointExtension>
     </extensions>
   </trkpt>
   <trkpt lat="-2.5848860" lon="-43.0805160">
    <ele>19.8</ele>
    <time>2026-06-16T17:00:41Z</time>
     <extensions>
      <gpxtpx:TrackPointExtension>
       <gpxtpx:hr>105</gpxtpx:hr>
      </gpxtpx:TrackPointExtension>
     </extensions>
   </trkpt>
   <trkpt lat="-2.5848460" lon="-43.0805530">
    <ele>19.8</ele>
    <time>2026-06-16T17:00:46Z</time>
     <extensions>
      <gpxtpx:TrackPointExtension>
       <gpxtpx:hr>110</gpxtpx:hr>
      </gpxtpx:TrackPointExtension>
     </extensions>
   </trkpt>
   <trkpt lat="-2.5848000" lon="-43.0805890">
    <ele>20.0</ele>
    <time>2026-06-16T17:00:51Z</time>
     <extensions>
      <gpxtpx:TrackPointExtension>
       <gpxtpx:hr>110</gpxtpx:hr>
      </gpxtpx:TrackPointExtension>
     </extensions>
   </trkpt>
   <trkpt lat="-2.5847670" lon="-43.0806200">
    <ele>20.0</ele>
    <time>2026-06-16T17:00:56Z</time>
     <extensions>
      <gpxtpx:TrackPointExtension>
       <gpxtpx:hr>112</gpxtpx:hr>
      </gpxtpx:TrackPointExtension>
     </extensions>
   </trkpt>
   <trkpt lat="-2.5847390" lon="-43.0806550">
    <ele>20.0</ele>
    <time>2026-06-16T17:01:01Z</time>
     <extensions>
      <gpxtpx:TrackPointExtension>
       <gpxtpx:hr>118</gpxtpx:hr>
      </gpxtpx:TrackPointExtension>
     </extensions>
   </trkpt>
   <trkpt lat="-2.5847080" lon="-43.0806900">
    <ele>20.2</ele>
    <time>2026-06-16T17:01:06Z</time>
     <extensions>
      <gpxtpx:TrackPointExtension>
       <gpxtpx:hr>115</gpxtpx:hr>
      </gpxtpx:TrackPointExtension>
     </extensions>
   </trkpt>
   <trkpt lat="-2.5846830" lon="-43.0807230">
    <ele>20.2</ele>
    <time>2026-06-16T17:01:11Z</time>
     <extensions>
      <gpxtpx:TrackPointExtension>
       <gpxtpx:hr>109</gpxtpx:hr>
      </gpxtpx:TrackPointExtension>
     </extensions>
   </trkpt>
   <trkpt lat="-2.5846470" lon="-43.0807480">
    <ele>20.2</ele>
    <time>2026-06-16T17:01:16Z</time>
     <extensions>
      <gpxtpx:TrackPointExtension>
       <gpxtpx:hr>109</gpxtpx:hr>
      </gpxtpx:TrackPointExtension>
     </extensions>
   </trkpt>
   <trkpt lat="-2.5846200" lon="-43.0807870">
    <ele>20.2</ele>
    <time>2026-06-16T17:01:21Z</time>
     <extensions>
      <gpxtpx:TrackPointExtension>
       <gpxtpx:hr>111</gpxtpx:hr>
      </gpxtpx:TrackPointExtension>
     </extensions>
   </trkpt>
   <trkpt lat="-2.5845940" lon="-43.0808320">
    <ele>20.2</ele>
    <time>2026-06-16T17:01:26Z</time>
     <extensions>
      <gpxtpx:TrackPointExtension>
       <gpxtpx:hr>109</gpxtpx:hr>
      </gpxtpx:TrackPointExtension>
     </extensions>
   </trkpt>
   <trkpt lat="-2.5845650" lon="-43.0808750">
    <ele>20.2</ele>
    <time>2026-06-16T17:01:31Z</time>
     <extensions>
      <gpxtpx:TrackPointExtension>
       <gpxtpx:hr>111</gpxtpx:hr>
      </gpxtpx:TrackPointExtension>
     </extensions>
   </trkpt>
   <trkpt lat="-2.5845370" lon="-43.0809100">
    <ele>20.2</ele>
    <time>2026-06-16T17:01:36Z</time>
     <extensions>
      <gpxtpx:TrackPointExtension>
       <gpxtpx:hr>111</gpxtpx:hr>
      </gpxtpx:TrackPointExtension>
     </extensions>
   </trkpt>
   <trkpt lat="-2.5845080" lon="-43.0809430">
    <ele>20.4</ele>
    <time>2026-06-16T17:01:41Z</time>
     <extensions>
      <gpxtpx:TrackPointExtension>
       <gpxtpx:hr>113</gpxtpx:hr>
      </gpxtpx:TrackPointExtension>
     </extensions>
   </trkpt>
   <trkpt lat="-2.5844850" lon="-43.0809580">
    <ele>20.4</ele>
    <time>2026-06-16T17:01:46Z</time>
     <extensions>
      <gpxtpx:TrackPointExtension>
       <gpxtpx:hr>113</gpxtpx:hr>
      </gpxtpx:TrackPointExtension>
     </extensions>
   </trkpt>
   <trkpt lat="-2.5844820" lon="-43.0809650">
    <ele>20.4</ele>
    <time>2026-06-16T17:01:51Z</time>
     <extensions>
      <gpxtpx:TrackPointExtension>
       <gpxtpx:hr>114</gpxtpx:hr>
      </gpxtpx:TrackPointExtension>
     </extensions>
   </trkpt>
   <trkpt lat="-2.5844680" lon="-43.0809910">
    <ele>20.4</ele>
    <time>2026-06-16T17:01:56Z</time>
     <extensions>
      <gpxtpx:TrackPointExtension>
       <gpxtpx:hr>114</gpxtpx:hr>
      </gpxtpx:TrackPointExtension>
     </extensions>
   </trkpt>
   <trkpt lat="-2.5844410" lon="-43.0810310">
    <ele>20.2</ele>
    <time>2026-06-16T17:02:01Z</time>
     <extensions>
      <gpxtpx:TrackPointExtension>
       <gpxtpx:hr>117</gpxtpx:hr>
      </gpxtpx:TrackPointExtension>
     </extensions>
   </trkpt>
   <trkpt lat="-2.5844220" lon="-43.0810840">
    <ele>20.0</ele>
    <time>2026-06-16T17:02:06Z</time>
     <extensions>
      <gpxtpx:TrackPointExtension>
       <gpxtpx:hr>119</gpxtpx:hr>
      </gpxtpx:TrackPointExtension>
     </extensions>
   </trkpt>
   <trkpt lat="-2.5844060" lon="-43.0811300">
    <ele>20.0</ele>
    <time>2026-06-16T17:02:11Z</time>
     <extensions>
      <gpxtpx:TrackPointExtension>
       <gpxtpx:hr>116</gpxtpx:hr>
      </gpxtpx:TrackPointExtension>
     </extensions>
   </trkpt>
   <trkpt lat="-2.5843800" lon="-43.0811770">
    <ele>19.8</ele>
    <time>2026-06-16T17:02:16Z</time>
     <extensions>
      <gpxtpx:TrackPointExtension>
       <gpxtpx:hr>116</gpxtpx:hr>
      </gpxtpx:TrackPointExtension>
     </extensions>
   </trkpt>
   <trkpt lat="-2.5843490" lon="-43.0812210">
    <ele>19.8</ele>
    <time>2026-06-16T17:02:21Z</time>
     <extensions>
      <gpxtpx:TrackPointExtension>
       <gpxtpx:hr>113</gpxtpx:hr>
      </gpxtpx:TrackPointExtension>
     </extensions>
   </trkpt>
   <trkpt lat="-2.5843180" lon="-43.0812460">
    <ele>19.8</ele>
    <time>2026-06-16T17:02:26Z</time>
     <extensions>
      <gpxtpx:TrackPointExtension>
       <gpxtpx:hr>118</gpxtpx:hr>
      </gpxtpx:TrackPointExtension>
     </extensions>
   </trkpt>
   <trkpt lat="-2.5842890" lon="-43.0812650">
    <ele>19.6</ele>
    <time>2026-06-16T17:02:31Z</time>
     <extensions>
      <gpxtpx:TrackPointExtension>
       <gpxtpx:hr>118</gpxtpx:hr>
      </gpxtpx:TrackPointExtension>
     </extensions>
   </trkpt>
   <trkpt lat="-2.5842660" lon="-43.0812960">
    <ele>19.6</ele>
    <time>2026-06-16T17:02:36Z</time>
     <extensions>
      <gpxtpx:TrackPointExtension>
       <gpxtpx:hr>113</gpxtpx:hr>
      </gpxtpx:TrackPointExtension>
     </extensions>
   </trkpt>
   <trkpt lat="-2.5842510" lon="-43.0813360">
    <ele>19.4</ele>
    <time>2026-06-16T17:02:41Z</time>
     <extensions>
      <gpxtpx:TrackPointExtension>
       <gpxtpx:hr>113</gpxtpx:hr>
      </gpxtpx:TrackPointExtension>
     </extensions>
   </trkpt>
   <trkpt lat="-2.5842340" lon="-43.0813690">
    <ele>19.4</ele>
    <time>2026-06-16T17:02:46Z</time>
     <extensions>
      <gpxtpx:TrackPointExtension>
       <gpxtpx:hr>114</gpxtpx:hr>
      </gpxtpx:TrackPointExtension>
     </extensions>
   </trkpt>
   <trkpt lat="-2.5842180" lon="-43.0814110">
    <ele>19.2</ele>
    <time>2026-06-16T17:02:51Z</time>
     <extensions>
      <gpxtpx:TrackPointExtension>
       <gpxtpx:hr>122</gpxtpx:hr>
      </gpxtpx:TrackPointExtension>
     </extensions>
   </trkpt>
   <trkpt lat="-2.5842010" lon="-43.0814550">
    <ele>19.2</ele>
    <time>2026-06-16T17:02:56Z</time>
     <extensions>
      <gpxtpx:TrackPointExtension>
       <gpxtpx:hr>127</gpxtpx:hr>
      </gpxtpx:TrackPointExtension>
     </extensions>
   </trkpt>
   <trkpt lat="-2.5841760" lon="-43.0814960">
    <ele>19.0</ele>
    <time>2026-06-16T17:03:01Z</time>
     <extensions>
      <gpxtpx:TrackPointExtension>
       <gpxtpx:hr>127</gpxtpx:hr>
      </gpxtpx:TrackPointExtension>
     </extensions>
   </trkpt>
   <trkpt lat="-2.5841450" lon="-43.0815370">
    <ele>19.0</ele>
    <time>2026-06-16T17:03:06Z</time>
     <extensions>
      <gpxtpx:TrackPointExtension>
       <gpxtpx:hr>126</gpxtpx:hr>
      </gpxtpx:TrackPointExtension>
     </extensions>
   </trkpt>
   <trkpt lat="-2.5841210" lon="-43.0815790">
    <ele>18.8</ele>
    <time>2026-06-16T17:03:11Z</time>
     <extensions>
      <gpxtpx:TrackPointExtension>
       <gpxtpx:hr>117</gpxtpx:hr>
      </gpxtpx:TrackPointExtension>
     </extensions>
   </trkpt>
   <trkpt lat="-2.5841040" lon="-43.0816160">
    <ele>19.0</ele>
    <time>2026-06-16T17:03:16Z</time>
     <extensions>
      <gpxtpx:TrackPointExtension>
       <gpxtpx:hr>123</gpxtpx:hr>
      </gpxtpx:TrackPointExtension>
     </extensions>
   </trkpt>
   <trkpt lat="-2.5840850" lon="-43.0816570">
    <ele>19.0</ele>
    <time>2026-06-16T17:03:21Z</time>
     <extensions>
      <gpxtpx:TrackPointExtension>
       <gpxtpx:hr>123</gpxtpx:hr>
      </gpxtpx:TrackPointExtension>
     </extensions>
   </trkpt>
   <trkpt lat="-2.5840520" lon="-43.0816830">
    <ele>19.2</ele>
    <time>2026-06-16T17:03:26Z</time>
     <extensions>
      <gpxtpx:TrackPointExtension>
       <gpxtpx:hr>112</gpxtpx:hr>
      </gpxtpx:TrackPointExtension>
     </extensions>
   </trkpt>
   <trkpt lat="-2.5840510" lon="-43.0817270">
    <ele>19.4</ele>
    <time>2026-06-16T17:03:31Z</time>
     <extensions>
      <gpxtpx:TrackPointExtension>
       <gpxtpx:hr>112</gpxtpx:hr>
      </gpxtpx:TrackPointExtension>
     </extensions>
   </trkpt>
   <trkpt lat="-2.5840400" lon="-43.0817700">
    <ele>19.8</ele>
    <time>2026-06-16T17:03:36Z</time>
     <extensions>
      <gpxtpx:TrackPointExtension>
       <gpxtpx:hr>114</gpxtpx:hr>
      </gpxtpx:TrackPointExtension>
     </extensions>
   </trkpt>
   <trkpt lat="-2.5840240" lon="-43.0818060">
    <ele>20.0</ele>
    <time>2026-06-16T17:03:41Z</time>
     <extensions>
      <gpxtpx:TrackPointExtension>
       <gpxtpx:hr>118</gpxtpx:hr>
      </gpxtpx:TrackPointExtension>
     </extensions>
   </trkpt>
   <trkpt lat="-2.5840020" lon="-43.0818550">
    <ele>20.4</ele>
    <time>2026-06-16T17:03:46Z</time>
     <extensions>
      <gpxtpx:TrackPointExtension>
       <gpxtpx:hr>118</gpxtpx:hr>
      </gpxtpx:TrackPointExtension>
     </extensions>
   </trkpt>
   <trkpt lat="-2.5839700" lon="-43.0819050">
    <ele>20.6</ele>
    <time>2026-06-16T17:03:51Z</time>
     <extensions>
      <gpxtpx:TrackPointExtension>
       <gpxtpx:hr>126</gpxtpx:hr>
      </gpxtpx:TrackPointExtension>
     </extensions>
   </trkpt>
   <trkpt lat="-2.5839320" lon="-43.0819440">
    <ele>20.8</ele>
    <time>2026-06-16T17:03:56Z</time>
     <extensions>
      <gpxtpx:TrackPointExtension>
       <gpxtpx:hr>126</gpxtpx:hr>
      </gpxtpx:TrackPointExtension>
     </extensions>
   </trkpt>
   <trkpt lat="-2.5838960" lon="-43.0819800">
    <ele>21.0</ele>
    <time>2026-06-16T17:04:01Z</time>
     <extensions>
      <gpxtpx:TrackPointExtension>
       <gpxtpx:hr>134</gpxtpx:hr>
      </gpxtpx:TrackPointExtension>
     </extensions>
   </trkpt>
   <trkpt lat="-2.5838530" lon="-43.0820190">
    <ele>21.0</ele>
    <time>2026-06-16T17:04:06Z</time>
     <extensions>
      <gpxtpx:TrackPointExtension>
       <gpxtpx:hr>138</gpxtpx:hr>
      </gpxtpx:TrackPointExtension>
     </extensions>
   </trkpt>
   <trkpt lat="-2.5838050" lon="-43.0820450">
    <ele>20.8</ele>
    <time>2026-06-16T17:04:11Z</time>
     <extensions>
      <gpxtpx:TrackPointExtension>
       <gpxtpx:hr>136</gpxtpx:hr>
      </gpxtpx:TrackPointExtension>
     </extensions>
   </trkpt>
   <trkpt lat="-2.5837520" lon="-43.0820590">
    <ele>20.8</ele>
    <time>2026-06-16T17:04:16Z</time>
     <extensions>
      <gpxtpx:TrackPointExtension>
       <gpxtpx:hr>136</gpxtpx:hr>
      </gpxtpx:TrackPointExtension>
     </extensions>
   </trkpt>
   <trkpt lat="-2.5837170" lon="-43.0820820">
    <ele>20.8</ele>
    <time>2026-06-16T17:04:21Z</time>
     <extensions>
      <gpxtpx:TrackPointExtension>
       <gpxtpx:hr>137</gpxtpx:hr>
      </gpxtpx:TrackPointExtension>
     </extensions>
   </trkpt>
   <trkpt lat="-2.5837200" lon="-43.0820780">
    <ele>20.6</ele>
    <time>2026-06-16T17:04:26Z</time>
     <extensions>
      <gpxtpx:TrackPointExtension>
       <gpxtpx:hr>144</gpxtpx:hr>
      </gpxtpx:TrackPointExtension>
     </extensions>
   </trkpt>
   <trkpt lat="-2.5837000" lon="-43.0820930">
    <ele>20.2</ele>
    <time>2026-06-16T17:04:31Z</time>
     <extensions>
      <gpxtpx:TrackPointExtension>
       <gpxtpx:hr>144</gpxtpx:hr>
      </gpxtpx:TrackPointExtension>
     </extensions>
   </trkpt>
   <trkpt lat="-2.5836790" lon="-43.0820980">
    <ele>20.0</ele>
    <time>2026-06-16T17:04:36Z</time>
     <extensions>
      <gpxtpx:TrackPointExtension>
       <gpxtpx:hr>139</gpxtpx:hr>
      </gpxtpx:TrackPointExtension>
     </extensions>
   </trkpt>
   <trkpt lat="-2.5836770" lon="-43.0821080">
    <ele>19.6</ele>
    <time>2026-06-16T17:04:41Z</time>
     <extensions>
      <gpxtpx:TrackPointExtension>
       <gpxtpx:hr>133</gpxtpx:hr>
      </gpxtpx:TrackPointExtension>
     </extensions>
   </trkpt>
   <trkpt lat="-2.5836710" lon="-43.0821220">
    <ele>19.4</ele>
    <time>2026-06-16T17:04:46Z</time>
     <extensions>
      <gpxtpx:TrackPointExtension>
       <gpxtpx:hr>130</gpxtpx:hr>
      </gpxtpx:TrackPointExtension>
     </extensions>
   </trkpt>
   <trkpt lat="-2.5836620" lon="-43.0821260">
    <ele>19.6</ele>
    <time>2026-06-16T17:04:51Z</time>
     <extensions>
      <gpxtpx:TrackPointExtension>
       <gpxtpx:hr>130</gpxtpx:hr>
      </gpxtpx:TrackPointExtension>
     </extensions>
   </trkpt>
   <trkpt lat="-2.5836410" lon="-43.0821500">
    <ele>19.8</ele>
    <time>2026-06-16T17:04:56Z</time>
     <extensions>
      <gpxtpx:TrackPointExtension>
       <gpxtpx:hr>124</gpxtpx:hr>
      </gpxtpx:TrackPointExtension>
     </extensions>
   </trkpt>
   <trkpt lat="-2.5836080" lon="-43.0821860">
    <ele>19.8</ele>
    <time>2026-06-16T17:05:01Z</time>
     <extensions>
      <gpxtpx:TrackPointExtension>
       <gpxtpx:hr>120</gpxtpx:hr>
      </gpxtpx:TrackPointExtension>
     </extensions>
   </trkpt>
   <trkpt lat="-2.5835680" lon="-43.0822160">
    <ele>19.6</ele>
    <time>2026-06-16T17:05:06Z</time>
     <extensions>
      <gpxtpx:TrackPointExtension>
       <gpxtpx:hr>126</gpxtpx:hr>
      </gpxtpx:TrackPointExtension>
     </extensions>
   </trkpt>
   <trkpt lat="-2.5835360" lon="-43.0822530">
    <ele>19.2</ele>
    <time>2026-06-16T17:05:11Z</time>
     <extensions>
      <gpxtpx:TrackPointExtension>
       <gpxtpx:hr>126</gpxtpx:hr>
      </gpxtpx:TrackPointExtension>
     </extensions>
   </trkpt>
   <trkpt lat="-2.5835000" lon="-43.0822740">
    <ele>18.8</ele>
    <time>2026-06-16T17:05:16Z</time>
     <extensions>
      <gpxtpx:TrackPointExtension>
       <gpxtpx:hr>122</gpxtpx:hr>
      </gpxtpx:TrackPointExtension>
     </extensions>
   </trkpt>
   <trkpt lat="-2.5834650" lon="-43.0823010">
    <ele>18.2</ele>
    <time>2026-06-16T17:05:21Z</time>
     <extensions>
      <gpxtpx:TrackPointExtension>
       <gpxtpx:hr>122</gpxtpx:hr>
      </gpxtpx:TrackPointExtension>
     </extensions>
   </trkpt>
   <trkpt lat="-2.5834420" lon="-43.0823390">
    <ele>17.8</ele>
    <time>2026-06-16T17:05:26Z</time>
     <extensions>
      <gpxtpx:TrackPointExtension>
       <gpxtpx:hr>116</gpxtpx:hr>
      </gpxtpx:TrackPointExtension>
     </extensions>
   </trkpt>
   <trkpt lat="-2.5834150" lon="-43.0823690">
    <ele>17.4</ele>
    <time>2026-06-16T17:05:31Z</time>
     <extensions>
      <gpxtpx:TrackPointExtension>
       <gpxtpx:hr>120</gpxtpx:hr>
      </gpxtpx:TrackPointExtension>
     </extensions>
   </trkpt>
   <trkpt lat="-2.5833930" lon="-43.0823990">
    <ele>17.0</ele>
    <time>2026-06-16T17:05:36Z</time>
     <extensions>
      <gpxtpx:TrackPointExtension>
       <gpxtpx:hr>116</gpxtpx:hr>
      </gpxtpx:TrackPointExtension>
     </extensions>
   </trkpt>
   <trkpt lat="-2.5833770" lon="-43.0824230">
    <ele>16.8</ele>
    <time>2026-06-16T17:05:41Z</time>
     <extensions>
      <gpxtpx:TrackPointExtension>
       <gpxtpx:hr>116</gpxtpx:hr>
      </gpxtpx:TrackPointExtension>
     </extensions>
   </trkpt>
   <trkpt lat="-2.5833590" lon="-43.0824440">
    <ele>16.6</ele>
    <time>2026-06-16T17:05:46Z</time>
     <extensions>
      <gpxtpx:TrackPointExtension>
       <gpxtpx:hr>114</gpxtpx:hr>
      </gpxtpx:TrackPointExtension>
     </extensions>
   </trkpt>
   <trkpt lat="-2.5833430" lon="-43.0824620">
    <ele>16.6</ele>
    <time>2026-06-16T17:05:51Z</time>
     <extensions>
      <gpxtpx:TrackPointExtension>
       <gpxtpx:hr>113</gpxtpx:hr>
      </gpxtpx:TrackPointExtension>
     </extensions>
   </trkpt>
   <trkpt lat="-2.5833230" lon="-43.0824800">
    <ele>16.6</ele>
    <time>2026-06-16T17:05:56Z</time>
     <extensions>
      <gpxtpx:TrackPointExtension>
       <gpxtpx:hr>113</gpxtpx:hr>
      </gpxtpx:TrackPointExtension>
     </extensions>
   </trkpt>
   <trkpt lat="-2.5833050" lon="-43.0824970">
    <ele>16.6</ele>
    <time>2026-06-16T17:06:01Z</time>
     <extensions>
      <gpxtpx:TrackPointExtension>
       <gpxtpx:hr>116</gpxtpx:hr>
      </gpxtpx:TrackPointExtension>
     </extensions>
   </trkpt>
   <trkpt lat="-2.5832830" lon="-43.0825120">
    <ele>16.6</ele>
    <time>2026-06-16T17:06:06Z</time>
     <extensions>
      <gpxtpx:TrackPointExtension>
       <gpxtpx:hr>119</gpxtpx:hr>
      </gpxtpx:TrackPointExtension>
     </extensions>
   </trkpt>
   <trkpt lat="-2.5832640" lon="-43.0825260">
    <ele>16.6</ele>
    <time>2026-06-16T17:06:11Z</time>
     <extensions>
      <gpxtpx:TrackPointExtension>
       <gpxtpx:hr>119</gpxtpx:hr>
      </gpxtpx:TrackPointExtension>
     </extensions>
   </trkpt>
   <trkpt lat="-2.5832500" lon="-43.0825410">
    <ele>16.6</ele>
    <time>2026-06-16T17:06:16Z</time>
     <extensions>
      <gpxtpx:TrackPointExtension>
       <gpxtpx:hr>116</gpxtpx:hr>
      </gpxtpx:TrackPointExtension>
     </extensions>
   </trkpt>
   <trkpt lat="-2.5832380" lon="-43.0825620">
    <ele>16.6</ele>
    <time>2026-06-16T17:06:21Z</time>
     <extensions>
      <gpxtpx:TrackPointExtension>
       <gpxtpx:hr>116</gpxtpx:hr>
      </gpxtpx:TrackPointExtension>
     </extensions>
   </trkpt>
   <trkpt lat="-2.5832240" lon="-43.0825860">
    <ele>16.8</ele>
    <time>2026-06-16T17:06:26Z</time>
     <extensions>
      <gpxtpx:TrackPointExtension>
       <gpxtpx:hr>116</gpxtpx:hr>
      </gpxtpx:TrackPointExtension>
     </extensions>
   </trkpt>
   <trkpt lat="-2.5832100" lon="-43.0826080">
    <ele>16.8</ele>
    <time>2026-06-16T17:06:31Z</time>
     <extensions>
      <gpxtpx:TrackPointExtension>
       <gpxtpx:hr>116</gpxtpx:hr>
      </gpxtpx:TrackPointExtension>
     </extensions>
   </trkpt>
   <trkpt lat="-2.5832020" lon="-43.0826380">
    <ele>17.0</ele>
    <time>2026-06-16T17:06:36Z</time>
     <extensions>
      <gpxtpx:TrackPointExtension>
       <gpxtpx:hr>116</gpxtpx:hr>
      </gpxtpx:TrackPointExtension>
     </extensions>
   </trkpt>
   <trkpt lat="-2.5831670" lon="-43.0826540">
    <ele>17.2</ele>
    <time>2026-06-16T17:06:41Z</time>
     <extensions>
      <gpxtpx:TrackPointExtension>
       <gpxtpx:hr>119</gpxtpx:hr>
      </gpxtpx:TrackPointExtension>
     </extensions>
   </trkpt>
   <trkpt lat="-2.5831330" lon="-43.0826630">
    <ele>17.6</ele>
    <time>2026-06-16T17:06:46Z</time>
     <extensions>
      <gpxtpx:TrackPointExtension>
       <gpxtpx:hr>115</gpxtpx:hr>
      </gpxtpx:TrackPointExtension>
     </extensions>
   </trkpt>
   <trkpt lat="-2.5831050" lon="-43.0826760">
    <ele>18.0</ele>
    <time>2026-06-16T17:06:51Z</time>
     <extensions>
      <gpxtpx:TrackPointExtension>
       <gpxtpx:hr>122</gpxtpx:hr>
      </gpxtpx:TrackPointExtension>
     </extensions>
   </trkpt>
   <trkpt lat="-2.5830820" lon="-43.0827090">
    <ele>18.4</ele>
    <time>2026-06-16T17:06:56Z</time>
     <extensions>
      <gpxtpx:TrackPointExtension>
       <gpxtpx:hr>121</gpxtpx:hr>
      </gpxtpx:TrackPointExtension>
     </extensions>
   </trkpt>
   <trkpt lat="-2.5830500" lon="-43.0827400">
    <ele>18.8</ele>
    <time>2026-06-16T17:07:01Z</time>
     <extensions>
      <gpxtpx:TrackPointExtension>
       <gpxtpx:hr>119</gpxtpx:hr>
      </gpxtpx:TrackPointExtension>
     </extensions>
   </trkpt>
   <trkpt lat="-2.5830240" lon="-43.0827620">
    <ele>19.2</ele>
    <time>2026-06-16T17:07:06Z</time>
     <extensions>
      <gpxtpx:TrackPointExtension>
       <gpxtpx:hr>123</gpxtpx:hr>
      </gpxtpx:TrackPointExtension>
     </extensions>
   </trkpt>
   <trkpt lat="-2.5830000" lon="-43.0827880">
    <ele>19.4</ele>
    <time>2026-06-16T17:07:11Z</time>
     <extensions>
      <gpxtpx:TrackPointExtension>
       <gpxtpx:hr>114</gpxtpx:hr>
      </gpxtpx:TrackPointExtension>
     </extensions>
   </trkpt>
   <trkpt lat="-2.5829690" lon="-43.0828250">
    <ele>19.8</ele>
    <time>2026-06-16T17:07:16Z</time>
     <extensions>
      <gpxtpx:TrackPointExtension>
       <gpxtpx:hr>116</gpxtpx:hr>
      </gpxtpx:TrackPointExtension>
     </extensions>
   </trkpt>
   <trkpt lat="-2.5829390" lon="-43.0828570">
    <ele>20.0</ele>
    <time>2026-06-16T17:07:21Z</time>
     <extensions>
      <gpxtpx:TrackPointExtension>
       <gpxtpx:hr>116</gpxtpx:hr>
      </gpxtpx:TrackPointExtension>
     </extensions>
   </trkpt>
   <trkpt lat="-2.5829030" lon="-43.0828890">
    <ele>20.2</ele>
    <time>2026-06-16T17:07:26Z</time>
     <extensions>
      <gpxtpx:TrackPointExtension>
       <gpxtpx:hr>117</gpxtpx:hr>
      </gpxtpx:TrackPointExtension>
     </extensions>
   </trkpt>
   <trkpt lat="-2.5828640" lon="-43.0829230">
    <ele>20.2</ele>
    <time>2026-06-16T17:07:31Z</time>
     <extensions>
      <gpxtpx:TrackPointExtension>
       <gpxtpx:hr>117</gpxtpx:hr>
      </gpxtpx:TrackPointExtension>
     </extensions>
   </trkpt>
   <trkpt lat="-2.5828250" lon="-43.0829560">
    <ele>20.2</ele>
    <time>2026-06-16T17:07:36Z</time>
     <extensions>
      <gpxtpx:TrackPointExtension>
       <gpxtpx:hr>115</gpxtpx:hr>
      </gpxtpx:TrackPointExtension>
     </extensions>
   </trkpt>
   <trkpt lat="-2.5827940" lon="-43.0829860">
    <ele>20.2</ele>
    <time>2026-06-16T17:07:41Z</time>
     <extensions>
      <gpxtpx:TrackPointExtension>
       <gpxtpx:hr>112</gpxtpx:hr>
      </gpxtpx:TrackPointExtension>
     </extensions>
   </trkpt>
   <trkpt lat="-2.5827730" lon="-43.0830280">
    <ele>20.4</ele>
    <time>2026-06-16T17:07:46Z</time>
     <extensions>
      <gpxtpx:TrackPointExtension>
       <gpxtpx:hr>112</gpxtpx:hr>
      </gpxtpx:TrackPointExtension>
     </extensions>
   </trkpt>
   <trkpt lat="-2.5827350" lon="-43.0830610">
    <ele>20.6</ele>
    <time>2026-06-16T17:07:51Z</time>
     <extensions>
      <gpxtpx:TrackPointExtension>
       <gpxtpx:hr>110</gpxtpx:hr>
      </gpxtpx:TrackPointExtension>
     </extensions>
   </trkpt>
   <trkpt lat="-2.5826980" lon="-43.0830850">
    <ele>21.0</ele>
    <time>2026-06-16T17:07:56Z</time>
     <extensions>
      <gpxtpx:TrackPointExtension>
       <gpxtpx:hr>110</gpxtpx:hr>
      </gpxtpx:TrackPointExtension>
     </extensions>
   </trkpt>
   <trkpt lat="-2.5826820" lon="-43.0831220">
    <ele>21.2</ele>
    <time>2026-06-16T17:08:01Z</time>
     <extensions>
      <gpxtpx:TrackPointExtension>
       <gpxtpx:hr>116</gpxtpx:hr>
      </gpxtpx:TrackPointExtension>
     </extensions>
   </trkpt>
   <trkpt lat="-2.5826680" lon="-43.0831670">
    <ele>21.4</ele>
    <time>2026-06-16T17:08:06Z</time>
     <extensions>
      <gpxtpx:TrackPointExtension>
       <gpxtpx:hr>114</gpxtpx:hr>
      </gpxtpx:TrackPointExtension>
     </extensions>
   </trkpt>
   <trkpt lat="-2.5826490" lon="-43.0832130">
    <ele>21.6</ele>
    <time>2026-06-16T17:08:11Z</time>
     <extensions>
      <gpxtpx:TrackPointExtension>
       <gpxtpx:hr>114</gpxtpx:hr>
      </gpxtpx:TrackPointExtension>
     </extensions>
   </trkpt>
   <trkpt lat="-2.5826200" lon="-43.0832530">
    <ele>21.4</ele>
    <time>2026-06-16T17:08:16Z</time>
     <extensions>
      <gpxtpx:TrackPointExtension>
       <gpxtpx:hr>115</gpxtpx:hr>
      </gpxtpx:TrackPointExtension>
     </extensions>
   </trkpt>
   <trkpt lat="-2.5825940" lon="-43.0832790">
    <ele>21.2</ele>
    <time>2026-06-16T17:08:21Z</time>
     <extensions>
      <gpxtpx:TrackPointExtension>
       <gpxtpx:hr>117</gpxtpx:hr>
      </gpxtpx:TrackPointExtension>
     </extensions>
   </trkpt>
   <trkpt lat="-2.5825640" lon="-43.0833020">
    <ele>20.6</ele>
    <time>2026-06-16T17:08:26Z</time>
     <extensions>
      <gpxtpx:TrackPointExtension>
       <gpxtpx:hr>117</gpxtpx:hr>
      </gpxtpx:TrackPointExtension>
     </extensions>
   </trkpt>
   <trkpt lat="-2.5825220" lon="-43.0833280">
    <ele>20.4</ele>
    <time>2026-06-16T17:08:31Z</time>
     <extensions>
      <gpxtpx:TrackPointExtension>
       <gpxtpx:hr>126</gpxtpx:hr>
      </gpxtpx:TrackPointExtension>
     </extensions>
   </trkpt>
   <trkpt lat="-2.5824770" lon="-43.0833540">
    <ele>20.4</ele>
    <time>2026-06-16T17:08:36Z</time>
     <extensions>
      <gpxtpx:TrackPointExtension>
       <gpxtpx:hr>128</gpxtpx:hr>
      </gpxtpx:TrackPointExtension>
     </extensions>
   </trkpt>
   <trkpt lat="-2.5824340" lon="-43.0833800">
    <ele>20.4</ele>
    <time>2026-06-16T17:08:41Z</time>
     <extensions>
      <gpxtpx:TrackPointExtension>
       <gpxtpx:hr>126</gpxtpx:hr>
      </gpxtpx:TrackPointExtension>
     </extensions>
   </trkpt>
   <trkpt lat="-2.5823930" lon="-43.0834010">
    <ele>20.2</ele>
    <time>2026-06-16T17:08:46Z</time>
     <extensions>
      <gpxtpx:TrackPointExtension>
       <gpxtpx:hr>125</gpxtpx:hr>
      </gpxtpx:TrackPointExtension>
     </extensions>
   </trkpt>
   <trkpt lat="-2.5823520" lon="-43.0834170">
    <ele>20.2</ele>
    <time>2026-06-16T17:08:51Z</time>
     <extensions>
      <gpxtpx:TrackPointExtension>
       <gpxtpx:hr>119</gpxtpx:hr>
      </gpxtpx:TrackPointExtension>
     </extensions>
   </trkpt>
   <trkpt lat="-2.5823080" lon="-43.0834400">
    <ele>20.2</ele>
    <time>2026-06-16T17:08:56Z</time>
     <extensions>
      <gpxtpx:TrackPointExtension>
       <gpxtpx:hr>117</gpxtpx:hr>
      </gpxtpx:TrackPointExtension>
     </extensions>
   </trkpt>
   <trkpt lat="-2.5822600" lon="-43.0834520">
    <ele>20.4</ele>
    <time>2026-06-16T17:09:01Z</time>
     <extensions>
      <gpxtpx:TrackPointExtension>
       <gpxtpx:hr>121</gpxtpx:hr>
      </gpxtpx:TrackPointExtension>
     </extensions>
   </trkpt>
   <trkpt lat="-2.5822190" lon="-43.0834580">
    <ele>20.6</ele>
    <time>2026-06-16T17:09:06Z</time>
     <extensions>
      <gpxtpx:TrackPointExtension>
       <gpxtpx:hr>121</gpxtpx:hr>
      </gpxtpx:TrackPointExtension>
     </extensions>
   </trkpt>
   <trkpt lat="-2.5821780" lon="-43.0834610">
    <ele>21.0</ele>
    <time>2026-06-16T17:09:11Z</time>
     <extensions>
      <gpxtpx:TrackPointExtension>
       <gpxtpx:hr>111</gpxtpx:hr>
      </gpxtpx:TrackPointExtension>
     </extensions>
   </trkpt>
   <trkpt lat="-2.5821620" lon="-43.0834480">
    <ele>21.2</ele>
    <time>2026-06-16T17:09:16Z</time>
     <extensions>
      <gpxtpx:TrackPointExtension>
       <gpxtpx:hr>111</gpxtpx:hr>
      </gpxtpx:TrackPointExtension>
     </extensions>
   </trkpt>
   <trkpt lat="-2.5821590" lon="-43.0834380">
    <ele>21.4</ele>
    <time>2026-06-16T17:09:21Z</time>
     <extensions>
      <gpxtpx:TrackPointExtension>
       <gpxtpx:hr>111</gpxtpx:hr>
      </gpxtpx:TrackPointExtension>
     </extensions>
   </trkpt>
   <trkpt lat="-2.5821610" lon="-43.0834360">
    <ele>21.4</ele>
    <time>2026-06-16T17:09:26Z</time>
     <extensions>
      <gpxtpx:TrackPointExtension>
       <gpxtpx:hr>111</gpxtpx:hr>
      </gpxtpx:TrackPointExtension>
     </extensions>
   </trkpt>
   <trkpt lat="-2.5821610" lon="-43.0834360">
    <ele>21.6</ele>
    <time>2026-06-16T17:09:31Z</time>
     <extensions>
      <gpxtpx:TrackPointExtension>
       <gpxtpx:hr>111</gpxtpx:hr>
      </gpxtpx:TrackPointExtension>
     </extensions>
   </trkpt>
   <trkpt lat="-2.5821630" lon="-43.0834350">
    <ele>21.6</ele>
    <time>2026-06-16T17:09:36Z</time>
     <extensions>
      <gpxtpx:TrackPointExtension>
       <gpxtpx:hr>111</gpxtpx:hr>
      </gpxtpx:TrackPointExtension>
     </extensions>
   </trkpt>
   <trkpt lat="-2.5821660" lon="-43.0834320">
    <ele>21.6</ele>
    <time>2026-06-16T17:09:41Z</time>
     <extensions>
      <gpxtpx:TrackPointExtension>
       <gpxtpx:hr>107</gpxtpx:hr>
      </gpxtpx:TrackPointExtension>
     </extensions>
   </trkpt>
   <trkpt lat="-2.5821620" lon="-43.0834250">
    <ele>21.6</ele>
    <time>2026-06-16T17:09:46Z</time>
     <extensions>
      <gpxtpx:TrackPointExtension>
       <gpxtpx:hr>107</gpxtpx:hr>
      </gpxtpx:TrackPointExtension>
     </extensions>
   </trkpt>
   <trkpt lat="-2.5821630" lon="-43.0834250">
    <ele>21.4</ele>
    <time>2026-06-16T17:09:51Z</time>
     <extensions>
      <gpxtpx:TrackPointExtension>
       <gpxtpx:hr>109</gpxtpx:hr>
      </gpxtpx:TrackPointExtension>
     </extensions>
   </trkpt>
   <trkpt lat="-2.5821670" lon="-43.0834240">
    <ele>21.4</ele>
    <time>2026-06-16T17:09:56Z</time>
     <extensions>
      <gpxtpx:TrackPointExtension>
       <gpxtpx:hr>104</gpxtpx:hr>
      </gpxtpx:TrackPointExtension>
     </extensions>
   </trkpt>
   <trkpt lat="-2.5821700" lon="-43.0834220">
    <ele>21.4</ele>
    <time>2026-06-16T17:10:01Z</time>
     <extensions>
      <gpxtpx:TrackPointExtension>
       <gpxtpx:hr>104</gpxtpx:hr>
      </gpxtpx:TrackPointExtension>
     </extensions>
   </trkpt>
   <trkpt lat="-2.5821710" lon="-43.0834210">
    <ele>21.4</ele>
    <time>2026-06-16T17:10:06Z</time>
     <extensions>
      <gpxtpx:TrackPointExtension>
       <gpxtpx:hr>95</gpxtpx:hr>
      </gpxtpx:TrackPointExtension>
     </extensions>
   </trkpt>
   <trkpt lat="-2.5821710" lon="-43.0834210">
    <ele>21.4</ele>
    <time>2026-06-16T17:10:11Z</time>
     <extensions>
      <gpxtpx:TrackPointExtension>
       <gpxtpx:hr>95</gpxtpx:hr>
      </gpxtpx:TrackPointExtension>
     </extensions>
   </trkpt>
   <trkpt lat="-2.5821710" lon="-43.0834210">
    <ele>21.4</ele>
    <time>2026-06-16T17:10:16Z</time>
     <extensions>
      <gpxtpx:TrackPointExtension>
       <gpxtpx:hr>96</gpxtpx:hr>
      </gpxtpx:TrackPointExtension>
     </extensions>
   </trkpt>
   <trkpt lat="-2.5821720" lon="-43.0834200">
    <ele>21.4</ele>
    <time>2026-06-16T17:10:21Z</time>
     <extensions>
      <gpxtpx:TrackPointExtension>
       <gpxtpx:hr>97</gpxtpx:hr>
      </gpxtpx:TrackPointExtension>
     </extensions>
   </trkpt>
   <trkpt lat="-2.5821740" lon="-43.0834170">
    <ele>21.4</ele>
    <time>2026-06-16T17:10:26Z</time>
     <extensions>
      <gpxtpx:TrackPointExtension>
       <gpxtpx:hr>96</gpxtpx:hr>
      </gpxtpx:TrackPointExtension>
     </extensions>
   </trkpt>
   <trkpt lat="-2.5821750" lon="-43.0834170">
    <ele>21.2</ele>
    <time>2026-06-16T17:10:31Z</time>
     <extensions>
      <gpxtpx:TrackPointExtension>
       <gpxtpx:hr>94</gpxtpx:hr>
      </gpxtpx:TrackPointExtension>
     </extensions>
   </trkpt>
   <trkpt lat="-2.5821750" lon="-43.0834190">
    <ele>21.2</ele>
    <time>2026-06-16T17:10:36Z</time>
     <extensions>
      <gpxtpx:TrackPointExtension>
       <gpxtpx:hr>93</gpxtpx:hr>
      </gpxtpx:TrackPointExtension>
     </extensions>
   </trkpt>
   <trkpt lat="-2.5821730" lon="-43.0834230">
    <ele>21.2</ele>
    <time>2026-06-16T17:10:41Z</time>
     <extensions>
      <gpxtpx:TrackPointExtension>
       <gpxtpx:hr>95</gpxtpx:hr>
      </gpxtpx:TrackPointExtension>
     </extensions>
   </trkpt>
   <trkpt lat="-2.5821700" lon="-43.0834300">
    <ele>21.2</ele>
    <time>2026-06-16T17:10:46Z</time>
     <extensions>
      <gpxtpx:TrackPointExtension>
       <gpxtpx:hr>95</gpxtpx:hr>
      </gpxtpx:TrackPointExtension>
     </extensions>
   </trkpt>
   <trkpt lat="-2.5821610" lon="-43.0834480">
    <ele>21.4</ele>
    <time>2026-06-16T17:10:51Z</time>
     <extensions>
      <gpxtpx:TrackPointExtension>
       <gpxtpx:hr>107</gpxtpx:hr>
      </gpxtpx:TrackPointExtension>
     </extensions>
   </trkpt>
   <trkpt lat="-2.5821320" lon="-43.0834710">
    <ele>21.2</ele>
    <time>2026-06-16T17:10:56Z</time>
     <extensions>
      <gpxtpx:TrackPointExtension>
       <gpxtpx:hr>109</gpxtpx:hr>
      </gpxtpx:TrackPointExtension>
     </extensions>
   </trkpt>
   <trkpt lat="-2.5820830" lon="-43.0834970">
    <ele>21.2</ele>
    <time>2026-06-16T17:11:01Z</time>
     <extensions>
      <gpxtpx:TrackPointExtension>
       <gpxtpx:hr>109</gpxtpx:hr>
      </gpxtpx:TrackPointExtension>
     </extensions>
   </trkpt>
   <trkpt lat="-2.5820450" lon="-43.0835120">
    <ele>21.2</ele>
    <time>2026-06-16T17:11:06Z</time>
     <extensions>
      <gpxtpx:TrackPointExtension>
       <gpxtpx:hr>95</gpxtpx:hr>
      </gpxtpx:TrackPointExtension>
     </extensions>
   </trkpt>
   <trkpt lat="-2.5819910" lon="-43.0835220">
    <ele>21.2</ele>
    <time>2026-06-16T17:11:11Z</time>
     <extensions>
      <gpxtpx:TrackPointExtension>
       <gpxtpx:hr>98</gpxtpx:hr>
      </gpxtpx:TrackPointExtension>
     </extensions>
   </trkpt>
   <trkpt lat="-2.5819450" lon="-43.0835350">
    <ele>21.2</ele>
    <time>2026-06-16T17:11:16Z</time>
     <extensions>
      <gpxtpx:TrackPointExtension>
       <gpxtpx:hr>98</gpxtpx:hr>
      </gpxtpx:TrackPointExtension>
     </extensions>
   </trkpt>
   <trkpt lat="-2.5819040" lon="-43.0835570">
    <ele>21.4</ele>
    <time>2026-06-16T17:11:21Z</time>
     <extensions>
      <gpxtpx:TrackPointExtension>
       <gpxtpx:hr>102</gpxtpx:hr>
      </gpxtpx:TrackPointExtension>
     </extensions>
   </trkpt>
   <trkpt lat="-2.5818670" lon="-43.0835810">
    <ele>21.6</ele>
    <time>2026-06-16T17:11:26Z</time>
     <extensions>
      <gpxtpx:TrackPointExtension>
       <gpxtpx:hr>108</gpxtpx:hr>
      </gpxtpx:TrackPointExtension>
     </extensions>
   </trkpt>
   <trkpt lat="-2.5818240" lon="-43.0836070">
    <ele>21.8</ele>
    <time>2026-06-16T17:11:31Z</time>
     <extensions>
      <gpxtpx:TrackPointExtension>
       <gpxtpx:hr>108</gpxtpx:hr>
      </gpxtpx:TrackPointExtension>
     </extensions>
   </trkpt>
   <trkpt lat="-2.5817880" lon="-43.0836420">
    <ele>22.2</ele>
    <time>2026-06-16T17:11:36Z</time>
     <extensions>
      <gpxtpx:TrackPointExtension>
       <gpxtpx:hr>115</gpxtpx:hr>
      </gpxtpx:TrackPointExtension>
     </extensions>
   </trkpt>
   <trkpt lat="-2.5817740" lon="-43.0836590">
    <ele>22.6</ele>
    <time>2026-06-16T17:11:41Z</time>
     <extensions>
      <gpxtpx:TrackPointExtension>
       <gpxtpx:hr>115</gpxtpx:hr>
      </gpxtpx:TrackPointExtension>
     </extensions>
   </trkpt>
   <trkpt lat="-2.5817610" lon="-43.0836790">
    <ele>23.0</ele>
    <time>2026-06-16T17:11:46Z</time>
     <extensions>
      <gpxtpx:TrackPointExtension>
       <gpxtpx:hr>123</gpxtpx:hr>
      </gpxtpx:TrackPointExtension>
     </extensions>
   </trkpt>
   <trkpt lat="-2.5817430" lon="-43.0837000">
    <ele>23.2</ele>
    <time>2026-06-16T17:11:51Z</time>
     <extensions>
      <gpxtpx:TrackPointExtension>
       <gpxtpx:hr>123</gpxtpx:hr>
      </gpxtpx:TrackPointExtension>
     </extensions>
   </trkpt>
   <trkpt lat="-2.5817200" lon="-43.0837210">
    <ele>23.2</ele>
    <time>2026-06-16T17:11:56Z</time>
     <extensions>
      <gpxtpx:TrackPointExtension>
       <gpxtpx:hr>130</gpxtpx:hr>
      </gpxtpx:TrackPointExtension>
     </extensions>
   </trkpt>
   <trkpt lat="-2.5816980" lon="-43.0837420">
    <ele>23.2</ele>
    <time>2026-06-16T17:12:01Z</time>
     <extensions>
      <gpxtpx:TrackPointExtension>
       <gpxtpx:hr>130</gpxtpx:hr>
      </gpxtpx:TrackPointExtension>
     </extensions>
   </trkpt>
   <trkpt lat="-2.5816750" lon="-43.0837670">
    <ele>23.4</ele>
    <time>2026-06-16T17:12:06Z</time>
     <extensions>
      <gpxtpx:TrackPointExtension>
       <gpxtpx:hr>141</gpxtpx:hr>
      </gpxtpx:TrackPointExtension>
     </extensions>
   </trkpt>
   <trkpt lat="-2.5816560" lon="-43.0837950">
    <ele>23.4</ele>
    <time>2026-06-16T17:12:11Z</time>
     <extensions>
      <gpxtpx:TrackPointExtension>
       <gpxtpx:hr>141</gpxtpx:hr>
      </gpxtpx:TrackPointExtension>
     </extensions>
   </trkpt>
   <trkpt lat="-2.5816410" lon="-43.0838250">
    <ele>23.4</ele>
    <time>2026-06-16T17:12:16Z</time>
     <extensions>
      <gpxtpx:TrackPointExtension>
       <gpxtpx:hr>145</gpxtpx:hr>
      </gpxtpx:TrackPointExtension>
     </extensions>
   </trkpt>
   <trkpt lat="-2.5816270" lon="-43.0838490">
    <ele>23.4</ele>
    <time>2026-06-16T17:12:21Z</time>
     <extensions>
      <gpxtpx:TrackPointExtension>
       <gpxtpx:hr>144</gpxtpx:hr>
      </gpxtpx:TrackPointExtension>
     </extensions>
   </trkpt>
   <trkpt lat="-2.5816050" lon="-43.0838770">
    <ele>23.4</ele>
    <time>2026-06-16T17:12:26Z</time>
     <extensions>
      <gpxtpx:TrackPointExtension>
       <gpxtpx:hr>141</gpxtpx:hr>
      </gpxtpx:TrackPointExtension>
     </extensions>
   </trkpt>
   <trkpt lat="-2.5815630" lon="-43.0839010">
    <ele>23.2</ele>
    <time>2026-06-16T17:12:31Z</time>
     <extensions>
      <gpxtpx:TrackPointExtension>
       <gpxtpx:hr>140</gpxtpx:hr>
      </gpxtpx:TrackPointExtension>
     </extensions>
   </trkpt>
   <trkpt lat="-2.5815170" lon="-43.0839240">
    <ele>23.0</ele>
    <time>2026-06-16T17:12:36Z</time>
     <extensions>
      <gpxtpx:TrackPointExtension>
       <gpxtpx:hr>140</gpxtpx:hr>
      </gpxtpx:TrackPointExtension>
     </extensions>
   </trkpt>
   <trkpt lat="-2.5814720" lon="-43.0839430">
    <ele>23.0</ele>
    <time>2026-06-16T17:12:41Z</time>
     <extensions>
      <gpxtpx:TrackPointExtension>
       <gpxtpx:hr>142</gpxtpx:hr>
      </gpxtpx:TrackPointExtension>
     </extensions>
   </trkpt>
   <trkpt lat="-2.5814320" lon="-43.0839750">
    <ele>22.8</ele>
    <time>2026-06-16T17:12:46Z</time>
     <extensions>
      <gpxtpx:TrackPointExtension>
       <gpxtpx:hr>142</gpxtpx:hr>
      </gpxtpx:TrackPointExtension>
     </extensions>
   </trkpt>
   <trkpt lat="-2.5814010" lon="-43.0840150">
    <ele>22.4</ele>
    <time>2026-06-16T17:12:51Z</time>
     <extensions>
      <gpxtpx:TrackPointExtension>
       <gpxtpx:hr>149</gpxtpx:hr>
      </gpxtpx:TrackPointExtension>
     </extensions>
   </trkpt>
   <trkpt lat="-2.5813780" lon="-43.0840530">
    <ele>22.0</ele>
    <time>2026-06-16T17:12:56Z</time>
     <extensions>
      <gpxtpx:TrackPointExtension>
       <gpxtpx:hr>151</gpxtpx:hr>
      </gpxtpx:TrackPointExtension>
     </extensions>
   </trkpt>
   <trkpt lat="-2.5813520" lon="-43.0840930">
    <ele>21.6</ele>
    <time>2026-06-16T17:13:01Z</time>
     <extensions>
      <gpxtpx:TrackPointExtension>
       <gpxtpx:hr>152</gpxtpx:hr>
      </gpxtpx:TrackPointExtension>
     </extensions>
   </trkpt>
   <trkpt lat="-2.5813230" lon="-43.0841380">
    <ele>21.0</ele>
    <time>2026-06-16T17:13:06Z</time>
     <extensions>
      <gpxtpx:TrackPointExtension>
       <gpxtpx:hr>152</gpxtpx:hr>
      </gpxtpx:TrackPointExtension>
     </extensions>
   </trkpt>
   <trkpt lat="-2.5812950" lon="-43.0841850">
    <ele>20.4</ele>
    <time>2026-06-16T17:13:11Z</time>
     <extensions>
      <gpxtpx:TrackPointExtension>
       <gpxtpx:hr>152</gpxtpx:hr>
      </gpxtpx:TrackPointExtension>
     </extensions>
   </trkpt>
   <trkpt lat="-2.5812690" lon="-43.0842360">
    <ele>19.8</ele>
    <time>2026-06-16T17:13:16Z</time>
     <extensions>
      <gpxtpx:TrackPointExtension>
       <gpxtpx:hr>150</gpxtpx:hr>
      </gpxtpx:TrackPointExtension>
     </extensions>
   </trkpt>
   <trkpt lat="-2.5812100" lon="-43.0842800">
    <ele>19.0</ele>
    <time>2026-06-16T17:13:22Z</time>
     <extensions>
      <gpxtpx:TrackPointExtension>
       <gpxtpx:hr>150</gpxtpx:hr>
      </gpxtpx:TrackPointExtension>
     </extensions>
   </trkpt>
   <trkpt lat="-2.5811650" lon="-43.0843060">
    <ele>18.4</ele>
    <time>2026-06-16T17:13:27Z</time>
     <extensions>
      <gpxtpx:TrackPointExtension>
       <gpxtpx:hr>138</gpxtpx:hr>
      </gpxtpx:TrackPointExtension>
     </extensions>
   </trkpt>
   <trkpt lat="-2.5811220" lon="-43.0843150">
    <ele>17.6</ele>
    <time>2026-06-16T17:13:32Z</time>
     <extensions>
      <gpxtpx:TrackPointExtension>
       <gpxtpx:hr>138</gpxtpx:hr>
      </gpxtpx:TrackPointExtension>
     </extensions>
   </trkpt>
   <trkpt lat="-2.5810820" lon="-43.0843380">
    <ele>16.8</ele>
    <time>2026-06-16T17:13:37Z</time>
     <extensions>
      <gpxtpx:TrackPointExtension>
       <gpxtpx:hr>133</gpxtpx:hr>
      </gpxtpx:TrackPointExtension>
     </extensions>
   </trkpt>
   <trkpt lat="-2.5810470" lon="-43.0843700">
    <ele>16.2</ele>
    <time>2026-06-16T17:13:42Z</time>
     <extensions>
      <gpxtpx:TrackPointExtension>
       <gpxtpx:hr>127</gpxtpx:hr>
      </gpxtpx:TrackPointExtension>
     </extensions>
   </trkpt>
   <trkpt lat="-2.5810240" lon="-43.0844190">
    <ele>15.8</ele>
    <time>2026-06-16T17:13:47Z</time>
     <extensions>
      <gpxtpx:TrackPointExtension>
       <gpxtpx:hr>127</gpxtpx:hr>
      </gpxtpx:TrackPointExtension>
     </extensions>
   </trkpt>
   <trkpt lat="-2.5810040" lon="-43.0844720">
    <ele>15.6</ele>
    <time>2026-06-16T17:13:52Z</time>
     <extensions>
      <gpxtpx:TrackPointExtension>
       <gpxtpx:hr>114</gpxtpx:hr>
      </gpxtpx:TrackPointExtension>
     </extensions>
   </trkpt>
   <trkpt lat="-2.5809780" lon="-43.0845160">
    <ele>15.2</ele>
    <time>2026-06-16T17:13:57Z</time>
     <extensions>
      <gpxtpx:TrackPointExtension>
       <gpxtpx:hr>114</gpxtpx:hr>
      </gpxtpx:TrackPointExtension>
     </extensions>
   </trkpt>
   <trkpt lat="-2.5809560" lon="-43.0845690">
    <ele>15.0</ele>
    <time>2026-06-16T17:14:02Z</time>
     <extensions>
      <gpxtpx:TrackPointExtension>
       <gpxtpx:hr>114</gpxtpx:hr>
      </gpxtpx:TrackPointExtension>
     </extensions>
   </trkpt>
   <trkpt lat="-2.5809300" lon="-43.0846220">
    <ele>14.8</ele>
    <time>2026-06-16T17:14:07Z</time>
     <extensions>
      <gpxtpx:TrackPointExtension>
       <gpxtpx:hr>110</gpxtpx:hr>
      </gpxtpx:TrackPointExtension>
     </extensions>
   </trkpt>
   <trkpt lat="-2.5809110" lon="-43.0846770">
    <ele>14.8</ele>
    <time>2026-06-16T17:14:12Z</time>
     <extensions>
      <gpxtpx:TrackPointExtension>
       <gpxtpx:hr>110</gpxtpx:hr>
      </gpxtpx:TrackPointExtension>
     </extensions>
   </trkpt>
   <trkpt lat="-2.5808980" lon="-43.0847340">
    <ele>14.8</ele>
    <time>2026-06-16T17:14:17Z</time>
     <extensions>
      <gpxtpx:TrackPointExtension>
       <gpxtpx:hr>112</gpxtpx:hr>
      </gpxtpx:TrackPointExtension>
     </extensions>
   </trkpt>
   <trkpt lat="-2.5808880" lon="-43.0847840">
    <ele>15.0</ele>
    <time>2026-06-16T17:14:22Z</time>
     <extensions>
      <gpxtpx:TrackPointExtension>
       <gpxtpx:hr>106</gpxtpx:hr>
      </gpxtpx:TrackPointExtension>
     </extensions>
   </trkpt>
   <trkpt lat="-2.5808770" lon="-43.0848290">
    <ele>15.0</ele>
    <time>2026-06-16T17:14:27Z</time>
     <extensions>
      <gpxtpx:TrackPointExtension>
       <gpxtpx:hr>106</gpxtpx:hr>
      </gpxtpx:TrackPointExtension>
     </extensions>
   </trkpt>
   <trkpt lat="-2.5808510" lon="-43.0848750">
    <ele>15.2</ele>
    <time>2026-06-16T17:14:32Z</time>
     <extensions>
      <gpxtpx:TrackPointExtension>
       <gpxtpx:hr>107</gpxtpx:hr>
      </gpxtpx:TrackPointExtension>
     </extensions>
   </trkpt>
   <trkpt lat="-2.5808260" lon="-43.0849300">
    <ele>15.4</ele>
    <time>2026-06-16T17:14:37Z</time>
     <extensions>
      <gpxtpx:TrackPointExtension>
       <gpxtpx:hr>114</gpxtpx:hr>
      </gpxtpx:TrackPointExtension>
     </extensions>
   </trkpt>
   <trkpt lat="-2.5807990" lon="-43.0849840">
    <ele>15.4</ele>
    <time>2026-06-16T17:14:42Z</time>
     <extensions>
      <gpxtpx:TrackPointExtension>
       <gpxtpx:hr>115</gpxtpx:hr>
      </gpxtpx:TrackPointExtension>
     </extensions>
   </trkpt>
   <trkpt lat="-2.5807680" lon="-43.0850340">
    <ele>15.2</ele>
    <time>2026-06-16T17:14:47Z</time>
     <extensions>
      <gpxtpx:TrackPointExtension>
       <gpxtpx:hr>115</gpxtpx:hr>
      </gpxtpx:TrackPointExtension>
     </extensions>
   </trkpt>
   <trkpt lat="-2.5807410" lon="-43.0850810">
    <ele>14.8</ele>
    <time>2026-06-16T17:14:52Z</time>
     <extensions>
      <gpxtpx:TrackPointExtension>
       <gpxtpx:hr>117</gpxtpx:hr>
      </gpxtpx:TrackPointExtension>
     </extensions>
   </trkpt>
   <trkpt lat="-2.5807120" lon="-43.0851280">
    <ele>14.2</ele>
    <time>2026-06-16T17:14:57Z</time>
     <extensions>
      <gpxtpx:TrackPointExtension>
       <gpxtpx:hr>118</gpxtpx:hr>
      </gpxtpx:TrackPointExtension>
     </extensions>
   </trkpt>
   <trkpt lat="-2.5806810" lon="-43.0851730">
    <ele>13.6</ele>
    <time>2026-06-16T17:15:02Z</time>
     <extensions>
      <gpxtpx:TrackPointExtension>
       <gpxtpx:hr>117</gpxtpx:hr>
      </gpxtpx:TrackPointExtension>
     </extensions>
   </trkpt>
   <trkpt lat="-2.5806550" lon="-43.0852210">
    <ele>13.0</ele>
    <time>2026-06-16T17:15:07Z</time>
     <extensions>
      <gpxtpx:TrackPointExtension>
       <gpxtpx:hr>120</gpxtpx:hr>
      </gpxtpx:TrackPointExtension>
     </extensions>
   </trkpt>
   <trkpt lat="-2.5806290" lon="-43.0852720">
    <ele>12.8</ele>
    <time>2026-06-16T17:15:12Z</time>
     <extensions>
      <gpxtpx:TrackPointExtension>
       <gpxtpx:hr>120</gpxtpx:hr>
      </gpxtpx:TrackPointExtension>
     </extensions>
   </trkpt>
   <trkpt lat="-2.5805960" lon="-43.0853110">
    <ele>12.6</ele>
    <time>2026-06-16T17:15:17Z</time>
     <extensions>
      <gpxtpx:TrackPointExtension>
       <gpxtpx:hr>112</gpxtpx:hr>
      </gpxtpx:TrackPointExtension>
     </extensions>
   </trkpt>
   <trkpt lat="-2.5805630" lon="-43.0853510">
    <ele>12.6</ele>
    <time>2026-06-16T17:15:22Z</time>
     <extensions>
      <gpxtpx:TrackPointExtension>
       <gpxtpx:hr>116</gpxtpx:hr>
      </gpxtpx:TrackPointExtension>
     </extensions>
   </trkpt>
   <trkpt lat="-2.5805240" lon="-43.0853900">
    <ele>12.6</ele>
    <time>2026-06-16T17:15:27Z</time>
     <extensions>
      <gpxtpx:TrackPointExtension>
       <gpxtpx:hr>115</gpxtpx:hr>
      </gpxtpx:TrackPointExtension>
     </extensions>
   </trkpt>
   <trkpt lat="-2.5804860" lon="-43.0854300">
    <ele>12.6</ele>
    <time>2026-06-16T17:15:32Z</time>
     <extensions>
      <gpxtpx:TrackPointExtension>
       <gpxtpx:hr>115</gpxtpx:hr>
      </gpxtpx:TrackPointExtension>
     </extensions>
   </trkpt>
   <trkpt lat="-2.5804460" lon="-43.0854610">
    <ele>12.4</ele>
    <time>2026-06-16T17:15:37Z</time>
     <extensions>
      <gpxtpx:TrackPointExtension>
       <gpxtpx:hr>126</gpxtpx:hr>
      </gpxtpx:TrackPointExtension>
     </extensions>
   </trkpt>
   <trkpt lat="-2.5804050" lon="-43.0854880">
    <ele>12.4</ele>
    <time>2026-06-16T17:15:42Z</time>
     <extensions>
      <gpxtpx:TrackPointExtension>
       <gpxtpx:hr>129</gpxtpx:hr>
      </gpxtpx:TrackPointExtension>
     </extensions>
   </trkpt>
   <trkpt lat="-2.5803670" lon="-43.0855130">
    <ele>12.2</ele>
    <time>2026-06-16T17:15:47Z</time>
     <extensions>
      <gpxtpx:TrackPointExtension>
       <gpxtpx:hr>127</gpxtpx:hr>
      </gpxtpx:TrackPointExtension>
     </extensions>
   </trkpt>
   <trkpt lat="-2.5803310" lon="-43.0855410">
    <ele>12.2</ele>
    <time>2026-06-16T17:15:52Z</time>
     <extensions>
      <gpxtpx:TrackPointExtension>
       <gpxtpx:hr>127</gpxtpx:hr>
      </gpxtpx:TrackPointExtension>
     </extensions>
   </trkpt>
   <trkpt lat="-2.5802910" lon="-43.0855700">
    <ele>12.0</ele>
    <time>2026-06-16T17:15:57Z</time>
     <extensions>
      <gpxtpx:TrackPointExtension>
       <gpxtpx:hr>126</gpxtpx:hr>
      </gpxtpx:TrackPointExtension>
     </extensions>
   </trkpt>
   <trkpt lat="-2.5802520" lon="-43.0856020">
    <ele>12.0</ele>
    <time>2026-06-16T17:16:02Z</time>
     <extensions>
      <gpxtpx:TrackPointExtension>
       <gpxtpx:hr>122</gpxtpx:hr>
      </gpxtpx:TrackPointExtension>
     </extensions>
   </trkpt>
   <trkpt lat="-2.5802060" lon="-43.0856380">
    <ele>12.2</ele>
    <time>2026-06-16T17:16:07Z</time>
     <extensions>
      <gpxtpx:TrackPointExtension>
       <gpxtpx:hr>117</gpxtpx:hr>
      </gpxtpx:TrackPointExtension>
     </extensions>
   </trkpt>
   <trkpt lat="-2.5801680" lon="-43.0856670">
    <ele>12.4</ele>
    <time>2026-06-16T17:16:12Z</time>
     <extensions>
      <gpxtpx:TrackPointExtension>
       <gpxtpx:hr>117</gpxtpx:hr>
      </gpxtpx:TrackPointExtension>
     </extensions>
   </trkpt>
   <trkpt lat="-2.5801250" lon="-43.0856900">
    <ele>12.6</ele>
    <time>2026-06-16T17:16:17Z</time>
     <extensions>
      <gpxtpx:TrackPointExtension>
       <gpxtpx:hr>114</gpxtpx:hr>
      </gpxtpx:TrackPointExtension>
     </extensions>
   </trkpt>
   <trkpt lat="-2.5800870" lon="-43.0857120">
    <ele>12.8</ele>
    <time>2026-06-16T17:16:22Z</time>
     <extensions>
      <gpxtpx:TrackPointExtension>
       <gpxtpx:hr>111</gpxtpx:hr>
      </gpxtpx:TrackPointExtension>
     </extensions>
   </trkpt>
   <trkpt lat="-2.5800550" lon="-43.0857270">
    <ele>13.0</ele>
    <time>2026-06-16T17:16:27Z</time>
     <extensions>
      <gpxtpx:TrackPointExtension>
       <gpxtpx:hr>111</gpxtpx:hr>
      </gpxtpx:TrackPointExtension>
     </extensions>
   </trkpt>
   <trkpt lat="-2.5800170" lon="-43.0857460">
    <ele>13.2</ele>
    <time>2026-06-16T17:16:32Z</time>
     <extensions>
      <gpxtpx:TrackPointExtension>
       <gpxtpx:hr>109</gpxtpx:hr>
      </gpxtpx:TrackPointExtension>
     </extensions>
   </trkpt>
   <trkpt lat="-2.5799760" lon="-43.0857670">
    <ele>13.6</ele>
    <time>2026-06-16T17:16:37Z</time>
     <extensions>
      <gpxtpx:TrackPointExtension>
       <gpxtpx:hr>120</gpxtpx:hr>
      </gpxtpx:TrackPointExtension>
     </extensions>
   </trkpt>
   <trkpt lat="-2.5799330" lon="-43.0857900">
    <ele>13.8</ele>
    <time>2026-06-16T17:16:42Z</time>
     <extensions>
      <gpxtpx:TrackPointExtension>
       <gpxtpx:hr>121</gpxtpx:hr>
      </gpxtpx:TrackPointExtension>
     </extensions>
   </trkpt>
   <trkpt lat="-2.5798940" lon="-43.0858110">
    <ele>13.8</ele>
    <time>2026-06-16T17:16:47Z</time>
     <extensions>
      <gpxtpx:TrackPointExtension>
       <gpxtpx:hr>133</gpxtpx:hr>
      </gpxtpx:TrackPointExtension>
     </extensions>
   </trkpt>
   <trkpt lat="-2.5798530" lon="-43.0858260">
    <ele>14.0</ele>
    <time>2026-06-16T17:16:52Z</time>
     <extensions>
      <gpxtpx:TrackPointExtension>
       <gpxtpx:hr>136</gpxtpx:hr>
      </gpxtpx:TrackPointExtension>
     </extensions>
   </trkpt>
   <trkpt lat="-2.5798100" lon="-43.0858410">
    <ele>14.0</ele>
    <time>2026-06-16T17:16:57Z</time>
     <extensions>
      <gpxtpx:TrackPointExtension>
       <gpxtpx:hr>135</gpxtpx:hr>
      </gpxtpx:TrackPointExtension>
     </extensions>
   </trkpt>
   <trkpt lat="-2.5797720" lon="-43.0858560">
    <ele>14.2</ele>
    <time>2026-06-16T17:17:02Z</time>
     <extensions>
      <gpxtpx:TrackPointExtension>
       <gpxtpx:hr>135</gpxtpx:hr>
      </gpxtpx:TrackPointExtension>
     </extensions>
   </trkpt>
   <trkpt lat="-2.5797270" lon="-43.0858710">
    <ele>14.2</ele>
    <time>2026-06-16T17:17:07Z</time>
     <extensions>
      <gpxtpx:TrackPointExtension>
       <gpxtpx:hr>135</gpxtpx:hr>
      </gpxtpx:TrackPointExtension>
     </extensions>
   </trkpt>
   <trkpt lat="-2.5796740" lon="-43.0858830">
    <ele>14.2</ele>
    <time>2026-06-16T17:17:12Z</time>
     <extensions>
      <gpxtpx:TrackPointExtension>
       <gpxtpx:hr>136</gpxtpx:hr>
      </gpxtpx:TrackPointExtension>
     </extensions>
   </trkpt>
   <trkpt lat="-2.5796260" lon="-43.0858930">
    <ele>14.4</ele>
    <time>2026-06-16T17:17:17Z</time>
     <extensions>
      <gpxtpx:TrackPointExtension>
       <gpxtpx:hr>134</gpxtpx:hr>
      </gpxtpx:TrackPointExtension>
     </extensions>
   </trkpt>
   <trkpt lat="-2.5795750" lon="-43.0858990">
    <ele>14.6</ele>
    <time>2026-06-16T17:17:22Z</time>
     <extensions>
      <gpxtpx:TrackPointExtension>
       <gpxtpx:hr>134</gpxtpx:hr>
      </gpxtpx:TrackPointExtension>
     </extensions>
   </trkpt>
   <trkpt lat="-2.5795230" lon="-43.0859100">
    <ele>14.6</ele>
    <time>2026-06-16T17:17:27Z</time>
     <extensions>
      <gpxtpx:TrackPointExtension>
       <gpxtpx:hr>131</gpxtpx:hr>
      </gpxtpx:TrackPointExtension>
     </extensions>
   </trkpt>
   <trkpt lat="-2.5794780" lon="-43.0859270">
    <ele>14.8</ele>
    <time>2026-06-16T17:17:32Z</time>
     <extensions>
      <gpxtpx:TrackPointExtension>
       <gpxtpx:hr>128</gpxtpx:hr>
      </gpxtpx:TrackPointExtension>
     </extensions>
   </trkpt>
   <trkpt lat="-2.5794390" lon="-43.0859410">
    <ele>15.0</ele>
    <time>2026-06-16T17:17:37Z</time>
     <extensions>
      <gpxtpx:TrackPointExtension>
       <gpxtpx:hr>126</gpxtpx:hr>
      </gpxtpx:TrackPointExtension>
     </extensions>
   </trkpt>
   <trkpt lat="-2.5793960" lon="-43.0859580">
    <ele>15.0</ele>
    <time>2026-06-16T17:17:42Z</time>
     <extensions>
      <gpxtpx:TrackPointExtension>
       <gpxtpx:hr>132</gpxtpx:hr>
      </gpxtpx:TrackPointExtension>
     </extensions>
   </trkpt>
   <trkpt lat="-2.5793480" lon="-43.0859660">
    <ele>15.2</ele>
    <time>2026-06-16T17:17:47Z</time>
     <extensions>
      <gpxtpx:TrackPointExtension>
       <gpxtpx:hr>132</gpxtpx:hr>
      </gpxtpx:TrackPointExtension>
     </extensions>
   </trkpt>
   <trkpt lat="-2.5792990" lon="-43.0859660">
    <ele>15.4</ele>
    <time>2026-06-16T17:17:52Z</time>
     <extensions>
      <gpxtpx:TrackPointExtension>
       <gpxtpx:hr>135</gpxtpx:hr>
      </gpxtpx:TrackPointExtension>
     </extensions>
   </trkpt>
   <trkpt lat="-2.5792580" lon="-43.0859700">
    <ele>15.6</ele>
    <time>2026-06-16T17:17:57Z</time>
     <extensions>
      <gpxtpx:TrackPointExtension>
       <gpxtpx:hr>135</gpxtpx:hr>
      </gpxtpx:TrackPointExtension>
     </extensions>
   </trkpt>
   <trkpt lat="-2.5792230" lon="-43.0859730">
    <ele>15.6</ele>
    <time>2026-06-16T17:18:02Z</time>
     <extensions>
      <gpxtpx:TrackPointExtension>
       <gpxtpx:hr>136</gpxtpx:hr>
      </gpxtpx:TrackPointExtension>
     </extensions>
   </trkpt>
   <trkpt lat="-2.5791830" lon="-43.0859820">
    <ele>15.6</ele>
    <time>2026-06-16T17:18:07Z</time>
     <extensions>
      <gpxtpx:TrackPointExtension>
       <gpxtpx:hr>138</gpxtpx:hr>
      </gpxtpx:TrackPointExtension>
     </extensions>
   </trkpt>
   <trkpt lat="-2.5791420" lon="-43.0859960">
    <ele>15.6</ele>
    <time>2026-06-16T17:18:12Z</time>
     <extensions>
      <gpxtpx:TrackPointExtension>
       <gpxtpx:hr>134</gpxtpx:hr>
      </gpxtpx:TrackPointExtension>
     </extensions>
   </trkpt>
   <trkpt lat="-2.5790920" lon="-43.0860000">
    <ele>15.6</ele>
    <time>2026-06-16T17:18:17Z</time>
     <extensions>
      <gpxtpx:TrackPointExtension>
       <gpxtpx:hr>135</gpxtpx:hr>
      </gpxtpx:TrackPointExtension>
     </extensions>
   </trkpt>
   <trkpt lat="-2.5790410" lon="-43.0860000">
    <ele>15.6</ele>
    <time>2026-06-16T17:18:22Z</time>
     <extensions>
      <gpxtpx:TrackPointExtension>
       <gpxtpx:hr>135</gpxtpx:hr>
      </gpxtpx:TrackPointExtension>
     </extensions>
   </trkpt>
   <trkpt lat="-2.5789930" lon="-43.0859970">
    <ele>15.6</ele>
    <time>2026-06-16T17:18:27Z</time>
     <extensions>
      <gpxtpx:TrackPointExtension>
       <gpxtpx:hr>135</gpxtpx:hr>
      </gpxtpx:TrackPointExtension>
     </extensions>
   </trkpt>
   <trkpt lat="-2.5789470" lon="-43.0859930">
    <ele>15.8</ele>
    <time>2026-06-16T17:18:32Z</time>
     <extensions>
      <gpxtpx:TrackPointExtension>
       <gpxtpx:hr>139</gpxtpx:hr>
      </gpxtpx:TrackPointExtension>
     </extensions>
   </trkpt>
   <trkpt lat="-2.5789030" lon="-43.0859860">
    <ele>15.8</ele>
    <time>2026-06-16T17:18:37Z</time>
     <extensions>
      <gpxtpx:TrackPointExtension>
       <gpxtpx:hr>137</gpxtpx:hr>
      </gpxtpx:TrackPointExtension>
     </extensions>
   </trkpt>
   <trkpt lat="-2.5788580" lon="-43.0859830">
    <ele>16.0</ele>
    <time>2026-06-16T17:18:42Z</time>
     <extensions>
      <gpxtpx:TrackPointExtension>
       <gpxtpx:hr>137</gpxtpx:hr>
      </gpxtpx:TrackPointExtension>
     </extensions>
   </trkpt>
   <trkpt lat="-2.5788130" lon="-43.0859800">
    <ele>16.2</ele>
    <time>2026-06-16T17:18:47Z</time>
     <extensions>
      <gpxtpx:TrackPointExtension>
       <gpxtpx:hr>144</gpxtpx:hr>
      </gpxtpx:TrackPointExtension>
     </extensions>
   </trkpt>
   <trkpt lat="-2.5787680" lon="-43.0859780">
    <ele>16.4</ele>
    <time>2026-06-16T17:18:52Z</time>
     <extensions>
      <gpxtpx:TrackPointExtension>
       <gpxtpx:hr>149</gpxtpx:hr>
      </gpxtpx:TrackPointExtension>
     </extensions>
   </trkpt>
   <trkpt lat="-2.5787250" lon="-43.0859680">
    <ele>16.4</ele>
    <time>2026-06-16T17:18:57Z</time>
     <extensions>
      <gpxtpx:TrackPointExtension>
       <gpxtpx:hr>152</gpxtpx:hr>
      </gpxtpx:TrackPointExtension>
     </extensions>
   </trkpt>
   <trkpt lat="-2.5786750" lon="-43.0859670">
    <ele>16.6</ele>
    <time>2026-06-16T17:19:02Z</time>
     <extensions>
      <gpxtpx:TrackPointExtension>
       <gpxtpx:hr>152</gpxtpx:hr>
      </gpxtpx:TrackPointExtension>
     </extensions>
   </trkpt>
   <trkpt lat="-2.5786250" lon="-43.0859790">
    <ele>16.6</ele>
    <time>2026-06-16T17:19:07Z</time>
     <extensions>
      <gpxtpx:TrackPointExtension>
       <gpxtpx:hr>152</gpxtpx:hr>
      </gpxtpx:TrackPointExtension>
     </extensions>
   </trkpt>
   <trkpt lat="-2.5785830" lon="-43.0859950">
    <ele>16.8</ele>
    <time>2026-06-16T17:19:12Z</time>
     <extensions>
      <gpxtpx:TrackPointExtension>
       <gpxtpx:hr>150</gpxtpx:hr>
      </gpxtpx:TrackPointExtension>
     </extensions>
   </trkpt>
   <trkpt lat="-2.5785340" lon="-43.0860160">
    <ele>16.6</ele>
    <time>2026-06-16T17:19:17Z</time>
     <extensions>
      <gpxtpx:TrackPointExtension>
       <gpxtpx:hr>150</gpxtpx:hr>
      </gpxtpx:TrackPointExtension>
     </extensions>
   </trkpt>
   <trkpt lat="-2.5784900" lon="-43.0860310">
    <ele>16.6</ele>
    <time>2026-06-16T17:19:22Z</time>
     <extensions>
      <gpxtpx:TrackPointExtension>
       <gpxtpx:hr>144</gpxtpx:hr>
      </gpxtpx:TrackPointExtension>
     </extensions>
   </trkpt>
   <trkpt lat="-2.5784510" lon="-43.0860460">
    <ele>16.8</ele>
    <time>2026-06-16T17:19:27Z</time>
     <extensions>
      <gpxtpx:TrackPointExtension>
       <gpxtpx:hr>139</gpxtpx:hr>
      </gpxtpx:TrackPointExtension>
     </extensions>
   </trkpt>
   <trkpt lat="-2.5784190" lon="-43.0860690">
    <ele>16.8</ele>
    <time>2026-06-16T17:19:32Z</time>
     <extensions>
      <gpxtpx:TrackPointExtension>
       <gpxtpx:hr>138</gpxtpx:hr>
      </gpxtpx:TrackPointExtension>
     </extensions>
   </trkpt>
   <trkpt lat="-2.5784000" lon="-43.0860900">
    <ele>16.8</ele>
    <time>2026-06-16T17:19:37Z</time>
     <extensions>
      <gpxtpx:TrackPointExtension>
       <gpxtpx:hr>133</gpxtpx:hr>
      </gpxtpx:TrackPointExtension>
     </extensions>
   </trkpt>
   <trkpt lat="-2.5784000" lon="-43.0860890">
    <ele>16.8</ele>
    <time>2026-06-16T17:19:42Z</time>
     <extensions>
      <gpxtpx:TrackPointExtension>
       <gpxtpx:hr>133</gpxtpx:hr>
      </gpxtpx:TrackPointExtension>
     </extensions>
   </trkpt>
   <trkpt lat="-2.5784060" lon="-43.0860830">
    <ele>16.8</ele>
    <time>2026-06-16T17:19:47Z</time>
     <extensions>
      <gpxtpx:TrackPointExtension>
       <gpxtpx:hr>134</gpxtpx:hr>
      </gpxtpx:TrackPointExtension>
     </extensions>
   </trkpt>
   <trkpt lat="-2.5784090" lon="-43.0860810">
    <ele>16.8</ele>
    <time>2026-06-16T17:19:52Z</time>
     <extensions>
      <gpxtpx:TrackPointExtension>
       <gpxtpx:hr>130</gpxtpx:hr>
      </gpxtpx:TrackPointExtension>
     </extensions>
   </trkpt>
   <trkpt lat="-2.5784110" lon="-43.0860860">
    <ele>16.8</ele>
    <time>2026-06-16T17:19:57Z</time>
     <extensions>
      <gpxtpx:TrackPointExtension>
       <gpxtpx:hr>132</gpxtpx:hr>
      </gpxtpx:TrackPointExtension>
     </extensions>
   </trkpt>
   <trkpt lat="-2.5784040" lon="-43.0860960">
    <ele>16.8</ele>
    <time>2026-06-16T17:20:02Z</time>
     <extensions>
      <gpxtpx:TrackPointExtension>
       <gpxtpx:hr>125</gpxtpx:hr>
      </gpxtpx:TrackPointExtension>
     </extensions>
   </trkpt>
   <trkpt lat="-2.5783750" lon="-43.0861240">
    <ele>17.0</ele>
    <time>2026-06-16T17:20:07Z</time>
     <extensions>
      <gpxtpx:TrackPointExtension>
       <gpxtpx:hr>127</gpxtpx:hr>
      </gpxtpx:TrackPointExtension>
     </extensions>
   </trkpt>
   <trkpt lat="-2.5783430" lon="-43.0861550">
    <ele>17.0</ele>
    <time>2026-06-16T17:20:12Z</time>
     <extensions>
      <gpxtpx:TrackPointExtension>
       <gpxtpx:hr>117</gpxtpx:hr>
      </gpxtpx:TrackPointExtension>
     </extensions>
   </trkpt>
   <trkpt lat="-2.5783060" lon="-43.0861870">
    <ele>17.2</ele>
    <time>2026-06-16T17:20:17Z</time>
     <extensions>
      <gpxtpx:TrackPointExtension>
       <gpxtpx:hr>117</gpxtpx:hr>
      </gpxtpx:TrackPointExtension>
     </extensions>
   </trkpt>
   <trkpt lat="-2.5782630" lon="-43.0862200">
    <ele>17.4</ele>
    <time>2026-06-16T17:20:22Z</time>
     <extensions>
      <gpxtpx:TrackPointExtension>
       <gpxtpx:hr>110</gpxtpx:hr>
      </gpxtpx:TrackPointExtension>
     </extensions>
   </trkpt>
   <trkpt lat="-2.5782230" lon="-43.0862550">
    <ele>17.8</ele>
    <time>2026-06-16T17:20:27Z</time>
     <extensions>
      <gpxtpx:TrackPointExtension>
       <gpxtpx:hr>110</gpxtpx:hr>
      </gpxtpx:TrackPointExtension>
     </extensions>
   </trkpt>
   <trkpt lat="-2.5781740" lon="-43.0862870">
    <ele>18.0</ele>
    <time>2026-06-16T17:20:32Z</time>
     <extensions>
      <gpxtpx:TrackPointExtension>
       <gpxtpx:hr>111</gpxtpx:hr>
      </gpxtpx:TrackPointExtension>
     </extensions>
   </trkpt>
   <trkpt lat="-2.5781210" lon="-43.0863200">
    <ele>18.2</ele>
    <time>2026-06-16T17:20:37Z</time>
     <extensions>
      <gpxtpx:TrackPointExtension>
       <gpxtpx:hr>115</gpxtpx:hr>
      </gpxtpx:TrackPointExtension>
     </extensions>
   </trkpt>
   <trkpt lat="-2.5780700" lon="-43.0863520">
    <ele>18.4</ele>
    <time>2026-06-16T17:20:42Z</time>
     <extensions>
      <gpxtpx:TrackPointExtension>
       <gpxtpx:hr>115</gpxtpx:hr>
      </gpxtpx:TrackPointExtension>
     </extensions>
   </trkpt>
   <trkpt lat="-2.5780240" lon="-43.0863750">
    <ele>18.4</ele>
    <time>2026-06-16T17:20:47Z</time>
     <extensions>
      <gpxtpx:TrackPointExtension>
       <gpxtpx:hr>112</gpxtpx:hr>
      </gpxtpx:TrackPointExtension>
     </extensions>
   </trkpt>
   <trkpt lat="-2.5779790" lon="-43.0864050">
    <ele>18.4</ele>
    <time>2026-06-16T17:20:52Z</time>
     <extensions>
      <gpxtpx:TrackPointExtension>
       <gpxtpx:hr>112</gpxtpx:hr>
      </gpxtpx:TrackPointExtension>
     </extensions>
   </trkpt>
   <trkpt lat="-2.5779390" lon="-43.0864330">
    <ele>18.6</ele>
    <time>2026-06-16T17:20:57Z</time>
     <extensions>
      <gpxtpx:TrackPointExtension>
       <gpxtpx:hr>108</gpxtpx:hr>
      </gpxtpx:TrackPointExtension>
     </extensions>
   </trkpt>
   <trkpt lat="-2.5778940" lon="-43.0864620">
    <ele>18.6</ele>
    <time>2026-06-16T17:21:03Z</time>
     <extensions>
      <gpxtpx:TrackPointExtension>
       <gpxtpx:hr>109</gpxtpx:hr>
      </gpxtpx:TrackPointExtension>
     </extensions>
   </trkpt>
   <trkpt lat="-2.5778520" lon="-43.0864910">
    <ele>18.6</ele>
    <time>2026-06-16T17:21:08Z</time>
     <extensions>
      <gpxtpx:TrackPointExtension>
       <gpxtpx:hr>112</gpxtpx:hr>
      </gpxtpx:TrackPointExtension>
     </extensions>
   </trkpt>
   <trkpt lat="-2.5778140" lon="-43.0865180">
    <ele>18.6</ele>
    <time>2026-06-16T17:21:13Z</time>
     <extensions>
      <gpxtpx:TrackPointExtension>
       <gpxtpx:hr>117</gpxtpx:hr>
      </gpxtpx:TrackPointExtension>
     </extensions>
   </trkpt>
   <trkpt lat="-2.5777750" lon="-43.0865440">
    <ele>18.6</ele>
    <time>2026-06-16T17:21:18Z</time>
     <extensions>
      <gpxtpx:TrackPointExtension>
       <gpxtpx:hr>116</gpxtpx:hr>
      </gpxtpx:TrackPointExtension>
     </extensions>
   </trkpt>
   <trkpt lat="-2.5777340" lon="-43.0865740">
    <ele>18.6</ele>
    <time>2026-06-16T17:21:23Z</time>
     <extensions>
      <gpxtpx:TrackPointExtension>
       <gpxtpx:hr>116</gpxtpx:hr>
      </gpxtpx:TrackPointExtension>
     </extensions>
   </trkpt>
   <trkpt lat="-2.5777020" lon="-43.0866090">
    <ele>18.8</ele>
    <time>2026-06-16T17:21:28Z</time>
     <extensions>
      <gpxtpx:TrackPointExtension>
       <gpxtpx:hr>114</gpxtpx:hr>
      </gpxtpx:TrackPointExtension>
     </extensions>
   </trkpt>
   <trkpt lat="-2.5776910" lon="-43.0866270">
    <ele>19.0</ele>
    <time>2026-06-16T17:21:33Z</time>
     <extensions>
      <gpxtpx:TrackPointExtension>
       <gpxtpx:hr>114</gpxtpx:hr>
      </gpxtpx:TrackPointExtension>
     </extensions>
   </trkpt>
   <trkpt lat="-2.5776480" lon="-43.0866620">
    <ele>19.2</ele>
    <time>2026-06-16T17:21:38Z</time>
     <extensions>
      <gpxtpx:TrackPointExtension>
       <gpxtpx:hr>115</gpxtpx:hr>
      </gpxtpx:TrackPointExtension>
     </extensions>
   </trkpt>
   <trkpt lat="-2.5776050" lon="-43.0866900">
    <ele>19.2</ele>
    <time>2026-06-16T17:21:43Z</time>
     <extensions>
      <gpxtpx:TrackPointExtension>
       <gpxtpx:hr>114</gpxtpx:hr>
      </gpxtpx:TrackPointExtension>
     </extensions>
   </trkpt>
   <trkpt lat="-2.5775650" lon="-43.0867150">
    <ele>19.2</ele>
    <time>2026-06-16T17:21:48Z</time>
     <extensions>
      <gpxtpx:TrackPointExtension>
       <gpxtpx:hr>114</gpxtpx:hr>
      </gpxtpx:TrackPointExtension>
     </extensions>
   </trkpt>
   <trkpt lat="-2.5775220" lon="-43.0867410">
    <ele>19.4</ele>
    <time>2026-06-16T17:21:53Z</time>
     <extensions>
      <gpxtpx:TrackPointExtension>
       <gpxtpx:hr>123</gpxtpx:hr>
      </gpxtpx:TrackPointExtension>
     </extensions>
   </trkpt>
   <trkpt lat="-2.5774780" lon="-43.0867740">
    <ele>19.4</ele>
    <time>2026-06-16T17:21:58Z</time>
     <extensions>
      <gpxtpx:TrackPointExtension>
       <gpxtpx:hr>123</gpxtpx:hr>
      </gpxtpx:TrackPointExtension>
     </extensions>
   </trkpt>
   <trkpt lat="-2.5774340" lon="-43.0868010">
    <ele>19.2</ele>
    <time>2026-06-16T17:22:03Z</time>
     <extensions>
      <gpxtpx:TrackPointExtension>
       <gpxtpx:hr>128</gpxtpx:hr>
      </gpxtpx:TrackPointExtension>
     </extensions>
   </trkpt>
   <trkpt lat="-2.5773890" lon="-43.0868240">
    <ele>19.0</ele>
    <time>2026-06-16T17:22:08Z</time>
     <extensions>
      <gpxtpx:TrackPointExtension>
       <gpxtpx:hr>126</gpxtpx:hr>
      </gpxtpx:TrackPointExtension>
     </extensions>
   </trkpt>
   <trkpt lat="-2.5773500" lon="-43.0868520">
    <ele>18.6</ele>
    <time>2026-06-16T17:22:14Z</time>
     <extensions>
      <gpxtpx:TrackPointExtension>
       <gpxtpx:hr>129</gpxtpx:hr>
      </gpxtpx:TrackPointExtension>
     </extensions>
   </trkpt>
   <trkpt lat="-2.5773060" lon="-43.0868670">
    <ele>18.2</ele>
    <time>2026-06-16T17:22:19Z</time>
     <extensions>
      <gpxtpx:TrackPointExtension>
       <gpxtpx:hr>132</gpxtpx:hr>
      </gpxtpx:TrackPointExtension>
     </extensions>
   </trkpt>
   <trkpt lat="-2.5772590" lon="-43.0868840">
    <ele>18.0</ele>
    <time>2026-06-16T17:22:24Z</time>
     <extensions>
      <gpxtpx:TrackPointExtension>
       <gpxtpx:hr>134</gpxtpx:hr>
      </gpxtpx:TrackPointExtension>
     </extensions>
   </trkpt>
   <trkpt lat="-2.5772090" lon="-43.0869020">
    <ele>17.6</ele>
    <time>2026-06-16T17:22:29Z</time>
     <extensions>
      <gpxtpx:TrackPointExtension>
       <gpxtpx:hr>134</gpxtpx:hr>
      </gpxtpx:TrackPointExtension>
     </extensions>
   </trkpt>
   <trkpt lat="-2.5771590" lon="-43.0869290">
    <ele>17.4</ele>
    <time>2026-06-16T17:22:34Z</time>
     <extensions>
      <gpxtpx:TrackPointExtension>
       <gpxtpx:hr>134</gpxtpx:hr>
      </gpxtpx:TrackPointExtension>
     </extensions>
   </trkpt>
   <trkpt lat="-2.5771100" lon="-43.0869540">
    <ele>17.2</ele>
    <time>2026-06-16T17:22:39Z</time>
     <extensions>
      <gpxtpx:TrackPointExtension>
       <gpxtpx:hr>134</gpxtpx:hr>
      </gpxtpx:TrackPointExtension>
     </extensions>
   </trkpt>
   <trkpt lat="-2.5770610" lon="-43.0869810">
    <ele>17.2</ele>
    <time>2026-06-16T17:22:44Z</time>
     <extensions>
      <gpxtpx:TrackPointExtension>
       <gpxtpx:hr>137</gpxtpx:hr>
      </gpxtpx:TrackPointExtension>
     </extensions>
   </trkpt>
   <trkpt lat="-2.5770130" lon="-43.0869990">
    <ele>17.0</ele>
    <time>2026-06-16T17:22:49Z</time>
     <extensions>
      <gpxtpx:TrackPointExtension>
       <gpxtpx:hr>136</gpxtpx:hr>
      </gpxtpx:TrackPointExtension>
     </extensions>
   </trkpt>
   <trkpt lat="-2.5769680" lon="-43.0870210">
    <ele>17.0</ele>
    <time>2026-06-16T17:22:54Z</time>
     <extensions>
      <gpxtpx:TrackPointExtension>
       <gpxtpx:hr>137</gpxtpx:hr>
      </gpxtpx:TrackPointExtension>
     </extensions>
   </trkpt>
   <trkpt lat="-2.5769300" lon="-43.0870540">
    <ele>16.8</ele>
    <time>2026-06-16T17:22:59Z</time>
     <extensions>
      <gpxtpx:TrackPointExtension>
       <gpxtpx:hr>137</gpxtpx:hr>
      </gpxtpx:TrackPointExtension>
     </extensions>
   </trkpt>
   <trkpt lat="-2.5768980" lon="-43.0870900">
    <ele>16.4</ele>
    <time>2026-06-16T17:23:04Z</time>
     <extensions>
      <gpxtpx:TrackPointExtension>
       <gpxtpx:hr>136</gpxtpx:hr>
      </gpxtpx:TrackPointExtension>
     </extensions>
   </trkpt>
   <trkpt lat="-2.5768630" lon="-43.0871220">
    <ele>16.2</ele>
    <time>2026-06-16T17:23:09Z</time>
     <extensions>
      <gpxtpx:TrackPointExtension>
       <gpxtpx:hr>132</gpxtpx:hr>
      </gpxtpx:TrackPointExtension>
     </extensions>
   </trkpt>
   <trkpt lat="-2.5768330" lon="-43.0871560">
    <ele>15.8</ele>
    <time>2026-06-16T17:23:14Z</time>
     <extensions>
      <gpxtpx:TrackPointExtension>
       <gpxtpx:hr>133</gpxtpx:hr>
      </gpxtpx:TrackPointExtension>
     </extensions>
   </trkpt>
   <trkpt lat="-2.5767980" lon="-43.0871840">
    <ele>15.6</ele>
    <time>2026-06-16T17:23:19Z</time>
     <extensions>
      <gpxtpx:TrackPointExtension>
       <gpxtpx:hr>130</gpxtpx:hr>
      </gpxtpx:TrackPointExtension>
     </extensions>
   </trkpt>
   <trkpt lat="-2.5767660" lon="-43.0871960">
    <ele>15.4</ele>
    <time>2026-06-16T17:23:24Z</time>
     <extensions>
      <gpxtpx:TrackPointExtension>
       <gpxtpx:hr>130</gpxtpx:hr>
      </gpxtpx:TrackPointExtension>
     </extensions>
   </trkpt>
   <trkpt lat="-2.5767530" lon="-43.0871940">
    <ele>15.2</ele>
    <time>2026-06-16T17:23:29Z</time>
     <extensions>
      <gpxtpx:TrackPointExtension>
       <gpxtpx:hr>126</gpxtpx:hr>
      </gpxtpx:TrackPointExtension>
     </extensions>
   </trkpt>
   <trkpt lat="-2.5767520" lon="-43.0871850">
    <ele>15.2</ele>
    <time>2026-06-16T17:23:34Z</time>
     <extensions>
      <gpxtpx:TrackPointExtension>
       <gpxtpx:hr>126</gpxtpx:hr>
      </gpxtpx:TrackPointExtension>
     </extensions>
   </trkpt>
   <trkpt lat="-2.5767390" lon="-43.0871840">
    <ele>15.2</ele>
    <time>2026-06-16T17:23:39Z</time>
     <extensions>
      <gpxtpx:TrackPointExtension>
       <gpxtpx:hr>131</gpxtpx:hr>
      </gpxtpx:TrackPointExtension>
     </extensions>
   </trkpt>
   <trkpt lat="-2.5767370" lon="-43.0871770">
    <ele>15.2</ele>
    <time>2026-06-16T17:23:44Z</time>
     <extensions>
      <gpxtpx:TrackPointExtension>
       <gpxtpx:hr>124</gpxtpx:hr>
      </gpxtpx:TrackPointExtension>
     </extensions>
   </trkpt>
   <trkpt lat="-2.5767340" lon="-43.0871740">
    <ele>15.0</ele>
    <time>2026-06-16T17:23:49Z</time>
     <extensions>
      <gpxtpx:TrackPointExtension>
       <gpxtpx:hr>125</gpxtpx:hr>
      </gpxtpx:TrackPointExtension>
     </extensions>
   </trkpt>
   <trkpt lat="-2.5767280" lon="-43.0871810">
    <ele>15.0</ele>
    <time>2026-06-16T17:23:54Z</time>
     <extensions>
      <gpxtpx:TrackPointExtension>
       <gpxtpx:hr>126</gpxtpx:hr>
      </gpxtpx:TrackPointExtension>
     </extensions>
   </trkpt>
   <trkpt lat="-2.5767190" lon="-43.0871980">
    <ele>14.6</ele>
    <time>2026-06-16T17:23:59Z</time>
     <extensions>
      <gpxtpx:TrackPointExtension>
       <gpxtpx:hr>128</gpxtpx:hr>
      </gpxtpx:TrackPointExtension>
     </extensions>
   </trkpt>
   <trkpt lat="-2.5767020" lon="-43.0872250">
    <ele>14.6</ele>
    <time>2026-06-16T17:24:04Z</time>
     <extensions>
      <gpxtpx:TrackPointExtension>
       <gpxtpx:hr>121</gpxtpx:hr>
      </gpxtpx:TrackPointExtension>
     </extensions>
   </trkpt>
   <trkpt lat="-2.5766890" lon="-43.0872450">
    <ele>14.6</ele>
    <time>2026-06-16T17:24:09Z</time>
     <extensions>
      <gpxtpx:TrackPointExtension>
       <gpxtpx:hr>130</gpxtpx:hr>
      </gpxtpx:TrackPointExtension>
     </extensions>
   </trkpt>
   <trkpt lat="-2.5766730" lon="-43.0872710">
    <ele>15.2</ele>
    <time>2026-06-16T17:24:15Z</time>
     <extensions>
      <gpxtpx:TrackPointExtension>
       <gpxtpx:hr>128</gpxtpx:hr>
      </gpxtpx:TrackPointExtension>
     </extensions>
   </trkpt>
   <trkpt lat="-2.5766580" lon="-43.0873120">
    <ele>16.0</ele>
    <time>2026-06-16T17:24:20Z</time>
     <extensions>
      <gpxtpx:TrackPointExtension>
       <gpxtpx:hr>133</gpxtpx:hr>
      </gpxtpx:TrackPointExtension>
     </extensions>
   </trkpt>
   <trkpt lat="-2.5766260" lon="-43.0873550">
    <ele>17.0</ele>
    <time>2026-06-16T17:24:25Z</time>
     <extensions>
      <gpxtpx:TrackPointExtension>
       <gpxtpx:hr>133</gpxtpx:hr>
      </gpxtpx:TrackPointExtension>
     </extensions>
   </trkpt>
   <trkpt lat="-2.5765840" lon="-43.0873900">
    <ele>17.8</ele>
    <time>2026-06-16T17:24:30Z</time>
     <extensions>
      <gpxtpx:TrackPointExtension>
       <gpxtpx:hr>139</gpxtpx:hr>
      </gpxtpx:TrackPointExtension>
     </extensions>
   </trkpt>
   <trkpt lat="-2.5765420" lon="-43.0874190">
    <ele>18.6</ele>
    <time>2026-06-16T17:24:35Z</time>
     <extensions>
      <gpxtpx:TrackPointExtension>
       <gpxtpx:hr>140</gpxtpx:hr>
      </gpxtpx:TrackPointExtension>
     </extensions>
   </trkpt>
   <trkpt lat="-2.5764930" lon="-43.0874380">
    <ele>19.4</ele>
    <time>2026-06-16T17:24:40Z</time>
     <extensions>
      <gpxtpx:TrackPointExtension>
       <gpxtpx:hr>143</gpxtpx:hr>
      </gpxtpx:TrackPointExtension>
     </extensions>
   </trkpt>
   <trkpt lat="-2.5764590" lon="-43.0874570">
    <ele>20.0</ele>
    <time>2026-06-16T17:24:45Z</time>
     <extensions>
      <gpxtpx:TrackPointExtension>
       <gpxtpx:hr>143</gpxtpx:hr>
      </gpxtpx:TrackPointExtension>
     </extensions>
   </trkpt>
   <trkpt lat="-2.5764250" lon="-43.0874860">
    <ele>20.4</ele>
    <time>2026-06-16T17:24:50Z</time>
     <extensions>
      <gpxtpx:TrackPointExtension>
       <gpxtpx:hr>143</gpxtpx:hr>
      </gpxtpx:TrackPointExtension>
     </extensions>
   </trkpt>
   <trkpt lat="-2.5763990" lon="-43.0875100">
    <ele>20.6</ele>
    <time>2026-06-16T17:24:55Z</time>
     <extensions>
      <gpxtpx:TrackPointExtension>
       <gpxtpx:hr>146</gpxtpx:hr>
      </gpxtpx:TrackPointExtension>
     </extensions>
   </trkpt>
   <trkpt lat="-2.5763660" lon="-43.0875280">
    <ele>20.6</ele>
    <time>2026-06-16T17:25:00Z</time>
     <extensions>
      <gpxtpx:TrackPointExtension>
       <gpxtpx:hr>148</gpxtpx:hr>
      </gpxtpx:TrackPointExtension>
     </extensions>
   </trkpt>
   <trkpt lat="-2.5763360" lon="-43.0875510">
    <ele>20.4</ele>
    <time>2026-06-16T17:25:05Z</time>
     <extensions>
      <gpxtpx:TrackPointExtension>
       <gpxtpx:hr>148</gpxtpx:hr>
      </gpxtpx:TrackPointExtension>
     </extensions>
   </trkpt>
   <trkpt lat="-2.5762990" lon="-43.0875720">
    <ele>20.2</ele>
    <time>2026-06-16T17:25:10Z</time>
     <extensions>
      <gpxtpx:TrackPointExtension>
       <gpxtpx:hr>148</gpxtpx:hr>
      </gpxtpx:TrackPointExtension>
     </extensions>
   </trkpt>
   <trkpt lat="-2.5762620" lon="-43.0875950">
    <ele>20.2</ele>
    <time>2026-06-16T17:25:15Z</time>
     <extensions>
      <gpxtpx:TrackPointExtension>
       <gpxtpx:hr>149</gpxtpx:hr>
      </gpxtpx:TrackPointExtension>
     </extensions>
   </trkpt>
   <trkpt lat="-2.5762230" lon="-43.0876160">
    <ele>20.2</ele>
    <time>2026-06-16T17:25:20Z</time>
     <extensions>
      <gpxtpx:TrackPointExtension>
       <gpxtpx:hr>145</gpxtpx:hr>
      </gpxtpx:TrackPointExtension>
     </extensions>
   </trkpt>
   <trkpt lat="-2.5761820" lon="-43.0876440">
    <ele>20.4</ele>
    <time>2026-06-16T17:25:25Z</time>
     <extensions>
      <gpxtpx:TrackPointExtension>
       <gpxtpx:hr>137</gpxtpx:hr>
      </gpxtpx:TrackPointExtension>
     </extensions>
   </trkpt>
   <trkpt lat="-2.5761450" lon="-43.0876830">
    <ele>20.8</ele>
    <time>2026-06-16T17:25:30Z</time>
     <extensions>
      <gpxtpx:TrackPointExtension>
       <gpxtpx:hr>134</gpxtpx:hr>
      </gpxtpx:TrackPointExtension>
     </extensions>
   </trkpt>
   <trkpt lat="-2.5761080" lon="-43.0877130">
    <ele>21.2</ele>
    <time>2026-06-16T17:25:35Z</time>
     <extensions>
      <gpxtpx:TrackPointExtension>
       <gpxtpx:hr>124</gpxtpx:hr>
      </gpxtpx:TrackPointExtension>
     </extensions>
   </trkpt>
   <trkpt lat="-2.5760670" lon="-43.0877380">
    <ele>21.6</ele>
    <time>2026-06-16T17:25:40Z</time>
     <extensions>
      <gpxtpx:TrackPointExtension>
       <gpxtpx:hr>124</gpxtpx:hr>
      </gpxtpx:TrackPointExtension>
     </extensions>
   </trkpt>
   <trkpt lat="-2.5760280" lon="-43.0877630">
    <ele>21.8</ele>
    <time>2026-06-16T17:25:45Z</time>
     <extensions>
      <gpxtpx:TrackPointExtension>
       <gpxtpx:hr>124</gpxtpx:hr>
      </gpxtpx:TrackPointExtension>
     </extensions>
   </trkpt>
   <trkpt lat="-2.5759890" lon="-43.0877870">
    <ele>22.0</ele>
    <time>2026-06-16T17:25:50Z</time>
     <extensions>
      <gpxtpx:TrackPointExtension>
       <gpxtpx:hr>124</gpxtpx:hr>
      </gpxtpx:TrackPointExtension>
     </extensions>
   </trkpt>
   <trkpt lat="-2.5759490" lon="-43.0878130">
    <ele>22.2</ele>
    <time>2026-06-16T17:25:55Z</time>
     <extensions>
      <gpxtpx:TrackPointExtension>
       <gpxtpx:hr>123</gpxtpx:hr>
      </gpxtpx:TrackPointExtension>
     </extensions>
   </trkpt>
   <trkpt lat="-2.5759070" lon="-43.0878320">
    <ele>22.2</ele>
    <time>2026-06-16T17:26:00Z</time>
     <extensions>
      <gpxtpx:TrackPointExtension>
       <gpxtpx:hr>128</gpxtpx:hr>
      </gpxtpx:TrackPointExtension>
     </extensions>
   </trkpt>
   <trkpt lat="-2.5758690" lon="-43.0878550">
    <ele>22.0</ele>
    <time>2026-06-16T17:26:05Z</time>
     <extensions>
      <gpxtpx:TrackPointExtension>
       <gpxtpx:hr>126</gpxtpx:hr>
      </gpxtpx:TrackPointExtension>
     </extensions>
   </trkpt>
   <trkpt lat="-2.5758310" lon="-43.0878740">
    <ele>21.8</ele>
    <time>2026-06-16T17:26:10Z</time>
     <extensions>
      <gpxtpx:TrackPointExtension>
       <gpxtpx:hr>127</gpxtpx:hr>
      </gpxtpx:TrackPointExtension>
     </extensions>
   </trkpt>
   <trkpt lat="-2.5757880" lon="-43.0878950">
    <ele>21.8</ele>
    <time>2026-06-16T17:26:15Z</time>
     <extensions>
      <gpxtpx:TrackPointExtension>
       <gpxtpx:hr>128</gpxtpx:hr>
      </gpxtpx:TrackPointExtension>
     </extensions>
   </trkpt>
   <trkpt lat="-2.5757450" lon="-43.0879150">
    <ele>21.6</ele>
    <time>2026-06-16T17:26:20Z</time>
     <extensions>
      <gpxtpx:TrackPointExtension>
       <gpxtpx:hr>129</gpxtpx:hr>
      </gpxtpx:TrackPointExtension>
     </extensions>
   </trkpt>
   <trkpt lat="-2.5757000" lon="-43.0879370">
    <ele>21.6</ele>
    <time>2026-06-16T17:26:25Z</time>
     <extensions>
      <gpxtpx:TrackPointExtension>
       <gpxtpx:hr>129</gpxtpx:hr>
      </gpxtpx:TrackPointExtension>
     </extensions>
   </trkpt>
   <trkpt lat="-2.5756550" lon="-43.0879600">
    <ele>21.8</ele>
    <time>2026-06-16T17:26:30Z</time>
     <extensions>
      <gpxtpx:TrackPointExtension>
       <gpxtpx:hr>133</gpxtpx:hr>
      </gpxtpx:TrackPointExtension>
     </extensions>
   </trkpt>
   <trkpt lat="-2.5756100" lon="-43.0879780">
    <ele>22.0</ele>
    <time>2026-06-16T17:26:35Z</time>
     <extensions>
      <gpxtpx:TrackPointExtension>
       <gpxtpx:hr>133</gpxtpx:hr>
      </gpxtpx:TrackPointExtension>
     </extensions>
   </trkpt>
   <trkpt lat="-2.5755680" lon="-43.0879900">
    <ele>22.2</ele>
    <time>2026-06-16T17:26:40Z</time>
     <extensions>
      <gpxtpx:TrackPointExtension>
       <gpxtpx:hr>133</gpxtpx:hr>
      </gpxtpx:TrackPointExtension>
     </extensions>
   </trkpt>
   <trkpt lat="-2.5755290" lon="-43.0880020">
    <ele>22.2</ele>
    <time>2026-06-16T17:26:45Z</time>
     <extensions>
      <gpxtpx:TrackPointExtension>
       <gpxtpx:hr>130</gpxtpx:hr>
      </gpxtpx:TrackPointExtension>
     </extensions>
   </trkpt>
   <trkpt lat="-2.5754880" lon="-43.0880170">
    <ele>22.2</ele>
    <time>2026-06-16T17:26:50Z</time>
     <extensions>
      <gpxtpx:TrackPointExtension>
       <gpxtpx:hr>131</gpxtpx:hr>
      </gpxtpx:TrackPointExtension>
     </extensions>
   </trkpt>
   <trkpt lat="-2.5754460" lon="-43.0880360">
    <ele>22.0</ele>
    <time>2026-06-16T17:26:55Z</time>
     <extensions>
      <gpxtpx:TrackPointExtension>
       <gpxtpx:hr>131</gpxtpx:hr>
      </gpxtpx:TrackPointExtension>
     </extensions>
   </trkpt>
   <trkpt lat="-2.5754020" lon="-43.0880540">
    <ele>21.6</ele>
    <time>2026-06-16T17:27:00Z</time>
     <extensions>
      <gpxtpx:TrackPointExtension>
       <gpxtpx:hr>136</gpxtpx:hr>
      </gpxtpx:TrackPointExtension>
     </extensions>
   </trkpt>
   <trkpt lat="-2.5753560" lon="-43.0880680">
    <ele>21.0</ele>
    <time>2026-06-16T17:27:05Z</time>
     <extensions>
      <gpxtpx:TrackPointExtension>
       <gpxtpx:hr>134</gpxtpx:hr>
      </gpxtpx:TrackPointExtension>
     </extensions>
   </trkpt>
   <trkpt lat="-2.5753130" lon="-43.0880860">
    <ele>20.2</ele>
    <time>2026-06-16T17:27:10Z</time>
     <extensions>
      <gpxtpx:TrackPointExtension>
       <gpxtpx:hr>135</gpxtpx:hr>
      </gpxtpx:TrackPointExtension>
     </extensions>
   </trkpt>
   <trkpt lat="-2.5752750" lon="-43.0881100">
    <ele>19.4</ele>
    <time>2026-06-16T17:27:15Z</time>
     <extensions>
      <gpxtpx:TrackPointExtension>
       <gpxtpx:hr>135</gpxtpx:hr>
      </gpxtpx:TrackPointExtension>
     </extensions>
   </trkpt>
   <trkpt lat="-2.5752340" lon="-43.0881310">
    <ele>18.6</ele>
    <time>2026-06-16T17:27:20Z</time>
     <extensions>
      <gpxtpx:TrackPointExtension>
       <gpxtpx:hr>135</gpxtpx:hr>
      </gpxtpx:TrackPointExtension>
     </extensions>
   </trkpt>
   <trkpt lat="-2.5751910" lon="-43.0881480">
    <ele>17.8</ele>
    <time>2026-06-16T17:27:25Z</time>
     <extensions>
      <gpxtpx:TrackPointExtension>
       <gpxtpx:hr>134</gpxtpx:hr>
      </gpxtpx:TrackPointExtension>
     </extensions>
   </trkpt>
   <trkpt lat="-2.5751480" lon="-43.0881610">
    <ele>17.2</ele>
    <time>2026-06-16T17:27:30Z</time>
     <extensions>
      <gpxtpx:TrackPointExtension>
       <gpxtpx:hr>131</gpxtpx:hr>
      </gpxtpx:TrackPointExtension>
     </extensions>
   </trkpt>
   <trkpt lat="-2.5751020" lon="-43.0881770">
    <ele>16.6</ele>
    <time>2026-06-16T17:27:35Z</time>
     <extensions>
      <gpxtpx:TrackPointExtension>
       <gpxtpx:hr>131</gpxtpx:hr>
      </gpxtpx:TrackPointExtension>
     </extensions>
   </trkpt>
   <trkpt lat="-2.5750600" lon="-43.0881960">
    <ele>16.0</ele>
    <time>2026-06-16T17:27:40Z</time>
     <extensions>
      <gpxtpx:TrackPointExtension>
       <gpxtpx:hr>129</gpxtpx:hr>
      </gpxtpx:TrackPointExtension>
     </extensions>
   </trkpt>
   <trkpt lat="-2.5750170" lon="-43.0882180">
    <ele>15.4</ele>
    <time>2026-06-16T17:27:45Z</time>
     <extensions>
      <gpxtpx:TrackPointExtension>
       <gpxtpx:hr>125</gpxtpx:hr>
      </gpxtpx:TrackPointExtension>
     </extensions>
   </trkpt>
   <trkpt lat="-2.5749680" lon="-43.0882310">
    <ele>14.8</ele>
    <time>2026-06-16T17:27:50Z</time>
     <extensions>
      <gpxtpx:TrackPointExtension>
       <gpxtpx:hr>125</gpxtpx:hr>
      </gpxtpx:TrackPointExtension>
     </extensions>
   </trkpt>
   <trkpt lat="-2.5749230" lon="-43.0882530">
    <ele>14.4</ele>
    <time>2026-06-16T17:27:55Z</time>
     <extensions>
      <gpxtpx:TrackPointExtension>
       <gpxtpx:hr>125</gpxtpx:hr>
      </gpxtpx:TrackPointExtension>
     </extensions>
   </trkpt>
   <trkpt lat="-2.5748740" lon="-43.0882760">
    <ele>14.2</ele>
    <time>2026-06-16T17:28:00Z</time>
     <extensions>
      <gpxtpx:TrackPointExtension>
       <gpxtpx:hr>125</gpxtpx:hr>
      </gpxtpx:TrackPointExtension>
     </extensions>
   </trkpt>
   <trkpt lat="-2.5748260" lon="-43.0882980">
    <ele>14.2</ele>
    <time>2026-06-16T17:28:05Z</time>
     <extensions>
      <gpxtpx:TrackPointExtension>
       <gpxtpx:hr>128</gpxtpx:hr>
      </gpxtpx:TrackPointExtension>
     </extensions>
   </trkpt>
   <trkpt lat="-2.5747770" lon="-43.0883230">
    <ele>14.2</ele>
    <time>2026-06-16T17:28:10Z</time>
     <extensions>
      <gpxtpx:TrackPointExtension>
       <gpxtpx:hr>128</gpxtpx:hr>
      </gpxtpx:TrackPointExtension>
     </extensions>
   </trkpt>
   <trkpt lat="-2.5747300" lon="-43.0883540">
    <ele>14.2</ele>
    <time>2026-06-16T17:28:15Z</time>
     <extensions>
      <gpxtpx:TrackPointExtension>
       <gpxtpx:hr>128</gpxtpx:hr>
      </gpxtpx:TrackPointExtension>
     </extensions>
   </trkpt>
   <trkpt lat="-2.5746830" lon="-43.0883840">
    <ele>14.2</ele>
    <time>2026-06-16T17:28:20Z</time>
     <extensions>
      <gpxtpx:TrackPointExtension>
       <gpxtpx:hr>126</gpxtpx:hr>
      </gpxtpx:TrackPointExtension>
     </extensions>
   </trkpt>
   <trkpt lat="-2.5746340" lon="-43.0884060">
    <ele>14.2</ele>
    <time>2026-06-16T17:28:25Z</time>
     <extensions>
      <gpxtpx:TrackPointExtension>
       <gpxtpx:hr>127</gpxtpx:hr>
      </gpxtpx:TrackPointExtension>
     </extensions>
   </trkpt>
   <trkpt lat="-2.5745900" lon="-43.0884350">
    <ele>14.0</ele>
    <time>2026-06-16T17:28:30Z</time>
     <extensions>
      <gpxtpx:TrackPointExtension>
       <gpxtpx:hr>127</gpxtpx:hr>
      </gpxtpx:TrackPointExtension>
     </extensions>
   </trkpt>
   <trkpt lat="-2.5745420" lon="-43.0884630">
    <ele>13.6</ele>
    <time>2026-06-16T17:28:35Z</time>
     <extensions>
      <gpxtpx:TrackPointExtension>
       <gpxtpx:hr>131</gpxtpx:hr>
      </gpxtpx:TrackPointExtension>
     </extensions>
   </trkpt>
   <trkpt lat="-2.5744950" lon="-43.0884910">
    <ele>13.8</ele>
    <time>2026-06-16T17:28:40Z</time>
     <extensions>
      <gpxtpx:TrackPointExtension>
       <gpxtpx:hr>131</gpxtpx:hr>
      </gpxtpx:TrackPointExtension>
     </extensions>
   </trkpt>
   <trkpt lat="-2.5744480" lon="-43.0885210">
    <ele>13.8</ele>
    <time>2026-06-16T17:28:45Z</time>
     <extensions>
      <gpxtpx:TrackPointExtension>
       <gpxtpx:hr>131</gpxtpx:hr>
      </gpxtpx:TrackPointExtension>
     </extensions>
   </trkpt>
   <trkpt lat="-2.5744010" lon="-43.0885510">
    <ele>13.8</ele>
    <time>2026-06-16T17:28:50Z</time>
     <extensions>
      <gpxtpx:TrackPointExtension>
       <gpxtpx:hr>131</gpxtpx:hr>
      </gpxtpx:TrackPointExtension>
     </extensions>
   </trkpt>
   <trkpt lat="-2.5743580" lon="-43.0885840">
    <ele>13.8</ele>
    <time>2026-06-16T17:28:55Z</time>
     <extensions>
      <gpxtpx:TrackPointExtension>
       <gpxtpx:hr>133</gpxtpx:hr>
      </gpxtpx:TrackPointExtension>
     </extensions>
   </trkpt>
   <trkpt lat="-2.5743160" lon="-43.0886180">
    <ele>13.2</ele>
    <time>2026-06-16T17:29:00Z</time>
     <extensions>
      <gpxtpx:TrackPointExtension>
       <gpxtpx:hr>133</gpxtpx:hr>
      </gpxtpx:TrackPointExtension>
     </extensions>
   </trkpt>
   <trkpt lat="-2.5742840" lon="-43.0886570">
    <ele>13.4</ele>
    <time>2026-06-16T17:29:05Z</time>
     <extensions>
      <gpxtpx:TrackPointExtension>
       <gpxtpx:hr>129</gpxtpx:hr>
      </gpxtpx:TrackPointExtension>
     </extensions>
   </trkpt>
   <trkpt lat="-2.5742680" lon="-43.0886990">
    <ele>13.8</ele>
    <time>2026-06-16T17:29:10Z</time>
     <extensions>
      <gpxtpx:TrackPointExtension>
       <gpxtpx:hr>129</gpxtpx:hr>
      </gpxtpx:TrackPointExtension>
     </extensions>
   </trkpt>
   <trkpt lat="-2.5742610" lon="-43.0887320">
    <ele>12.6</ele>
    <time>2026-06-16T17:29:15Z</time>
     <extensions>
      <gpxtpx:TrackPointExtension>
       <gpxtpx:hr>126</gpxtpx:hr>
      </gpxtpx:TrackPointExtension>
     </extensions>
   </trkpt>
   <trkpt lat="-2.5742060" lon="-43.0887540">
    <ele>14.2</ele>
    <time>2026-06-16T18:08:11Z</time>
     <extensions>
      <gpxtpx:TrackPointExtension>
       <gpxtpx:hr>126</gpxtpx:hr>
      </gpxtpx:TrackPointExtension>
     </extensions>
   </trkpt>
   <trkpt lat="-2.5742090" lon="-43.0887720">
    <ele>11.4</ele>
    <time>2026-06-16T18:08:16Z</time>
     <extensions>
      <gpxtpx:TrackPointExtension>
       <gpxtpx:hr>102</gpxtpx:hr>
      </gpxtpx:TrackPointExtension>
     </extensions>
   </trkpt>
   <trkpt lat="-2.5741940" lon="-43.0887970">
    <ele>10.6</ele>
    <time>2026-06-16T18:08:21Z</time>
     <extensions>
      <gpxtpx:TrackPointExtension>
       <gpxtpx:hr>102</gpxtpx:hr>
      </gpxtpx:TrackPointExtension>
     </extensions>
   </trkpt>
   <trkpt lat="-2.5741810" lon="-43.0888370">
    <ele>10.8</ele>
    <time>2026-06-16T18:08:26Z</time>
     <extensions>
      <gpxtpx:TrackPointExtension>
       <gpxtpx:hr>102</gpxtpx:hr>
      </gpxtpx:TrackPointExtension>
     </extensions>
   </trkpt>
   <trkpt lat="-2.5741620" lon="-43.0888660">
    <ele>11.2</ele>
    <time>2026-06-16T18:08:31Z</time>
     <extensions>
      <gpxtpx:TrackPointExtension>
       <gpxtpx:hr>104</gpxtpx:hr>
      </gpxtpx:TrackPointExtension>
     </extensions>
   </trkpt>
   <trkpt lat="-2.5741320" lon="-43.0889050">
    <ele>11.8</ele>
    <time>2026-06-16T18:08:36Z</time>
     <extensions>
      <gpxtpx:TrackPointExtension>
       <gpxtpx:hr>114</gpxtpx:hr>
      </gpxtpx:TrackPointExtension>
     </extensions>
   </trkpt>
   <trkpt lat="-2.5741020" lon="-43.0889400">
    <ele>12.8</ele>
    <time>2026-06-16T18:08:41Z</time>
     <extensions>
      <gpxtpx:TrackPointExtension>
       <gpxtpx:hr>114</gpxtpx:hr>
      </gpxtpx:TrackPointExtension>
     </extensions>
   </trkpt>
   <trkpt lat="-2.5740960" lon="-43.0889870">
    <ele>14.0</ele>
    <time>2026-06-16T18:08:46Z</time>
     <extensions>
      <gpxtpx:TrackPointExtension>
       <gpxtpx:hr>116</gpxtpx:hr>
      </gpxtpx:TrackPointExtension>
     </extensions>
   </trkpt>
   <trkpt lat="-2.5740880" lon="-43.0890210">
    <ele>14.8</ele>
    <time>2026-06-16T18:08:51Z</time>
     <extensions>
      <gpxtpx:TrackPointExtension>
       <gpxtpx:hr>117</gpxtpx:hr>
      </gpxtpx:TrackPointExtension>
     </extensions>
   </trkpt>
   <trkpt lat="-2.5740700" lon="-43.0890560">
    <ele>15.6</ele>
    <time>2026-06-16T18:08:56Z</time>
     <extensions>
      <gpxtpx:TrackPointExtension>
       <gpxtpx:hr>117</gpxtpx:hr>
      </gpxtpx:TrackPointExtension>
     </extensions>
   </trkpt>
   <trkpt lat="-2.5740560" lon="-43.0890880">
    <ele>16.0</ele>
    <time>2026-06-16T18:09:01Z</time>
     <extensions>
      <gpxtpx:TrackPointExtension>
       <gpxtpx:hr>117</gpxtpx:hr>
      </gpxtpx:TrackPointExtension>
     </extensions>
   </trkpt>
   <trkpt lat="-2.5740420" lon="-43.0891200">
    <ele>16.2</ele>
    <time>2026-06-16T18:09:06Z</time>
     <extensions>
      <gpxtpx:TrackPointExtension>
       <gpxtpx:hr>121</gpxtpx:hr>
      </gpxtpx:TrackPointExtension>
     </extensions>
   </trkpt>
   <trkpt lat="-2.5740260" lon="-43.0891490">
    <ele>16.2</ele>
    <time>2026-06-16T18:09:11Z</time>
     <extensions>
      <gpxtpx:TrackPointExtension>
       <gpxtpx:hr>121</gpxtpx:hr>
      </gpxtpx:TrackPointExtension>
     </extensions>
   </trkpt>
   <trkpt lat="-2.5740110" lon="-43.0891830">
    <ele>16.4</ele>
    <time>2026-06-16T18:09:16Z</time>
     <extensions>
      <gpxtpx:TrackPointExtension>
       <gpxtpx:hr>124</gpxtpx:hr>
      </gpxtpx:TrackPointExtension>
     </extensions>
   </trkpt>
   <trkpt lat="-2.5739920" lon="-43.0892200">
    <ele>16.4</ele>
    <time>2026-06-16T18:09:21Z</time>
     <extensions>
      <gpxtpx:TrackPointExtension>
       <gpxtpx:hr>126</gpxtpx:hr>
      </gpxtpx:TrackPointExtension>
     </extensions>
   </trkpt>
   <trkpt lat="-2.5739740" lon="-43.0892510">
    <ele>16.2</ele>
    <time>2026-06-16T18:09:26Z</time>
     <extensions>
      <gpxtpx:TrackPointExtension>
       <gpxtpx:hr>128</gpxtpx:hr>
      </gpxtpx:TrackPointExtension>
     </extensions>
   </trkpt>
   <trkpt lat="-2.5739550" lon="-43.0892850">
    <ele>16.0</ele>
    <time>2026-06-16T18:09:31Z</time>
     <extensions>
      <gpxtpx:TrackPointExtension>
       <gpxtpx:hr>132</gpxtpx:hr>
      </gpxtpx:TrackPointExtension>
     </extensions>
   </trkpt>
   <trkpt lat="-2.5739340" lon="-43.0893120">
    <ele>15.8</ele>
    <time>2026-06-16T18:09:36Z</time>
     <extensions>
      <gpxtpx:TrackPointExtension>
       <gpxtpx:hr>126</gpxtpx:hr>
      </gpxtpx:TrackPointExtension>
     </extensions>
   </trkpt>
   <trkpt lat="-2.5739180" lon="-43.0893340">
    <ele>15.8</ele>
    <time>2026-06-16T18:09:41Z</time>
     <extensions>
      <gpxtpx:TrackPointExtension>
       <gpxtpx:hr>126</gpxtpx:hr>
      </gpxtpx:TrackPointExtension>
     </extensions>
   </trkpt>
   <trkpt lat="-2.5739000" lon="-43.0893490">
    <ele>15.6</ele>
    <time>2026-06-16T18:09:46Z</time>
     <extensions>
      <gpxtpx:TrackPointExtension>
       <gpxtpx:hr>125</gpxtpx:hr>
      </gpxtpx:TrackPointExtension>
     </extensions>
   </trkpt>
   <trkpt lat="-2.5738740" lon="-43.0893780">
    <ele>15.2</ele>
    <time>2026-06-16T18:09:51Z</time>
     <extensions>
      <gpxtpx:TrackPointExtension>
       <gpxtpx:hr>124</gpxtpx:hr>
      </gpxtpx:TrackPointExtension>
     </extensions>
   </trkpt>
   <trkpt lat="-2.5738470" lon="-43.0894010">
    <ele>15.0</ele>
    <time>2026-06-16T18:09:56Z</time>
     <extensions>
      <gpxtpx:TrackPointExtension>
       <gpxtpx:hr>125</gpxtpx:hr>
      </gpxtpx:TrackPointExtension>
     </extensions>
   </trkpt>
   <trkpt lat="-2.5738230" lon="-43.0894320">
    <ele>14.8</ele>
    <time>2026-06-16T18:10:01Z</time>
     <extensions>
      <gpxtpx:TrackPointExtension>
       <gpxtpx:hr>127</gpxtpx:hr>
      </gpxtpx:TrackPointExtension>
     </extensions>
   </trkpt>
   <trkpt lat="-2.5737980" lon="-43.0894620">
    <ele>14.6</ele>
    <time>2026-06-16T18:10:06Z</time>
     <extensions>
      <gpxtpx:TrackPointExtension>
       <gpxtpx:hr>128</gpxtpx:hr>
      </gpxtpx:TrackPointExtension>
     </extensions>
   </trkpt>
   <trkpt lat="-2.5737640" lon="-43.0895020">
    <ele>14.6</ele>
    <time>2026-06-16T18:10:11Z</time>
     <extensions>
      <gpxtpx:TrackPointExtension>
       <gpxtpx:hr>128</gpxtpx:hr>
      </gpxtpx:TrackPointExtension>
     </extensions>
   </trkpt>
   <trkpt lat="-2.5737350" lon="-43.0895420">
    <ele>15.0</ele>
    <time>2026-06-16T18:10:16Z</time>
     <extensions>
      <gpxtpx:TrackPointExtension>
       <gpxtpx:hr>121</gpxtpx:hr>
      </gpxtpx:TrackPointExtension>
     </extensions>
   </trkpt>
   <trkpt lat="-2.5737060" lon="-43.0895810">
    <ele>15.4</ele>
    <time>2026-06-16T18:10:21Z</time>
     <extensions>
      <gpxtpx:TrackPointExtension>
       <gpxtpx:hr>123</gpxtpx:hr>
      </gpxtpx:TrackPointExtension>
     </extensions>
   </trkpt>
   <trkpt lat="-2.5736840" lon="-43.0896180">
    <ele>15.8</ele>
    <time>2026-06-16T18:10:26Z</time>
     <extensions>
      <gpxtpx:TrackPointExtension>
       <gpxtpx:hr>120</gpxtpx:hr>
      </gpxtpx:TrackPointExtension>
     </extensions>
   </trkpt>
   <trkpt lat="-2.5736490" lon="-43.0896600">
    <ele>16.0</ele>
    <time>2026-06-16T18:10:31Z</time>
     <extensions>
      <gpxtpx:TrackPointExtension>
       <gpxtpx:hr>120</gpxtpx:hr>
      </gpxtpx:TrackPointExtension>
     </extensions>
   </trkpt>
   <trkpt lat="-2.5736260" lon="-43.0896960">
    <ele>16.2</ele>
    <time>2026-06-16T18:10:36Z</time>
     <extensions>
      <gpxtpx:TrackPointExtension>
       <gpxtpx:hr>120</gpxtpx:hr>
      </gpxtpx:TrackPointExtension>
     </extensions>
   </trkpt>
   <trkpt lat="-2.5736160" lon="-43.0897400">
    <ele>16.4</ele>
    <time>2026-06-16T18:10:41Z</time>
     <extensions>
      <gpxtpx:TrackPointExtension>
       <gpxtpx:hr>121</gpxtpx:hr>
      </gpxtpx:TrackPointExtension>
     </extensions>
   </trkpt>
   <trkpt lat="-2.5736070" lon="-43.0897850">
    <ele>16.6</ele>
    <time>2026-06-16T18:10:46Z</time>
     <extensions>
      <gpxtpx:TrackPointExtension>
       <gpxtpx:hr>126</gpxtpx:hr>
      </gpxtpx:TrackPointExtension>
     </extensions>
   </trkpt>
   <trkpt lat="-2.5735970" lon="-43.0898190">
    <ele>16.6</ele>
    <time>2026-06-16T18:10:51Z</time>
     <extensions>
      <gpxtpx:TrackPointExtension>
       <gpxtpx:hr>126</gpxtpx:hr>
      </gpxtpx:TrackPointExtension>
     </extensions>
   </trkpt>
   <trkpt lat="-2.5736000" lon="-43.0898590">
    <ele>16.6</ele>
    <time>2026-06-16T18:10:56Z</time>
     <extensions>
      <gpxtpx:TrackPointExtension>
       <gpxtpx:hr>126</gpxtpx:hr>
      </gpxtpx:TrackPointExtension>
     </extensions>
   </trkpt>
   <trkpt lat="-2.5736110" lon="-43.0898980">
    <ele>16.8</ele>
    <time>2026-06-16T18:11:01Z</time>
     <extensions>
      <gpxtpx:TrackPointExtension>
       <gpxtpx:hr>126</gpxtpx:hr>
      </gpxtpx:TrackPointExtension>
     </extensions>
   </trkpt>
   <trkpt lat="-2.5736180" lon="-43.0899320">
    <ele>16.8</ele>
    <time>2026-06-16T18:11:06Z</time>
     <extensions>
      <gpxtpx:TrackPointExtension>
       <gpxtpx:hr>123</gpxtpx:hr>
      </gpxtpx:TrackPointExtension>
     </extensions>
   </trkpt>
   <trkpt lat="-2.5736200" lon="-43.0899730">
    <ele>16.8</ele>
    <time>2026-06-16T18:11:11Z</time>
     <extensions>
      <gpxtpx:TrackPointExtension>
       <gpxtpx:hr>119</gpxtpx:hr>
      </gpxtpx:TrackPointExtension>
     </extensions>
   </trkpt>
   <trkpt lat="-2.5736280" lon="-43.0900220">
    <ele>17.0</ele>
    <time>2026-06-16T18:11:16Z</time>
     <extensions>
      <gpxtpx:TrackPointExtension>
       <gpxtpx:hr>125</gpxtpx:hr>
      </gpxtpx:TrackPointExtension>
     </extensions>
   </trkpt>
   <trkpt lat="-2.5736370" lon="-43.0900600">
    <ele>17.0</ele>
    <time>2026-06-16T18:11:21Z</time>
     <extensions>
      <gpxtpx:TrackPointExtension>
       <gpxtpx:hr>123</gpxtpx:hr>
      </gpxtpx:TrackPointExtension>
     </extensions>
   </trkpt>
   <trkpt lat="-2.5736500" lon="-43.0900990">
    <ele>17.2</ele>
    <time>2026-06-16T18:11:26Z</time>
     <extensions>
      <gpxtpx:TrackPointExtension>
       <gpxtpx:hr>123</gpxtpx:hr>
      </gpxtpx:TrackPointExtension>
     </extensions>
   </trkpt>
   <trkpt lat="-2.5736650" lon="-43.0901270">
    <ele>17.2</ele>
    <time>2026-06-16T18:11:31Z</time>
     <extensions>
      <gpxtpx:TrackPointExtension>
       <gpxtpx:hr>129</gpxtpx:hr>
      </gpxtpx:TrackPointExtension>
     </extensions>
   </trkpt>
   <trkpt lat="-2.5736730" lon="-43.0901590">
    <ele>17.2</ele>
    <time>2026-06-16T18:11:36Z</time>
     <extensions>
      <gpxtpx:TrackPointExtension>
       <gpxtpx:hr>132</gpxtpx:hr>
      </gpxtpx:TrackPointExtension>
     </extensions>
   </trkpt>
   <trkpt lat="-2.5736750" lon="-43.0901910">
    <ele>17.2</ele>
    <time>2026-06-16T18:11:41Z</time>
     <extensions>
      <gpxtpx:TrackPointExtension>
       <gpxtpx:hr>135</gpxtpx:hr>
      </gpxtpx:TrackPointExtension>
     </extensions>
   </trkpt>
   <trkpt lat="-2.5736830" lon="-43.0902260">
    <ele>17.2</ele>
    <time>2026-06-16T18:11:46Z</time>
     <extensions>
      <gpxtpx:TrackPointExtension>
       <gpxtpx:hr>132</gpxtpx:hr>
      </gpxtpx:TrackPointExtension>
     </extensions>
   </trkpt>
   <trkpt lat="-2.5736900" lon="-43.0902650">
    <ele>17.2</ele>
    <time>2026-06-16T18:11:51Z</time>
     <extensions>
      <gpxtpx:TrackPointExtension>
       <gpxtpx:hr>132</gpxtpx:hr>
      </gpxtpx:TrackPointExtension>
     </extensions>
   </trkpt>
   <trkpt lat="-2.5736980" lon="-43.0903050">
    <ele>17.2</ele>
    <time>2026-06-16T18:11:56Z</time>
     <extensions>
      <gpxtpx:TrackPointExtension>
       <gpxtpx:hr>129</gpxtpx:hr>
      </gpxtpx:TrackPointExtension>
     </extensions>
   </trkpt>
   <trkpt lat="-2.5737090" lon="-43.0903320">
    <ele>17.0</ele>
    <time>2026-06-16T18:12:01Z</time>
     <extensions>
      <gpxtpx:TrackPointExtension>
       <gpxtpx:hr>127</gpxtpx:hr>
      </gpxtpx:TrackPointExtension>
     </extensions>
   </trkpt>
   <trkpt lat="-2.5737150" lon="-43.0903540">
    <ele>16.8</ele>
    <time>2026-06-16T18:12:06Z</time>
     <extensions>
      <gpxtpx:TrackPointExtension>
       <gpxtpx:hr>126</gpxtpx:hr>
      </gpxtpx:TrackPointExtension>
     </extensions>
   </trkpt>
   <trkpt lat="-2.5737210" lon="-43.0903820">
    <ele>16.4</ele>
    <time>2026-06-16T18:12:11Z</time>
     <extensions>
      <gpxtpx:TrackPointExtension>
       <gpxtpx:hr>126</gpxtpx:hr>
      </gpxtpx:TrackPointExtension>
     </extensions>
   </trkpt>
   <trkpt lat="-2.5737240" lon="-43.0904190">
    <ele>16.2</ele>
    <time>2026-06-16T18:12:16Z</time>
     <extensions>
      <gpxtpx:TrackPointExtension>
       <gpxtpx:hr>128</gpxtpx:hr>
      </gpxtpx:TrackPointExtension>
     </extensions>
   </trkpt>
   <trkpt lat="-2.5737280" lon="-43.0904590">
    <ele>15.8</ele>
    <time>2026-06-16T18:12:21Z</time>
     <extensions>
      <gpxtpx:TrackPointExtension>
       <gpxtpx:hr>129</gpxtpx:hr>
      </gpxtpx:TrackPointExtension>
     </extensions>
   </trkpt>
   <trkpt lat="-2.5737260" lon="-43.0905040">
    <ele>15.8</ele>
    <time>2026-06-16T18:12:26Z</time>
     <extensions>
      <gpxtpx:TrackPointExtension>
       <gpxtpx:hr>129</gpxtpx:hr>
      </gpxtpx:TrackPointExtension>
     </extensions>
   </trkpt>
   <trkpt lat="-2.5737180" lon="-43.0905500">
    <ele>15.8</ele>
    <time>2026-06-16T18:12:31Z</time>
     <extensions>
      <gpxtpx:TrackPointExtension>
       <gpxtpx:hr>131</gpxtpx:hr>
      </gpxtpx:TrackPointExtension>
     </extensions>
   </trkpt>
   <trkpt lat="-2.5737130" lon="-43.0905940">
    <ele>16.2</ele>
    <time>2026-06-16T18:12:36Z</time>
     <extensions>
      <gpxtpx:TrackPointExtension>
       <gpxtpx:hr>132</gpxtpx:hr>
      </gpxtpx:TrackPointExtension>
     </extensions>
   </trkpt>
   <trkpt lat="-2.5737090" lon="-43.0906370">
    <ele>16.4</ele>
    <time>2026-06-16T18:12:41Z</time>
     <extensions>
      <gpxtpx:TrackPointExtension>
       <gpxtpx:hr>133</gpxtpx:hr>
      </gpxtpx:TrackPointExtension>
     </extensions>
   </trkpt>
   <trkpt lat="-2.5737140" lon="-43.0906890">
    <ele>16.8</ele>
    <time>2026-06-16T18:12:46Z</time>
     <extensions>
      <gpxtpx:TrackPointExtension>
       <gpxtpx:hr>136</gpxtpx:hr>
      </gpxtpx:TrackPointExtension>
     </extensions>
   </trkpt>
   <trkpt lat="-2.5737240" lon="-43.0907370">
    <ele>17.4</ele>
    <time>2026-06-16T18:12:51Z</time>
     <extensions>
      <gpxtpx:TrackPointExtension>
       <gpxtpx:hr>136</gpxtpx:hr>
      </gpxtpx:TrackPointExtension>
     </extensions>
   </trkpt>
   <trkpt lat="-2.5737390" lon="-43.0907830">
    <ele>17.8</ele>
    <time>2026-06-16T18:12:56Z</time>
     <extensions>
      <gpxtpx:TrackPointExtension>
       <gpxtpx:hr>134</gpxtpx:hr>
      </gpxtpx:TrackPointExtension>
     </extensions>
   </trkpt>
   <trkpt lat="-2.5737540" lon="-43.0908310">
    <ele>18.0</ele>
    <time>2026-06-16T18:13:01Z</time>
     <extensions>
      <gpxtpx:TrackPointExtension>
       <gpxtpx:hr>140</gpxtpx:hr>
      </gpxtpx:TrackPointExtension>
     </extensions>
   </trkpt>
   <trkpt lat="-2.5737600" lon="-43.0908780">
    <ele>18.2</ele>
    <time>2026-06-16T18:13:06Z</time>
     <extensions>
      <gpxtpx:TrackPointExtension>
       <gpxtpx:hr>140</gpxtpx:hr>
      </gpxtpx:TrackPointExtension>
     </extensions>
   </trkpt>
   <trkpt lat="-2.5737670" lon="-43.0909260">
    <ele>18.4</ele>
    <time>2026-06-16T18:13:11Z</time>
     <extensions>
      <gpxtpx:TrackPointExtension>
       <gpxtpx:hr>135</gpxtpx:hr>
      </gpxtpx:TrackPointExtension>
     </extensions>
   </trkpt>
   <trkpt lat="-2.5737750" lon="-43.0909680">
    <ele>18.6</ele>
    <time>2026-06-16T18:13:16Z</time>
     <extensions>
      <gpxtpx:TrackPointExtension>
       <gpxtpx:hr>139</gpxtpx:hr>
      </gpxtpx:TrackPointExtension>
     </extensions>
   </trkpt>
   <trkpt lat="-2.5737770" lon="-43.0910090">
    <ele>18.6</ele>
    <time>2026-06-16T18:13:21Z</time>
     <extensions>
      <gpxtpx:TrackPointExtension>
       <gpxtpx:hr>136</gpxtpx:hr>
      </gpxtpx:TrackPointExtension>
     </extensions>
   </trkpt>
   <trkpt lat="-2.5737810" lon="-43.0910540">
    <ele>18.6</ele>
    <time>2026-06-16T18:13:26Z</time>
     <extensions>
      <gpxtpx:TrackPointExtension>
       <gpxtpx:hr>135</gpxtpx:hr>
      </gpxtpx:TrackPointExtension>
     </extensions>
   </trkpt>
   <trkpt lat="-2.5737860" lon="-43.0911010">
    <ele>18.4</ele>
    <time>2026-06-16T18:13:31Z</time>
     <extensions>
      <gpxtpx:TrackPointExtension>
       <gpxtpx:hr>128</gpxtpx:hr>
      </gpxtpx:TrackPointExtension>
     </extensions>
   </trkpt>
   <trkpt lat="-2.5737900" lon="-43.0911480">
    <ele>18.2</ele>
    <time>2026-06-16T18:13:36Z</time>
     <extensions>
      <gpxtpx:TrackPointExtension>
       <gpxtpx:hr>131</gpxtpx:hr>
      </gpxtpx:TrackPointExtension>
     </extensions>
   </trkpt>
   <trkpt lat="-2.5737900" lon="-43.0911990">
    <ele>17.8</ele>
    <time>2026-06-16T18:13:41Z</time>
     <extensions>
      <gpxtpx:TrackPointExtension>
       <gpxtpx:hr>125</gpxtpx:hr>
      </gpxtpx:TrackPointExtension>
     </extensions>
   </trkpt>
   <trkpt lat="-2.5737960" lon="-43.0912460">
    <ele>17.6</ele>
    <time>2026-06-16T18:13:46Z</time>
     <extensions>
      <gpxtpx:TrackPointExtension>
       <gpxtpx:hr>122</gpxtpx:hr>
      </gpxtpx:TrackPointExtension>
     </extensions>
   </trkpt>
   <trkpt lat="-2.5737990" lon="-43.0912830">
    <ele>17.4</ele>
    <time>2026-06-16T18:13:51Z</time>
     <extensions>
      <gpxtpx:TrackPointExtension>
       <gpxtpx:hr>123</gpxtpx:hr>
      </gpxtpx:TrackPointExtension>
     </extensions>
   </trkpt>
   <trkpt lat="-2.5738050" lon="-43.0913190">
    <ele>17.2</ele>
    <time>2026-06-16T18:13:56Z</time>
     <extensions>
      <gpxtpx:TrackPointExtension>
       <gpxtpx:hr>123</gpxtpx:hr>
      </gpxtpx:TrackPointExtension>
     </extensions>
   </trkpt>
   <trkpt lat="-2.5738140" lon="-43.0913500">
    <ele>17.0</ele>
    <time>2026-06-16T18:14:01Z</time>
     <extensions>
      <gpxtpx:TrackPointExtension>
       <gpxtpx:hr>118</gpxtpx:hr>
      </gpxtpx:TrackPointExtension>
     </extensions>
   </trkpt>
   <trkpt lat="-2.5738260" lon="-43.0913720">
    <ele>16.8</ele>
    <time>2026-06-16T18:14:06Z</time>
     <extensions>
      <gpxtpx:TrackPointExtension>
       <gpxtpx:hr>117</gpxtpx:hr>
      </gpxtpx:TrackPointExtension>
     </extensions>
   </trkpt>
   <trkpt lat="-2.5738420" lon="-43.0913920">
    <ele>16.6</ele>
    <time>2026-06-16T18:14:11Z</time>
     <extensions>
      <gpxtpx:TrackPointExtension>
       <gpxtpx:hr>117</gpxtpx:hr>
      </gpxtpx:TrackPointExtension>
     </extensions>
   </trkpt>
   <trkpt lat="-2.5738520" lon="-43.0913920">
    <ele>16.2</ele>
    <time>2026-06-16T18:14:16Z</time>
     <extensions>
      <gpxtpx:TrackPointExtension>
       <gpxtpx:hr>114</gpxtpx:hr>
      </gpxtpx:TrackPointExtension>
     </extensions>
   </trkpt>
   <trkpt lat="-2.5738610" lon="-43.0913950">
    <ele>15.8</ele>
    <time>2026-06-16T18:14:21Z</time>
     <extensions>
      <gpxtpx:TrackPointExtension>
       <gpxtpx:hr>112</gpxtpx:hr>
      </gpxtpx:TrackPointExtension>
     </extensions>
   </trkpt>
   <trkpt lat="-2.5738870" lon="-43.0914020">
    <ele>15.8</ele>
    <time>2026-06-16T18:14:26Z</time>
     <extensions>
      <gpxtpx:TrackPointExtension>
       <gpxtpx:hr>114</gpxtpx:hr>
      </gpxtpx:TrackPointExtension>
     </extensions>
   </trkpt>
   <trkpt lat="-2.5739020" lon="-43.0914130">
    <ele>15.8</ele>
    <time>2026-06-16T18:14:31Z</time>
     <extensions>
      <gpxtpx:TrackPointExtension>
       <gpxtpx:hr>114</gpxtpx:hr>
      </gpxtpx:TrackPointExtension>
     </extensions>
   </trkpt>
   <trkpt lat="-2.5739110" lon="-43.0914320">
    <ele>16.0</ele>
    <time>2026-06-16T18:14:36Z</time>
     <extensions>
      <gpxtpx:TrackPointExtension>
       <gpxtpx:hr>112</gpxtpx:hr>
      </gpxtpx:TrackPointExtension>
     </extensions>
   </trkpt>
   <trkpt lat="-2.5739180" lon="-43.0914500">
    <ele>16.2</ele>
    <time>2026-06-16T18:14:41Z</time>
     <extensions>
      <gpxtpx:TrackPointExtension>
       <gpxtpx:hr>110</gpxtpx:hr>
      </gpxtpx:TrackPointExtension>
     </extensions>
   </trkpt>
   <trkpt lat="-2.5739120" lon="-43.0914580">
    <ele>16.4</ele>
    <time>2026-06-16T18:14:46Z</time>
     <extensions>
      <gpxtpx:TrackPointExtension>
       <gpxtpx:hr>110</gpxtpx:hr>
      </gpxtpx:TrackPointExtension>
     </extensions>
   </trkpt>
   <trkpt lat="-2.5739090" lon="-43.0914590">
    <ele>16.6</ele>
    <time>2026-06-16T18:14:51Z</time>
     <extensions>
      <gpxtpx:TrackPointExtension>
       <gpxtpx:hr>103</gpxtpx:hr>
      </gpxtpx:TrackPointExtension>
     </extensions>
   </trkpt>
   <trkpt lat="-2.5739070" lon="-43.0914600">
    <ele>16.8</ele>
    <time>2026-06-16T18:14:56Z</time>
     <extensions>
      <gpxtpx:TrackPointExtension>
       <gpxtpx:hr>108</gpxtpx:hr>
      </gpxtpx:TrackPointExtension>
     </extensions>
   </trkpt>
   <trkpt lat="-2.5739050" lon="-43.0914600">
    <ele>16.8</ele>
    <time>2026-06-16T18:15:01Z</time>
     <extensions>
      <gpxtpx:TrackPointExtension>
       <gpxtpx:hr>105</gpxtpx:hr>
      </gpxtpx:TrackPointExtension>
     </extensions>
   </trkpt>
   <trkpt lat="-2.5739060" lon="-43.0914650">
    <ele>17.0</ele>
    <time>2026-06-16T18:15:06Z</time>
     <extensions>
      <gpxtpx:TrackPointExtension>
       <gpxtpx:hr>107</gpxtpx:hr>
      </gpxtpx:TrackPointExtension>
     </extensions>
   </trkpt>
   <trkpt lat="-2.5738930" lon="-43.0914700">
    <ele>17.0</ele>
    <time>2026-06-16T18:15:11Z</time>
     <extensions>
      <gpxtpx:TrackPointExtension>
       <gpxtpx:hr>103</gpxtpx:hr>
      </gpxtpx:TrackPointExtension>
     </extensions>
   </trkpt>
   <trkpt lat="-2.5738880" lon="-43.0914720">
    <ele>17.0</ele>
    <time>2026-06-16T18:15:16Z</time>
     <extensions>
      <gpxtpx:TrackPointExtension>
       <gpxtpx:hr>103</gpxtpx:hr>
      </gpxtpx:TrackPointExtension>
     </extensions>
   </trkpt>
   <trkpt lat="-2.5738600" lon="-43.0914570">
    <ele>16.8</ele>
    <time>2026-06-16T18:15:21Z</time>
     <extensions>
      <gpxtpx:TrackPointExtension>
       <gpxtpx:hr>103</gpxtpx:hr>
      </gpxtpx:TrackPointExtension>
     </extensions>
   </trkpt>
   <trkpt lat="-2.5738450" lon="-43.0914330">
    <ele>16.4</ele>
    <time>2026-06-16T18:15:26Z</time>
     <extensions>
      <gpxtpx:TrackPointExtension>
       <gpxtpx:hr>103</gpxtpx:hr>
      </gpxtpx:TrackPointExtension>
     </extensions>
   </trkpt>
   <trkpt lat="-2.5738570" lon="-43.0914300">
    <ele>16.2</ele>
    <time>2026-06-16T18:15:31Z</time>
     <extensions>
      <gpxtpx:TrackPointExtension>
       <gpxtpx:hr>113</gpxtpx:hr>
      </gpxtpx:TrackPointExtension>
     </extensions>
   </trkpt>
   <trkpt lat="-2.5738950" lon="-43.0914390">
    <ele>15.8</ele>
    <time>2026-06-16T18:15:36Z</time>
     <extensions>
      <gpxtpx:TrackPointExtension>
       <gpxtpx:hr>116</gpxtpx:hr>
      </gpxtpx:TrackPointExtension>
     </extensions>
   </trkpt>
   <trkpt lat="-2.5739420" lon="-43.0914430">
    <ele>15.6</ele>
    <time>2026-06-16T18:15:41Z</time>
     <extensions>
      <gpxtpx:TrackPointExtension>
       <gpxtpx:hr>116</gpxtpx:hr>
      </gpxtpx:TrackPointExtension>
     </extensions>
   </trkpt>
   <trkpt lat="-2.5739880" lon="-43.0914210">
    <ele>15.6</ele>
    <time>2026-06-16T18:15:46Z</time>
     <extensions>
      <gpxtpx:TrackPointExtension>
       <gpxtpx:hr>113</gpxtpx:hr>
      </gpxtpx:TrackPointExtension>
     </extensions>
   </trkpt>
   <trkpt lat="-2.5740280" lon="-43.0913940">
    <ele>15.6</ele>
    <time>2026-06-16T18:15:51Z</time>
     <extensions>
      <gpxtpx:TrackPointExtension>
       <gpxtpx:hr>121</gpxtpx:hr>
      </gpxtpx:TrackPointExtension>
     </extensions>
   </trkpt>
   <trkpt lat="-2.5740670" lon="-43.0913670">
    <ele>15.8</ele>
    <time>2026-06-16T18:15:56Z</time>
     <extensions>
      <gpxtpx:TrackPointExtension>
       <gpxtpx:hr>126</gpxtpx:hr>
      </gpxtpx:TrackPointExtension>
     </extensions>
   </trkpt>
   <trkpt lat="-2.5741010" lon="-43.0913310">
    <ele>15.8</ele>
    <time>2026-06-16T18:16:01Z</time>
     <extensions>
      <gpxtpx:TrackPointExtension>
       <gpxtpx:hr>126</gpxtpx:hr>
      </gpxtpx:TrackPointExtension>
     </extensions>
   </trkpt>
   <trkpt lat="-2.5741300" lon="-43.0912950">
    <ele>15.8</ele>
    <time>2026-06-16T18:16:06Z</time>
     <extensions>
      <gpxtpx:TrackPointExtension>
       <gpxtpx:hr>138</gpxtpx:hr>
      </gpxtpx:TrackPointExtension>
     </extensions>
   </trkpt>
   <trkpt lat="-2.5741660" lon="-43.0912660">
    <ele>15.8</ele>
    <time>2026-06-16T18:16:11Z</time>
     <extensions>
      <gpxtpx:TrackPointExtension>
       <gpxtpx:hr>139</gpxtpx:hr>
      </gpxtpx:TrackPointExtension>
     </extensions>
   </trkpt>
   <trkpt lat="-2.5741970" lon="-43.0912360">
    <ele>15.8</ele>
    <time>2026-06-16T18:16:16Z</time>
     <extensions>
      <gpxtpx:TrackPointExtension>
       <gpxtpx:hr>142</gpxtpx:hr>
      </gpxtpx:TrackPointExtension>
     </extensions>
   </trkpt>
   <trkpt lat="-2.5742260" lon="-43.0912140">
    <ele>16.0</ele>
    <time>2026-06-16T18:16:21Z</time>
     <extensions>
      <gpxtpx:TrackPointExtension>
       <gpxtpx:hr>142</gpxtpx:hr>
      </gpxtpx:TrackPointExtension>
     </extensions>
   </trkpt>
   <trkpt lat="-2.5742530" lon="-43.0911870">
    <ele>16.0</ele>
    <time>2026-06-16T18:16:26Z</time>
     <extensions>
      <gpxtpx:TrackPointExtension>
       <gpxtpx:hr>147</gpxtpx:hr>
      </gpxtpx:TrackPointExtension>
     </extensions>
   </trkpt>
   <trkpt lat="-2.5742860" lon="-43.0911500">
    <ele>16.4</ele>
    <time>2026-06-16T18:16:31Z</time>
     <extensions>
      <gpxtpx:TrackPointExtension>
       <gpxtpx:hr>147</gpxtpx:hr>
      </gpxtpx:TrackPointExtension>
     </extensions>
   </trkpt>
   <trkpt lat="-2.5743270" lon="-43.0911190">
    <ele>16.8</ele>
    <time>2026-06-16T18:16:36Z</time>
     <extensions>
      <gpxtpx:TrackPointExtension>
       <gpxtpx:hr>148</gpxtpx:hr>
      </gpxtpx:TrackPointExtension>
     </extensions>
   </trkpt>
   <trkpt lat="-2.5743710" lon="-43.0911010">
    <ele>17.2</ele>
    <time>2026-06-16T18:16:41Z</time>
     <extensions>
      <gpxtpx:TrackPointExtension>
       <gpxtpx:hr>148</gpxtpx:hr>
      </gpxtpx:TrackPointExtension>
     </extensions>
   </trkpt>
   <trkpt lat="-2.5744300" lon="-43.0910860">
    <ele>17.6</ele>
    <time>2026-06-16T18:16:46Z</time>
     <extensions>
      <gpxtpx:TrackPointExtension>
       <gpxtpx:hr>146</gpxtpx:hr>
      </gpxtpx:TrackPointExtension>
     </extensions>
   </trkpt>
   <trkpt lat="-2.5744740" lon="-43.0910670">
    <ele>17.8</ele>
    <time>2026-06-16T18:16:51Z</time>
     <extensions>
      <gpxtpx:TrackPointExtension>
       <gpxtpx:hr>145</gpxtpx:hr>
      </gpxtpx:TrackPointExtension>
     </extensions>
   </trkpt>
   <trkpt lat="-2.5745170" lon="-43.0910540">
    <ele>18.2</ele>
    <time>2026-06-16T18:16:57Z</time>
     <extensions>
      <gpxtpx:TrackPointExtension>
       <gpxtpx:hr>134</gpxtpx:hr>
      </gpxtpx:TrackPointExtension>
     </extensions>
   </trkpt>
   <trkpt lat="-2.5745550" lon="-43.0910420">
    <ele>18.4</ele>
    <time>2026-06-16T18:17:02Z</time>
     <extensions>
      <gpxtpx:TrackPointExtension>
       <gpxtpx:hr>132</gpxtpx:hr>
      </gpxtpx:TrackPointExtension>
     </extensions>
   </trkpt>
   <trkpt lat="-2.5745930" lon="-43.0910290">
    <ele>18.4</ele>
    <time>2026-06-16T18:17:07Z</time>
     <extensions>
      <gpxtpx:TrackPointExtension>
       <gpxtpx:hr>128</gpxtpx:hr>
      </gpxtpx:TrackPointExtension>
     </extensions>
   </trkpt>
   <trkpt lat="-2.5746370" lon="-43.0910190">
    <ele>18.2</ele>
    <time>2026-06-16T18:17:12Z</time>
     <extensions>
      <gpxtpx:TrackPointExtension>
       <gpxtpx:hr>127</gpxtpx:hr>
      </gpxtpx:TrackPointExtension>
     </extensions>
   </trkpt>
   <trkpt lat="-2.5746850" lon="-43.0910070">
    <ele>18.2</ele>
    <time>2026-06-16T18:17:17Z</time>
     <extensions>
      <gpxtpx:TrackPointExtension>
       <gpxtpx:hr>123</gpxtpx:hr>
      </gpxtpx:TrackPointExtension>
     </extensions>
   </trkpt>
   <trkpt lat="-2.5747330" lon="-43.0909980">
    <ele>18.0</ele>
    <time>2026-06-16T18:17:22Z</time>
     <extensions>
      <gpxtpx:TrackPointExtension>
       <gpxtpx:hr>115</gpxtpx:hr>
      </gpxtpx:TrackPointExtension>
     </extensions>
   </trkpt>
   <trkpt lat="-2.5747770" lon="-43.0909910">
    <ele>17.8</ele>
    <time>2026-06-16T18:17:27Z</time>
     <extensions>
      <gpxtpx:TrackPointExtension>
       <gpxtpx:hr>115</gpxtpx:hr>
      </gpxtpx:TrackPointExtension>
     </extensions>
   </trkpt>
   <trkpt lat="-2.5748260" lon="-43.0909830">
    <ele>17.6</ele>
    <time>2026-06-16T18:17:32Z</time>
     <extensions>
      <gpxtpx:TrackPointExtension>
       <gpxtpx:hr>115</gpxtpx:hr>
      </gpxtpx:TrackPointExtension>
     </extensions>
   </trkpt>
   <trkpt lat="-2.5748840" lon="-43.0909730">
    <ele>17.6</ele>
    <time>2026-06-16T18:17:37Z</time>
     <extensions>
      <gpxtpx:TrackPointExtension>
       <gpxtpx:hr>114</gpxtpx:hr>
      </gpxtpx:TrackPointExtension>
     </extensions>
   </trkpt>
   <trkpt lat="-2.5749350" lon="-43.0909730">
    <ele>17.4</ele>
    <time>2026-06-16T18:17:42Z</time>
     <extensions>
      <gpxtpx:TrackPointExtension>
       <gpxtpx:hr>114</gpxtpx:hr>
      </gpxtpx:TrackPointExtension>
     </extensions>
   </trkpt>
   <trkpt lat="-2.5749830" lon="-43.0909870">
    <ele>17.0</ele>
    <time>2026-06-16T18:17:47Z</time>
     <extensions>
      <gpxtpx:TrackPointExtension>
       <gpxtpx:hr>114</gpxtpx:hr>
      </gpxtpx:TrackPointExtension>
     </extensions>
   </trkpt>
   <trkpt lat="-2.5750360" lon="-43.0910090">
    <ele>16.8</ele>
    <time>2026-06-16T18:17:52Z</time>
     <extensions>
      <gpxtpx:TrackPointExtension>
       <gpxtpx:hr>111</gpxtpx:hr>
      </gpxtpx:TrackPointExtension>
     </extensions>
   </trkpt>
   <trkpt lat="-2.5750740" lon="-43.0910350">
    <ele>16.8</ele>
    <time>2026-06-16T18:17:57Z</time>
     <extensions>
      <gpxtpx:TrackPointExtension>
       <gpxtpx:hr>111</gpxtpx:hr>
      </gpxtpx:TrackPointExtension>
     </extensions>
   </trkpt>
   <trkpt lat="-2.5751030" lon="-43.0910840">
    <ele>16.6</ele>
    <time>2026-06-16T18:18:02Z</time>
     <extensions>
      <gpxtpx:TrackPointExtension>
       <gpxtpx:hr>111</gpxtpx:hr>
      </gpxtpx:TrackPointExtension>
     </extensions>
   </trkpt>
   <trkpt lat="-2.5751060" lon="-43.0911370">
    <ele>16.4</ele>
    <time>2026-06-16T18:18:07Z</time>
     <extensions>
      <gpxtpx:TrackPointExtension>
       <gpxtpx:hr>111</gpxtpx:hr>
      </gpxtpx:TrackPointExtension>
     </extensions>
   </trkpt>
   <trkpt lat="-2.5751050" lon="-43.0911500">
    <ele>16.4</ele>
    <time>2026-06-16T18:18:12Z</time>
     <extensions>
      <gpxtpx:TrackPointExtension>
       <gpxtpx:hr>112</gpxtpx:hr>
      </gpxtpx:TrackPointExtension>
     </extensions>
   </trkpt>
   <trkpt lat="-2.5751070" lon="-43.0911520">
    <ele>16.0</ele>
    <time>2026-06-16T18:18:17Z</time>
     <extensions>
      <gpxtpx:TrackPointExtension>
       <gpxtpx:hr>113</gpxtpx:hr>
      </gpxtpx:TrackPointExtension>
     </extensions>
   </trkpt>
   <trkpt lat="-2.5751070" lon="-43.0911540">
    <ele>14.8</ele>
    <time>2026-06-16T18:18:22Z</time>
     <extensions>
      <gpxtpx:TrackPointExtension>
       <gpxtpx:hr>121</gpxtpx:hr>
      </gpxtpx:TrackPointExtension>
     </extensions>
   </trkpt>
   <trkpt lat="-2.5751070" lon="-43.0911540">
    <ele>13.8</ele>
    <time>2026-06-16T18:18:27Z</time>
     <extensions>
      <gpxtpx:TrackPointExtension>
       <gpxtpx:hr>110</gpxtpx:hr>
      </gpxtpx:TrackPointExtension>
     </extensions>
   </trkpt>
   <trkpt lat="-2.5751110" lon="-43.0911560">
    <ele>13.2</ele>
    <time>2026-06-16T18:18:32Z</time>
     <extensions>
      <gpxtpx:TrackPointExtension>
       <gpxtpx:hr>113</gpxtpx:hr>
      </gpxtpx:TrackPointExtension>
     </extensions>
   </trkpt>
   <trkpt lat="-2.5751270" lon="-43.0911470">
    <ele>12.8</ele>
    <time>2026-06-16T18:18:37Z</time>
     <extensions>
      <gpxtpx:TrackPointExtension>
       <gpxtpx:hr>113</gpxtpx:hr>
      </gpxtpx:TrackPointExtension>
     </extensions>
   </trkpt>
   <trkpt lat="-2.5751270" lon="-43.0911490">
    <ele>13.0</ele>
    <time>2026-06-16T18:18:42Z</time>
     <extensions>
      <gpxtpx:TrackPointExtension>
       <gpxtpx:hr>115</gpxtpx:hr>
      </gpxtpx:TrackPointExtension>
     </extensions>
   </trkpt>
   <trkpt lat="-2.5751230" lon="-43.0911500">
    <ele>13.0</ele>
    <time>2026-06-16T18:18:47Z</time>
     <extensions>
      <gpxtpx:TrackPointExtension>
       <gpxtpx:hr>115</gpxtpx:hr>
      </gpxtpx:TrackPointExtension>
     </extensions>
   </trkpt>
   <trkpt lat="-2.5751190" lon="-43.0911480">
    <ele>13.4</ele>
    <time>2026-06-16T18:18:52Z</time>
     <extensions>
      <gpxtpx:TrackPointExtension>
       <gpxtpx:hr>121</gpxtpx:hr>
      </gpxtpx:TrackPointExtension>
     </extensions>
   </trkpt>
   <trkpt lat="-2.5751200" lon="-43.0911430">
    <ele>13.8</ele>
    <time>2026-06-16T18:18:57Z</time>
     <extensions>
      <gpxtpx:TrackPointExtension>
       <gpxtpx:hr>118</gpxtpx:hr>
      </gpxtpx:TrackPointExtension>
     </extensions>
   </trkpt>
   <trkpt lat="-2.5751230" lon="-43.0911400">
    <ele>14.2</ele>
    <time>2026-06-16T18:19:02Z</time>
     <extensions>
      <gpxtpx:TrackPointExtension>
       <gpxtpx:hr>116</gpxtpx:hr>
      </gpxtpx:TrackPointExtension>
     </extensions>
   </trkpt>
   <trkpt lat="-2.5751240" lon="-43.0911420">
    <ele>12.8</ele>
    <time>2026-06-16T18:19:07Z</time>
     <extensions>
      <gpxtpx:TrackPointExtension>
       <gpxtpx:hr>116</gpxtpx:hr>
      </gpxtpx:TrackPointExtension>
     </extensions>
   </trkpt>
   <trkpt lat="-2.5751320" lon="-43.0911570">
    <ele>13.6</ele>
    <time>2026-06-16T18:54:38Z</time>
     <extensions>
      <gpxtpx:TrackPointExtension>
       <gpxtpx:hr>116</gpxtpx:hr>
      </gpxtpx:TrackPointExtension>
     </extensions>
   </trkpt>
   <trkpt lat="-2.5751380" lon="-43.0911740">
    <ele>11.2</ele>
    <time>2026-06-16T18:54:43Z</time>
     <extensions>
      <gpxtpx:TrackPointExtension>
       <gpxtpx:hr>116</gpxtpx:hr>
      </gpxtpx:TrackPointExtension>
     </extensions>
   </trkpt>
   <trkpt lat="-2.5751340" lon="-43.0911950">
    <ele>10.6</ele>
    <time>2026-06-16T18:54:48Z</time>
     <extensions>
      <gpxtpx:TrackPointExtension>
       <gpxtpx:hr>116</gpxtpx:hr>
      </gpxtpx:TrackPointExtension>
     </extensions>
   </trkpt>
   <trkpt lat="-2.5751440" lon="-43.0912240">
    <ele>10.8</ele>
    <time>2026-06-16T18:54:54Z</time>
     <extensions>
      <gpxtpx:TrackPointExtension>
       <gpxtpx:hr>116</gpxtpx:hr>
      </gpxtpx:TrackPointExtension>
     </extensions>
   </trkpt>
   <trkpt lat="-2.5751460" lon="-43.0912440">
    <ele>11.0</ele>
    <time>2026-06-16T18:54:59Z</time>
     <extensions>
      <gpxtpx:TrackPointExtension>
       <gpxtpx:hr>116</gpxtpx:hr>
      </gpxtpx:TrackPointExtension>
     </extensions>
   </trkpt>
   <trkpt lat="-2.5751410" lon="-43.0912470">
    <ele>11.2</ele>
    <time>2026-06-16T18:55:04Z</time>
     <extensions>
      <gpxtpx:TrackPointExtension>
       <gpxtpx:hr>116</gpxtpx:hr>
      </gpxtpx:TrackPointExtension>
     </extensions>
   </trkpt>
   <trkpt lat="-2.5751400" lon="-43.0912470">
    <ele>11.8</ele>
    <time>2026-06-16T18:55:09Z</time>
     <extensions>
      <gpxtpx:TrackPointExtension>
       <gpxtpx:hr>120</gpxtpx:hr>
      </gpxtpx:TrackPointExtension>
     </extensions>
   </trkpt>
   <trkpt lat="-2.5751380" lon="-43.0912530">
    <ele>12.8</ele>
    <time>2026-06-16T18:55:14Z</time>
     <extensions>
      <gpxtpx:TrackPointExtension>
       <gpxtpx:hr>120</gpxtpx:hr>
      </gpxtpx:TrackPointExtension>
     </extensions>
   </trkpt>
   <trkpt lat="-2.5751370" lon="-43.0912760">
    <ele>13.6</ele>
    <time>2026-06-16T18:55:19Z</time>
     <extensions>
      <gpxtpx:TrackPointExtension>
       <gpxtpx:hr>115</gpxtpx:hr>
      </gpxtpx:TrackPointExtension>
     </extensions>
   </trkpt>
   <trkpt lat="-2.5751420" lon="-43.0913040">
    <ele>14.4</ele>
    <time>2026-06-16T18:55:24Z</time>
     <extensions>
      <gpxtpx:TrackPointExtension>
       <gpxtpx:hr>115</gpxtpx:hr>
      </gpxtpx:TrackPointExtension>
     </extensions>
   </trkpt>
   <trkpt lat="-2.5751430" lon="-43.0913340">
    <ele>14.8</ele>
    <time>2026-06-16T18:55:29Z</time>
     <extensions>
      <gpxtpx:TrackPointExtension>
       <gpxtpx:hr>115</gpxtpx:hr>
      </gpxtpx:TrackPointExtension>
     </extensions>
   </trkpt>
   <trkpt lat="-2.5751410" lon="-43.0913640">
    <ele>15.2</ele>
    <time>2026-06-16T18:55:34Z</time>
     <extensions>
      <gpxtpx:TrackPointExtension>
       <gpxtpx:hr>120</gpxtpx:hr>
      </gpxtpx:TrackPointExtension>
     </extensions>
   </trkpt>
   <trkpt lat="-2.5751380" lon="-43.0913900">
    <ele>15.4</ele>
    <time>2026-06-16T18:55:39Z</time>
     <extensions>
      <gpxtpx:TrackPointExtension>
       <gpxtpx:hr>110</gpxtpx:hr>
      </gpxtpx:TrackPointExtension>
     </extensions>
   </trkpt>
   <trkpt lat="-2.5751420" lon="-43.0914200">
    <ele>15.6</ele>
    <time>2026-06-16T18:55:44Z</time>
     <extensions>
      <gpxtpx:TrackPointExtension>
       <gpxtpx:hr>107</gpxtpx:hr>
      </gpxtpx:TrackPointExtension>
     </extensions>
   </trkpt>
   <trkpt lat="-2.5751490" lon="-43.0914460">
    <ele>15.6</ele>
    <time>2026-06-16T18:55:49Z</time>
     <extensions>
      <gpxtpx:TrackPointExtension>
       <gpxtpx:hr>105</gpxtpx:hr>
      </gpxtpx:TrackPointExtension>
     </extensions>
   </trkpt>
   <trkpt lat="-2.5751570" lon="-43.0914790">
    <ele>15.6</ele>
    <time>2026-06-16T18:55:54Z</time>
     <extensions>
      <gpxtpx:TrackPointExtension>
       <gpxtpx:hr>105</gpxtpx:hr>
      </gpxtpx:TrackPointExtension>
     </extensions>
   </trkpt>
   <trkpt lat="-2.5751610" lon="-43.0915150">
    <ele>15.6</ele>
    <time>2026-06-16T18:55:59Z</time>
     <extensions>
      <gpxtpx:TrackPointExtension>
       <gpxtpx:hr>105</gpxtpx:hr>
      </gpxtpx:TrackPointExtension>
     </extensions>
   </trkpt>
   <trkpt lat="-2.5751630" lon="-43.0915520">
    <ele>15.6</ele>
    <time>2026-06-16T18:56:04Z</time>
     <extensions>
      <gpxtpx:TrackPointExtension>
       <gpxtpx:hr>107</gpxtpx:hr>
      </gpxtpx:TrackPointExtension>
     </extensions>
   </trkpt>
   <trkpt lat="-2.5751600" lon="-43.0915950">
    <ele>15.6</ele>
    <time>2026-06-16T18:56:09Z</time>
     <extensions>
      <gpxtpx:TrackPointExtension>
       <gpxtpx:hr>106</gpxtpx:hr>
      </gpxtpx:TrackPointExtension>
     </extensions>
   </trkpt>
   <trkpt lat="-2.5751610" lon="-43.0916270">
    <ele>15.6</ele>
    <time>2026-06-16T18:56:14Z</time>
     <extensions>
      <gpxtpx:TrackPointExtension>
       <gpxtpx:hr>106</gpxtpx:hr>
      </gpxtpx:TrackPointExtension>
     </extensions>
   </trkpt>
   <trkpt lat="-2.5751630" lon="-43.0916580">
    <ele>15.8</ele>
    <time>2026-06-16T18:56:19Z</time>
     <extensions>
      <gpxtpx:TrackPointExtension>
       <gpxtpx:hr>110</gpxtpx:hr>
      </gpxtpx:TrackPointExtension>
     </extensions>
   </trkpt>
   <trkpt lat="-2.5751690" lon="-43.0916960">
    <ele>16.0</ele>
    <time>2026-06-16T18:56:24Z</time>
     <extensions>
      <gpxtpx:TrackPointExtension>
       <gpxtpx:hr>110</gpxtpx:hr>
      </gpxtpx:TrackPointExtension>
     </extensions>
   </trkpt>
   <trkpt lat="-2.5751740" lon="-43.0917260">
    <ele>16.2</ele>
    <time>2026-06-16T18:56:29Z</time>
     <extensions>
      <gpxtpx:TrackPointExtension>
       <gpxtpx:hr>112</gpxtpx:hr>
      </gpxtpx:TrackPointExtension>
     </extensions>
   </trkpt>
   <trkpt lat="-2.5751750" lon="-43.0917560">
    <ele>16.4</ele>
    <time>2026-06-16T18:56:34Z</time>
     <extensions>
      <gpxtpx:TrackPointExtension>
       <gpxtpx:hr>115</gpxtpx:hr>
      </gpxtpx:TrackPointExtension>
     </extensions>
   </trkpt>
   <trkpt lat="-2.5751810" lon="-43.0917930">
    <ele>16.6</ele>
    <time>2026-06-16T18:56:39Z</time>
     <extensions>
      <gpxtpx:TrackPointExtension>
       <gpxtpx:hr>115</gpxtpx:hr>
      </gpxtpx:TrackPointExtension>
     </extensions>
   </trkpt>
   <trkpt lat="-2.5751870" lon="-43.0918200">
    <ele>16.6</ele>
    <time>2026-06-16T18:56:44Z</time>
     <extensions>
      <gpxtpx:TrackPointExtension>
       <gpxtpx:hr>115</gpxtpx:hr>
      </gpxtpx:TrackPointExtension>
     </extensions>
   </trkpt>
   <trkpt lat="-2.5751890" lon="-43.0918270">
    <ele>16.6</ele>
    <time>2026-06-16T18:56:49Z</time>
     <extensions>
      <gpxtpx:TrackPointExtension>
       <gpxtpx:hr>121</gpxtpx:hr>
      </gpxtpx:TrackPointExtension>
     </extensions>
   </trkpt>
   <trkpt lat="-2.5751950" lon="-43.0918360">
    <ele>16.4</ele>
    <time>2026-06-16T18:56:54Z</time>
     <extensions>
      <gpxtpx:TrackPointExtension>
       <gpxtpx:hr>120</gpxtpx:hr>
      </gpxtpx:TrackPointExtension>
     </extensions>
   </trkpt>
   <trkpt lat="-2.5752160" lon="-43.0918750">
    <ele>16.4</ele>
    <time>2026-06-16T18:56:59Z</time>
     <extensions>
      <gpxtpx:TrackPointExtension>
       <gpxtpx:hr>123</gpxtpx:hr>
      </gpxtpx:TrackPointExtension>
     </extensions>
   </trkpt>
   <trkpt lat="-2.5752350" lon="-43.0919030">
    <ele>16.6</ele>
    <time>2026-06-16T18:57:04Z</time>
     <extensions>
      <gpxtpx:TrackPointExtension>
       <gpxtpx:hr>118</gpxtpx:hr>
      </gpxtpx:TrackPointExtension>
     </extensions>
   </trkpt>
   <trkpt lat="-2.5752550" lon="-43.0919380">
    <ele>16.8</ele>
    <time>2026-06-16T18:57:09Z</time>
     <extensions>
      <gpxtpx:TrackPointExtension>
       <gpxtpx:hr>118</gpxtpx:hr>
      </gpxtpx:TrackPointExtension>
     </extensions>
   </trkpt>
   <trkpt lat="-2.5752700" lon="-43.0919710">
    <ele>16.8</ele>
    <time>2026-06-16T18:57:14Z</time>
     <extensions>
      <gpxtpx:TrackPointExtension>
       <gpxtpx:hr>122</gpxtpx:hr>
      </gpxtpx:TrackPointExtension>
     </extensions>
   </trkpt>
   <trkpt lat="-2.5752900" lon="-43.0920070">
    <ele>16.6</ele>
    <time>2026-06-16T18:57:19Z</time>
     <extensions>
      <gpxtpx:TrackPointExtension>
       <gpxtpx:hr>122</gpxtpx:hr>
      </gpxtpx:TrackPointExtension>
     </extensions>
   </trkpt>
   <trkpt lat="-2.5753080" lon="-43.0920370">
    <ele>16.4</ele>
    <time>2026-06-16T18:57:24Z</time>
     <extensions>
      <gpxtpx:TrackPointExtension>
       <gpxtpx:hr>125</gpxtpx:hr>
      </gpxtpx:TrackPointExtension>
     </extensions>
   </trkpt>
   <trkpt lat="-2.5753220" lon="-43.0920660">
    <ele>16.4</ele>
    <time>2026-06-16T18:57:29Z</time>
     <extensions>
      <gpxtpx:TrackPointExtension>
       <gpxtpx:hr>131</gpxtpx:hr>
      </gpxtpx:TrackPointExtension>
     </extensions>
   </trkpt>
   <trkpt lat="-2.5753390" lon="-43.0920800">
    <ele>16.4</ele>
    <time>2026-06-16T18:57:34Z</time>
     <extensions>
      <gpxtpx:TrackPointExtension>
       <gpxtpx:hr>131</gpxtpx:hr>
      </gpxtpx:TrackPointExtension>
     </extensions>
   </trkpt>
   <trkpt lat="-2.5753650" lon="-43.0920720">
    <ele>16.6</ele>
    <time>2026-06-16T18:57:39Z</time>
     <extensions>
      <gpxtpx:TrackPointExtension>
       <gpxtpx:hr>125</gpxtpx:hr>
      </gpxtpx:TrackPointExtension>
     </extensions>
   </trkpt>
   <trkpt lat="-2.5753900" lon="-43.0920730">
    <ele>16.6</ele>
    <time>2026-06-16T18:57:44Z</time>
     <extensions>
      <gpxtpx:TrackPointExtension>
       <gpxtpx:hr>124</gpxtpx:hr>
      </gpxtpx:TrackPointExtension>
     </extensions>
   </trkpt>
   <trkpt lat="-2.5754020" lon="-43.0921080">
    <ele>16.6</ele>
    <time>2026-06-16T18:57:49Z</time>
     <extensions>
      <gpxtpx:TrackPointExtension>
       <gpxtpx:hr>124</gpxtpx:hr>
      </gpxtpx:TrackPointExtension>
     </extensions>
   </trkpt>
   <trkpt lat="-2.5754010" lon="-43.0921620">
    <ele>16.6</ele>
    <time>2026-06-16T18:57:54Z</time>
     <extensions>
      <gpxtpx:TrackPointExtension>
       <gpxtpx:hr>120</gpxtpx:hr>
      </gpxtpx:TrackPointExtension>
     </extensions>
   </trkpt>
   <trkpt lat="-2.5753950" lon="-43.0922070">
    <ele>16.6</ele>
    <time>2026-06-16T18:57:59Z</time>
     <extensions>
      <gpxtpx:TrackPointExtension>
       <gpxtpx:hr>120</gpxtpx:hr>
      </gpxtpx:TrackPointExtension>
     </extensions>
   </trkpt>
   <trkpt lat="-2.5753870" lon="-43.0922460">
    <ele>16.8</ele>
    <time>2026-06-16T18:58:04Z</time>
     <extensions>
      <gpxtpx:TrackPointExtension>
       <gpxtpx:hr>125</gpxtpx:hr>
      </gpxtpx:TrackPointExtension>
     </extensions>
   </trkpt>
   <trkpt lat="-2.5753870" lon="-43.0922860">
    <ele>16.8</ele>
    <time>2026-06-16T18:58:09Z</time>
     <extensions>
      <gpxtpx:TrackPointExtension>
       <gpxtpx:hr>116</gpxtpx:hr>
      </gpxtpx:TrackPointExtension>
     </extensions>
   </trkpt>
   <trkpt lat="-2.5753840" lon="-43.0923340">
    <ele>17.0</ele>
    <time>2026-06-16T18:58:14Z</time>
     <extensions>
      <gpxtpx:TrackPointExtension>
       <gpxtpx:hr>111</gpxtpx:hr>
      </gpxtpx:TrackPointExtension>
     </extensions>
   </trkpt>
   <trkpt lat="-2.5753820" lon="-43.0923780">
    <ele>17.0</ele>
    <time>2026-06-16T18:58:19Z</time>
     <extensions>
      <gpxtpx:TrackPointExtension>
       <gpxtpx:hr>114</gpxtpx:hr>
      </gpxtpx:TrackPointExtension>
     </extensions>
   </trkpt>
   <trkpt lat="-2.5753820" lon="-43.0924270">
    <ele>17.2</ele>
    <time>2026-06-16T18:58:24Z</time>
     <extensions>
      <gpxtpx:TrackPointExtension>
       <gpxtpx:hr>114</gpxtpx:hr>
      </gpxtpx:TrackPointExtension>
     </extensions>
   </trkpt>
   <trkpt lat="-2.5753800" lon="-43.0924670">
    <ele>17.2</ele>
    <time>2026-06-16T18:58:29Z</time>
     <extensions>
      <gpxtpx:TrackPointExtension>
       <gpxtpx:hr>115</gpxtpx:hr>
      </gpxtpx:TrackPointExtension>
     </extensions>
   </trkpt>
   <trkpt lat="-2.5753790" lon="-43.0925030">
    <ele>17.4</ele>
    <time>2026-06-16T18:58:34Z</time>
     <extensions>
      <gpxtpx:TrackPointExtension>
       <gpxtpx:hr>115</gpxtpx:hr>
      </gpxtpx:TrackPointExtension>
     </extensions>
   </trkpt>
   <trkpt lat="-2.5753870" lon="-43.0925450">
    <ele>17.2</ele>
    <time>2026-06-16T18:58:39Z</time>
     <extensions>
      <gpxtpx:TrackPointExtension>
       <gpxtpx:hr>116</gpxtpx:hr>
      </gpxtpx:TrackPointExtension>
     </extensions>
   </trkpt>
   <trkpt lat="-2.5753910" lon="-43.0925920">
    <ele>17.0</ele>
    <time>2026-06-16T18:58:44Z</time>
     <extensions>
      <gpxtpx:TrackPointExtension>
       <gpxtpx:hr>117</gpxtpx:hr>
      </gpxtpx:TrackPointExtension>
     </extensions>
   </trkpt>
   <trkpt lat="-2.5754040" lon="-43.0926420">
    <ele>16.6</ele>
    <time>2026-06-16T18:58:49Z</time>
     <extensions>
      <gpxtpx:TrackPointExtension>
       <gpxtpx:hr>116</gpxtpx:hr>
      </gpxtpx:TrackPointExtension>
     </extensions>
   </trkpt>
   <trkpt lat="-2.5754210" lon="-43.0926860">
    <ele>16.2</ele>
    <time>2026-06-16T18:58:54Z</time>
     <extensions>
      <gpxtpx:TrackPointExtension>
       <gpxtpx:hr>114</gpxtpx:hr>
      </gpxtpx:TrackPointExtension>
     </extensions>
   </trkpt>
   <trkpt lat="-2.5754360" lon="-43.0927280">
    <ele>15.8</ele>
    <time>2026-06-16T18:58:59Z</time>
     <extensions>
      <gpxtpx:TrackPointExtension>
       <gpxtpx:hr>111</gpxtpx:hr>
      </gpxtpx:TrackPointExtension>
     </extensions>
   </trkpt>
   <trkpt lat="-2.5754370" lon="-43.0927690">
    <ele>15.6</ele>
    <time>2026-06-16T18:59:04Z</time>
     <extensions>
      <gpxtpx:TrackPointExtension>
       <gpxtpx:hr>110</gpxtpx:hr>
      </gpxtpx:TrackPointExtension>
     </extensions>
   </trkpt>
   <trkpt lat="-2.5754480" lon="-43.0928160">
    <ele>15.4</ele>
    <time>2026-06-16T18:59:09Z</time>
     <extensions>
      <gpxtpx:TrackPointExtension>
       <gpxtpx:hr>103</gpxtpx:hr>
      </gpxtpx:TrackPointExtension>
     </extensions>
   </trkpt>
   <trkpt lat="-2.5754650" lon="-43.0928620">
    <ele>15.2</ele>
    <time>2026-06-16T18:59:14Z</time>
     <extensions>
      <gpxtpx:TrackPointExtension>
       <gpxtpx:hr>102</gpxtpx:hr>
      </gpxtpx:TrackPointExtension>
     </extensions>
   </trkpt>
   <trkpt lat="-2.5754840" lon="-43.0929040">
    <ele>15.2</ele>
    <time>2026-06-16T18:59:19Z</time>
     <extensions>
      <gpxtpx:TrackPointExtension>
       <gpxtpx:hr>102</gpxtpx:hr>
      </gpxtpx:TrackPointExtension>
     </extensions>
   </trkpt>
   <trkpt lat="-2.5755060" lon="-43.0929400">
    <ele>15.2</ele>
    <time>2026-06-16T18:59:24Z</time>
     <extensions>
      <gpxtpx:TrackPointExtension>
       <gpxtpx:hr>101</gpxtpx:hr>
      </gpxtpx:TrackPointExtension>
     </extensions>
   </trkpt>
   <trkpt lat="-2.5755260" lon="-43.0929710">
    <ele>15.2</ele>
    <time>2026-06-16T18:59:29Z</time>
     <extensions>
      <gpxtpx:TrackPointExtension>
       <gpxtpx:hr>98</gpxtpx:hr>
      </gpxtpx:TrackPointExtension>
     </extensions>
   </trkpt>
   <trkpt lat="-2.5755470" lon="-43.0930060">
    <ele>15.2</ele>
    <time>2026-06-16T18:59:34Z</time>
     <extensions>
      <gpxtpx:TrackPointExtension>
       <gpxtpx:hr>101</gpxtpx:hr>
      </gpxtpx:TrackPointExtension>
     </extensions>
   </trkpt>
   <trkpt lat="-2.5755710" lon="-43.0930480">
    <ele>15.4</ele>
    <time>2026-06-16T18:59:39Z</time>
     <extensions>
      <gpxtpx:TrackPointExtension>
       <gpxtpx:hr>106</gpxtpx:hr>
      </gpxtpx:TrackPointExtension>
     </extensions>
   </trkpt>
   <trkpt lat="-2.5755910" lon="-43.0930950">
    <ele>15.4</ele>
    <time>2026-06-16T18:59:44Z</time>
     <extensions>
      <gpxtpx:TrackPointExtension>
       <gpxtpx:hr>113</gpxtpx:hr>
      </gpxtpx:TrackPointExtension>
     </extensions>
   </trkpt>
   <trkpt lat="-2.5756120" lon="-43.0931380">
    <ele>15.4</ele>
    <time>2026-06-16T18:59:49Z</time>
     <extensions>
      <gpxtpx:TrackPointExtension>
       <gpxtpx:hr>114</gpxtpx:hr>
      </gpxtpx:TrackPointExtension>
     </extensions>
   </trkpt>
   <trkpt lat="-2.5756380" lon="-43.0931740">
    <ele>15.4</ele>
    <time>2026-06-16T18:59:54Z</time>
     <extensions>
      <gpxtpx:TrackPointExtension>
       <gpxtpx:hr>122</gpxtpx:hr>
      </gpxtpx:TrackPointExtension>
     </extensions>
   </trkpt>
   <trkpt lat="-2.5756630" lon="-43.0932060">
    <ele>15.4</ele>
    <time>2026-06-16T18:59:59Z</time>
     <extensions>
      <gpxtpx:TrackPointExtension>
       <gpxtpx:hr>123</gpxtpx:hr>
      </gpxtpx:TrackPointExtension>
     </extensions>
   </trkpt>
   <trkpt lat="-2.5756770" lon="-43.0932390">
    <ele>15.6</ele>
    <time>2026-06-16T19:00:04Z</time>
     <extensions>
      <gpxtpx:TrackPointExtension>
       <gpxtpx:hr>124</gpxtpx:hr>
      </gpxtpx:TrackPointExtension>
     </extensions>
   </trkpt>
   <trkpt lat="-2.5756860" lon="-43.0932780">
    <ele>15.8</ele>
    <time>2026-06-16T19:00:09Z</time>
     <extensions>
      <gpxtpx:TrackPointExtension>
       <gpxtpx:hr>123</gpxtpx:hr>
      </gpxtpx:TrackPointExtension>
     </extensions>
   </trkpt>
   <trkpt lat="-2.5756960" lon="-43.0933180">
    <ele>16.0</ele>
    <time>2026-06-16T19:00:14Z</time>
     <extensions>
      <gpxtpx:TrackPointExtension>
       <gpxtpx:hr>121</gpxtpx:hr>
      </gpxtpx:TrackPointExtension>
     </extensions>
   </trkpt>
   <trkpt lat="-2.5756990" lon="-43.0933690">
    <ele>16.2</ele>
    <time>2026-06-16T19:00:19Z</time>
     <extensions>
      <gpxtpx:TrackPointExtension>
       <gpxtpx:hr>122</gpxtpx:hr>
      </gpxtpx:TrackPointExtension>
     </extensions>
   </trkpt>
   <trkpt lat="-2.5756990" lon="-43.0934200">
    <ele>16.6</ele>
    <time>2026-06-16T19:00:24Z</time>
     <extensions>
      <gpxtpx:TrackPointExtension>
       <gpxtpx:hr>123</gpxtpx:hr>
      </gpxtpx:TrackPointExtension>
     </extensions>
   </trkpt>
   <trkpt lat="-2.5757000" lon="-43.0934790">
    <ele>16.8</ele>
    <time>2026-06-16T19:00:29Z</time>
     <extensions>
      <gpxtpx:TrackPointExtension>
       <gpxtpx:hr>123</gpxtpx:hr>
      </gpxtpx:TrackPointExtension>
     </extensions>
   </trkpt>
   <trkpt lat="-2.5756870" lon="-43.0935290">
    <ele>17.0</ele>
    <time>2026-06-16T19:00:34Z</time>
     <extensions>
      <gpxtpx:TrackPointExtension>
       <gpxtpx:hr>124</gpxtpx:hr>
      </gpxtpx:TrackPointExtension>
     </extensions>
   </trkpt>
   <trkpt lat="-2.5756600" lon="-43.0935750">
    <ele>17.2</ele>
    <time>2026-06-16T19:00:39Z</time>
     <extensions>
      <gpxtpx:TrackPointExtension>
       <gpxtpx:hr>120</gpxtpx:hr>
      </gpxtpx:TrackPointExtension>
     </extensions>
   </trkpt>
   <trkpt lat="-2.5756270" lon="-43.0936100">
    <ele>17.2</ele>
    <time>2026-06-16T19:00:44Z</time>
     <extensions>
      <gpxtpx:TrackPointExtension>
       <gpxtpx:hr>115</gpxtpx:hr>
      </gpxtpx:TrackPointExtension>
     </extensions>
   </trkpt>
   <trkpt lat="-2.5755940" lon="-43.0936280">
    <ele>17.2</ele>
    <time>2026-06-16T19:00:49Z</time>
     <extensions>
      <gpxtpx:TrackPointExtension>
       <gpxtpx:hr>116</gpxtpx:hr>
      </gpxtpx:TrackPointExtension>
     </extensions>
   </trkpt>
   <trkpt lat="-2.5755610" lon="-43.0936370">
    <ele>17.2</ele>
    <time>2026-06-16T19:00:54Z</time>
     <extensions>
      <gpxtpx:TrackPointExtension>
       <gpxtpx:hr>116</gpxtpx:hr>
      </gpxtpx:TrackPointExtension>
     </extensions>
   </trkpt>
   <trkpt lat="-2.5755230" lon="-43.0936630">
    <ele>17.2</ele>
    <time>2026-06-16T19:00:59Z</time>
     <extensions>
      <gpxtpx:TrackPointExtension>
       <gpxtpx:hr>115</gpxtpx:hr>
      </gpxtpx:TrackPointExtension>
     </extensions>
   </trkpt>
   <trkpt lat="-2.5754820" lon="-43.0936860">
    <ele>17.2</ele>
    <time>2026-06-16T19:01:04Z</time>
     <extensions>
      <gpxtpx:TrackPointExtension>
       <gpxtpx:hr>113</gpxtpx:hr>
      </gpxtpx:TrackPointExtension>
     </extensions>
   </trkpt>
   <trkpt lat="-2.5754440" lon="-43.0937140">
    <ele>17.0</ele>
    <time>2026-06-16T19:01:09Z</time>
     <extensions>
      <gpxtpx:TrackPointExtension>
       <gpxtpx:hr>116</gpxtpx:hr>
      </gpxtpx:TrackPointExtension>
     </extensions>
   </trkpt>
   <trkpt lat="-2.5754110" lon="-43.0937420">
    <ele>16.8</ele>
    <time>2026-06-16T19:01:14Z</time>
     <extensions>
      <gpxtpx:TrackPointExtension>
       <gpxtpx:hr>119</gpxtpx:hr>
      </gpxtpx:TrackPointExtension>
     </extensions>
   </trkpt>
   <trkpt lat="-2.5753810" lon="-43.0937700">
    <ele>16.6</ele>
    <time>2026-06-16T19:01:19Z</time>
     <extensions>
      <gpxtpx:TrackPointExtension>
       <gpxtpx:hr>123</gpxtpx:hr>
      </gpxtpx:TrackPointExtension>
     </extensions>
   </trkpt>
   <trkpt lat="-2.5753590" lon="-43.0937920">
    <ele>16.4</ele>
    <time>2026-06-16T19:01:24Z</time>
     <extensions>
      <gpxtpx:TrackPointExtension>
       <gpxtpx:hr>120</gpxtpx:hr>
      </gpxtpx:TrackPointExtension>
     </extensions>
   </trkpt>
   <trkpt lat="-2.5753550" lon="-43.0938150">
    <ele>16.4</ele>
    <time>2026-06-16T19:01:29Z</time>
     <extensions>
      <gpxtpx:TrackPointExtension>
       <gpxtpx:hr>116</gpxtpx:hr>
      </gpxtpx:TrackPointExtension>
     </extensions>
   </trkpt>
   <trkpt lat="-2.5753680" lon="-43.0938430">
    <ele>16.4</ele>
    <time>2026-06-16T19:01:34Z</time>
     <extensions>
      <gpxtpx:TrackPointExtension>
       <gpxtpx:hr>117</gpxtpx:hr>
      </gpxtpx:TrackPointExtension>
     </extensions>
   </trkpt>
   <trkpt lat="-2.5753750" lon="-43.0938620">
    <ele>16.2</ele>
    <time>2026-06-16T19:01:39Z</time>
     <extensions>
      <gpxtpx:TrackPointExtension>
       <gpxtpx:hr>114</gpxtpx:hr>
      </gpxtpx:TrackPointExtension>
     </extensions>
   </trkpt>
   <trkpt lat="-2.5753750" lon="-43.0938790">
    <ele>16.0</ele>
    <time>2026-06-16T19:01:44Z</time>
     <extensions>
      <gpxtpx:TrackPointExtension>
       <gpxtpx:hr>114</gpxtpx:hr>
      </gpxtpx:TrackPointExtension>
     </extensions>
   </trkpt>
   <trkpt lat="-2.5753740" lon="-43.0939000">
    <ele>15.8</ele>
    <time>2026-06-16T19:01:49Z</time>
     <extensions>
      <gpxtpx:TrackPointExtension>
       <gpxtpx:hr>126</gpxtpx:hr>
      </gpxtpx:TrackPointExtension>
     </extensions>
   </trkpt>
   <trkpt lat="-2.5753770" lon="-43.0939270">
    <ele>15.8</ele>
    <time>2026-06-16T19:01:54Z</time>
     <extensions>
      <gpxtpx:TrackPointExtension>
       <gpxtpx:hr>126</gpxtpx:hr>
      </gpxtpx:TrackPointExtension>
     </extensions>
   </trkpt>
   <trkpt lat="-2.5753800" lon="-43.0939880">
    <ele>15.8</ele>
    <time>2026-06-16T19:01:59Z</time>
     <extensions>
      <gpxtpx:TrackPointExtension>
       <gpxtpx:hr>135</gpxtpx:hr>
      </gpxtpx:TrackPointExtension>
     </extensions>
   </trkpt>
   <trkpt lat="-2.5753900" lon="-43.0940580">
    <ele>15.8</ele>
    <time>2026-06-16T19:02:04Z</time>
     <extensions>
      <gpxtpx:TrackPointExtension>
       <gpxtpx:hr>135</gpxtpx:hr>
      </gpxtpx:TrackPointExtension>
     </extensions>
   </trkpt>
   <trkpt lat="-2.5754010" lon="-43.0941220">
    <ele>15.8</ele>
    <time>2026-06-16T19:02:09Z</time>
     <extensions>
      <gpxtpx:TrackPointExtension>
       <gpxtpx:hr>131</gpxtpx:hr>
      </gpxtpx:TrackPointExtension>
     </extensions>
   </trkpt>
   <trkpt lat="-2.5754160" lon="-43.0941830">
    <ele>16.0</ele>
    <time>2026-06-16T19:02:14Z</time>
     <extensions>
      <gpxtpx:TrackPointExtension>
       <gpxtpx:hr>131</gpxtpx:hr>
      </gpxtpx:TrackPointExtension>
     </extensions>
   </trkpt>
   <trkpt lat="-2.5754390" lon="-43.0942370">
    <ele>16.2</ele>
    <time>2026-06-16T19:02:19Z</time>
     <extensions>
      <gpxtpx:TrackPointExtension>
       <gpxtpx:hr>126</gpxtpx:hr>
      </gpxtpx:TrackPointExtension>
     </extensions>
   </trkpt>
   <trkpt lat="-2.5754640" lon="-43.0942750">
    <ele>16.2</ele>
    <time>2026-06-16T19:02:24Z</time>
     <extensions>
      <gpxtpx:TrackPointExtension>
       <gpxtpx:hr>125</gpxtpx:hr>
      </gpxtpx:TrackPointExtension>
     </extensions>
   </trkpt>
   <trkpt lat="-2.5754860" lon="-43.0943170">
    <ele>16.4</ele>
    <time>2026-06-16T19:02:29Z</time>
     <extensions>
      <gpxtpx:TrackPointExtension>
       <gpxtpx:hr>124</gpxtpx:hr>
      </gpxtpx:TrackPointExtension>
     </extensions>
   </trkpt>
   <trkpt lat="-2.5755130" lon="-43.0943480">
    <ele>16.6</ele>
    <time>2026-06-16T19:02:34Z</time>
     <extensions>
      <gpxtpx:TrackPointExtension>
       <gpxtpx:hr>119</gpxtpx:hr>
      </gpxtpx:TrackPointExtension>
     </extensions>
   </trkpt>
   <trkpt lat="-2.5755350" lon="-43.0943900">
    <ele>17.0</ele>
    <time>2026-06-16T19:02:39Z</time>
     <extensions>
      <gpxtpx:TrackPointExtension>
       <gpxtpx:hr>118</gpxtpx:hr>
      </gpxtpx:TrackPointExtension>
     </extensions>
   </trkpt>
   <trkpt lat="-2.5755620" lon="-43.0944210">
    <ele>17.4</ele>
    <time>2026-06-16T19:02:44Z</time>
     <extensions>
      <gpxtpx:TrackPointExtension>
       <gpxtpx:hr>119</gpxtpx:hr>
      </gpxtpx:TrackPointExtension>
     </extensions>
   </trkpt>
   <trkpt lat="-2.5755880" lon="-43.0944630">
    <ele>17.8</ele>
    <time>2026-06-16T19:02:49Z</time>
     <extensions>
      <gpxtpx:TrackPointExtension>
       <gpxtpx:hr>118</gpxtpx:hr>
      </gpxtpx:TrackPointExtension>
     </extensions>
   </trkpt>
   <trkpt lat="-2.5756130" lon="-43.0945020">
    <ele>18.2</ele>
    <time>2026-06-16T19:02:54Z</time>
     <extensions>
      <gpxtpx:TrackPointExtension>
       <gpxtpx:hr>123</gpxtpx:hr>
      </gpxtpx:TrackPointExtension>
     </extensions>
   </trkpt>
   <trkpt lat="-2.5756370" lon="-43.0945370">
    <ele>18.6</ele>
    <time>2026-06-16T19:02:59Z</time>
     <extensions>
      <gpxtpx:TrackPointExtension>
       <gpxtpx:hr>124</gpxtpx:hr>
      </gpxtpx:TrackPointExtension>
     </extensions>
   </trkpt>
   <trkpt lat="-2.5756620" lon="-43.0945630">
    <ele>19.0</ele>
    <time>2026-06-16T19:03:04Z</time>
     <extensions>
      <gpxtpx:TrackPointExtension>
       <gpxtpx:hr>124</gpxtpx:hr>
      </gpxtpx:TrackPointExtension>
     </extensions>
   </trkpt>
   <trkpt lat="-2.5756830" lon="-43.0945880">
    <ele>19.4</ele>
    <time>2026-06-16T19:03:09Z</time>
     <extensions>
      <gpxtpx:TrackPointExtension>
       <gpxtpx:hr>121</gpxtpx:hr>
      </gpxtpx:TrackPointExtension>
     </extensions>
   </trkpt>
   <trkpt lat="-2.5757020" lon="-43.0946150">
    <ele>19.6</ele>
    <time>2026-06-16T19:03:14Z</time>
     <extensions>
      <gpxtpx:TrackPointExtension>
       <gpxtpx:hr>114</gpxtpx:hr>
      </gpxtpx:TrackPointExtension>
     </extensions>
   </trkpt>
   <trkpt lat="-2.5757200" lon="-43.0946400">
    <ele>20.2</ele>
    <time>2026-06-16T19:03:19Z</time>
     <extensions>
      <gpxtpx:TrackPointExtension>
       <gpxtpx:hr>115</gpxtpx:hr>
      </gpxtpx:TrackPointExtension>
     </extensions>
   </trkpt>
   <trkpt lat="-2.5757430" lon="-43.0946630">
    <ele>20.8</ele>
    <time>2026-06-16T19:03:24Z</time>
     <extensions>
      <gpxtpx:TrackPointExtension>
       <gpxtpx:hr>116</gpxtpx:hr>
      </gpxtpx:TrackPointExtension>
     </extensions>
   </trkpt>
   <trkpt lat="-2.5757790" lon="-43.0946870">
    <ele>21.4</ele>
    <time>2026-06-16T19:03:29Z</time>
     <extensions>
      <gpxtpx:TrackPointExtension>
       <gpxtpx:hr>116</gpxtpx:hr>
      </gpxtpx:TrackPointExtension>
     </extensions>
   </trkpt>
   <trkpt lat="-2.5758220" lon="-43.0947110">
    <ele>22.2</ele>
    <time>2026-06-16T19:03:34Z</time>
     <extensions>
      <gpxtpx:TrackPointExtension>
       <gpxtpx:hr>119</gpxtpx:hr>
      </gpxtpx:TrackPointExtension>
     </extensions>
   </trkpt>
   <trkpt lat="-2.5758590" lon="-43.0947440">
    <ele>23.0</ele>
    <time>2026-06-16T19:03:39Z</time>
     <extensions>
      <gpxtpx:TrackPointExtension>
       <gpxtpx:hr>117</gpxtpx:hr>
      </gpxtpx:TrackPointExtension>
     </extensions>
   </trkpt>
   <trkpt lat="-2.5759010" lon="-43.0947820">
    <ele>23.4</ele>
    <time>2026-06-16T19:03:44Z</time>
     <extensions>
      <gpxtpx:TrackPointExtension>
       <gpxtpx:hr>118</gpxtpx:hr>
      </gpxtpx:TrackPointExtension>
     </extensions>
   </trkpt>
   <trkpt lat="-2.5759420" lon="-43.0948250">
    <ele>23.8</ele>
    <time>2026-06-16T19:03:49Z</time>
     <extensions>
      <gpxtpx:TrackPointExtension>
       <gpxtpx:hr>121</gpxtpx:hr>
      </gpxtpx:TrackPointExtension>
     </extensions>
   </trkpt>
   <trkpt lat="-2.5759780" lon="-43.0948660">
    <ele>24.0</ele>
    <time>2026-06-16T19:03:54Z</time>
     <extensions>
      <gpxtpx:TrackPointExtension>
       <gpxtpx:hr>123</gpxtpx:hr>
      </gpxtpx:TrackPointExtension>
     </extensions>
   </trkpt>
   <trkpt lat="-2.5760070" lon="-43.0949070">
    <ele>24.0</ele>
    <time>2026-06-16T19:03:59Z</time>
     <extensions>
      <gpxtpx:TrackPointExtension>
       <gpxtpx:hr>121</gpxtpx:hr>
      </gpxtpx:TrackPointExtension>
     </extensions>
   </trkpt>
   <trkpt lat="-2.5760390" lon="-43.0949410">
    <ele>23.8</ele>
    <time>2026-06-16T19:04:04Z</time>
     <extensions>
      <gpxtpx:TrackPointExtension>
       <gpxtpx:hr>126</gpxtpx:hr>
      </gpxtpx:TrackPointExtension>
     </extensions>
   </trkpt>
   <trkpt lat="-2.5760800" lon="-43.0949700">
    <ele>23.4</ele>
    <time>2026-06-16T19:04:09Z</time>
     <extensions>
      <gpxtpx:TrackPointExtension>
       <gpxtpx:hr>117</gpxtpx:hr>
      </gpxtpx:TrackPointExtension>
     </extensions>
   </trkpt>
   <trkpt lat="-2.5761160" lon="-43.0949980">
    <ele>23.0</ele>
    <time>2026-06-16T19:04:14Z</time>
     <extensions>
      <gpxtpx:TrackPointExtension>
       <gpxtpx:hr>122</gpxtpx:hr>
      </gpxtpx:TrackPointExtension>
     </extensions>
   </trkpt>
   <trkpt lat="-2.5761460" lon="-43.0950240">
    <ele>22.4</ele>
    <time>2026-06-16T19:04:19Z</time>
     <extensions>
      <gpxtpx:TrackPointExtension>
       <gpxtpx:hr>123</gpxtpx:hr>
      </gpxtpx:TrackPointExtension>
     </extensions>
   </trkpt>
   <trkpt lat="-2.5761580" lon="-43.0950680">
    <ele>21.8</ele>
    <time>2026-06-16T19:04:24Z</time>
     <extensions>
      <gpxtpx:TrackPointExtension>
       <gpxtpx:hr>123</gpxtpx:hr>
      </gpxtpx:TrackPointExtension>
     </extensions>
   </trkpt>
   <trkpt lat="-2.5761710" lon="-43.0951140">
    <ele>21.2</ele>
    <time>2026-06-16T19:04:29Z</time>
     <extensions>
      <gpxtpx:TrackPointExtension>
       <gpxtpx:hr>123</gpxtpx:hr>
      </gpxtpx:TrackPointExtension>
     </extensions>
   </trkpt>
   <trkpt lat="-2.5761820" lon="-43.0951590">
    <ele>20.6</ele>
    <time>2026-06-16T19:04:34Z</time>
     <extensions>
      <gpxtpx:TrackPointExtension>
       <gpxtpx:hr>127</gpxtpx:hr>
      </gpxtpx:TrackPointExtension>
     </extensions>
   </trkpt>
   <trkpt lat="-2.5761970" lon="-43.0952030">
    <ele>20.0</ele>
    <time>2026-06-16T19:04:39Z</time>
     <extensions>
      <gpxtpx:TrackPointExtension>
       <gpxtpx:hr>124</gpxtpx:hr>
      </gpxtpx:TrackPointExtension>
     </extensions>
   </trkpt>
   <trkpt lat="-2.5762060" lon="-43.0952530">
    <ele>19.6</ele>
    <time>2026-06-16T19:04:44Z</time>
     <extensions>
      <gpxtpx:TrackPointExtension>
       <gpxtpx:hr>120</gpxtpx:hr>
      </gpxtpx:TrackPointExtension>
     </extensions>
   </trkpt>
   <trkpt lat="-2.5762210" lon="-43.0953080">
    <ele>19.2</ele>
    <time>2026-06-16T19:04:49Z</time>
     <extensions>
      <gpxtpx:TrackPointExtension>
       <gpxtpx:hr>115</gpxtpx:hr>
      </gpxtpx:TrackPointExtension>
     </extensions>
   </trkpt>
   <trkpt lat="-2.5762300" lon="-43.0953650">
    <ele>18.6</ele>
    <time>2026-06-16T19:04:54Z</time>
     <extensions>
      <gpxtpx:TrackPointExtension>
       <gpxtpx:hr>116</gpxtpx:hr>
      </gpxtpx:TrackPointExtension>
     </extensions>
   </trkpt>
   <trkpt lat="-2.5762370" lon="-43.0954160">
    <ele>18.2</ele>
    <time>2026-06-16T19:04:59Z</time>
     <extensions>
      <gpxtpx:TrackPointExtension>
       <gpxtpx:hr>117</gpxtpx:hr>
      </gpxtpx:TrackPointExtension>
     </extensions>
   </trkpt>
   <trkpt lat="-2.5762470" lon="-43.0954710">
    <ele>17.8</ele>
    <time>2026-06-16T19:05:04Z</time>
     <extensions>
      <gpxtpx:TrackPointExtension>
       <gpxtpx:hr>110</gpxtpx:hr>
      </gpxtpx:TrackPointExtension>
     </extensions>
   </trkpt>
   <trkpt lat="-2.5762520" lon="-43.0955260">
    <ele>17.6</ele>
    <time>2026-06-16T19:05:09Z</time>
     <extensions>
      <gpxtpx:TrackPointExtension>
       <gpxtpx:hr>109</gpxtpx:hr>
      </gpxtpx:TrackPointExtension>
     </extensions>
   </trkpt>
   <trkpt lat="-2.5762620" lon="-43.0955930">
    <ele>17.2</ele>
    <time>2026-06-16T19:05:14Z</time>
     <extensions>
      <gpxtpx:TrackPointExtension>
       <gpxtpx:hr>107</gpxtpx:hr>
      </gpxtpx:TrackPointExtension>
     </extensions>
   </trkpt>
   <trkpt lat="-2.5762750" lon="-43.0956420">
    <ele>16.8</ele>
    <time>2026-06-16T19:05:19Z</time>
     <extensions>
      <gpxtpx:TrackPointExtension>
       <gpxtpx:hr>103</gpxtpx:hr>
      </gpxtpx:TrackPointExtension>
     </extensions>
   </trkpt>
   <trkpt lat="-2.5762970" lon="-43.0956940">
    <ele>16.6</ele>
    <time>2026-06-16T19:05:24Z</time>
     <extensions>
      <gpxtpx:TrackPointExtension>
       <gpxtpx:hr>102</gpxtpx:hr>
      </gpxtpx:TrackPointExtension>
     </extensions>
   </trkpt>
   <trkpt lat="-2.5763150" lon="-43.0957450">
    <ele>16.4</ele>
    <time>2026-06-16T19:05:29Z</time>
     <extensions>
      <gpxtpx:TrackPointExtension>
       <gpxtpx:hr>103</gpxtpx:hr>
      </gpxtpx:TrackPointExtension>
     </extensions>
   </trkpt>
   <trkpt lat="-2.5763500" lon="-43.0957860">
    <ele>16.2</ele>
    <time>2026-06-16T19:05:34Z</time>
     <extensions>
      <gpxtpx:TrackPointExtension>
       <gpxtpx:hr>105</gpxtpx:hr>
      </gpxtpx:TrackPointExtension>
     </extensions>
   </trkpt>
   <trkpt lat="-2.5763930" lon="-43.0958270">
    <ele>16.2</ele>
    <time>2026-06-16T19:05:39Z</time>
     <extensions>
      <gpxtpx:TrackPointExtension>
       <gpxtpx:hr>106</gpxtpx:hr>
      </gpxtpx:TrackPointExtension>
     </extensions>
   </trkpt>
   <trkpt lat="-2.5764410" lon="-43.0958610">
    <ele>16.0</ele>
    <time>2026-06-16T19:05:44Z</time>
     <extensions>
      <gpxtpx:TrackPointExtension>
       <gpxtpx:hr>109</gpxtpx:hr>
      </gpxtpx:TrackPointExtension>
     </extensions>
   </trkpt>
   <trkpt lat="-2.5764910" lon="-43.0958920">
    <ele>16.0</ele>
    <time>2026-06-16T19:05:49Z</time>
     <extensions>
      <gpxtpx:TrackPointExtension>
       <gpxtpx:hr>111</gpxtpx:hr>
      </gpxtpx:TrackPointExtension>
     </extensions>
   </trkpt>
   <trkpt lat="-2.5765320" lon="-43.0959140">
    <ele>16.0</ele>
    <time>2026-06-16T19:05:54Z</time>
     <extensions>
      <gpxtpx:TrackPointExtension>
       <gpxtpx:hr>110</gpxtpx:hr>
      </gpxtpx:TrackPointExtension>
     </extensions>
   </trkpt>
   <trkpt lat="-2.5765720" lon="-43.0959400">
    <ele>16.2</ele>
    <time>2026-06-16T19:05:59Z</time>
     <extensions>
      <gpxtpx:TrackPointExtension>
       <gpxtpx:hr>110</gpxtpx:hr>
      </gpxtpx:TrackPointExtension>
     </extensions>
   </trkpt>
   <trkpt lat="-2.5766110" lon="-43.0959640">
    <ele>16.2</ele>
    <time>2026-06-16T19:06:04Z</time>
     <extensions>
      <gpxtpx:TrackPointExtension>
       <gpxtpx:hr>110</gpxtpx:hr>
      </gpxtpx:TrackPointExtension>
     </extensions>
   </trkpt>
   <trkpt lat="-2.5766550" lon="-43.0959890">
    <ele>16.4</ele>
    <time>2026-06-16T19:06:09Z</time>
     <extensions>
      <gpxtpx:TrackPointExtension>
       <gpxtpx:hr>115</gpxtpx:hr>
      </gpxtpx:TrackPointExtension>
     </extensions>
   </trkpt>
   <trkpt lat="-2.5766880" lon="-43.0960210">
    <ele>16.6</ele>
    <time>2026-06-16T19:06:14Z</time>
     <extensions>
      <gpxtpx:TrackPointExtension>
       <gpxtpx:hr>116</gpxtpx:hr>
      </gpxtpx:TrackPointExtension>
     </extensions>
   </trkpt>
   <trkpt lat="-2.5767220" lon="-43.0960700">
    <ele>16.8</ele>
    <time>2026-06-16T19:06:19Z</time>
     <extensions>
      <gpxtpx:TrackPointExtension>
       <gpxtpx:hr>115</gpxtpx:hr>
      </gpxtpx:TrackPointExtension>
     </extensions>
   </trkpt>
   <trkpt lat="-2.5767440" lon="-43.0961090">
    <ele>16.8</ele>
    <time>2026-06-16T19:06:24Z</time>
     <extensions>
      <gpxtpx:TrackPointExtension>
       <gpxtpx:hr>116</gpxtpx:hr>
      </gpxtpx:TrackPointExtension>
     </extensions>
   </trkpt>
   <trkpt lat="-2.5767730" lon="-43.0961540">
    <ele>16.6</ele>
    <time>2026-06-16T19:06:29Z</time>
     <extensions>
      <gpxtpx:TrackPointExtension>
       <gpxtpx:hr>111</gpxtpx:hr>
      </gpxtpx:TrackPointExtension>
     </extensions>
   </trkpt>
   <trkpt lat="-2.5767950" lon="-43.0961970">
    <ele>16.6</ele>
    <time>2026-06-16T19:06:34Z</time>
     <extensions>
      <gpxtpx:TrackPointExtension>
       <gpxtpx:hr>112</gpxtpx:hr>
      </gpxtpx:TrackPointExtension>
     </extensions>
   </trkpt>
   <trkpt lat="-2.5768180" lon="-43.0962460">
    <ele>16.4</ele>
    <time>2026-06-16T19:06:39Z</time>
     <extensions>
      <gpxtpx:TrackPointExtension>
       <gpxtpx:hr>111</gpxtpx:hr>
      </gpxtpx:TrackPointExtension>
     </extensions>
   </trkpt>
   <trkpt lat="-2.5768500" lon="-43.0962910">
    <ele>16.4</ele>
    <time>2026-06-16T19:06:44Z</time>
     <extensions>
      <gpxtpx:TrackPointExtension>
       <gpxtpx:hr>110</gpxtpx:hr>
      </gpxtpx:TrackPointExtension>
     </extensions>
   </trkpt>
   <trkpt lat="-2.5768780" lon="-43.0963290">
    <ele>16.2</ele>
    <time>2026-06-16T19:06:49Z</time>
     <extensions>
      <gpxtpx:TrackPointExtension>
       <gpxtpx:hr>112</gpxtpx:hr>
      </gpxtpx:TrackPointExtension>
     </extensions>
   </trkpt>
   <trkpt lat="-2.5768980" lon="-43.0963760">
    <ele>16.0</ele>
    <time>2026-06-16T19:06:54Z</time>
     <extensions>
      <gpxtpx:TrackPointExtension>
       <gpxtpx:hr>109</gpxtpx:hr>
      </gpxtpx:TrackPointExtension>
     </extensions>
   </trkpt>
   <trkpt lat="-2.5769130" lon="-43.0964060">
    <ele>15.8</ele>
    <time>2026-06-16T19:06:59Z</time>
     <extensions>
      <gpxtpx:TrackPointExtension>
       <gpxtpx:hr>109</gpxtpx:hr>
      </gpxtpx:TrackPointExtension>
     </extensions>
   </trkpt>
   <trkpt lat="-2.5769350" lon="-43.0964520">
    <ele>15.6</ele>
    <time>2026-06-16T19:07:04Z</time>
     <extensions>
      <gpxtpx:TrackPointExtension>
       <gpxtpx:hr>114</gpxtpx:hr>
      </gpxtpx:TrackPointExtension>
     </extensions>
   </trkpt>
   <trkpt lat="-2.5769640" lon="-43.0964980">
    <ele>15.6</ele>
    <time>2026-06-16T19:07:09Z</time>
     <extensions>
      <gpxtpx:TrackPointExtension>
       <gpxtpx:hr>115</gpxtpx:hr>
      </gpxtpx:TrackPointExtension>
     </extensions>
   </trkpt>
   <trkpt lat="-2.5769910" lon="-43.0965440">
    <ele>15.4</ele>
    <time>2026-06-16T19:07:14Z</time>
     <extensions>
      <gpxtpx:TrackPointExtension>
       <gpxtpx:hr>115</gpxtpx:hr>
      </gpxtpx:TrackPointExtension>
     </extensions>
   </trkpt>
   <trkpt lat="-2.5770110" lon="-43.0965880">
    <ele>15.2</ele>
    <time>2026-06-16T19:07:19Z</time>
     <extensions>
      <gpxtpx:TrackPointExtension>
       <gpxtpx:hr>115</gpxtpx:hr>
      </gpxtpx:TrackPointExtension>
     </extensions>
   </trkpt>
   <trkpt lat="-2.5770320" lon="-43.0966280">
    <ele>15.0</ele>
    <time>2026-06-16T19:07:24Z</time>
     <extensions>
      <gpxtpx:TrackPointExtension>
       <gpxtpx:hr>114</gpxtpx:hr>
      </gpxtpx:TrackPointExtension>
     </extensions>
   </trkpt>
   <trkpt lat="-2.5770610" lon="-43.0966670">
    <ele>14.8</ele>
    <time>2026-06-16T19:07:29Z</time>
     <extensions>
      <gpxtpx:TrackPointExtension>
       <gpxtpx:hr>116</gpxtpx:hr>
      </gpxtpx:TrackPointExtension>
     </extensions>
   </trkpt>
   <trkpt lat="-2.5770980" lon="-43.0967030">
    <ele>14.6</ele>
    <time>2026-06-16T19:07:35Z</time>
     <extensions>
      <gpxtpx:TrackPointExtension>
       <gpxtpx:hr>116</gpxtpx:hr>
      </gpxtpx:TrackPointExtension>
     </extensions>
   </trkpt>
   <trkpt lat="-2.5771320" lon="-43.0967380">
    <ele>14.4</ele>
    <time>2026-06-16T19:07:40Z</time>
     <extensions>
      <gpxtpx:TrackPointExtension>
       <gpxtpx:hr>116</gpxtpx:hr>
      </gpxtpx:TrackPointExtension>
     </extensions>
   </trkpt>
   <trkpt lat="-2.5771660" lon="-43.0967720">
    <ele>14.2</ele>
    <time>2026-06-16T19:07:45Z</time>
     <extensions>
      <gpxtpx:TrackPointExtension>
       <gpxtpx:hr>116</gpxtpx:hr>
      </gpxtpx:TrackPointExtension>
     </extensions>
   </trkpt>
   <trkpt lat="-2.5772030" lon="-43.0968030">
    <ele>14.0</ele>
    <time>2026-06-16T19:07:50Z</time>
     <extensions>
      <gpxtpx:TrackPointExtension>
       <gpxtpx:hr>115</gpxtpx:hr>
      </gpxtpx:TrackPointExtension>
     </extensions>
   </trkpt>
   <trkpt lat="-2.5772390" lon="-43.0968300">
    <ele>14.0</ele>
    <time>2026-06-16T19:07:55Z</time>
     <extensions>
      <gpxtpx:TrackPointExtension>
       <gpxtpx:hr>107</gpxtpx:hr>
      </gpxtpx:TrackPointExtension>
     </extensions>
   </trkpt>
   <trkpt lat="-2.5772800" lon="-43.0968570">
    <ele>13.8</ele>
    <time>2026-06-16T19:08:00Z</time>
     <extensions>
      <gpxtpx:TrackPointExtension>
       <gpxtpx:hr>108</gpxtpx:hr>
      </gpxtpx:TrackPointExtension>
     </extensions>
   </trkpt>
   <trkpt lat="-2.5773310" lon="-43.0968740">
    <ele>13.8</ele>
    <time>2026-06-16T19:08:05Z</time>
     <extensions>
      <gpxtpx:TrackPointExtension>
       <gpxtpx:hr>112</gpxtpx:hr>
      </gpxtpx:TrackPointExtension>
     </extensions>
   </trkpt>
   <trkpt lat="-2.5773830" lon="-43.0968850">
    <ele>13.8</ele>
    <time>2026-06-16T19:08:10Z</time>
     <extensions>
      <gpxtpx:TrackPointExtension>
       <gpxtpx:hr>114</gpxtpx:hr>
      </gpxtpx:TrackPointExtension>
     </extensions>
   </trkpt>
   <trkpt lat="-2.5774310" lon="-43.0968930">
    <ele>13.8</ele>
    <time>2026-06-16T19:08:15Z</time>
     <extensions>
      <gpxtpx:TrackPointExtension>
       <gpxtpx:hr>111</gpxtpx:hr>
      </gpxtpx:TrackPointExtension>
     </extensions>
   </trkpt>
   <trkpt lat="-2.5774790" lon="-43.0968970">
    <ele>13.8</ele>
    <time>2026-06-16T19:08:20Z</time>
     <extensions>
      <gpxtpx:TrackPointExtension>
       <gpxtpx:hr>112</gpxtpx:hr>
      </gpxtpx:TrackPointExtension>
     </extensions>
   </trkpt>
   <trkpt lat="-2.5775210" lon="-43.0969050">
    <ele>13.8</ele>
    <time>2026-06-16T19:08:25Z</time>
     <extensions>
      <gpxtpx:TrackPointExtension>
       <gpxtpx:hr>110</gpxtpx:hr>
      </gpxtpx:TrackPointExtension>
     </extensions>
   </trkpt>
   <trkpt lat="-2.5775660" lon="-43.0969130">
    <ele>13.6</ele>
    <time>2026-06-16T19:08:30Z</time>
     <extensions>
      <gpxtpx:TrackPointExtension>
       <gpxtpx:hr>110</gpxtpx:hr>
      </gpxtpx:TrackPointExtension>
     </extensions>
   </trkpt>
   <trkpt lat="-2.5776150" lon="-43.0969210">
    <ele>13.8</ele>
    <time>2026-06-16T19:08:35Z</time>
     <extensions>
      <gpxtpx:TrackPointExtension>
       <gpxtpx:hr>106</gpxtpx:hr>
      </gpxtpx:TrackPointExtension>
     </extensions>
   </trkpt>
   <trkpt lat="-2.5776640" lon="-43.0969280">
    <ele>13.8</ele>
    <time>2026-06-16T19:08:40Z</time>
     <extensions>
      <gpxtpx:TrackPointExtension>
       <gpxtpx:hr>106</gpxtpx:hr>
      </gpxtpx:TrackPointExtension>
     </extensions>
   </trkpt>
   <trkpt lat="-2.5777100" lon="-43.0969390">
    <ele>13.8</ele>
    <time>2026-06-16T19:08:45Z</time>
     <extensions>
      <gpxtpx:TrackPointExtension>
       <gpxtpx:hr>113</gpxtpx:hr>
      </gpxtpx:TrackPointExtension>
     </extensions>
   </trkpt>
   <trkpt lat="-2.5777580" lon="-43.0969520">
    <ele>14.0</ele>
    <time>2026-06-16T19:08:50Z</time>
     <extensions>
      <gpxtpx:TrackPointExtension>
       <gpxtpx:hr>109</gpxtpx:hr>
      </gpxtpx:TrackPointExtension>
     </extensions>
   </trkpt>
   <trkpt lat="-2.5778080" lon="-43.0969650">
    <ele>14.2</ele>
    <time>2026-06-16T19:08:55Z</time>
     <extensions>
      <gpxtpx:TrackPointExtension>
       <gpxtpx:hr>115</gpxtpx:hr>
      </gpxtpx:TrackPointExtension>
     </extensions>
   </trkpt>
   <trkpt lat="-2.5778560" lon="-43.0969820">
    <ele>14.4</ele>
    <time>2026-06-16T19:09:00Z</time>
     <extensions>
      <gpxtpx:TrackPointExtension>
       <gpxtpx:hr>115</gpxtpx:hr>
      </gpxtpx:TrackPointExtension>
     </extensions>
   </trkpt>
   <trkpt lat="-2.5779050" lon="-43.0969970">
    <ele>14.8</ele>
    <time>2026-06-16T19:09:05Z</time>
     <extensions>
      <gpxtpx:TrackPointExtension>
       <gpxtpx:hr>116</gpxtpx:hr>
      </gpxtpx:TrackPointExtension>
     </extensions>
   </trkpt>
   <trkpt lat="-2.5779560" lon="-43.0970110">
    <ele>15.2</ele>
    <time>2026-06-16T19:09:10Z</time>
     <extensions>
      <gpxtpx:TrackPointExtension>
       <gpxtpx:hr>115</gpxtpx:hr>
      </gpxtpx:TrackPointExtension>
     </extensions>
   </trkpt>
   <trkpt lat="-2.5780070" lon="-43.0970260">
    <ele>15.6</ele>
    <time>2026-06-16T19:09:15Z</time>
     <extensions>
      <gpxtpx:TrackPointExtension>
       <gpxtpx:hr>114</gpxtpx:hr>
      </gpxtpx:TrackPointExtension>
     </extensions>
   </trkpt>
   <trkpt lat="-2.5780550" lon="-43.0970420">
    <ele>15.8</ele>
    <time>2026-06-16T19:09:20Z</time>
     <extensions>
      <gpxtpx:TrackPointExtension>
       <gpxtpx:hr>114</gpxtpx:hr>
      </gpxtpx:TrackPointExtension>
     </extensions>
   </trkpt>
   <trkpt lat="-2.5781040" lon="-43.0970580">
    <ele>16.2</ele>
    <time>2026-06-16T19:09:25Z</time>
     <extensions>
      <gpxtpx:TrackPointExtension>
       <gpxtpx:hr>111</gpxtpx:hr>
      </gpxtpx:TrackPointExtension>
     </extensions>
   </trkpt>
   <trkpt lat="-2.5781550" lon="-43.0970710">
    <ele>16.6</ele>
    <time>2026-06-16T19:09:30Z</time>
     <extensions>
      <gpxtpx:TrackPointExtension>
       <gpxtpx:hr>111</gpxtpx:hr>
      </gpxtpx:TrackPointExtension>
     </extensions>
   </trkpt>
   <trkpt lat="-2.5782050" lon="-43.0970860">
    <ele>17.0</ele>
    <time>2026-06-16T19:09:35Z</time>
     <extensions>
      <gpxtpx:TrackPointExtension>
       <gpxtpx:hr>116</gpxtpx:hr>
      </gpxtpx:TrackPointExtension>
     </extensions>
   </trkpt>
   <trkpt lat="-2.5782590" lon="-43.0971080">
    <ele>17.4</ele>
    <time>2026-06-16T19:09:40Z</time>
     <extensions>
      <gpxtpx:TrackPointExtension>
       <gpxtpx:hr>121</gpxtpx:hr>
      </gpxtpx:TrackPointExtension>
     </extensions>
   </trkpt>
   <trkpt lat="-2.5783040" lon="-43.0971250">
    <ele>18.0</ele>
    <time>2026-06-16T19:09:45Z</time>
     <extensions>
      <gpxtpx:TrackPointExtension>
       <gpxtpx:hr>121</gpxtpx:hr>
      </gpxtpx:TrackPointExtension>
     </extensions>
   </trkpt>
   <trkpt lat="-2.5783540" lon="-43.0971410">
    <ele>18.6</ele>
    <time>2026-06-16T19:09:50Z</time>
     <extensions>
      <gpxtpx:TrackPointExtension>
       <gpxtpx:hr>119</gpxtpx:hr>
      </gpxtpx:TrackPointExtension>
     </extensions>
   </trkpt>
   <trkpt lat="-2.5784030" lon="-43.0971620">
    <ele>19.2</ele>
    <time>2026-06-16T19:09:55Z</time>
     <extensions>
      <gpxtpx:TrackPointExtension>
       <gpxtpx:hr>117</gpxtpx:hr>
      </gpxtpx:TrackPointExtension>
     </extensions>
   </trkpt>
   <trkpt lat="-2.5784490" lon="-43.0971720">
    <ele>19.8</ele>
    <time>2026-06-16T19:10:00Z</time>
     <extensions>
      <gpxtpx:TrackPointExtension>
       <gpxtpx:hr>119</gpxtpx:hr>
      </gpxtpx:TrackPointExtension>
     </extensions>
   </trkpt>
   <trkpt lat="-2.5785030" lon="-43.0971920">
    <ele>20.6</ele>
    <time>2026-06-16T19:10:05Z</time>
     <extensions>
      <gpxtpx:TrackPointExtension>
       <gpxtpx:hr>113</gpxtpx:hr>
      </gpxtpx:TrackPointExtension>
     </extensions>
   </trkpt>
   <trkpt lat="-2.5785540" lon="-43.0972020">
    <ele>21.4</ele>
    <time>2026-06-16T19:10:10Z</time>
     <extensions>
      <gpxtpx:TrackPointExtension>
       <gpxtpx:hr>113</gpxtpx:hr>
      </gpxtpx:TrackPointExtension>
     </extensions>
   </trkpt>
   <trkpt lat="-2.5786010" lon="-43.0972180">
    <ele>22.2</ele>
    <time>2026-06-16T19:10:15Z</time>
     <extensions>
      <gpxtpx:TrackPointExtension>
       <gpxtpx:hr>117</gpxtpx:hr>
      </gpxtpx:TrackPointExtension>
     </extensions>
   </trkpt>
   <trkpt lat="-2.5786500" lon="-43.0972390">
    <ele>22.8</ele>
    <time>2026-06-16T19:10:20Z</time>
     <extensions>
      <gpxtpx:TrackPointExtension>
       <gpxtpx:hr>116</gpxtpx:hr>
      </gpxtpx:TrackPointExtension>
     </extensions>
   </trkpt>
   <trkpt lat="-2.5786890" lon="-43.0972610">
    <ele>23.4</ele>
    <time>2026-06-16T19:10:25Z</time>
     <extensions>
      <gpxtpx:TrackPointExtension>
       <gpxtpx:hr>117</gpxtpx:hr>
      </gpxtpx:TrackPointExtension>
     </extensions>
   </trkpt>
   <trkpt lat="-2.5787310" lon="-43.0972840">
    <ele>24.0</ele>
    <time>2026-06-16T19:10:30Z</time>
     <extensions>
      <gpxtpx:TrackPointExtension>
       <gpxtpx:hr>117</gpxtpx:hr>
      </gpxtpx:TrackPointExtension>
     </extensions>
   </trkpt>
   <trkpt lat="-2.5787730" lon="-43.0973130">
    <ele>24.4</ele>
    <time>2026-06-16T19:10:35Z</time>
     <extensions>
      <gpxtpx:TrackPointExtension>
       <gpxtpx:hr>124</gpxtpx:hr>
      </gpxtpx:TrackPointExtension>
     </extensions>
   </trkpt>
   <trkpt lat="-2.5788140" lon="-43.0973440">
    <ele>24.8</ele>
    <time>2026-06-16T19:10:40Z</time>
     <extensions>
      <gpxtpx:TrackPointExtension>
       <gpxtpx:hr>124</gpxtpx:hr>
      </gpxtpx:TrackPointExtension>
     </extensions>
   </trkpt>
   <trkpt lat="-2.5788370" lon="-43.0973860">
    <ele>25.0</ele>
    <time>2026-06-16T19:10:45Z</time>
     <extensions>
      <gpxtpx:TrackPointExtension>
       <gpxtpx:hr>125</gpxtpx:hr>
      </gpxtpx:TrackPointExtension>
     </extensions>
   </trkpt>
   <trkpt lat="-2.5788550" lon="-43.0974270">
    <ele>25.2</ele>
    <time>2026-06-16T19:10:50Z</time>
     <extensions>
      <gpxtpx:TrackPointExtension>
       <gpxtpx:hr>125</gpxtpx:hr>
      </gpxtpx:TrackPointExtension>
     </extensions>
   </trkpt>
   <trkpt lat="-2.5788700" lon="-43.0974580">
    <ele>25.4</ele>
    <time>2026-06-16T19:10:55Z</time>
     <extensions>
      <gpxtpx:TrackPointExtension>
       <gpxtpx:hr>129</gpxtpx:hr>
      </gpxtpx:TrackPointExtension>
     </extensions>
   </trkpt>
   <trkpt lat="-2.5788760" lon="-43.0975050">
    <ele>25.2</ele>
    <time>2026-06-16T19:11:00Z</time>
     <extensions>
      <gpxtpx:TrackPointExtension>
       <gpxtpx:hr>131</gpxtpx:hr>
      </gpxtpx:TrackPointExtension>
     </extensions>
   </trkpt>
   <trkpt lat="-2.5788850" lon="-43.0975390">
    <ele>25.0</ele>
    <time>2026-06-16T19:11:05Z</time>
     <extensions>
      <gpxtpx:TrackPointExtension>
       <gpxtpx:hr>131</gpxtpx:hr>
      </gpxtpx:TrackPointExtension>
     </extensions>
   </trkpt>
   <trkpt lat="-2.5788970" lon="-43.0975730">
    <ele>24.8</ele>
    <time>2026-06-16T19:11:10Z</time>
     <extensions>
      <gpxtpx:TrackPointExtension>
       <gpxtpx:hr>133</gpxtpx:hr>
      </gpxtpx:TrackPointExtension>
     </extensions>
   </trkpt>
   <trkpt lat="-2.5789050" lon="-43.0976080">
    <ele>24.4</ele>
    <time>2026-06-16T19:11:15Z</time>
     <extensions>
      <gpxtpx:TrackPointExtension>
       <gpxtpx:hr>132</gpxtpx:hr>
      </gpxtpx:TrackPointExtension>
     </extensions>
   </trkpt>
   <trkpt lat="-2.5789080" lon="-43.0976190">
    <ele>24.2</ele>
    <time>2026-06-16T19:11:20Z</time>
     <extensions>
      <gpxtpx:TrackPointExtension>
       <gpxtpx:hr>135</gpxtpx:hr>
      </gpxtpx:TrackPointExtension>
     </extensions>
   </trkpt>
   <trkpt lat="-2.5789100" lon="-43.0976250">
    <ele>23.8</ele>
    <time>2026-06-16T19:11:25Z</time>
     <extensions>
      <gpxtpx:TrackPointExtension>
       <gpxtpx:hr>133</gpxtpx:hr>
      </gpxtpx:TrackPointExtension>
     </extensions>
   </trkpt>
   <trkpt lat="-2.5789190" lon="-43.0976450">
    <ele>23.8</ele>
    <time>2026-06-16T19:11:30Z</time>
     <extensions>
      <gpxtpx:TrackPointExtension>
       <gpxtpx:hr>134</gpxtpx:hr>
      </gpxtpx:TrackPointExtension>
     </extensions>
   </trkpt>
   <trkpt lat="-2.5789190" lon="-43.0976580">
    <ele>23.6</ele>
    <time>2026-06-16T19:11:35Z</time>
     <extensions>
      <gpxtpx:TrackPointExtension>
       <gpxtpx:hr>137</gpxtpx:hr>
      </gpxtpx:TrackPointExtension>
     </extensions>
   </trkpt>
   <trkpt lat="-2.5789160" lon="-43.0976590">
    <ele>23.6</ele>
    <time>2026-06-16T19:11:40Z</time>
     <extensions>
      <gpxtpx:TrackPointExtension>
       <gpxtpx:hr>126</gpxtpx:hr>
      </gpxtpx:TrackPointExtension>
     </extensions>
   </trkpt>
   <trkpt lat="-2.5789150" lon="-43.0976600">
    <ele>23.6</ele>
    <time>2026-06-16T19:11:45Z</time>
     <extensions>
      <gpxtpx:TrackPointExtension>
       <gpxtpx:hr>132</gpxtpx:hr>
      </gpxtpx:TrackPointExtension>
     </extensions>
   </trkpt>
   <trkpt lat="-2.5789150" lon="-43.0976590">
    <ele>23.8</ele>
    <time>2026-06-16T19:11:50Z</time>
     <extensions>
      <gpxtpx:TrackPointExtension>
       <gpxtpx:hr>132</gpxtpx:hr>
      </gpxtpx:TrackPointExtension>
     </extensions>
   </trkpt>
   <trkpt lat="-2.5789170" lon="-43.0976580">
    <ele>23.8</ele>
    <time>2026-06-16T19:11:55Z</time>
     <extensions>
      <gpxtpx:TrackPointExtension>
       <gpxtpx:hr>120</gpxtpx:hr>
      </gpxtpx:TrackPointExtension>
     </extensions>
   </trkpt>
   <trkpt lat="-2.5789320" lon="-43.0976750">
    <ele>24.2</ele>
    <time>2026-06-16T19:12:00Z</time>
     <extensions>
      <gpxtpx:TrackPointExtension>
       <gpxtpx:hr>117</gpxtpx:hr>
      </gpxtpx:TrackPointExtension>
     </extensions>
   </trkpt>
   <trkpt lat="-2.5789390" lon="-43.0977220">
    <ele>24.4</ele>
    <time>2026-06-16T19:12:05Z</time>
     <extensions>
      <gpxtpx:TrackPointExtension>
       <gpxtpx:hr>114</gpxtpx:hr>
      </gpxtpx:TrackPointExtension>
     </extensions>
   </trkpt>
   <trkpt lat="-2.5789440" lon="-43.0977610">
    <ele>24.8</ele>
    <time>2026-06-16T19:12:10Z</time>
     <extensions>
      <gpxtpx:TrackPointExtension>
       <gpxtpx:hr>117</gpxtpx:hr>
      </gpxtpx:TrackPointExtension>
     </extensions>
   </trkpt>
   <trkpt lat="-2.5789570" lon="-43.0977910">
    <ele>25.0</ele>
    <time>2026-06-16T19:12:15Z</time>
     <extensions>
      <gpxtpx:TrackPointExtension>
       <gpxtpx:hr>117</gpxtpx:hr>
      </gpxtpx:TrackPointExtension>
     </extensions>
   </trkpt>
   <trkpt lat="-2.5789740" lon="-43.0978350">
    <ele>25.2</ele>
    <time>2026-06-16T19:12:20Z</time>
     <extensions>
      <gpxtpx:TrackPointExtension>
       <gpxtpx:hr>116</gpxtpx:hr>
      </gpxtpx:TrackPointExtension>
     </extensions>
   </trkpt>
   <trkpt lat="-2.5789800" lon="-43.0978710">
    <ele>25.6</ele>
    <time>2026-06-16T19:12:25Z</time>
     <extensions>
      <gpxtpx:TrackPointExtension>
       <gpxtpx:hr>121</gpxtpx:hr>
      </gpxtpx:TrackPointExtension>
     </extensions>
   </trkpt>
   <trkpt lat="-2.5789860" lon="-43.0979140">
    <ele>25.8</ele>
    <time>2026-06-16T19:12:30Z</time>
     <extensions>
      <gpxtpx:TrackPointExtension>
       <gpxtpx:hr>122</gpxtpx:hr>
      </gpxtpx:TrackPointExtension>
     </extensions>
   </trkpt>
   <trkpt lat="-2.5789930" lon="-43.0979560">
    <ele>25.8</ele>
    <time>2026-06-16T19:12:35Z</time>
     <extensions>
      <gpxtpx:TrackPointExtension>
       <gpxtpx:hr>121</gpxtpx:hr>
      </gpxtpx:TrackPointExtension>
     </extensions>
   </trkpt>
   <trkpt lat="-2.5790210" lon="-43.0979980">
    <ele>25.8</ele>
    <time>2026-06-16T19:12:40Z</time>
     <extensions>
      <gpxtpx:TrackPointExtension>
       <gpxtpx:hr>121</gpxtpx:hr>
      </gpxtpx:TrackPointExtension>
     </extensions>
   </trkpt>
   <trkpt lat="-2.5790510" lon="-43.0980290">
    <ele>25.8</ele>
    <time>2026-06-16T19:12:45Z</time>
     <extensions>
      <gpxtpx:TrackPointExtension>
       <gpxtpx:hr>124</gpxtpx:hr>
      </gpxtpx:TrackPointExtension>
     </extensions>
   </trkpt>
   <trkpt lat="-2.5790840" lon="-43.0980670">
    <ele>25.4</ele>
    <time>2026-06-16T19:12:50Z</time>
     <extensions>
      <gpxtpx:TrackPointExtension>
       <gpxtpx:hr>124</gpxtpx:hr>
      </gpxtpx:TrackPointExtension>
     </extensions>
   </trkpt>
   <trkpt lat="-2.5791180" lon="-43.0981100">
    <ele>25.2</ele>
    <time>2026-06-16T19:12:55Z</time>
     <extensions>
      <gpxtpx:TrackPointExtension>
       <gpxtpx:hr>122</gpxtpx:hr>
      </gpxtpx:TrackPointExtension>
     </extensions>
   </trkpt>
   <trkpt lat="-2.5791400" lon="-43.0981410">
    <ele>25.0</ele>
    <time>2026-06-16T19:13:00Z</time>
     <extensions>
      <gpxtpx:TrackPointExtension>
       <gpxtpx:hr>122</gpxtpx:hr>
      </gpxtpx:TrackPointExtension>
     </extensions>
   </trkpt>
   <trkpt lat="-2.5791660" lon="-43.0981750">
    <ele>24.8</ele>
    <time>2026-06-16T19:13:05Z</time>
     <extensions>
      <gpxtpx:TrackPointExtension>
       <gpxtpx:hr>119</gpxtpx:hr>
      </gpxtpx:TrackPointExtension>
     </extensions>
   </trkpt>
   <trkpt lat="-2.5791830" lon="-43.0982200">
    <ele>24.4</ele>
    <time>2026-06-16T19:13:10Z</time>
     <extensions>
      <gpxtpx:TrackPointExtension>
       <gpxtpx:hr>119</gpxtpx:hr>
      </gpxtpx:TrackPointExtension>
     </extensions>
   </trkpt>
   <trkpt lat="-2.5791990" lon="-43.0982590">
    <ele>24.2</ele>
    <time>2026-06-16T19:13:15Z</time>
     <extensions>
      <gpxtpx:TrackPointExtension>
       <gpxtpx:hr>119</gpxtpx:hr>
      </gpxtpx:TrackPointExtension>
     </extensions>
   </trkpt>
   <trkpt lat="-2.5792140" lon="-43.0983150">
    <ele>24.2</ele>
    <time>2026-06-16T19:13:20Z</time>
     <extensions>
      <gpxtpx:TrackPointExtension>
       <gpxtpx:hr>127</gpxtpx:hr>
      </gpxtpx:TrackPointExtension>
     </extensions>
   </trkpt>
   <trkpt lat="-2.5792270" lon="-43.0983540">
    <ele>24.4</ele>
    <time>2026-06-16T19:13:25Z</time>
     <extensions>
      <gpxtpx:TrackPointExtension>
       <gpxtpx:hr>124</gpxtpx:hr>
      </gpxtpx:TrackPointExtension>
     </extensions>
   </trkpt>
   <trkpt lat="-2.5792390" lon="-43.0984000">
    <ele>24.6</ele>
    <time>2026-06-16T19:13:30Z</time>
     <extensions>
      <gpxtpx:TrackPointExtension>
       <gpxtpx:hr>124</gpxtpx:hr>
      </gpxtpx:TrackPointExtension>
     </extensions>
   </trkpt>
   <trkpt lat="-2.5792550" lon="-43.0984520">
    <ele>24.8</ele>
    <time>2026-06-16T19:13:35Z</time>
     <extensions>
      <gpxtpx:TrackPointExtension>
       <gpxtpx:hr>123</gpxtpx:hr>
      </gpxtpx:TrackPointExtension>
     </extensions>
   </trkpt>
   <trkpt lat="-2.5792680" lon="-43.0984980">
    <ele>24.8</ele>
    <time>2026-06-16T19:13:40Z</time>
     <extensions>
      <gpxtpx:TrackPointExtension>
       <gpxtpx:hr>129</gpxtpx:hr>
      </gpxtpx:TrackPointExtension>
     </extensions>
   </trkpt>
   <trkpt lat="-2.5792810" lon="-43.0985480">
    <ele>25.0</ele>
    <time>2026-06-16T19:13:45Z</time>
     <extensions>
      <gpxtpx:TrackPointExtension>
       <gpxtpx:hr>129</gpxtpx:hr>
      </gpxtpx:TrackPointExtension>
     </extensions>
   </trkpt>
   <trkpt lat="-2.5792940" lon="-43.0985820">
    <ele>25.0</ele>
    <time>2026-06-16T19:13:50Z</time>
     <extensions>
      <gpxtpx:TrackPointExtension>
       <gpxtpx:hr>129</gpxtpx:hr>
      </gpxtpx:TrackPointExtension>
     </extensions>
   </trkpt>
   <trkpt lat="-2.5793140" lon="-43.0986240">
    <ele>25.0</ele>
    <time>2026-06-16T19:13:55Z</time>
     <extensions>
      <gpxtpx:TrackPointExtension>
       <gpxtpx:hr>131</gpxtpx:hr>
      </gpxtpx:TrackPointExtension>
     </extensions>
   </trkpt>
   <trkpt lat="-2.5793440" lon="-43.0986690">
    <ele>25.0</ele>
    <time>2026-06-16T19:14:00Z</time>
     <extensions>
      <gpxtpx:TrackPointExtension>
       <gpxtpx:hr>135</gpxtpx:hr>
      </gpxtpx:TrackPointExtension>
     </extensions>
   </trkpt>
   <trkpt lat="-2.5793690" lon="-43.0987100">
    <ele>25.2</ele>
    <time>2026-06-16T19:14:05Z</time>
     <extensions>
      <gpxtpx:TrackPointExtension>
       <gpxtpx:hr>134</gpxtpx:hr>
      </gpxtpx:TrackPointExtension>
     </extensions>
   </trkpt>
   <trkpt lat="-2.5793920" lon="-43.0987390">
    <ele>25.2</ele>
    <time>2026-06-16T19:14:10Z</time>
     <extensions>
      <gpxtpx:TrackPointExtension>
       <gpxtpx:hr>132</gpxtpx:hr>
      </gpxtpx:TrackPointExtension>
     </extensions>
   </trkpt>
   <trkpt lat="-2.5794270" lon="-43.0987760">
    <ele>25.4</ele>
    <time>2026-06-16T19:14:15Z</time>
     <extensions>
      <gpxtpx:TrackPointExtension>
       <gpxtpx:hr>134</gpxtpx:hr>
      </gpxtpx:TrackPointExtension>
     </extensions>
   </trkpt>
   <trkpt lat="-2.5794660" lon="-43.0988120">
    <ele>25.6</ele>
    <time>2026-06-16T19:14:20Z</time>
     <extensions>
      <gpxtpx:TrackPointExtension>
       <gpxtpx:hr>134</gpxtpx:hr>
      </gpxtpx:TrackPointExtension>
     </extensions>
   </trkpt>
   <trkpt lat="-2.5795020" lon="-43.0988380">
    <ele>25.6</ele>
    <time>2026-06-16T19:14:25Z</time>
     <extensions>
      <gpxtpx:TrackPointExtension>
       <gpxtpx:hr>134</gpxtpx:hr>
      </gpxtpx:TrackPointExtension>
     </extensions>
   </trkpt>
   <trkpt lat="-2.5795450" lon="-43.0988840">
    <ele>25.6</ele>
    <time>2026-06-16T19:14:30Z</time>
     <extensions>
      <gpxtpx:TrackPointExtension>
       <gpxtpx:hr>132</gpxtpx:hr>
      </gpxtpx:TrackPointExtension>
     </extensions>
   </trkpt>
   <trkpt lat="-2.5795930" lon="-43.0989150">
    <ele>25.6</ele>
    <time>2026-06-16T19:14:35Z</time>
     <extensions>
      <gpxtpx:TrackPointExtension>
       <gpxtpx:hr>132</gpxtpx:hr>
      </gpxtpx:TrackPointExtension>
     </extensions>
   </trkpt>
   <trkpt lat="-2.5796290" lon="-43.0989570">
    <ele>25.6</ele>
    <time>2026-06-16T19:14:40Z</time>
     <extensions>
      <gpxtpx:TrackPointExtension>
       <gpxtpx:hr>125</gpxtpx:hr>
      </gpxtpx:TrackPointExtension>
     </extensions>
   </trkpt>
   <trkpt lat="-2.5796530" lon="-43.0990080">
    <ele>25.6</ele>
    <time>2026-06-16T19:14:45Z</time>
     <extensions>
      <gpxtpx:TrackPointExtension>
       <gpxtpx:hr>125</gpxtpx:hr>
      </gpxtpx:TrackPointExtension>
     </extensions>
   </trkpt>
   <trkpt lat="-2.5796630" lon="-43.0990700">
    <ele>25.6</ele>
    <time>2026-06-16T19:14:50Z</time>
     <extensions>
      <gpxtpx:TrackPointExtension>
       <gpxtpx:hr>126</gpxtpx:hr>
      </gpxtpx:TrackPointExtension>
     </extensions>
   </trkpt>
   <trkpt lat="-2.5796720" lon="-43.0991240">
    <ele>25.6</ele>
    <time>2026-06-16T19:14:55Z</time>
     <extensions>
      <gpxtpx:TrackPointExtension>
       <gpxtpx:hr>126</gpxtpx:hr>
      </gpxtpx:TrackPointExtension>
     </extensions>
   </trkpt>
   <trkpt lat="-2.5796880" lon="-43.0991780">
    <ele>25.6</ele>
    <time>2026-06-16T19:15:00Z</time>
     <extensions>
      <gpxtpx:TrackPointExtension>
       <gpxtpx:hr>125</gpxtpx:hr>
      </gpxtpx:TrackPointExtension>
     </extensions>
   </trkpt>
   <trkpt lat="-2.5796920" lon="-43.0992400">
    <ele>25.6</ele>
    <time>2026-06-16T19:15:05Z</time>
     <extensions>
      <gpxtpx:TrackPointExtension>
       <gpxtpx:hr>125</gpxtpx:hr>
      </gpxtpx:TrackPointExtension>
     </extensions>
   </trkpt>
   <trkpt lat="-2.5796890" lon="-43.0993020">
    <ele>25.6</ele>
    <time>2026-06-16T19:15:10Z</time>
     <extensions>
      <gpxtpx:TrackPointExtension>
       <gpxtpx:hr>125</gpxtpx:hr>
      </gpxtpx:TrackPointExtension>
     </extensions>
   </trkpt>
   <trkpt lat="-2.5796960" lon="-43.0993520">
    <ele>25.6</ele>
    <time>2026-06-16T19:15:15Z</time>
     <extensions>
      <gpxtpx:TrackPointExtension>
       <gpxtpx:hr>125</gpxtpx:hr>
      </gpxtpx:TrackPointExtension>
     </extensions>
   </trkpt>
   <trkpt lat="-2.5796940" lon="-43.0994080">
    <ele>25.6</ele>
    <time>2026-06-16T19:15:20Z</time>
     <extensions>
      <gpxtpx:TrackPointExtension>
       <gpxtpx:hr>122</gpxtpx:hr>
      </gpxtpx:TrackPointExtension>
     </extensions>
   </trkpt>
   <trkpt lat="-2.5796880" lon="-43.0994670">
    <ele>25.6</ele>
    <time>2026-06-16T19:15:25Z</time>
     <extensions>
      <gpxtpx:TrackPointExtension>
       <gpxtpx:hr>118</gpxtpx:hr>
      </gpxtpx:TrackPointExtension>
     </extensions>
   </trkpt>
   <trkpt lat="-2.5796900" lon="-43.0995180">
    <ele>25.6</ele>
    <time>2026-06-16T19:15:30Z</time>
     <extensions>
      <gpxtpx:TrackPointExtension>
       <gpxtpx:hr>118</gpxtpx:hr>
      </gpxtpx:TrackPointExtension>
     </extensions>
   </trkpt>
   <trkpt lat="-2.5796960" lon="-43.0995580">
    <ele>25.6</ele>
    <time>2026-06-16T19:15:35Z</time>
     <extensions>
      <gpxtpx:TrackPointExtension>
       <gpxtpx:hr>120</gpxtpx:hr>
      </gpxtpx:TrackPointExtension>
     </extensions>
   </trkpt>
   <trkpt lat="-2.5796980" lon="-43.0996070">
    <ele>25.4</ele>
    <time>2026-06-16T19:15:40Z</time>
     <extensions>
      <gpxtpx:TrackPointExtension>
       <gpxtpx:hr>120</gpxtpx:hr>
      </gpxtpx:TrackPointExtension>
     </extensions>
   </trkpt>
   <trkpt lat="-2.5796890" lon="-43.0996590">
    <ele>25.4</ele>
    <time>2026-06-16T19:15:45Z</time>
     <extensions>
      <gpxtpx:TrackPointExtension>
       <gpxtpx:hr>119</gpxtpx:hr>
      </gpxtpx:TrackPointExtension>
     </extensions>
   </trkpt>
   <trkpt lat="-2.5796970" lon="-43.0997090">
    <ele>25.4</ele>
    <time>2026-06-16T19:15:50Z</time>
     <extensions>
      <gpxtpx:TrackPointExtension>
       <gpxtpx:hr>119</gpxtpx:hr>
      </gpxtpx:TrackPointExtension>
     </extensions>
   </trkpt>
   <trkpt lat="-2.5797330" lon="-43.0997520">
    <ele>25.4</ele>
    <time>2026-06-16T19:15:55Z</time>
     <extensions>
      <gpxtpx:TrackPointExtension>
       <gpxtpx:hr>118</gpxtpx:hr>
      </gpxtpx:TrackPointExtension>
     </extensions>
   </trkpt>
   <trkpt lat="-2.5797810" lon="-43.0997900">
    <ele>25.2</ele>
    <time>2026-06-16T19:16:00Z</time>
     <extensions>
      <gpxtpx:TrackPointExtension>
       <gpxtpx:hr>118</gpxtpx:hr>
      </gpxtpx:TrackPointExtension>
     </extensions>
   </trkpt>
   <trkpt lat="-2.5798220" lon="-43.0998320">
    <ele>25.2</ele>
    <time>2026-06-16T19:16:05Z</time>
     <extensions>
      <gpxtpx:TrackPointExtension>
       <gpxtpx:hr>115</gpxtpx:hr>
      </gpxtpx:TrackPointExtension>
     </extensions>
   </trkpt>
   <trkpt lat="-2.5798420" lon="-43.0998830">
    <ele>25.0</ele>
    <time>2026-06-16T19:16:10Z</time>
     <extensions>
      <gpxtpx:TrackPointExtension>
       <gpxtpx:hr>115</gpxtpx:hr>
      </gpxtpx:TrackPointExtension>
     </extensions>
   </trkpt>
   <trkpt lat="-2.5798610" lon="-43.0999340">
    <ele>24.8</ele>
    <time>2026-06-16T19:16:15Z</time>
     <extensions>
      <gpxtpx:TrackPointExtension>
       <gpxtpx:hr>121</gpxtpx:hr>
      </gpxtpx:TrackPointExtension>
     </extensions>
   </trkpt>
   <trkpt lat="-2.5798750" lon="-43.0999820">
    <ele>24.6</ele>
    <time>2026-06-16T19:16:20Z</time>
     <extensions>
      <gpxtpx:TrackPointExtension>
       <gpxtpx:hr>125</gpxtpx:hr>
      </gpxtpx:TrackPointExtension>
     </extensions>
   </trkpt>
   <trkpt lat="-2.5798820" lon="-43.1000350">
    <ele>24.6</ele>
    <time>2026-06-16T19:16:25Z</time>
     <extensions>
      <gpxtpx:TrackPointExtension>
       <gpxtpx:hr>125</gpxtpx:hr>
      </gpxtpx:TrackPointExtension>
     </extensions>
   </trkpt>
   <trkpt lat="-2.5798760" lon="-43.1000840">
    <ele>24.8</ele>
    <time>2026-06-16T19:16:30Z</time>
     <extensions>
      <gpxtpx:TrackPointExtension>
       <gpxtpx:hr>120</gpxtpx:hr>
      </gpxtpx:TrackPointExtension>
     </extensions>
   </trkpt>
   <trkpt lat="-2.5798570" lon="-43.1001290">
    <ele>24.8</ele>
    <time>2026-06-16T19:16:35Z</time>
     <extensions>
      <gpxtpx:TrackPointExtension>
       <gpxtpx:hr>129</gpxtpx:hr>
      </gpxtpx:TrackPointExtension>
     </extensions>
   </trkpt>
   <trkpt lat="-2.5798380" lon="-43.1001710">
    <ele>25.0</ele>
    <time>2026-06-16T19:16:40Z</time>
     <extensions>
      <gpxtpx:TrackPointExtension>
       <gpxtpx:hr>138</gpxtpx:hr>
      </gpxtpx:TrackPointExtension>
     </extensions>
   </trkpt>
   <trkpt lat="-2.5798340" lon="-43.1002170">
    <ele>25.2</ele>
    <time>2026-06-16T19:16:45Z</time>
     <extensions>
      <gpxtpx:TrackPointExtension>
       <gpxtpx:hr>138</gpxtpx:hr>
      </gpxtpx:TrackPointExtension>
     </extensions>
   </trkpt>
   <trkpt lat="-2.5798510" lon="-43.1002620">
    <ele>25.2</ele>
    <time>2026-06-16T19:16:50Z</time>
     <extensions>
      <gpxtpx:TrackPointExtension>
       <gpxtpx:hr>146</gpxtpx:hr>
      </gpxtpx:TrackPointExtension>
     </extensions>
   </trkpt>
   <trkpt lat="-2.5798800" lon="-43.1003010">
    <ele>25.4</ele>
    <time>2026-06-16T19:16:55Z</time>
     <extensions>
      <gpxtpx:TrackPointExtension>
       <gpxtpx:hr>149</gpxtpx:hr>
      </gpxtpx:TrackPointExtension>
     </extensions>
   </trkpt>
   <trkpt lat="-2.5799050" lon="-43.1003480">
    <ele>25.4</ele>
    <time>2026-06-16T19:17:00Z</time>
     <extensions>
      <gpxtpx:TrackPointExtension>
       <gpxtpx:hr>147</gpxtpx:hr>
      </gpxtpx:TrackPointExtension>
     </extensions>
   </trkpt>
   <trkpt lat="-2.5799250" lon="-43.1003940">
    <ele>25.2</ele>
    <time>2026-06-16T19:17:05Z</time>
     <extensions>
      <gpxtpx:TrackPointExtension>
       <gpxtpx:hr>147</gpxtpx:hr>
      </gpxtpx:TrackPointExtension>
     </extensions>
   </trkpt>
   <trkpt lat="-2.5799510" lon="-43.1004370">
    <ele>25.2</ele>
    <time>2026-06-16T19:17:10Z</time>
     <extensions>
      <gpxtpx:TrackPointExtension>
       <gpxtpx:hr>147</gpxtpx:hr>
      </gpxtpx:TrackPointExtension>
     </extensions>
   </trkpt>
   <trkpt lat="-2.5799720" lon="-43.1004850">
    <ele>25.0</ele>
    <time>2026-06-16T19:17:15Z</time>
     <extensions>
      <gpxtpx:TrackPointExtension>
       <gpxtpx:hr>143</gpxtpx:hr>
      </gpxtpx:TrackPointExtension>
     </extensions>
   </trkpt>
   <trkpt lat="-2.5799950" lon="-43.1005300">
    <ele>25.0</ele>
    <time>2026-06-16T19:17:20Z</time>
     <extensions>
      <gpxtpx:TrackPointExtension>
       <gpxtpx:hr>143</gpxtpx:hr>
      </gpxtpx:TrackPointExtension>
     </extensions>
   </trkpt>
   <trkpt lat="-2.5800230" lon="-43.1005730">
    <ele>25.0</ele>
    <time>2026-06-16T19:17:25Z</time>
     <extensions>
      <gpxtpx:TrackPointExtension>
       <gpxtpx:hr>139</gpxtpx:hr>
      </gpxtpx:TrackPointExtension>
     </extensions>
   </trkpt>
   <trkpt lat="-2.5800480" lon="-43.1006190">
    <ele>25.0</ele>
    <time>2026-06-16T19:17:30Z</time>
     <extensions>
      <gpxtpx:TrackPointExtension>
       <gpxtpx:hr>139</gpxtpx:hr>
      </gpxtpx:TrackPointExtension>
     </extensions>
   </trkpt>
   <trkpt lat="-2.5800700" lon="-43.1006610">
    <ele>25.2</ele>
    <time>2026-06-16T19:17:35Z</time>
     <extensions>
      <gpxtpx:TrackPointExtension>
       <gpxtpx:hr>136</gpxtpx:hr>
      </gpxtpx:TrackPointExtension>
     </extensions>
   </trkpt>
   <trkpt lat="-2.5800930" lon="-43.1007040">
    <ele>25.4</ele>
    <time>2026-06-16T19:17:40Z</time>
     <extensions>
      <gpxtpx:TrackPointExtension>
       <gpxtpx:hr>135</gpxtpx:hr>
      </gpxtpx:TrackPointExtension>
     </extensions>
   </trkpt>
   <trkpt lat="-2.5801140" lon="-43.1007370">
    <ele>25.4</ele>
    <time>2026-06-16T19:17:45Z</time>
     <extensions>
      <gpxtpx:TrackPointExtension>
       <gpxtpx:hr>139</gpxtpx:hr>
      </gpxtpx:TrackPointExtension>
     </extensions>
   </trkpt>
   <trkpt lat="-2.5801260" lon="-43.1007840">
    <ele>25.4</ele>
    <time>2026-06-16T19:17:50Z</time>
     <extensions>
      <gpxtpx:TrackPointExtension>
       <gpxtpx:hr>139</gpxtpx:hr>
      </gpxtpx:TrackPointExtension>
     </extensions>
   </trkpt>
   <trkpt lat="-2.5800940" lon="-43.1008530">
    <ele>25.4</ele>
    <time>2026-06-16T19:17:55Z</time>
     <extensions>
      <gpxtpx:TrackPointExtension>
       <gpxtpx:hr>136</gpxtpx:hr>
      </gpxtpx:TrackPointExtension>
     </extensions>
   </trkpt>
   <trkpt lat="-2.5800530" lon="-43.1009040">
    <ele>25.4</ele>
    <time>2026-06-16T19:18:01Z</time>
     <extensions>
      <gpxtpx:TrackPointExtension>
       <gpxtpx:hr>136</gpxtpx:hr>
      </gpxtpx:TrackPointExtension>
     </extensions>
   </trkpt>
   <trkpt lat="-2.5800190" lon="-43.1009570">
    <ele>25.2</ele>
    <time>2026-06-16T19:18:06Z</time>
     <extensions>
      <gpxtpx:TrackPointExtension>
       <gpxtpx:hr>134</gpxtpx:hr>
      </gpxtpx:TrackPointExtension>
     </extensions>
   </trkpt>
   <trkpt lat="-2.5799860" lon="-43.1010160">
    <ele>24.8</ele>
    <time>2026-06-16T19:18:11Z</time>
     <extensions>
      <gpxtpx:TrackPointExtension>
       <gpxtpx:hr>135</gpxtpx:hr>
      </gpxtpx:TrackPointExtension>
     </extensions>
   </trkpt>
   <trkpt lat="-2.5799430" lon="-43.1010460">
    <ele>24.4</ele>
    <time>2026-06-16T19:18:16Z</time>
     <extensions>
      <gpxtpx:TrackPointExtension>
       <gpxtpx:hr>135</gpxtpx:hr>
      </gpxtpx:TrackPointExtension>
     </extensions>
   </trkpt>
   <trkpt lat="-2.5798920" lon="-43.1010780">
    <ele>24.0</ele>
    <time>2026-06-16T19:18:21Z</time>
     <extensions>
      <gpxtpx:TrackPointExtension>
       <gpxtpx:hr>127</gpxtpx:hr>
      </gpxtpx:TrackPointExtension>
     </extensions>
   </trkpt>
   <trkpt lat="-2.5798500" lon="-43.1011220">
    <ele>23.8</ele>
    <time>2026-06-16T19:18:26Z</time>
     <extensions>
      <gpxtpx:TrackPointExtension>
       <gpxtpx:hr>127</gpxtpx:hr>
      </gpxtpx:TrackPointExtension>
     </extensions>
   </trkpt>
   <trkpt lat="-2.5798050" lon="-43.1011520">
    <ele>23.6</ele>
    <time>2026-06-16T19:18:31Z</time>
     <extensions>
      <gpxtpx:TrackPointExtension>
       <gpxtpx:hr>127</gpxtpx:hr>
      </gpxtpx:TrackPointExtension>
     </extensions>
   </trkpt>
   <trkpt lat="-2.5797570" lon="-43.1011710">
    <ele>23.6</ele>
    <time>2026-06-16T19:18:36Z</time>
     <extensions>
      <gpxtpx:TrackPointExtension>
       <gpxtpx:hr>127</gpxtpx:hr>
      </gpxtpx:TrackPointExtension>
     </extensions>
   </trkpt>
   <trkpt lat="-2.5797040" lon="-43.1011760">
    <ele>23.8</ele>
    <time>2026-06-16T19:18:41Z</time>
     <extensions>
      <gpxtpx:TrackPointExtension>
       <gpxtpx:hr>122</gpxtpx:hr>
      </gpxtpx:TrackPointExtension>
     </extensions>
   </trkpt>
   <trkpt lat="-2.5796620" lon="-43.1011760">
    <ele>24.2</ele>
    <time>2026-06-16T19:18:46Z</time>
     <extensions>
      <gpxtpx:TrackPointExtension>
       <gpxtpx:hr>123</gpxtpx:hr>
      </gpxtpx:TrackPointExtension>
     </extensions>
   </trkpt>
   <trkpt lat="-2.5796100" lon="-43.1011810">
    <ele>24.6</ele>
    <time>2026-06-16T19:18:51Z</time>
     <extensions>
      <gpxtpx:TrackPointExtension>
       <gpxtpx:hr>124</gpxtpx:hr>
      </gpxtpx:TrackPointExtension>
     </extensions>
   </trkpt>
   <trkpt lat="-2.5795640" lon="-43.1011960">
    <ele>25.0</ele>
    <time>2026-06-16T19:18:56Z</time>
     <extensions>
      <gpxtpx:TrackPointExtension>
       <gpxtpx:hr>126</gpxtpx:hr>
      </gpxtpx:TrackPointExtension>
     </extensions>
   </trkpt>
   <trkpt lat="-2.5795420" lon="-43.1012120">
    <ele>25.4</ele>
    <time>2026-06-16T19:19:01Z</time>
     <extensions>
      <gpxtpx:TrackPointExtension>
       <gpxtpx:hr>127</gpxtpx:hr>
      </gpxtpx:TrackPointExtension>
     </extensions>
   </trkpt>
   <trkpt lat="-2.5795170" lon="-43.1012400">
    <ele>25.6</ele>
    <time>2026-06-16T19:19:06Z</time>
     <extensions>
      <gpxtpx:TrackPointExtension>
       <gpxtpx:hr>124</gpxtpx:hr>
      </gpxtpx:TrackPointExtension>
     </extensions>
   </trkpt>
   <trkpt lat="-2.5795000" lon="-43.1012740">
    <ele>26.0</ele>
    <time>2026-06-16T19:19:11Z</time>
     <extensions>
      <gpxtpx:TrackPointExtension>
       <gpxtpx:hr>130</gpxtpx:hr>
      </gpxtpx:TrackPointExtension>
     </extensions>
   </trkpt>
   <trkpt lat="-2.5794870" lon="-43.1013070">
    <ele>26.0</ele>
    <time>2026-06-16T19:19:16Z</time>
     <extensions>
      <gpxtpx:TrackPointExtension>
       <gpxtpx:hr>130</gpxtpx:hr>
      </gpxtpx:TrackPointExtension>
     </extensions>
   </trkpt>
   <trkpt lat="-2.5795180" lon="-43.1013440">
    <ele>25.8</ele>
    <time>2026-06-16T19:19:21Z</time>
     <extensions>
      <gpxtpx:TrackPointExtension>
       <gpxtpx:hr>135</gpxtpx:hr>
      </gpxtpx:TrackPointExtension>
     </extensions>
   </trkpt>
   <trkpt lat="-2.5795480" lon="-43.1013810">
    <ele>25.6</ele>
    <time>2026-06-16T19:19:26Z</time>
     <extensions>
      <gpxtpx:TrackPointExtension>
       <gpxtpx:hr>138</gpxtpx:hr>
      </gpxtpx:TrackPointExtension>
     </extensions>
   </trkpt>
   <trkpt lat="-2.5795830" lon="-43.1014100">
    <ele>25.4</ele>
    <time>2026-06-16T19:19:31Z</time>
     <extensions>
      <gpxtpx:TrackPointExtension>
       <gpxtpx:hr>139</gpxtpx:hr>
      </gpxtpx:TrackPointExtension>
     </extensions>
   </trkpt>
   <trkpt lat="-2.5796180" lon="-43.1014510">
    <ele>25.2</ele>
    <time>2026-06-16T19:19:36Z</time>
     <extensions>
      <gpxtpx:TrackPointExtension>
       <gpxtpx:hr>139</gpxtpx:hr>
      </gpxtpx:TrackPointExtension>
     </extensions>
   </trkpt>
   <trkpt lat="-2.5796550" lon="-43.1014930">
    <ele>25.0</ele>
    <time>2026-06-16T19:19:41Z</time>
     <extensions>
      <gpxtpx:TrackPointExtension>
       <gpxtpx:hr>134</gpxtpx:hr>
      </gpxtpx:TrackPointExtension>
     </extensions>
   </trkpt>
   <trkpt lat="-2.5796870" lon="-43.1015450">
    <ele>24.8</ele>
    <time>2026-06-16T19:19:46Z</time>
     <extensions>
      <gpxtpx:TrackPointExtension>
       <gpxtpx:hr>130</gpxtpx:hr>
      </gpxtpx:TrackPointExtension>
     </extensions>
   </trkpt>
   <trkpt lat="-2.5797280" lon="-43.1015850">
    <ele>24.8</ele>
    <time>2026-06-16T19:19:51Z</time>
     <extensions>
      <gpxtpx:TrackPointExtension>
       <gpxtpx:hr>132</gpxtpx:hr>
      </gpxtpx:TrackPointExtension>
     </extensions>
   </trkpt>
   <trkpt lat="-2.5797750" lon="-43.1016190">
    <ele>24.6</ele>
    <time>2026-06-16T19:19:57Z</time>
     <extensions>
      <gpxtpx:TrackPointExtension>
       <gpxtpx:hr>132</gpxtpx:hr>
      </gpxtpx:TrackPointExtension>
     </extensions>
   </trkpt>
   <trkpt lat="-2.5798150" lon="-43.1016560">
    <ele>24.8</ele>
    <time>2026-06-16T19:20:02Z</time>
     <extensions>
      <gpxtpx:TrackPointExtension>
       <gpxtpx:hr>128</gpxtpx:hr>
      </gpxtpx:TrackPointExtension>
     </extensions>
   </trkpt>
   <trkpt lat="-2.5798500" lon="-43.1016920">
    <ele>24.8</ele>
    <time>2026-06-16T19:20:07Z</time>
     <extensions>
      <gpxtpx:TrackPointExtension>
       <gpxtpx:hr>124</gpxtpx:hr>
      </gpxtpx:TrackPointExtension>
     </extensions>
   </trkpt>
   <trkpt lat="-2.5798880" lon="-43.1017140">
    <ele>24.6</ele>
    <time>2026-06-16T19:20:12Z</time>
     <extensions>
      <gpxtpx:TrackPointExtension>
       <gpxtpx:hr>124</gpxtpx:hr>
      </gpxtpx:TrackPointExtension>
     </extensions>
   </trkpt>
   <trkpt lat="-2.5799230" lon="-43.1017330">
    <ele>24.4</ele>
    <time>2026-06-16T19:20:17Z</time>
     <extensions>
      <gpxtpx:TrackPointExtension>
       <gpxtpx:hr>124</gpxtpx:hr>
      </gpxtpx:TrackPointExtension>
     </extensions>
   </trkpt>
   <trkpt lat="-2.5799600" lon="-43.1017540">
    <ele>24.2</ele>
    <time>2026-06-16T19:20:22Z</time>
     <extensions>
      <gpxtpx:TrackPointExtension>
       <gpxtpx:hr>124</gpxtpx:hr>
      </gpxtpx:TrackPointExtension>
     </extensions>
   </trkpt>
   <trkpt lat="-2.5799630" lon="-43.1017860">
    <ele>24.0</ele>
    <time>2026-06-16T19:20:27Z</time>
     <extensions>
      <gpxtpx:TrackPointExtension>
       <gpxtpx:hr>124</gpxtpx:hr>
      </gpxtpx:TrackPointExtension>
     </extensions>
   </trkpt>
   <trkpt lat="-2.5799720" lon="-43.1018280">
    <ele>24.0</ele>
    <time>2026-06-16T19:20:32Z</time>
     <extensions>
      <gpxtpx:TrackPointExtension>
       <gpxtpx:hr>124</gpxtpx:hr>
      </gpxtpx:TrackPointExtension>
     </extensions>
   </trkpt>
   <trkpt lat="-2.5799810" lon="-43.1018750">
    <ele>23.8</ele>
    <time>2026-06-16T19:20:37Z</time>
     <extensions>
      <gpxtpx:TrackPointExtension>
       <gpxtpx:hr>131</gpxtpx:hr>
      </gpxtpx:TrackPointExtension>
     </extensions>
   </trkpt>
   <trkpt lat="-2.5799760" lon="-43.1019170">
    <ele>23.8</ele>
    <time>2026-06-16T19:20:42Z</time>
     <extensions>
      <gpxtpx:TrackPointExtension>
       <gpxtpx:hr>131</gpxtpx:hr>
      </gpxtpx:TrackPointExtension>
     </extensions>
   </trkpt>
   <trkpt lat="-2.5799900" lon="-43.1019520">
    <ele>24.0</ele>
    <time>2026-06-16T19:20:47Z</time>
     <extensions>
      <gpxtpx:TrackPointExtension>
       <gpxtpx:hr>134</gpxtpx:hr>
      </gpxtpx:TrackPointExtension>
     </extensions>
   </trkpt>
   <trkpt lat="-2.5800210" lon="-43.1019950">
    <ele>24.2</ele>
    <time>2026-06-16T19:20:52Z</time>
     <extensions>
      <gpxtpx:TrackPointExtension>
       <gpxtpx:hr>138</gpxtpx:hr>
      </gpxtpx:TrackPointExtension>
     </extensions>
   </trkpt>
   <trkpt lat="-2.5800470" lon="-43.1020330">
    <ele>24.2</ele>
    <time>2026-06-16T19:20:57Z</time>
     <extensions>
      <gpxtpx:TrackPointExtension>
       <gpxtpx:hr>141</gpxtpx:hr>
      </gpxtpx:TrackPointExtension>
     </extensions>
   </trkpt>
   <trkpt lat="-2.5800800" lon="-43.1020840">
    <ele>24.2</ele>
    <time>2026-06-16T19:21:02Z</time>
     <extensions>
      <gpxtpx:TrackPointExtension>
       <gpxtpx:hr>141</gpxtpx:hr>
      </gpxtpx:TrackPointExtension>
     </extensions>
   </trkpt>
   <trkpt lat="-2.5801190" lon="-43.1021260">
    <ele>24.4</ele>
    <time>2026-06-16T19:21:07Z</time>
     <extensions>
      <gpxtpx:TrackPointExtension>
       <gpxtpx:hr>143</gpxtpx:hr>
      </gpxtpx:TrackPointExtension>
     </extensions>
   </trkpt>
   <trkpt lat="-2.5801590" lon="-43.1021610">
    <ele>24.4</ele>
    <time>2026-06-16T19:21:12Z</time>
     <extensions>
      <gpxtpx:TrackPointExtension>
       <gpxtpx:hr>140</gpxtpx:hr>
      </gpxtpx:TrackPointExtension>
     </extensions>
   </trkpt>
   <trkpt lat="-2.5802000" lon="-43.1021870">
    <ele>24.6</ele>
    <time>2026-06-16T19:21:17Z</time>
     <extensions>
      <gpxtpx:TrackPointExtension>
       <gpxtpx:hr>136</gpxtpx:hr>
      </gpxtpx:TrackPointExtension>
     </extensions>
   </trkpt>
   <trkpt lat="-2.5802430" lon="-43.1022130">
    <ele>24.8</ele>
    <time>2026-06-16T19:21:22Z</time>
     <extensions>
      <gpxtpx:TrackPointExtension>
       <gpxtpx:hr>132</gpxtpx:hr>
      </gpxtpx:TrackPointExtension>
     </extensions>
   </trkpt>
   <trkpt lat="-2.5802730" lon="-43.1022420">
    <ele>25.0</ele>
    <time>2026-06-16T19:21:27Z</time>
     <extensions>
      <gpxtpx:TrackPointExtension>
       <gpxtpx:hr>132</gpxtpx:hr>
      </gpxtpx:TrackPointExtension>
     </extensions>
   </trkpt>
   <trkpt lat="-2.5803020" lon="-43.1022820">
    <ele>25.4</ele>
    <time>2026-06-16T19:21:32Z</time>
     <extensions>
      <gpxtpx:TrackPointExtension>
       <gpxtpx:hr>125</gpxtpx:hr>
      </gpxtpx:TrackPointExtension>
     </extensions>
   </trkpt>
   <trkpt lat="-2.5803240" lon="-43.1023350">
    <ele>25.6</ele>
    <time>2026-06-16T19:21:37Z</time>
     <extensions>
      <gpxtpx:TrackPointExtension>
       <gpxtpx:hr>125</gpxtpx:hr>
      </gpxtpx:TrackPointExtension>
     </extensions>
   </trkpt>
   <trkpt lat="-2.5803590" lon="-43.1023760">
    <ele>25.8</ele>
    <time>2026-06-16T19:21:42Z</time>
     <extensions>
      <gpxtpx:TrackPointExtension>
       <gpxtpx:hr>125</gpxtpx:hr>
      </gpxtpx:TrackPointExtension>
     </extensions>
   </trkpt>
   <trkpt lat="-2.5803940" lon="-43.1024180">
    <ele>25.6</ele>
    <time>2026-06-16T19:21:47Z</time>
     <extensions>
      <gpxtpx:TrackPointExtension>
       <gpxtpx:hr>125</gpxtpx:hr>
      </gpxtpx:TrackPointExtension>
     </extensions>
   </trkpt>
   <trkpt lat="-2.5804380" lon="-43.1024490">
    <ele>25.4</ele>
    <time>2026-06-16T19:21:52Z</time>
     <extensions>
      <gpxtpx:TrackPointExtension>
       <gpxtpx:hr>125</gpxtpx:hr>
      </gpxtpx:TrackPointExtension>
     </extensions>
   </trkpt>
   <trkpt lat="-2.5804770" lon="-43.1024670">
    <ele>25.2</ele>
    <time>2026-06-16T19:21:57Z</time>
     <extensions>
      <gpxtpx:TrackPointExtension>
       <gpxtpx:hr>121</gpxtpx:hr>
      </gpxtpx:TrackPointExtension>
     </extensions>
   </trkpt>
   <trkpt lat="-2.5805290" lon="-43.1024800">
    <ele>25.2</ele>
    <time>2026-06-16T19:22:02Z</time>
     <extensions>
      <gpxtpx:TrackPointExtension>
       <gpxtpx:hr>121</gpxtpx:hr>
      </gpxtpx:TrackPointExtension>
     </extensions>
   </trkpt>
   <trkpt lat="-2.5805880" lon="-43.1025030">
    <ele>25.2</ele>
    <time>2026-06-16T19:22:07Z</time>
     <extensions>
      <gpxtpx:TrackPointExtension>
       <gpxtpx:hr>121</gpxtpx:hr>
      </gpxtpx:TrackPointExtension>
     </extensions>
   </trkpt>
   <trkpt lat="-2.5806430" lon="-43.1025240">
    <ele>25.4</ele>
    <time>2026-06-16T19:22:12Z</time>
     <extensions>
      <gpxtpx:TrackPointExtension>
       <gpxtpx:hr>133</gpxtpx:hr>
      </gpxtpx:TrackPointExtension>
     </extensions>
   </trkpt>
   <trkpt lat="-2.5806860" lon="-43.1025340">
    <ele>25.6</ele>
    <time>2026-06-16T19:22:17Z</time>
     <extensions>
      <gpxtpx:TrackPointExtension>
       <gpxtpx:hr>136</gpxtpx:hr>
      </gpxtpx:TrackPointExtension>
     </extensions>
   </trkpt>
   <trkpt lat="-2.5807340" lon="-43.1025530">
    <ele>25.4</ele>
    <time>2026-06-16T19:22:22Z</time>
     <extensions>
      <gpxtpx:TrackPointExtension>
       <gpxtpx:hr>136</gpxtpx:hr>
      </gpxtpx:TrackPointExtension>
     </extensions>
   </trkpt>
   <trkpt lat="-2.5807880" lon="-43.1025850">
    <ele>25.4</ele>
    <time>2026-06-16T19:22:27Z</time>
     <extensions>
      <gpxtpx:TrackPointExtension>
       <gpxtpx:hr>137</gpxtpx:hr>
      </gpxtpx:TrackPointExtension>
     </extensions>
   </trkpt>
   <trkpt lat="-2.5808130" lon="-43.1026390">
    <ele>25.4</ele>
    <time>2026-06-16T19:22:32Z</time>
     <extensions>
      <gpxtpx:TrackPointExtension>
       <gpxtpx:hr>134</gpxtpx:hr>
      </gpxtpx:TrackPointExtension>
     </extensions>
   </trkpt>
   <trkpt lat="-2.5808290" lon="-43.1026850">
    <ele>25.6</ele>
    <time>2026-06-16T19:22:37Z</time>
     <extensions>
      <gpxtpx:TrackPointExtension>
       <gpxtpx:hr>134</gpxtpx:hr>
      </gpxtpx:TrackPointExtension>
     </extensions>
   </trkpt>
   <trkpt lat="-2.5808370" lon="-43.1027380">
    <ele>25.6</ele>
    <time>2026-06-16T19:22:42Z</time>
     <extensions>
      <gpxtpx:TrackPointExtension>
       <gpxtpx:hr>134</gpxtpx:hr>
      </gpxtpx:TrackPointExtension>
     </extensions>
   </trkpt>
   <trkpt lat="-2.5808660" lon="-43.1027830">
    <ele>26.0</ele>
    <time>2026-06-16T19:22:47Z</time>
     <extensions>
      <gpxtpx:TrackPointExtension>
       <gpxtpx:hr>134</gpxtpx:hr>
      </gpxtpx:TrackPointExtension>
     </extensions>
   </trkpt>
   <trkpt lat="-2.5809050" lon="-43.1028190">
    <ele>26.0</ele>
    <time>2026-06-16T19:22:52Z</time>
     <extensions>
      <gpxtpx:TrackPointExtension>
       <gpxtpx:hr>139</gpxtpx:hr>
      </gpxtpx:TrackPointExtension>
     </extensions>
   </trkpt>
   <trkpt lat="-2.5809410" lon="-43.1028640">
    <ele>26.0</ele>
    <time>2026-06-16T19:22:57Z</time>
     <extensions>
      <gpxtpx:TrackPointExtension>
       <gpxtpx:hr>140</gpxtpx:hr>
      </gpxtpx:TrackPointExtension>
     </extensions>
   </trkpt>
   <trkpt lat="-2.5809650" lon="-43.1029030">
    <ele>26.0</ele>
    <time>2026-06-16T19:23:02Z</time>
     <extensions>
      <gpxtpx:TrackPointExtension>
       <gpxtpx:hr>141</gpxtpx:hr>
      </gpxtpx:TrackPointExtension>
     </extensions>
   </trkpt>
   <trkpt lat="-2.5810030" lon="-43.1029520">
    <ele>26.0</ele>
    <time>2026-06-16T19:23:07Z</time>
     <extensions>
      <gpxtpx:TrackPointExtension>
       <gpxtpx:hr>141</gpxtpx:hr>
      </gpxtpx:TrackPointExtension>
     </extensions>
   </trkpt>
   <trkpt lat="-2.5810520" lon="-43.1030020">
    <ele>26.0</ele>
    <time>2026-06-16T19:23:12Z</time>
     <extensions>
      <gpxtpx:TrackPointExtension>
       <gpxtpx:hr>142</gpxtpx:hr>
      </gpxtpx:TrackPointExtension>
     </extensions>
   </trkpt>
   <trkpt lat="-2.5810850" lon="-43.1030520">
    <ele>26.0</ele>
    <time>2026-06-16T19:23:17Z</time>
     <extensions>
      <gpxtpx:TrackPointExtension>
       <gpxtpx:hr>149</gpxtpx:hr>
      </gpxtpx:TrackPointExtension>
     </extensions>
   </trkpt>
   <trkpt lat="-2.5811000" lon="-43.1031040">
    <ele>26.2</ele>
    <time>2026-06-16T19:23:22Z</time>
     <extensions>
      <gpxtpx:TrackPointExtension>
       <gpxtpx:hr>149</gpxtpx:hr>
      </gpxtpx:TrackPointExtension>
     </extensions>
   </trkpt>
   <trkpt lat="-2.5810990" lon="-43.1031520">
    <ele>26.4</ele>
    <time>2026-06-16T19:23:27Z</time>
     <extensions>
      <gpxtpx:TrackPointExtension>
       <gpxtpx:hr>149</gpxtpx:hr>
      </gpxtpx:TrackPointExtension>
     </extensions>
   </trkpt>
   <trkpt lat="-2.5810890" lon="-43.1031900">
    <ele>26.6</ele>
    <time>2026-06-16T19:23:32Z</time>
     <extensions>
      <gpxtpx:TrackPointExtension>
       <gpxtpx:hr>146</gpxtpx:hr>
      </gpxtpx:TrackPointExtension>
     </extensions>
   </trkpt>
   <trkpt lat="-2.5810830" lon="-43.1032000">
    <ele>26.8</ele>
    <time>2026-06-16T19:23:37Z</time>
     <extensions>
      <gpxtpx:TrackPointExtension>
       <gpxtpx:hr>146</gpxtpx:hr>
      </gpxtpx:TrackPointExtension>
     </extensions>
   </trkpt>
   <trkpt lat="-2.5810790" lon="-43.1032080">
    <ele>27.0</ele>
    <time>2026-06-16T19:23:42Z</time>
     <extensions>
      <gpxtpx:TrackPointExtension>
       <gpxtpx:hr>146</gpxtpx:hr>
      </gpxtpx:TrackPointExtension>
     </extensions>
   </trkpt>
   <trkpt lat="-2.5810700" lon="-43.1032350">
    <ele>27.0</ele>
    <time>2026-06-16T19:23:47Z</time>
     <extensions>
      <gpxtpx:TrackPointExtension>
       <gpxtpx:hr>146</gpxtpx:hr>
      </gpxtpx:TrackPointExtension>
     </extensions>
   </trkpt>
   <trkpt lat="-2.5810690" lon="-43.1032410">
    <ele>27.2</ele>
    <time>2026-06-16T19:23:52Z</time>
     <extensions>
      <gpxtpx:TrackPointExtension>
       <gpxtpx:hr>141</gpxtpx:hr>
      </gpxtpx:TrackPointExtension>
     </extensions>
   </trkpt>
   <trkpt lat="-2.5810630" lon="-43.1032570">
    <ele>27.2</ele>
    <time>2026-06-16T19:23:57Z</time>
     <extensions>
      <gpxtpx:TrackPointExtension>
       <gpxtpx:hr>141</gpxtpx:hr>
      </gpxtpx:TrackPointExtension>
     </extensions>
   </trkpt>
   <trkpt lat="-2.5810460" lon="-43.1033000">
    <ele>27.0</ele>
    <time>2026-06-16T19:24:02Z</time>
     <extensions>
      <gpxtpx:TrackPointExtension>
       <gpxtpx:hr>146</gpxtpx:hr>
      </gpxtpx:TrackPointExtension>
     </extensions>
   </trkpt>
   <trkpt lat="-2.5810220" lon="-43.1033450">
    <ele>27.0</ele>
    <time>2026-06-16T19:24:07Z</time>
     <extensions>
      <gpxtpx:TrackPointExtension>
       <gpxtpx:hr>146</gpxtpx:hr>
      </gpxtpx:TrackPointExtension>
     </extensions>
   </trkpt>
   <trkpt lat="-2.5809950" lon="-43.1034090">
    <ele>26.8</ele>
    <time>2026-06-16T19:24:12Z</time>
     <extensions>
      <gpxtpx:TrackPointExtension>
       <gpxtpx:hr>137</gpxtpx:hr>
      </gpxtpx:TrackPointExtension>
     </extensions>
   </trkpt>
   <trkpt lat="-2.5809810" lon="-43.1034670">
    <ele>26.8</ele>
    <time>2026-06-16T19:24:17Z</time>
     <extensions>
      <gpxtpx:TrackPointExtension>
       <gpxtpx:hr>132</gpxtpx:hr>
      </gpxtpx:TrackPointExtension>
     </extensions>
   </trkpt>
   <trkpt lat="-2.5809600" lon="-43.1035200">
    <ele>26.6</ele>
    <time>2026-06-16T19:24:22Z</time>
     <extensions>
      <gpxtpx:TrackPointExtension>
       <gpxtpx:hr>132</gpxtpx:hr>
      </gpxtpx:TrackPointExtension>
     </extensions>
   </trkpt>
   <trkpt lat="-2.5809240" lon="-43.1035570">
    <ele>26.6</ele>
    <time>2026-06-16T19:24:27Z</time>
     <extensions>
      <gpxtpx:TrackPointExtension>
       <gpxtpx:hr>127</gpxtpx:hr>
      </gpxtpx:TrackPointExtension>
     </extensions>
   </trkpt>
   <trkpt lat="-2.5808790" lon="-43.1035890">
    <ele>26.4</ele>
    <time>2026-06-16T19:24:32Z</time>
     <extensions>
      <gpxtpx:TrackPointExtension>
       <gpxtpx:hr>127</gpxtpx:hr>
      </gpxtpx:TrackPointExtension>
     </extensions>
   </trkpt>
   <trkpt lat="-2.5808460" lon="-43.1036240">
    <ele>26.4</ele>
    <time>2026-06-16T19:24:37Z</time>
     <extensions>
      <gpxtpx:TrackPointExtension>
       <gpxtpx:hr>121</gpxtpx:hr>
      </gpxtpx:TrackPointExtension>
     </extensions>
   </trkpt>
   <trkpt lat="-2.5808290" lon="-43.1036750">
    <ele>26.4</ele>
    <time>2026-06-16T19:24:42Z</time>
     <extensions>
      <gpxtpx:TrackPointExtension>
       <gpxtpx:hr>121</gpxtpx:hr>
      </gpxtpx:TrackPointExtension>
     </extensions>
   </trkpt>
   <trkpt lat="-2.5808340" lon="-43.1037130">
    <ele>26.4</ele>
    <time>2026-06-16T19:24:47Z</time>
     <extensions>
      <gpxtpx:TrackPointExtension>
       <gpxtpx:hr>124</gpxtpx:hr>
      </gpxtpx:TrackPointExtension>
     </extensions>
   </trkpt>
   <trkpt lat="-2.5808630" lon="-43.1037670">
    <ele>26.6</ele>
    <time>2026-06-16T19:24:52Z</time>
     <extensions>
      <gpxtpx:TrackPointExtension>
       <gpxtpx:hr>124</gpxtpx:hr>
      </gpxtpx:TrackPointExtension>
     </extensions>
   </trkpt>
   <trkpt lat="-2.5808970" lon="-43.1038220">
    <ele>26.6</ele>
    <time>2026-06-16T19:24:57Z</time>
     <extensions>
      <gpxtpx:TrackPointExtension>
       <gpxtpx:hr>131</gpxtpx:hr>
      </gpxtpx:TrackPointExtension>
     </extensions>
   </trkpt>
   <trkpt lat="-2.5809220" lon="-43.1038760">
    <ele>26.6</ele>
    <time>2026-06-16T19:25:02Z</time>
     <extensions>
      <gpxtpx:TrackPointExtension>
       <gpxtpx:hr>126</gpxtpx:hr>
      </gpxtpx:TrackPointExtension>
     </extensions>
   </trkpt>
   <trkpt lat="-2.5809380" lon="-43.1039170">
    <ele>26.6</ele>
    <time>2026-06-16T19:25:07Z</time>
     <extensions>
      <gpxtpx:TrackPointExtension>
       <gpxtpx:hr>129</gpxtpx:hr>
      </gpxtpx:TrackPointExtension>
     </extensions>
   </trkpt>
   <trkpt lat="-2.5809460" lon="-43.1039760">
    <ele>26.6</ele>
    <time>2026-06-16T19:25:12Z</time>
     <extensions>
      <gpxtpx:TrackPointExtension>
       <gpxtpx:hr>133</gpxtpx:hr>
      </gpxtpx:TrackPointExtension>
     </extensions>
   </trkpt>
   <trkpt lat="-2.5809480" lon="-43.1040300">
    <ele>26.6</ele>
    <time>2026-06-16T19:25:17Z</time>
     <extensions>
      <gpxtpx:TrackPointExtension>
       <gpxtpx:hr>137</gpxtpx:hr>
      </gpxtpx:TrackPointExtension>
     </extensions>
   </trkpt>
   <trkpt lat="-2.5809440" lon="-43.1040850">
    <ele>26.4</ele>
    <time>2026-06-16T19:25:22Z</time>
     <extensions>
      <gpxtpx:TrackPointExtension>
       <gpxtpx:hr>142</gpxtpx:hr>
      </gpxtpx:TrackPointExtension>
     </extensions>
   </trkpt>
   <trkpt lat="-2.5809390" lon="-43.1041430">
    <ele>26.4</ele>
    <time>2026-06-16T19:25:27Z</time>
     <extensions>
      <gpxtpx:TrackPointExtension>
       <gpxtpx:hr>142</gpxtpx:hr>
      </gpxtpx:TrackPointExtension>
     </extensions>
   </trkpt>
   <trkpt lat="-2.5809630" lon="-43.1041940">
    <ele>26.4</ele>
    <time>2026-06-16T19:25:32Z</time>
     <extensions>
      <gpxtpx:TrackPointExtension>
       <gpxtpx:hr>141</gpxtpx:hr>
      </gpxtpx:TrackPointExtension>
     </extensions>
   </trkpt>
   <trkpt lat="-2.5809640" lon="-43.1042260">
    <ele>26.6</ele>
    <time>2026-06-16T19:25:37Z</time>
     <extensions>
      <gpxtpx:TrackPointExtension>
       <gpxtpx:hr>141</gpxtpx:hr>
      </gpxtpx:TrackPointExtension>
     </extensions>
   </trkpt>
   <trkpt lat="-2.5809640" lon="-43.1042360">
    <ele>26.6</ele>
    <time>2026-06-16T19:25:42Z</time>
     <extensions>
      <gpxtpx:TrackPointExtension>
       <gpxtpx:hr>145</gpxtpx:hr>
      </gpxtpx:TrackPointExtension>
     </extensions>
   </trkpt>
   <trkpt lat="-2.5809690" lon="-43.1042690">
    <ele>26.6</ele>
    <time>2026-06-16T19:25:47Z</time>
     <extensions>
      <gpxtpx:TrackPointExtension>
       <gpxtpx:hr>144</gpxtpx:hr>
      </gpxtpx:TrackPointExtension>
     </extensions>
   </trkpt>
   <trkpt lat="-2.5809680" lon="-43.1043140">
    <ele>26.4</ele>
    <time>2026-06-16T19:25:52Z</time>
     <extensions>
      <gpxtpx:TrackPointExtension>
       <gpxtpx:hr>144</gpxtpx:hr>
      </gpxtpx:TrackPointExtension>
     </extensions>
   </trkpt>
   <trkpt lat="-2.5809490" lon="-43.1043700">
    <ele>26.4</ele>
    <time>2026-06-16T19:25:57Z</time>
     <extensions>
      <gpxtpx:TrackPointExtension>
       <gpxtpx:hr>141</gpxtpx:hr>
      </gpxtpx:TrackPointExtension>
     </extensions>
   </trkpt>
   <trkpt lat="-2.5809260" lon="-43.1044250">
    <ele>26.2</ele>
    <time>2026-06-16T19:26:02Z</time>
     <extensions>
      <gpxtpx:TrackPointExtension>
       <gpxtpx:hr>137</gpxtpx:hr>
      </gpxtpx:TrackPointExtension>
     </extensions>
   </trkpt>
   <trkpt lat="-2.5809180" lon="-43.1044670">
    <ele>26.2</ele>
    <time>2026-06-16T19:26:07Z</time>
     <extensions>
      <gpxtpx:TrackPointExtension>
       <gpxtpx:hr>137</gpxtpx:hr>
      </gpxtpx:TrackPointExtension>
     </extensions>
   </trkpt>
   <trkpt lat="-2.5809220" lon="-43.1045010">
    <ele>26.2</ele>
    <time>2026-06-16T19:26:12Z</time>
     <extensions>
      <gpxtpx:TrackPointExtension>
       <gpxtpx:hr>147</gpxtpx:hr>
      </gpxtpx:TrackPointExtension>
     </extensions>
   </trkpt>
   <trkpt lat="-2.5809250" lon="-43.1045610">
    <ele>26.0</ele>
    <time>2026-06-16T19:26:18Z</time>
     <extensions>
      <gpxtpx:TrackPointExtension>
       <gpxtpx:hr>147</gpxtpx:hr>
      </gpxtpx:TrackPointExtension>
     </extensions>
   </trkpt>
   <trkpt lat="-2.5809340" lon="-43.1046200">
    <ele>25.8</ele>
    <time>2026-06-16T19:26:23Z</time>
     <extensions>
      <gpxtpx:TrackPointExtension>
       <gpxtpx:hr>145</gpxtpx:hr>
      </gpxtpx:TrackPointExtension>
     </extensions>
   </trkpt>
   <trkpt lat="-2.5809430" lon="-43.1046710">
    <ele>25.4</ele>
    <time>2026-06-16T19:26:28Z</time>
     <extensions>
      <gpxtpx:TrackPointExtension>
       <gpxtpx:hr>147</gpxtpx:hr>
      </gpxtpx:TrackPointExtension>
     </extensions>
   </trkpt>
   <trkpt lat="-2.5809500" lon="-43.1047100">
    <ele>25.0</ele>
    <time>2026-06-16T19:26:33Z</time>
     <extensions>
      <gpxtpx:TrackPointExtension>
       <gpxtpx:hr>147</gpxtpx:hr>
      </gpxtpx:TrackPointExtension>
     </extensions>
   </trkpt>
   <trkpt lat="-2.5809690" lon="-43.1047570">
    <ele>24.8</ele>
    <time>2026-06-16T19:26:38Z</time>
     <extensions>
      <gpxtpx:TrackPointExtension>
       <gpxtpx:hr>148</gpxtpx:hr>
      </gpxtpx:TrackPointExtension>
     </extensions>
   </trkpt>
   <trkpt lat="-2.5809810" lon="-43.1048220">
    <ele>24.8</ele>
    <time>2026-06-16T19:26:43Z</time>
     <extensions>
      <gpxtpx:TrackPointExtension>
       <gpxtpx:hr>148</gpxtpx:hr>
      </gpxtpx:TrackPointExtension>
     </extensions>
   </trkpt>
   <trkpt lat="-2.5809950" lon="-43.1048780">
    <ele>24.8</ele>
    <time>2026-06-16T19:26:48Z</time>
     <extensions>
      <gpxtpx:TrackPointExtension>
       <gpxtpx:hr>149</gpxtpx:hr>
      </gpxtpx:TrackPointExtension>
     </extensions>
   </trkpt>
   <trkpt lat="-2.5809930" lon="-43.1049400">
    <ele>24.6</ele>
    <time>2026-06-16T19:26:53Z</time>
     <extensions>
      <gpxtpx:TrackPointExtension>
       <gpxtpx:hr>149</gpxtpx:hr>
      </gpxtpx:TrackPointExtension>
     </extensions>
   </trkpt>
   <trkpt lat="-2.5809780" lon="-43.1049930">
    <ele>24.6</ele>
    <time>2026-06-16T19:26:58Z</time>
     <extensions>
      <gpxtpx:TrackPointExtension>
       <gpxtpx:hr>148</gpxtpx:hr>
      </gpxtpx:TrackPointExtension>
     </extensions>
   </trkpt>
   <trkpt lat="-2.5809600" lon="-43.1050170">
    <ele>24.4</ele>
    <time>2026-06-16T19:27:03Z</time>
     <extensions>
      <gpxtpx:TrackPointExtension>
       <gpxtpx:hr>144</gpxtpx:hr>
      </gpxtpx:TrackPointExtension>
     </extensions>
   </trkpt>
   <trkpt lat="-2.5809240" lon="-43.1050690">
    <ele>24.2</ele>
    <time>2026-06-16T19:27:08Z</time>
     <extensions>
      <gpxtpx:TrackPointExtension>
       <gpxtpx:hr>144</gpxtpx:hr>
      </gpxtpx:TrackPointExtension>
     </extensions>
   </trkpt>
   <trkpt lat="-2.5808780" lon="-43.1051010">
    <ele>24.0</ele>
    <time>2026-06-16T19:27:13Z</time>
     <extensions>
      <gpxtpx:TrackPointExtension>
       <gpxtpx:hr>142</gpxtpx:hr>
      </gpxtpx:TrackPointExtension>
     </extensions>
   </trkpt>
   <trkpt lat="-2.5808240" lon="-43.1051340">
    <ele>24.0</ele>
    <time>2026-06-16T19:27:18Z</time>
     <extensions>
      <gpxtpx:TrackPointExtension>
       <gpxtpx:hr>142</gpxtpx:hr>
      </gpxtpx:TrackPointExtension>
     </extensions>
   </trkpt>
   <trkpt lat="-2.5807920" lon="-43.1051740">
    <ele>24.2</ele>
    <time>2026-06-16T19:27:23Z</time>
     <extensions>
      <gpxtpx:TrackPointExtension>
       <gpxtpx:hr>140</gpxtpx:hr>
      </gpxtpx:TrackPointExtension>
     </extensions>
   </trkpt>
   <trkpt lat="-2.5807740" lon="-43.1052170">
    <ele>24.2</ele>
    <time>2026-06-16T19:27:28Z</time>
     <extensions>
      <gpxtpx:TrackPointExtension>
       <gpxtpx:hr>137</gpxtpx:hr>
      </gpxtpx:TrackPointExtension>
     </extensions>
   </trkpt>
   <trkpt lat="-2.5807750" lon="-43.1052700">
    <ele>24.2</ele>
    <time>2026-06-16T19:27:33Z</time>
     <extensions>
      <gpxtpx:TrackPointExtension>
       <gpxtpx:hr>137</gpxtpx:hr>
      </gpxtpx:TrackPointExtension>
     </extensions>
   </trkpt>
   <trkpt lat="-2.5807730" lon="-43.1053120">
    <ele>24.2</ele>
    <time>2026-06-16T19:27:38Z</time>
     <extensions>
      <gpxtpx:TrackPointExtension>
       <gpxtpx:hr>133</gpxtpx:hr>
      </gpxtpx:TrackPointExtension>
     </extensions>
   </trkpt>
   <trkpt lat="-2.5807750" lon="-43.1053560">
    <ele>24.2</ele>
    <time>2026-06-16T19:27:43Z</time>
     <extensions>
      <gpxtpx:TrackPointExtension>
       <gpxtpx:hr>126</gpxtpx:hr>
      </gpxtpx:TrackPointExtension>
     </extensions>
   </trkpt>
   <trkpt lat="-2.5807670" lon="-43.1054070">
    <ele>24.4</ele>
    <time>2026-06-16T19:27:48Z</time>
     <extensions>
      <gpxtpx:TrackPointExtension>
       <gpxtpx:hr>127</gpxtpx:hr>
      </gpxtpx:TrackPointExtension>
     </extensions>
   </trkpt>
   <trkpt lat="-2.5807720" lon="-43.1054590">
    <ele>24.4</ele>
    <time>2026-06-16T19:27:53Z</time>
     <extensions>
      <gpxtpx:TrackPointExtension>
       <gpxtpx:hr>129</gpxtpx:hr>
      </gpxtpx:TrackPointExtension>
     </extensions>
   </trkpt>
   <trkpt lat="-2.5807900" lon="-43.1055150">
    <ele>24.6</ele>
    <time>2026-06-16T19:27:58Z</time>
     <extensions>
      <gpxtpx:TrackPointExtension>
       <gpxtpx:hr>125</gpxtpx:hr>
      </gpxtpx:TrackPointExtension>
     </extensions>
   </trkpt>
   <trkpt lat="-2.5808140" lon="-43.1055660">
    <ele>24.8</ele>
    <time>2026-06-16T19:28:03Z</time>
     <extensions>
      <gpxtpx:TrackPointExtension>
       <gpxtpx:hr>129</gpxtpx:hr>
      </gpxtpx:TrackPointExtension>
     </extensions>
   </trkpt>
   <trkpt lat="-2.5808290" lon="-43.1056060">
    <ele>24.8</ele>
    <time>2026-06-16T19:28:08Z</time>
     <extensions>
      <gpxtpx:TrackPointExtension>
       <gpxtpx:hr>132</gpxtpx:hr>
      </gpxtpx:TrackPointExtension>
     </extensions>
   </trkpt>
   <trkpt lat="-2.5808150" lon="-43.1056120">
    <ele>24.8</ele>
    <time>2026-06-16T19:28:13Z</time>
     <extensions>
      <gpxtpx:TrackPointExtension>
       <gpxtpx:hr>120</gpxtpx:hr>
      </gpxtpx:TrackPointExtension>
     </extensions>
   </trkpt>
   <trkpt lat="-2.5807900" lon="-43.1056400">
    <ele>24.8</ele>
    <time>2026-06-16T19:28:18Z</time>
     <extensions>
      <gpxtpx:TrackPointExtension>
       <gpxtpx:hr>122</gpxtpx:hr>
      </gpxtpx:TrackPointExtension>
     </extensions>
   </trkpt>
   <trkpt lat="-2.5807810" lon="-43.1056750">
    <ele>24.8</ele>
    <time>2026-06-16T19:28:23Z</time>
     <extensions>
      <gpxtpx:TrackPointExtension>
       <gpxtpx:hr>117</gpxtpx:hr>
      </gpxtpx:TrackPointExtension>
     </extensions>
   </trkpt>
   <trkpt lat="-2.5807770" lon="-43.1057220">
    <ele>24.8</ele>
    <time>2026-06-16T19:28:28Z</time>
     <extensions>
      <gpxtpx:TrackPointExtension>
       <gpxtpx:hr>124</gpxtpx:hr>
      </gpxtpx:TrackPointExtension>
     </extensions>
   </trkpt>
   <trkpt lat="-2.5807830" lon="-43.1057730">
    <ele>24.8</ele>
    <time>2026-06-16T19:28:33Z</time>
     <extensions>
      <gpxtpx:TrackPointExtension>
       <gpxtpx:hr>124</gpxtpx:hr>
      </gpxtpx:TrackPointExtension>
     </extensions>
   </trkpt>
   <trkpt lat="-2.5807780" lon="-43.1057930">
    <ele>24.8</ele>
    <time>2026-06-16T19:28:38Z</time>
     <extensions>
      <gpxtpx:TrackPointExtension>
       <gpxtpx:hr>128</gpxtpx:hr>
      </gpxtpx:TrackPointExtension>
     </extensions>
   </trkpt>
   <trkpt lat="-2.5807800" lon="-43.1058320">
    <ele>24.8</ele>
    <time>2026-06-16T19:28:43Z</time>
     <extensions>
      <gpxtpx:TrackPointExtension>
       <gpxtpx:hr>125</gpxtpx:hr>
      </gpxtpx:TrackPointExtension>
     </extensions>
   </trkpt>
   <trkpt lat="-2.5807910" lon="-43.1058840">
    <ele>24.8</ele>
    <time>2026-06-16T19:28:48Z</time>
     <extensions>
      <gpxtpx:TrackPointExtension>
       <gpxtpx:hr>133</gpxtpx:hr>
      </gpxtpx:TrackPointExtension>
     </extensions>
   </trkpt>
   <trkpt lat="-2.5807990" lon="-43.1059340">
    <ele>24.8</ele>
    <time>2026-06-16T19:28:53Z</time>
     <extensions>
      <gpxtpx:TrackPointExtension>
       <gpxtpx:hr>125</gpxtpx:hr>
      </gpxtpx:TrackPointExtension>
     </extensions>
   </trkpt>
   <trkpt lat="-2.5808360" lon="-43.1059830">
    <ele>24.8</ele>
    <time>2026-06-16T19:28:58Z</time>
     <extensions>
      <gpxtpx:TrackPointExtension>
       <gpxtpx:hr>130</gpxtpx:hr>
      </gpxtpx:TrackPointExtension>
     </extensions>
   </trkpt>
   <trkpt lat="-2.5808640" lon="-43.1060270">
    <ele>24.8</ele>
    <time>2026-06-16T19:29:03Z</time>
     <extensions>
      <gpxtpx:TrackPointExtension>
       <gpxtpx:hr>130</gpxtpx:hr>
      </gpxtpx:TrackPointExtension>
     </extensions>
   </trkpt>
   <trkpt lat="-2.5808970" lon="-43.1060670">
    <ele>24.8</ele>
    <time>2026-06-16T19:29:08Z</time>
     <extensions>
      <gpxtpx:TrackPointExtension>
       <gpxtpx:hr>122</gpxtpx:hr>
      </gpxtpx:TrackPointExtension>
     </extensions>
   </trkpt>
   <trkpt lat="-2.5809370" lon="-43.1061090">
    <ele>24.8</ele>
    <time>2026-06-16T19:29:13Z</time>
     <extensions>
      <gpxtpx:TrackPointExtension>
       <gpxtpx:hr>119</gpxtpx:hr>
      </gpxtpx:TrackPointExtension>
     </extensions>
   </trkpt>
   <trkpt lat="-2.5809690" lon="-43.1061560">
    <ele>25.0</ele>
    <time>2026-06-16T19:29:18Z</time>
     <extensions>
      <gpxtpx:TrackPointExtension>
       <gpxtpx:hr>122</gpxtpx:hr>
      </gpxtpx:TrackPointExtension>
     </extensions>
   </trkpt>
   <trkpt lat="-2.5809960" lon="-43.1062050">
    <ele>25.0</ele>
    <time>2026-06-16T19:29:23Z</time>
     <extensions>
      <gpxtpx:TrackPointExtension>
       <gpxtpx:hr>125</gpxtpx:hr>
      </gpxtpx:TrackPointExtension>
     </extensions>
   </trkpt>
   <trkpt lat="-2.5810120" lon="-43.1062520">
    <ele>25.0</ele>
    <time>2026-06-16T19:29:28Z</time>
     <extensions>
      <gpxtpx:TrackPointExtension>
       <gpxtpx:hr>127</gpxtpx:hr>
      </gpxtpx:TrackPointExtension>
     </extensions>
   </trkpt>
   <trkpt lat="-2.5810540" lon="-43.1062930">
    <ele>25.0</ele>
    <time>2026-06-16T19:29:33Z</time>
     <extensions>
      <gpxtpx:TrackPointExtension>
       <gpxtpx:hr>127</gpxtpx:hr>
      </gpxtpx:TrackPointExtension>
     </extensions>
   </trkpt>
   <trkpt lat="-2.5810980" lon="-43.1063390">
    <ele>25.2</ele>
    <time>2026-06-16T19:29:38Z</time>
     <extensions>
      <gpxtpx:TrackPointExtension>
       <gpxtpx:hr>128</gpxtpx:hr>
      </gpxtpx:TrackPointExtension>
     </extensions>
   </trkpt>
   <trkpt lat="-2.5811200" lon="-43.1064010">
    <ele>25.4</ele>
    <time>2026-06-16T19:29:43Z</time>
     <extensions>
      <gpxtpx:TrackPointExtension>
       <gpxtpx:hr>128</gpxtpx:hr>
      </gpxtpx:TrackPointExtension>
     </extensions>
   </trkpt>
   <trkpt lat="-2.5811360" lon="-43.1064640">
    <ele>25.4</ele>
    <time>2026-06-16T19:29:48Z</time>
     <extensions>
      <gpxtpx:TrackPointExtension>
       <gpxtpx:hr>130</gpxtpx:hr>
      </gpxtpx:TrackPointExtension>
     </extensions>
   </trkpt>
   <trkpt lat="-2.5811340" lon="-43.1064980">
    <ele>25.2</ele>
    <time>2026-06-16T19:29:53Z</time>
     <extensions>
      <gpxtpx:TrackPointExtension>
       <gpxtpx:hr>126</gpxtpx:hr>
      </gpxtpx:TrackPointExtension>
     </extensions>
   </trkpt>
   <trkpt lat="-2.5811360" lon="-43.1065060">
    <ele>24.8</ele>
    <time>2026-06-16T19:29:58Z</time>
     <extensions>
      <gpxtpx:TrackPointExtension>
       <gpxtpx:hr>126</gpxtpx:hr>
      </gpxtpx:TrackPointExtension>
     </extensions>
   </trkpt>
   <trkpt lat="-2.5811450" lon="-43.1065560">
    <ele>24.6</ele>
    <time>2026-06-16T19:30:03Z</time>
     <extensions>
      <gpxtpx:TrackPointExtension>
       <gpxtpx:hr>128</gpxtpx:hr>
      </gpxtpx:TrackPointExtension>
     </extensions>
   </trkpt>
   <trkpt lat="-2.5811500" lon="-43.1066060">
    <ele>24.6</ele>
    <time>2026-06-16T19:30:08Z</time>
     <extensions>
      <gpxtpx:TrackPointExtension>
       <gpxtpx:hr>120</gpxtpx:hr>
      </gpxtpx:TrackPointExtension>
     </extensions>
   </trkpt>
   <trkpt lat="-2.5811520" lon="-43.1066570">
    <ele>24.6</ele>
    <time>2026-06-16T19:30:13Z</time>
     <extensions>
      <gpxtpx:TrackPointExtension>
       <gpxtpx:hr>123</gpxtpx:hr>
      </gpxtpx:TrackPointExtension>
     </extensions>
   </trkpt>
   <trkpt lat="-2.5811510" lon="-43.1067180">
    <ele>24.8</ele>
    <time>2026-06-16T19:30:18Z</time>
     <extensions>
      <gpxtpx:TrackPointExtension>
       <gpxtpx:hr>123</gpxtpx:hr>
      </gpxtpx:TrackPointExtension>
     </extensions>
   </trkpt>
   <trkpt lat="-2.5811550" lon="-43.1067710">
    <ele>25.0</ele>
    <time>2026-06-16T19:30:23Z</time>
     <extensions>
      <gpxtpx:TrackPointExtension>
       <gpxtpx:hr>125</gpxtpx:hr>
      </gpxtpx:TrackPointExtension>
     </extensions>
   </trkpt>
   <trkpt lat="-2.5811580" lon="-43.1068210">
    <ele>25.2</ele>
    <time>2026-06-16T19:30:28Z</time>
     <extensions>
      <gpxtpx:TrackPointExtension>
       <gpxtpx:hr>125</gpxtpx:hr>
      </gpxtpx:TrackPointExtension>
     </extensions>
   </trkpt>
   <trkpt lat="-2.5811510" lon="-43.1068740">
    <ele>25.4</ele>
    <time>2026-06-16T19:30:33Z</time>
     <extensions>
      <gpxtpx:TrackPointExtension>
       <gpxtpx:hr>124</gpxtpx:hr>
      </gpxtpx:TrackPointExtension>
     </extensions>
   </trkpt>
   <trkpt lat="-2.5811430" lon="-43.1069180">
    <ele>25.4</ele>
    <time>2026-06-16T19:30:38Z</time>
     <extensions>
      <gpxtpx:TrackPointExtension>
       <gpxtpx:hr>124</gpxtpx:hr>
      </gpxtpx:TrackPointExtension>
     </extensions>
   </trkpt>
   <trkpt lat="-2.5811240" lon="-43.1069560">
    <ele>25.6</ele>
    <time>2026-06-16T19:30:43Z</time>
     <extensions>
      <gpxtpx:TrackPointExtension>
       <gpxtpx:hr>128</gpxtpx:hr>
      </gpxtpx:TrackPointExtension>
     </extensions>
   </trkpt>
   <trkpt lat="-2.5810890" lon="-43.1069970">
    <ele>25.6</ele>
    <time>2026-06-16T19:30:48Z</time>
     <extensions>
      <gpxtpx:TrackPointExtension>
       <gpxtpx:hr>131</gpxtpx:hr>
      </gpxtpx:TrackPointExtension>
     </extensions>
   </trkpt>
   <trkpt lat="-2.5810560" lon="-43.1070300">
    <ele>25.6</ele>
    <time>2026-06-16T19:30:53Z</time>
     <extensions>
      <gpxtpx:TrackPointExtension>
       <gpxtpx:hr>133</gpxtpx:hr>
      </gpxtpx:TrackPointExtension>
     </extensions>
   </trkpt>
   <trkpt lat="-2.5810250" lon="-43.1070710">
    <ele>25.6</ele>
    <time>2026-06-16T19:30:58Z</time>
     <extensions>
      <gpxtpx:TrackPointExtension>
       <gpxtpx:hr>137</gpxtpx:hr>
      </gpxtpx:TrackPointExtension>
     </extensions>
   </trkpt>
   <trkpt lat="-2.5810060" lon="-43.1071300">
    <ele>25.4</ele>
    <time>2026-06-16T19:31:03Z</time>
     <extensions>
      <gpxtpx:TrackPointExtension>
       <gpxtpx:hr>139</gpxtpx:hr>
      </gpxtpx:TrackPointExtension>
     </extensions>
   </trkpt>
   <trkpt lat="-2.5809830" lon="-43.1071630">
    <ele>25.4</ele>
    <time>2026-06-16T19:31:08Z</time>
     <extensions>
      <gpxtpx:TrackPointExtension>
       <gpxtpx:hr>150</gpxtpx:hr>
      </gpxtpx:TrackPointExtension>
     </extensions>
   </trkpt>
   <trkpt lat="-2.5809690" lon="-43.1072000">
    <ele>25.4</ele>
    <time>2026-06-16T19:31:13Z</time>
     <extensions>
      <gpxtpx:TrackPointExtension>
       <gpxtpx:hr>154</gpxtpx:hr>
      </gpxtpx:TrackPointExtension>
     </extensions>
   </trkpt>
   <trkpt lat="-2.5809640" lon="-43.1072250">
    <ele>25.6</ele>
    <time>2026-06-16T19:31:18Z</time>
     <extensions>
      <gpxtpx:TrackPointExtension>
       <gpxtpx:hr>154</gpxtpx:hr>
      </gpxtpx:TrackPointExtension>
     </extensions>
   </trkpt>
   <trkpt lat="-2.5809550" lon="-43.1072390">
    <ele>25.8</ele>
    <time>2026-06-16T19:31:23Z</time>
     <extensions>
      <gpxtpx:TrackPointExtension>
       <gpxtpx:hr>159</gpxtpx:hr>
      </gpxtpx:TrackPointExtension>
     </extensions>
   </trkpt>
   <trkpt lat="-2.5809470" lon="-43.1072460">
    <ele>25.8</ele>
    <time>2026-06-16T19:31:28Z</time>
     <extensions>
      <gpxtpx:TrackPointExtension>
       <gpxtpx:hr>162</gpxtpx:hr>
      </gpxtpx:TrackPointExtension>
     </extensions>
   </trkpt>
   <trkpt lat="-2.5809490" lon="-43.1072430">
    <ele>26.0</ele>
    <time>2026-06-16T19:31:33Z</time>
     <extensions>
      <gpxtpx:TrackPointExtension>
       <gpxtpx:hr>162</gpxtpx:hr>
      </gpxtpx:TrackPointExtension>
     </extensions>
   </trkpt>
   <trkpt lat="-2.5809420" lon="-43.1072380">
    <ele>26.0</ele>
    <time>2026-06-16T19:31:38Z</time>
     <extensions>
      <gpxtpx:TrackPointExtension>
       <gpxtpx:hr>163</gpxtpx:hr>
      </gpxtpx:TrackPointExtension>
     </extensions>
   </trkpt>
   <trkpt lat="-2.5809050" lon="-43.1072310">
    <ele>26.4</ele>
    <time>2026-06-16T19:31:43Z</time>
     <extensions>
      <gpxtpx:TrackPointExtension>
       <gpxtpx:hr>158</gpxtpx:hr>
      </gpxtpx:TrackPointExtension>
     </extensions>
   </trkpt>
   <trkpt lat="-2.5808430" lon="-43.1072110">
    <ele>26.6</ele>
    <time>2026-06-16T19:31:48Z</time>
     <extensions>
      <gpxtpx:TrackPointExtension>
       <gpxtpx:hr>156</gpxtpx:hr>
      </gpxtpx:TrackPointExtension>
     </extensions>
   </trkpt>
   <trkpt lat="-2.5808020" lon="-43.1071900">
    <ele>26.8</ele>
    <time>2026-06-16T19:31:53Z</time>
     <extensions>
      <gpxtpx:TrackPointExtension>
       <gpxtpx:hr>156</gpxtpx:hr>
      </gpxtpx:TrackPointExtension>
     </extensions>
   </trkpt>
   <trkpt lat="-2.5807490" lon="-43.1071690">
    <ele>27.2</ele>
    <time>2026-06-16T19:31:58Z</time>
     <extensions>
      <gpxtpx:TrackPointExtension>
       <gpxtpx:hr>139</gpxtpx:hr>
      </gpxtpx:TrackPointExtension>
     </extensions>
   </trkpt>
   <trkpt lat="-2.5806960" lon="-43.1071440">
    <ele>27.4</ele>
    <time>2026-06-16T19:32:03Z</time>
     <extensions>
      <gpxtpx:TrackPointExtension>
       <gpxtpx:hr>139</gpxtpx:hr>
      </gpxtpx:TrackPointExtension>
     </extensions>
   </trkpt>
   <trkpt lat="-2.5806500" lon="-43.1071150">
    <ele>27.6</ele>
    <time>2026-06-16T19:32:08Z</time>
     <extensions>
      <gpxtpx:TrackPointExtension>
       <gpxtpx:hr>141</gpxtpx:hr>
      </gpxtpx:TrackPointExtension>
     </extensions>
   </trkpt>
   <trkpt lat="-2.5806130" lon="-43.1070980">
    <ele>27.8</ele>
    <time>2026-06-16T19:32:13Z</time>
     <extensions>
      <gpxtpx:TrackPointExtension>
       <gpxtpx:hr>143</gpxtpx:hr>
      </gpxtpx:TrackPointExtension>
     </extensions>
   </trkpt>
   <trkpt lat="-2.5805790" lon="-43.1070760">
    <ele>27.8</ele>
    <time>2026-06-16T19:32:18Z</time>
     <extensions>
      <gpxtpx:TrackPointExtension>
       <gpxtpx:hr>143</gpxtpx:hr>
      </gpxtpx:TrackPointExtension>
     </extensions>
   </trkpt>
   <trkpt lat="-2.5805680" lon="-43.1070760">
    <ele>27.8</ele>
    <time>2026-06-16T19:32:23Z</time>
     <extensions>
      <gpxtpx:TrackPointExtension>
       <gpxtpx:hr>143</gpxtpx:hr>
      </gpxtpx:TrackPointExtension>
     </extensions>
   </trkpt>
   <trkpt lat="-2.5805640" lon="-43.1070860">
    <ele>27.8</ele>
    <time>2026-06-16T19:32:28Z</time>
     <extensions>
      <gpxtpx:TrackPointExtension>
       <gpxtpx:hr>148</gpxtpx:hr>
      </gpxtpx:TrackPointExtension>
     </extensions>
   </trkpt>
   <trkpt lat="-2.5805580" lon="-43.1070890">
    <ele>27.8</ele>
    <time>2026-06-16T19:32:33Z</time>
     <extensions>
      <gpxtpx:TrackPointExtension>
       <gpxtpx:hr>147</gpxtpx:hr>
      </gpxtpx:TrackPointExtension>
     </extensions>
   </trkpt>
   <trkpt lat="-2.5805490" lon="-43.1070920">
    <ele>27.8</ele>
    <time>2026-06-16T19:32:38Z</time>
     <extensions>
      <gpxtpx:TrackPointExtension>
       <gpxtpx:hr>143</gpxtpx:hr>
      </gpxtpx:TrackPointExtension>
     </extensions>
   </trkpt>
   <trkpt lat="-2.5805440" lon="-43.1070930">
    <ele>28.0</ele>
    <time>2026-06-16T19:32:43Z</time>
     <extensions>
      <gpxtpx:TrackPointExtension>
       <gpxtpx:hr>143</gpxtpx:hr>
      </gpxtpx:TrackPointExtension>
     </extensions>
   </trkpt>
   <trkpt lat="-2.5805510" lon="-43.1070860">
    <ele>28.2</ele>
    <time>2026-06-16T19:32:48Z</time>
     <extensions>
      <gpxtpx:TrackPointExtension>
       <gpxtpx:hr>154</gpxtpx:hr>
      </gpxtpx:TrackPointExtension>
     </extensions>
   </trkpt>
   <trkpt lat="-2.5805600" lon="-43.1070860">
    <ele>28.2</ele>
    <time>2026-06-16T19:32:53Z</time>
     <extensions>
      <gpxtpx:TrackPointExtension>
       <gpxtpx:hr>152</gpxtpx:hr>
      </gpxtpx:TrackPointExtension>
     </extensions>
   </trkpt>
   <trkpt lat="-2.5805640" lon="-43.1070940">
    <ele>28.4</ele>
    <time>2026-06-16T19:32:58Z</time>
     <extensions>
      <gpxtpx:TrackPointExtension>
       <gpxtpx:hr>150</gpxtpx:hr>
      </gpxtpx:TrackPointExtension>
     </extensions>
   </trkpt>
   <trkpt lat="-2.5805660" lon="-43.1071040">
    <ele>28.6</ele>
    <time>2026-06-16T19:33:03Z</time>
     <extensions>
      <gpxtpx:TrackPointExtension>
       <gpxtpx:hr>144</gpxtpx:hr>
      </gpxtpx:TrackPointExtension>
     </extensions>
   </trkpt>
   <trkpt lat="-2.5805720" lon="-43.1071130">
    <ele>28.6</ele>
    <time>2026-06-16T19:33:08Z</time>
     <extensions>
      <gpxtpx:TrackPointExtension>
       <gpxtpx:hr>139</gpxtpx:hr>
      </gpxtpx:TrackPointExtension>
     </extensions>
   </trkpt>
   <trkpt lat="-2.5805730" lon="-43.1071140">
    <ele>28.6</ele>
    <time>2026-06-16T19:33:13Z</time>
     <extensions>
      <gpxtpx:TrackPointExtension>
       <gpxtpx:hr>139</gpxtpx:hr>
      </gpxtpx:TrackPointExtension>
     </extensions>
   </trkpt>
   <trkpt lat="-2.5805650" lon="-43.1071130">
    <ele>28.6</ele>
    <time>2026-06-16T19:33:18Z</time>
     <extensions>
      <gpxtpx:TrackPointExtension>
       <gpxtpx:hr>136</gpxtpx:hr>
      </gpxtpx:TrackPointExtension>
     </extensions>
   </trkpt>
   <trkpt lat="-2.5805570" lon="-43.1071160">
    <ele>27.8</ele>
    <time>2026-06-16T19:33:23Z</time>
     <extensions>
      <gpxtpx:TrackPointExtension>
       <gpxtpx:hr>133</gpxtpx:hr>
      </gpxtpx:TrackPointExtension>
     </extensions>
   </trkpt>
   <trkpt lat="-2.5805610" lon="-43.1071150">
    <ele>25.2</ele>
    <time>2026-06-16T19:33:28Z</time>
     <extensions>
      <gpxtpx:TrackPointExtension>
       <gpxtpx:hr>133</gpxtpx:hr>
      </gpxtpx:TrackPointExtension>
     </extensions>
   </trkpt>
  </trkseg>
 </trk>
</gpx>
