<?xml version="1.0" encoding="UTF-8"?>
<gpx creator="StravaGPX" version="1.1" xmlns="http://www.topografix.com/GPX/1/1" xmlns:xsi="http://www.w3.org/2001/XMLSchema-instance" xsi:schemaLocation="http://www.topografix.com/GPX/1/1 http://www.topografix.com/GPX/1/1/gpx.xsd http://www.garmin.com/xmlschemas/GpxExtensions/v3 http://www.garmin.com/xmlschemas/GpxExtensionsv3.xsd http://www.garmin.com/xmlschemas/TrackPointExtension/v1 http://www.garmin.com/xmlschemas/TrackPointExtensionv1.xsd" xmlns:gpxtpx="http://www.garmin.com/xmlschemas/TrackPointExtension/v1" xmlns:gpxx="http://www.garmin.com/xmlschemas/GpxExtensions/v3">
 <metadata>
  <name>Lorena - Lencois Maranhenses Dia 1 (15 jun)</name>
  <time>2026-06-15T08:18:56Z</time>
 </metadata>
 <trk>
  <name>Lorena - Lencois Maranhenses Dia 1 (15 jun)</name>
  <type>Hike</type>
  <trkseg>
   <trkpt lat="-2.6841580" lon="-42.9383560">
    <ele>39.6</ele>
    <time>2026-06-15T08:18:56Z</time>
     <extensions>
      <gpxtpx:TrackPointExtension>
       <gpxtpx:hr>98</gpxtpx:hr>
      </gpxtpx:TrackPointExtension>
     </extensions>
   </trkpt>
   <trkpt lat="-2.6841530" lon="-42.9383560">
    <ele>36.0</ele>
    <time>2026-06-15T08:19:01Z</time>
     <extensions>
      <gpxtpx:TrackPointExtension>
       <gpxtpx:hr>98</gpxtpx:hr>
      </gpxtpx:TrackPointExtension>
     </extensions>
   </trkpt>
   <trkpt lat="-2.6841470" lon="-42.9383530">
    <ele>33.8</ele>
    <time>2026-06-15T08:19:06Z</time>
     <extensions>
      <gpxtpx:TrackPointExtension>
       <gpxtpx:hr>98</gpxtpx:hr>
      </gpxtpx:TrackPointExtension>
     </extensions>
   </trkpt>
   <trkpt lat="-2.6841460" lon="-42.9383340">
    <ele>33.4</ele>
    <time>2026-06-15T08:19:11Z</time>
     <extensions>
      <gpxtpx:TrackPointExtension>
       <gpxtpx:hr>98</gpxtpx:hr>
      </gpxtpx:TrackPointExtension>
     </extensions>
   </trkpt>
   <trkpt lat="-2.6841400" lon="-42.9382750">
    <ele>33.4</ele>
    <time>2026-06-15T08:19:16Z</time>
     <extensions>
      <gpxtpx:TrackPointExtension>
       <gpxtpx:hr>98</gpxtpx:hr>
      </gpxtpx:TrackPointExtension>
     </extensions>
   </trkpt>
   <trkpt lat="-2.6841220" lon="-42.9382180">
    <ele>33.4</ele>
    <time>2026-06-15T08:19:21Z</time>
     <extensions>
      <gpxtpx:TrackPointExtension>
       <gpxtpx:hr>98</gpxtpx:hr>
      </gpxtpx:TrackPointExtension>
     </extensions>
   </trkpt>
   <trkpt lat="-2.6841220" lon="-42.9381690">
    <ele>33.4</ele>
    <time>2026-06-15T08:19:27Z</time>
     <extensions>
      <gpxtpx:TrackPointExtension>
       <gpxtpx:hr>98</gpxtpx:hr>
      </gpxtpx:TrackPointExtension>
     </extensions>
   </trkpt>
   <trkpt lat="-2.6840900" lon="-42.9381380">
    <ele>33.4</ele>
    <time>2026-06-15T08:19:32Z</time>
     <extensions>
      <gpxtpx:TrackPointExtension>
       <gpxtpx:hr>102</gpxtpx:hr>
      </gpxtpx:TrackPointExtension>
     </extensions>
   </trkpt>
   <trkpt lat="-2.6840680" lon="-42.9381410">
    <ele>33.4</ele>
    <time>2026-06-15T08:19:37Z</time>
     <extensions>
      <gpxtpx:TrackPointExtension>
       <gpxtpx:hr>105</gpxtpx:hr>
      </gpxtpx:TrackPointExtension>
     </extensions>
   </trkpt>
   <trkpt lat="-2.6840690" lon="-42.9381560">
    <ele>33.4</ele>
    <time>2026-06-15T08:19:42Z</time>
     <extensions>
      <gpxtpx:TrackPointExtension>
       <gpxtpx:hr>107</gpxtpx:hr>
      </gpxtpx:TrackPointExtension>
     </extensions>
   </trkpt>
   <trkpt lat="-2.6840720" lon="-42.9381600">
    <ele>33.4</ele>
    <time>2026-06-15T08:19:47Z</time>
     <extensions>
      <gpxtpx:TrackPointExtension>
       <gpxtpx:hr>109</gpxtpx:hr>
      </gpxtpx:TrackPointExtension>
     </extensions>
   </trkpt>
   <trkpt lat="-2.6840560" lon="-42.9381580">
    <ele>33.2</ele>
    <time>2026-06-15T08:19:52Z</time>
     <extensions>
      <gpxtpx:TrackPointExtension>
       <gpxtpx:hr>116</gpxtpx:hr>
      </gpxtpx:TrackPointExtension>
     </extensions>
   </trkpt>
   <trkpt lat="-2.6840110" lon="-42.9381600">
    <ele>33.2</ele>
    <time>2026-06-15T08:19:57Z</time>
     <extensions>
      <gpxtpx:TrackPointExtension>
       <gpxtpx:hr>116</gpxtpx:hr>
      </gpxtpx:TrackPointExtension>
     </extensions>
   </trkpt>
   <trkpt lat="-2.6839670" lon="-42.9381480">
    <ele>33.2</ele>
    <time>2026-06-15T08:20:02Z</time>
     <extensions>
      <gpxtpx:TrackPointExtension>
       <gpxtpx:hr>112</gpxtpx:hr>
      </gpxtpx:TrackPointExtension>
     </extensions>
   </trkpt>
   <trkpt lat="-2.6839280" lon="-42.9381290">
    <ele>33.4</ele>
    <time>2026-06-15T08:20:07Z</time>
     <extensions>
      <gpxtpx:TrackPointExtension>
       <gpxtpx:hr>112</gpxtpx:hr>
      </gpxtpx:TrackPointExtension>
     </extensions>
   </trkpt>
   <trkpt lat="-2.6839060" lon="-42.9380970">
    <ele>33.6</ele>
    <time>2026-06-15T08:20:12Z</time>
     <extensions>
      <gpxtpx:TrackPointExtension>
       <gpxtpx:hr>117</gpxtpx:hr>
      </gpxtpx:TrackPointExtension>
     </extensions>
   </trkpt>
   <trkpt lat="-2.6839030" lon="-42.9380860">
    <ele>33.6</ele>
    <time>2026-06-15T08:20:17Z</time>
     <extensions>
      <gpxtpx:TrackPointExtension>
       <gpxtpx:hr>117</gpxtpx:hr>
      </gpxtpx:TrackPointExtension>
     </extensions>
   </trkpt>
   <trkpt lat="-2.6839010" lon="-42.9380770">
    <ele>33.6</ele>
    <time>2026-06-15T08:20:22Z</time>
     <extensions>
      <gpxtpx:TrackPointExtension>
       <gpxtpx:hr>120</gpxtpx:hr>
      </gpxtpx:TrackPointExtension>
     </extensions>
   </trkpt>
   <trkpt lat="-2.6838910" lon="-42.9380570">
    <ele>33.6</ele>
    <time>2026-06-15T08:20:27Z</time>
     <extensions>
      <gpxtpx:TrackPointExtension>
       <gpxtpx:hr>122</gpxtpx:hr>
      </gpxtpx:TrackPointExtension>
     </extensions>
   </trkpt>
   <trkpt lat="-2.6838850" lon="-42.9380390">
    <ele>34.0</ele>
    <time>2026-06-15T08:20:32Z</time>
     <extensions>
      <gpxtpx:TrackPointExtension>
       <gpxtpx:hr>122</gpxtpx:hr>
      </gpxtpx:TrackPointExtension>
     </extensions>
   </trkpt>
   <trkpt lat="-2.6838750" lon="-42.9380240">
    <ele>34.8</ele>
    <time>2026-06-15T08:20:37Z</time>
     <extensions>
      <gpxtpx:TrackPointExtension>
       <gpxtpx:hr>117</gpxtpx:hr>
      </gpxtpx:TrackPointExtension>
     </extensions>
   </trkpt>
   <trkpt lat="-2.6838620" lon="-42.9380010">
    <ele>35.6</ele>
    <time>2026-06-15T08:20:42Z</time>
     <extensions>
      <gpxtpx:TrackPointExtension>
       <gpxtpx:hr>122</gpxtpx:hr>
      </gpxtpx:TrackPointExtension>
     </extensions>
   </trkpt>
   <trkpt lat="-2.6838510" lon="-42.9379780">
    <ele>36.4</ele>
    <time>2026-06-15T08:20:47Z</time>
     <extensions>
      <gpxtpx:TrackPointExtension>
       <gpxtpx:hr>123</gpxtpx:hr>
      </gpxtpx:TrackPointExtension>
     </extensions>
   </trkpt>
   <trkpt lat="-2.6838380" lon="-42.9379620">
    <ele>37.2</ele>
    <time>2026-06-15T08:20:52Z</time>
     <extensions>
      <gpxtpx:TrackPointExtension>
       <gpxtpx:hr>123</gpxtpx:hr>
      </gpxtpx:TrackPointExtension>
     </extensions>
   </trkpt>
   <trkpt lat="-2.6837950" lon="-42.9379730">
    <ele>37.8</ele>
    <time>2026-06-15T08:20:57Z</time>
     <extensions>
      <gpxtpx:TrackPointExtension>
       <gpxtpx:hr>122</gpxtpx:hr>
      </gpxtpx:TrackPointExtension>
     </extensions>
   </trkpt>
   <trkpt lat="-2.6837550" lon="-42.9379930">
    <ele>38.4</ele>
    <time>2026-06-15T08:21:02Z</time>
     <extensions>
      <gpxtpx:TrackPointExtension>
       <gpxtpx:hr>122</gpxtpx:hr>
      </gpxtpx:TrackPointExtension>
     </extensions>
   </trkpt>
   <trkpt lat="-2.6837180" lon="-42.9379980">
    <ele>39.0</ele>
    <time>2026-06-15T08:21:07Z</time>
     <extensions>
      <gpxtpx:TrackPointExtension>
       <gpxtpx:hr>127</gpxtpx:hr>
      </gpxtpx:TrackPointExtension>
     </extensions>
   </trkpt>
   <trkpt lat="-2.6837040" lon="-42.9379960">
    <ele>39.8</ele>
    <time>2026-06-15T08:21:12Z</time>
     <extensions>
      <gpxtpx:TrackPointExtension>
       <gpxtpx:hr>130</gpxtpx:hr>
      </gpxtpx:TrackPointExtension>
     </extensions>
   </trkpt>
   <trkpt lat="-2.6836880" lon="-42.9379890">
    <ele>41.0</ele>
    <time>2026-06-15T08:21:17Z</time>
     <extensions>
      <gpxtpx:TrackPointExtension>
       <gpxtpx:hr>131</gpxtpx:hr>
      </gpxtpx:TrackPointExtension>
     </extensions>
   </trkpt>
   <trkpt lat="-2.6836640" lon="-42.9379900">
    <ele>42.0</ele>
    <time>2026-06-15T08:21:22Z</time>
     <extensions>
      <gpxtpx:TrackPointExtension>
       <gpxtpx:hr>133</gpxtpx:hr>
      </gpxtpx:TrackPointExtension>
     </extensions>
   </trkpt>
   <trkpt lat="-2.6836380" lon="-42.9379960">
    <ele>43.0</ele>
    <time>2026-06-15T08:21:27Z</time>
     <extensions>
      <gpxtpx:TrackPointExtension>
       <gpxtpx:hr>133</gpxtpx:hr>
      </gpxtpx:TrackPointExtension>
     </extensions>
   </trkpt>
   <trkpt lat="-2.6836160" lon="-42.9379980">
    <ele>44.0</ele>
    <time>2026-06-15T08:21:32Z</time>
     <extensions>
      <gpxtpx:TrackPointExtension>
       <gpxtpx:hr>140</gpxtpx:hr>
      </gpxtpx:TrackPointExtension>
     </extensions>
   </trkpt>
   <trkpt lat="-2.6836050" lon="-42.9380000">
    <ele>45.2</ele>
    <time>2026-06-15T08:21:37Z</time>
     <extensions>
      <gpxtpx:TrackPointExtension>
       <gpxtpx:hr>140</gpxtpx:hr>
      </gpxtpx:TrackPointExtension>
     </extensions>
   </trkpt>
   <trkpt lat="-2.6835850" lon="-42.9380060">
    <ele>46.4</ele>
    <time>2026-06-15T08:21:42Z</time>
     <extensions>
      <gpxtpx:TrackPointExtension>
       <gpxtpx:hr>144</gpxtpx:hr>
      </gpxtpx:TrackPointExtension>
     </extensions>
   </trkpt>
   <trkpt lat="-2.6835650" lon="-42.9380080">
    <ele>47.4</ele>
    <time>2026-06-15T08:21:47Z</time>
     <extensions>
      <gpxtpx:TrackPointExtension>
       <gpxtpx:hr>147</gpxtpx:hr>
      </gpxtpx:TrackPointExtension>
     </extensions>
   </trkpt>
   <trkpt lat="-2.6835490" lon="-42.9380080">
    <ele>48.4</ele>
    <time>2026-06-15T08:21:52Z</time>
     <extensions>
      <gpxtpx:TrackPointExtension>
       <gpxtpx:hr>152</gpxtpx:hr>
      </gpxtpx:TrackPointExtension>
     </extensions>
   </trkpt>
   <trkpt lat="-2.6835360" lon="-42.9380090">
    <ele>49.4</ele>
    <time>2026-06-15T08:21:57Z</time>
     <extensions>
      <gpxtpx:TrackPointExtension>
       <gpxtpx:hr>154</gpxtpx:hr>
      </gpxtpx:TrackPointExtension>
     </extensions>
   </trkpt>
   <trkpt lat="-2.6835200" lon="-42.9380060">
    <ele>50.4</ele>
    <time>2026-06-15T08:22:02Z</time>
     <extensions>
      <gpxtpx:TrackPointExtension>
       <gpxtpx:hr>156</gpxtpx:hr>
      </gpxtpx:TrackPointExtension>
     </extensions>
   </trkpt>
   <trkpt lat="-2.6834990" lon="-42.9379930">
    <ele>51.4</ele>
    <time>2026-06-15T08:22:07Z</time>
     <extensions>
      <gpxtpx:TrackPointExtension>
       <gpxtpx:hr>155</gpxtpx:hr>
      </gpxtpx:TrackPointExtension>
     </extensions>
   </trkpt>
   <trkpt lat="-2.6834850" lon="-42.9379680">
    <ele>52.0</ele>
    <time>2026-06-15T08:22:12Z</time>
     <extensions>
      <gpxtpx:TrackPointExtension>
       <gpxtpx:hr>156</gpxtpx:hr>
      </gpxtpx:TrackPointExtension>
     </extensions>
   </trkpt>
   <trkpt lat="-2.6834800" lon="-42.9379560">
    <ele>52.2</ele>
    <time>2026-06-15T08:22:17Z</time>
     <extensions>
      <gpxtpx:TrackPointExtension>
       <gpxtpx:hr>156</gpxtpx:hr>
      </gpxtpx:TrackPointExtension>
     </extensions>
   </trkpt>
   <trkpt lat="-2.6834800" lon="-42.9379560">
    <ele>52.2</ele>
    <time>2026-06-15T08:22:22Z</time>
     <extensions>
      <gpxtpx:TrackPointExtension>
       <gpxtpx:hr>158</gpxtpx:hr>
      </gpxtpx:TrackPointExtension>
     </extensions>
   </trkpt>
   <trkpt lat="-2.6834790" lon="-42.9379550">
    <ele>52.2</ele>
    <time>2026-06-15T08:22:27Z</time>
     <extensions>
      <gpxtpx:TrackPointExtension>
       <gpxtpx:hr>158</gpxtpx:hr>
      </gpxtpx:TrackPointExtension>
     </extensions>
   </trkpt>
   <trkpt lat="-2.6834780" lon="-42.9379530">
    <ele>52.2</ele>
    <time>2026-06-15T08:22:32Z</time>
     <extensions>
      <gpxtpx:TrackPointExtension>
       <gpxtpx:hr>153</gpxtpx:hr>
      </gpxtpx:TrackPointExtension>
     </extensions>
   </trkpt>
   <trkpt lat="-2.6834770" lon="-42.9379540">
    <ele>52.2</ele>
    <time>2026-06-15T08:22:37Z</time>
     <extensions>
      <gpxtpx:TrackPointExtension>
       <gpxtpx:hr>153</gpxtpx:hr>
      </gpxtpx:TrackPointExtension>
     </extensions>
   </trkpt>
   <trkpt lat="-2.6834770" lon="-42.9379530">
    <ele>52.2</ele>
    <time>2026-06-15T08:22:42Z</time>
     <extensions>
      <gpxtpx:TrackPointExtension>
       <gpxtpx:hr>148</gpxtpx:hr>
      </gpxtpx:TrackPointExtension>
     </extensions>
   </trkpt>
   <trkpt lat="-2.6834790" lon="-42.9379540">
    <ele>52.2</ele>
    <time>2026-06-15T08:22:47Z</time>
     <extensions>
      <gpxtpx:TrackPointExtension>
       <gpxtpx:hr>146</gpxtpx:hr>
      </gpxtpx:TrackPointExtension>
     </extensions>
   </trkpt>
   <trkpt lat="-2.6834820" lon="-42.9379520">
    <ele>52.2</ele>
    <time>2026-06-15T08:22:52Z</time>
     <extensions>
      <gpxtpx:TrackPointExtension>
       <gpxtpx:hr>147</gpxtpx:hr>
      </gpxtpx:TrackPointExtension>
     </extensions>
   </trkpt>
   <trkpt lat="-2.6834850" lon="-42.9379510">
    <ele>52.2</ele>
    <time>2026-06-15T08:22:57Z</time>
     <extensions>
      <gpxtpx:TrackPointExtension>
       <gpxtpx:hr>147</gpxtpx:hr>
      </gpxtpx:TrackPointExtension>
     </extensions>
   </trkpt>
   <trkpt lat="-2.6834880" lon="-42.9379480">
    <ele>52.2</ele>
    <time>2026-06-15T08:23:02Z</time>
     <extensions>
      <gpxtpx:TrackPointExtension>
       <gpxtpx:hr>131</gpxtpx:hr>
      </gpxtpx:TrackPointExtension>
     </extensions>
   </trkpt>
   <trkpt lat="-2.6834890" lon="-42.9379480">
    <ele>52.0</ele>
    <time>2026-06-15T08:23:07Z</time>
     <extensions>
      <gpxtpx:TrackPointExtension>
       <gpxtpx:hr>122</gpxtpx:hr>
      </gpxtpx:TrackPointExtension>
     </extensions>
   </trkpt>
   <trkpt lat="-2.6834880" lon="-42.9379530">
    <ele>52.0</ele>
    <time>2026-06-15T08:23:12Z</time>
     <extensions>
      <gpxtpx:TrackPointExtension>
       <gpxtpx:hr>122</gpxtpx:hr>
      </gpxtpx:TrackPointExtension>
     </extensions>
   </trkpt>
   <trkpt lat="-2.6834850" lon="-42.9379590">
    <ele>52.0</ele>
    <time>2026-06-15T08:23:17Z</time>
     <extensions>
      <gpxtpx:TrackPointExtension>
       <gpxtpx:hr>121</gpxtpx:hr>
      </gpxtpx:TrackPointExtension>
     </extensions>
   </trkpt>
   <trkpt lat="-2.6834700" lon="-42.9379640">
    <ele>52.2</ele>
    <time>2026-06-15T08:23:22Z</time>
     <extensions>
      <gpxtpx:TrackPointExtension>
       <gpxtpx:hr>113</gpxtpx:hr>
      </gpxtpx:TrackPointExtension>
     </extensions>
   </trkpt>
   <trkpt lat="-2.6834460" lon="-42.9379620">
    <ele>52.6</ele>
    <time>2026-06-15T08:23:27Z</time>
     <extensions>
      <gpxtpx:TrackPointExtension>
       <gpxtpx:hr>115</gpxtpx:hr>
      </gpxtpx:TrackPointExtension>
     </extensions>
   </trkpt>
   <trkpt lat="-2.6834240" lon="-42.9379680">
    <ele>53.4</ele>
    <time>2026-06-15T08:23:32Z</time>
     <extensions>
      <gpxtpx:TrackPointExtension>
       <gpxtpx:hr>117</gpxtpx:hr>
      </gpxtpx:TrackPointExtension>
     </extensions>
   </trkpt>
   <trkpt lat="-2.6834040" lon="-42.9379720">
    <ele>54.6</ele>
    <time>2026-06-15T08:23:37Z</time>
     <extensions>
      <gpxtpx:TrackPointExtension>
       <gpxtpx:hr>122</gpxtpx:hr>
      </gpxtpx:TrackPointExtension>
     </extensions>
   </trkpt>
   <trkpt lat="-2.6833860" lon="-42.9379760">
    <ele>55.6</ele>
    <time>2026-06-15T08:23:42Z</time>
     <extensions>
      <gpxtpx:TrackPointExtension>
       <gpxtpx:hr>122</gpxtpx:hr>
      </gpxtpx:TrackPointExtension>
     </extensions>
   </trkpt>
   <trkpt lat="-2.6833690" lon="-42.9379760">
    <ele>56.8</ele>
    <time>2026-06-15T08:23:47Z</time>
     <extensions>
      <gpxtpx:TrackPointExtension>
       <gpxtpx:hr>127</gpxtpx:hr>
      </gpxtpx:TrackPointExtension>
     </extensions>
   </trkpt>
   <trkpt lat="-2.6833500" lon="-42.9379750">
    <ele>57.8</ele>
    <time>2026-06-15T08:23:52Z</time>
     <extensions>
      <gpxtpx:TrackPointExtension>
       <gpxtpx:hr>131</gpxtpx:hr>
      </gpxtpx:TrackPointExtension>
     </extensions>
   </trkpt>
   <trkpt lat="-2.6833320" lon="-42.9379740">
    <ele>58.2</ele>
    <time>2026-06-15T08:23:57Z</time>
     <extensions>
      <gpxtpx:TrackPointExtension>
       <gpxtpx:hr>134</gpxtpx:hr>
      </gpxtpx:TrackPointExtension>
     </extensions>
   </trkpt>
   <trkpt lat="-2.6833330" lon="-42.9379740">
    <ele>55.6</ele>
    <time>2026-06-15T08:24:02Z</time>
     <extensions>
      <gpxtpx:TrackPointExtension>
       <gpxtpx:hr>136</gpxtpx:hr>
      </gpxtpx:TrackPointExtension>
     </extensions>
   </trkpt>
   <trkpt lat="-2.6833370" lon="-42.9379740">
    <ele>50.2</ele>
    <time>2026-06-15T08:24:07Z</time>
     <extensions>
      <gpxtpx:TrackPointExtension>
       <gpxtpx:hr>140</gpxtpx:hr>
      </gpxtpx:TrackPointExtension>
     </extensions>
   </trkpt>
   <trkpt lat="-2.6833400" lon="-42.9379780">
    <ele>47.0</ele>
    <time>2026-06-15T08:24:12Z</time>
     <extensions>
      <gpxtpx:TrackPointExtension>
       <gpxtpx:hr>140</gpxtpx:hr>
      </gpxtpx:TrackPointExtension>
     </extensions>
   </trkpt>
   <trkpt lat="-2.6833410" lon="-42.9379860">
    <ele>45.6</ele>
    <time>2026-06-15T08:24:17Z</time>
     <extensions>
      <gpxtpx:TrackPointExtension>
       <gpxtpx:hr>139</gpxtpx:hr>
      </gpxtpx:TrackPointExtension>
     </extensions>
   </trkpt>
   <trkpt lat="-2.6833400" lon="-42.9379910">
    <ele>45.2</ele>
    <time>2026-06-15T08:24:22Z</time>
     <extensions>
      <gpxtpx:TrackPointExtension>
       <gpxtpx:hr>140</gpxtpx:hr>
      </gpxtpx:TrackPointExtension>
     </extensions>
   </trkpt>
   <trkpt lat="-2.6833410" lon="-42.9379920">
    <ele>45.2</ele>
    <time>2026-06-15T08:24:27Z</time>
     <extensions>
      <gpxtpx:TrackPointExtension>
       <gpxtpx:hr>132</gpxtpx:hr>
      </gpxtpx:TrackPointExtension>
     </extensions>
   </trkpt>
   <trkpt lat="-2.6833450" lon="-42.9379930">
    <ele>45.0</ele>
    <time>2026-06-15T08:24:32Z</time>
     <extensions>
      <gpxtpx:TrackPointExtension>
       <gpxtpx:hr>132</gpxtpx:hr>
      </gpxtpx:TrackPointExtension>
     </extensions>
   </trkpt>
   <trkpt lat="-2.6833470" lon="-42.9379920">
    <ele>44.4</ele>
    <time>2026-06-15T08:24:37Z</time>
     <extensions>
      <gpxtpx:TrackPointExtension>
       <gpxtpx:hr>134</gpxtpx:hr>
      </gpxtpx:TrackPointExtension>
     </extensions>
   </trkpt>
   <trkpt lat="-2.6833490" lon="-42.9379890">
    <ele>43.8</ele>
    <time>2026-06-15T08:24:42Z</time>
     <extensions>
      <gpxtpx:TrackPointExtension>
       <gpxtpx:hr>134</gpxtpx:hr>
      </gpxtpx:TrackPointExtension>
     </extensions>
   </trkpt>
   <trkpt lat="-2.6833540" lon="-42.9379820">
    <ele>43.2</ele>
    <time>2026-06-15T08:24:47Z</time>
     <extensions>
      <gpxtpx:TrackPointExtension>
       <gpxtpx:hr>117</gpxtpx:hr>
      </gpxtpx:TrackPointExtension>
     </extensions>
   </trkpt>
   <trkpt lat="-2.6833610" lon="-42.9379770">
    <ele>41.8</ele>
    <time>2026-06-15T08:24:52Z</time>
     <extensions>
      <gpxtpx:TrackPointExtension>
       <gpxtpx:hr>113</gpxtpx:hr>
      </gpxtpx:TrackPointExtension>
     </extensions>
   </trkpt>
   <trkpt lat="-2.6833640" lon="-42.9379750">
    <ele>39.6</ele>
    <time>2026-06-15T08:24:57Z</time>
     <extensions>
      <gpxtpx:TrackPointExtension>
       <gpxtpx:hr>110</gpxtpx:hr>
      </gpxtpx:TrackPointExtension>
     </extensions>
   </trkpt>
   <trkpt lat="-2.6832970" lon="-42.9382380">
    <ele>42.4</ele>
    <time>2026-06-15T08:53:42Z</time>
     <extensions>
      <gpxtpx:TrackPointExtension>
       <gpxtpx:hr>110</gpxtpx:hr>
      </gpxtpx:TrackPointExtension>
     </extensions>
   </trkpt>
   <trkpt lat="-2.6833030" lon="-42.9382790">
    <ele>40.6</ele>
    <time>2026-06-15T08:53:47Z</time>
     <extensions>
      <gpxtpx:TrackPointExtension>
       <gpxtpx:hr>110</gpxtpx:hr>
      </gpxtpx:TrackPointExtension>
     </extensions>
   </trkpt>
   <trkpt lat="-2.6833070" lon="-42.9383040">
    <ele>40.0</ele>
    <time>2026-06-15T08:53:52Z</time>
     <extensions>
      <gpxtpx:TrackPointExtension>
       <gpxtpx:hr>110</gpxtpx:hr>
      </gpxtpx:TrackPointExtension>
     </extensions>
   </trkpt>
   <trkpt lat="-2.6833070" lon="-42.9383260">
    <ele>39.8</ele>
    <time>2026-06-15T08:53:57Z</time>
     <extensions>
      <gpxtpx:TrackPointExtension>
       <gpxtpx:hr>110</gpxtpx:hr>
      </gpxtpx:TrackPointExtension>
     </extensions>
   </trkpt>
   <trkpt lat="-2.6833100" lon="-42.9383390">
    <ele>40.0</ele>
    <time>2026-06-15T08:54:02Z</time>
     <extensions>
      <gpxtpx:TrackPointExtension>
       <gpxtpx:hr>110</gpxtpx:hr>
      </gpxtpx:TrackPointExtension>
     </extensions>
   </trkpt>
   <trkpt lat="-2.6833070" lon="-42.9383510">
    <ele>40.6</ele>
    <time>2026-06-15T08:54:07Z</time>
     <extensions>
      <gpxtpx:TrackPointExtension>
       <gpxtpx:hr>110</gpxtpx:hr>
      </gpxtpx:TrackPointExtension>
     </extensions>
   </trkpt>
   <trkpt lat="-2.6832940" lon="-42.9383580">
    <ele>42.0</ele>
    <time>2026-06-15T08:54:12Z</time>
     <extensions>
      <gpxtpx:TrackPointExtension>
       <gpxtpx:hr>138</gpxtpx:hr>
      </gpxtpx:TrackPointExtension>
     </extensions>
   </trkpt>
   <trkpt lat="-2.6833150" lon="-42.9383810">
    <ele>43.6</ele>
    <time>2026-06-15T08:54:17Z</time>
     <extensions>
      <gpxtpx:TrackPointExtension>
       <gpxtpx:hr>136</gpxtpx:hr>
      </gpxtpx:TrackPointExtension>
     </extensions>
   </trkpt>
   <trkpt lat="-2.6833240" lon="-42.9384160">
    <ele>44.6</ele>
    <time>2026-06-15T08:54:22Z</time>
     <extensions>
      <gpxtpx:TrackPointExtension>
       <gpxtpx:hr>135</gpxtpx:hr>
      </gpxtpx:TrackPointExtension>
     </extensions>
   </trkpt>
   <trkpt lat="-2.6833330" lon="-42.9384380">
    <ele>45.0</ele>
    <time>2026-06-15T08:54:27Z</time>
     <extensions>
      <gpxtpx:TrackPointExtension>
       <gpxtpx:hr>135</gpxtpx:hr>
      </gpxtpx:TrackPointExtension>
     </extensions>
   </trkpt>
   <trkpt lat="-2.6833340" lon="-42.9384570">
    <ele>45.2</ele>
    <time>2026-06-15T08:54:32Z</time>
     <extensions>
      <gpxtpx:TrackPointExtension>
       <gpxtpx:hr>137</gpxtpx:hr>
      </gpxtpx:TrackPointExtension>
     </extensions>
   </trkpt>
   <trkpt lat="-2.6833350" lon="-42.9384870">
    <ele>45.4</ele>
    <time>2026-06-15T08:54:37Z</time>
     <extensions>
      <gpxtpx:TrackPointExtension>
       <gpxtpx:hr>136</gpxtpx:hr>
      </gpxtpx:TrackPointExtension>
     </extensions>
   </trkpt>
   <trkpt lat="-2.6833330" lon="-42.9385190">
    <ele>45.8</ele>
    <time>2026-06-15T08:54:42Z</time>
     <extensions>
      <gpxtpx:TrackPointExtension>
       <gpxtpx:hr>134</gpxtpx:hr>
      </gpxtpx:TrackPointExtension>
     </extensions>
   </trkpt>
   <trkpt lat="-2.6833260" lon="-42.9385490">
    <ele>46.2</ele>
    <time>2026-06-15T08:54:47Z</time>
     <extensions>
      <gpxtpx:TrackPointExtension>
       <gpxtpx:hr>134</gpxtpx:hr>
      </gpxtpx:TrackPointExtension>
     </extensions>
   </trkpt>
   <trkpt lat="-2.6833270" lon="-42.9385890">
    <ele>46.6</ele>
    <time>2026-06-15T08:54:52Z</time>
     <extensions>
      <gpxtpx:TrackPointExtension>
       <gpxtpx:hr>131</gpxtpx:hr>
      </gpxtpx:TrackPointExtension>
     </extensions>
   </trkpt>
   <trkpt lat="-2.6833230" lon="-42.9386270">
    <ele>47.0</ele>
    <time>2026-06-15T08:54:57Z</time>
     <extensions>
      <gpxtpx:TrackPointExtension>
       <gpxtpx:hr>132</gpxtpx:hr>
      </gpxtpx:TrackPointExtension>
     </extensions>
   </trkpt>
   <trkpt lat="-2.6833130" lon="-42.9386650">
    <ele>47.4</ele>
    <time>2026-06-15T08:55:02Z</time>
     <extensions>
      <gpxtpx:TrackPointExtension>
       <gpxtpx:hr>129</gpxtpx:hr>
      </gpxtpx:TrackPointExtension>
     </extensions>
   </trkpt>
   <trkpt lat="-2.6832980" lon="-42.9387050">
    <ele>47.8</ele>
    <time>2026-06-15T08:55:07Z</time>
     <extensions>
      <gpxtpx:TrackPointExtension>
       <gpxtpx:hr>128</gpxtpx:hr>
      </gpxtpx:TrackPointExtension>
     </extensions>
   </trkpt>
   <trkpt lat="-2.6832750" lon="-42.9387390">
    <ele>48.0</ele>
    <time>2026-06-15T08:55:12Z</time>
     <extensions>
      <gpxtpx:TrackPointExtension>
       <gpxtpx:hr>124</gpxtpx:hr>
      </gpxtpx:TrackPointExtension>
     </extensions>
   </trkpt>
   <trkpt lat="-2.6832470" lon="-42.9387770">
    <ele>48.6</ele>
    <time>2026-06-15T08:55:17Z</time>
     <extensions>
      <gpxtpx:TrackPointExtension>
       <gpxtpx:hr>124</gpxtpx:hr>
      </gpxtpx:TrackPointExtension>
     </extensions>
   </trkpt>
   <trkpt lat="-2.6832250" lon="-42.9388150">
    <ele>49.6</ele>
    <time>2026-06-15T08:55:22Z</time>
     <extensions>
      <gpxtpx:TrackPointExtension>
       <gpxtpx:hr>125</gpxtpx:hr>
      </gpxtpx:TrackPointExtension>
     </extensions>
   </trkpt>
   <trkpt lat="-2.6832040" lon="-42.9388560">
    <ele>51.0</ele>
    <time>2026-06-15T08:55:27Z</time>
     <extensions>
      <gpxtpx:TrackPointExtension>
       <gpxtpx:hr>123</gpxtpx:hr>
      </gpxtpx:TrackPointExtension>
     </extensions>
   </trkpt>
   <trkpt lat="-2.6831870" lon="-42.9388960">
    <ele>52.4</ele>
    <time>2026-06-15T08:55:32Z</time>
     <extensions>
      <gpxtpx:TrackPointExtension>
       <gpxtpx:hr>118</gpxtpx:hr>
      </gpxtpx:TrackPointExtension>
     </extensions>
   </trkpt>
   <trkpt lat="-2.6831730" lon="-42.9389230">
    <ele>53.6</ele>
    <time>2026-06-15T08:55:37Z</time>
     <extensions>
      <gpxtpx:TrackPointExtension>
       <gpxtpx:hr>117</gpxtpx:hr>
      </gpxtpx:TrackPointExtension>
     </extensions>
   </trkpt>
   <trkpt lat="-2.6831730" lon="-42.9389230">
    <ele>56.2</ele>
    <time>2026-06-15T08:55:42Z</time>
     <extensions>
      <gpxtpx:TrackPointExtension>
       <gpxtpx:hr>117</gpxtpx:hr>
      </gpxtpx:TrackPointExtension>
     </extensions>
   </trkpt>
   <trkpt lat="-2.6831680" lon="-42.9389280">
    <ele>60.2</ele>
    <time>2026-06-15T08:55:47Z</time>
     <extensions>
      <gpxtpx:TrackPointExtension>
       <gpxtpx:hr>118</gpxtpx:hr>
      </gpxtpx:TrackPointExtension>
     </extensions>
   </trkpt>
   <trkpt lat="-2.6831690" lon="-42.9389230">
    <ele>61.6</ele>
    <time>2026-06-15T08:55:52Z</time>
     <extensions>
      <gpxtpx:TrackPointExtension>
       <gpxtpx:hr>109</gpxtpx:hr>
      </gpxtpx:TrackPointExtension>
     </extensions>
   </trkpt>
   <trkpt lat="-2.6831670" lon="-42.9389200">
    <ele>61.8</ele>
    <time>2026-06-15T08:55:57Z</time>
     <extensions>
      <gpxtpx:TrackPointExtension>
       <gpxtpx:hr>113</gpxtpx:hr>
      </gpxtpx:TrackPointExtension>
     </extensions>
   </trkpt>
   <trkpt lat="-2.6831660" lon="-42.9389200">
    <ele>61.6</ele>
    <time>2026-06-15T08:56:02Z</time>
     <extensions>
      <gpxtpx:TrackPointExtension>
       <gpxtpx:hr>110</gpxtpx:hr>
      </gpxtpx:TrackPointExtension>
     </extensions>
   </trkpt>
   <trkpt lat="-2.6831570" lon="-42.9389350">
    <ele>61.6</ele>
    <time>2026-06-15T08:56:07Z</time>
     <extensions>
      <gpxtpx:TrackPointExtension>
       <gpxtpx:hr>110</gpxtpx:hr>
      </gpxtpx:TrackPointExtension>
     </extensions>
   </trkpt>
   <trkpt lat="-2.6831470" lon="-42.9389610">
    <ele>61.4</ele>
    <time>2026-06-15T08:56:12Z</time>
     <extensions>
      <gpxtpx:TrackPointExtension>
       <gpxtpx:hr>100</gpxtpx:hr>
      </gpxtpx:TrackPointExtension>
     </extensions>
   </trkpt>
   <trkpt lat="-2.6831360" lon="-42.9389800">
    <ele>61.0</ele>
    <time>2026-06-15T08:56:17Z</time>
     <extensions>
      <gpxtpx:TrackPointExtension>
       <gpxtpx:hr>95</gpxtpx:hr>
      </gpxtpx:TrackPointExtension>
     </extensions>
   </trkpt>
   <trkpt lat="-2.6831150" lon="-42.9390070">
    <ele>60.8</ele>
    <time>2026-06-15T08:56:22Z</time>
     <extensions>
      <gpxtpx:TrackPointExtension>
       <gpxtpx:hr>95</gpxtpx:hr>
      </gpxtpx:TrackPointExtension>
     </extensions>
   </trkpt>
   <trkpt lat="-2.6830920" lon="-42.9390360">
    <ele>60.4</ele>
    <time>2026-06-15T08:56:27Z</time>
     <extensions>
      <gpxtpx:TrackPointExtension>
       <gpxtpx:hr>100</gpxtpx:hr>
      </gpxtpx:TrackPointExtension>
     </extensions>
   </trkpt>
   <trkpt lat="-2.6830740" lon="-42.9390690">
    <ele>59.8</ele>
    <time>2026-06-15T08:56:32Z</time>
     <extensions>
      <gpxtpx:TrackPointExtension>
       <gpxtpx:hr>98</gpxtpx:hr>
      </gpxtpx:TrackPointExtension>
     </extensions>
   </trkpt>
   <trkpt lat="-2.6830550" lon="-42.9391090">
    <ele>59.4</ele>
    <time>2026-06-15T08:56:37Z</time>
     <extensions>
      <gpxtpx:TrackPointExtension>
       <gpxtpx:hr>98</gpxtpx:hr>
      </gpxtpx:TrackPointExtension>
     </extensions>
   </trkpt>
   <trkpt lat="-2.6830320" lon="-42.9391490">
    <ele>58.8</ele>
    <time>2026-06-15T08:56:42Z</time>
     <extensions>
      <gpxtpx:TrackPointExtension>
       <gpxtpx:hr>101</gpxtpx:hr>
      </gpxtpx:TrackPointExtension>
     </extensions>
   </trkpt>
   <trkpt lat="-2.6830140" lon="-42.9391880">
    <ele>58.0</ele>
    <time>2026-06-15T08:56:47Z</time>
     <extensions>
      <gpxtpx:TrackPointExtension>
       <gpxtpx:hr>101</gpxtpx:hr>
      </gpxtpx:TrackPointExtension>
     </extensions>
   </trkpt>
   <trkpt lat="-2.6829970" lon="-42.9392280">
    <ele>57.4</ele>
    <time>2026-06-15T08:56:52Z</time>
     <extensions>
      <gpxtpx:TrackPointExtension>
       <gpxtpx:hr>102</gpxtpx:hr>
      </gpxtpx:TrackPointExtension>
     </extensions>
   </trkpt>
   <trkpt lat="-2.6829830" lon="-42.9392680">
    <ele>56.8</ele>
    <time>2026-06-15T08:56:57Z</time>
     <extensions>
      <gpxtpx:TrackPointExtension>
       <gpxtpx:hr>102</gpxtpx:hr>
      </gpxtpx:TrackPointExtension>
     </extensions>
   </trkpt>
   <trkpt lat="-2.6829640" lon="-42.9393040">
    <ele>56.2</ele>
    <time>2026-06-15T08:57:02Z</time>
     <extensions>
      <gpxtpx:TrackPointExtension>
       <gpxtpx:hr>105</gpxtpx:hr>
      </gpxtpx:TrackPointExtension>
     </extensions>
   </trkpt>
   <trkpt lat="-2.6829420" lon="-42.9393380">
    <ele>55.8</ele>
    <time>2026-06-15T08:57:07Z</time>
     <extensions>
      <gpxtpx:TrackPointExtension>
       <gpxtpx:hr>106</gpxtpx:hr>
      </gpxtpx:TrackPointExtension>
     </extensions>
   </trkpt>
   <trkpt lat="-2.6829190" lon="-42.9393720">
    <ele>55.4</ele>
    <time>2026-06-15T08:57:12Z</time>
     <extensions>
      <gpxtpx:TrackPointExtension>
       <gpxtpx:hr>106</gpxtpx:hr>
      </gpxtpx:TrackPointExtension>
     </extensions>
   </trkpt>
   <trkpt lat="-2.6828920" lon="-42.9394130">
    <ele>55.0</ele>
    <time>2026-06-15T08:57:17Z</time>
     <extensions>
      <gpxtpx:TrackPointExtension>
       <gpxtpx:hr>104</gpxtpx:hr>
      </gpxtpx:TrackPointExtension>
     </extensions>
   </trkpt>
   <trkpt lat="-2.6828660" lon="-42.9394470">
    <ele>54.8</ele>
    <time>2026-06-15T08:57:22Z</time>
     <extensions>
      <gpxtpx:TrackPointExtension>
       <gpxtpx:hr>104</gpxtpx:hr>
      </gpxtpx:TrackPointExtension>
     </extensions>
   </trkpt>
   <trkpt lat="-2.6828430" lon="-42.9394790">
    <ele>54.8</ele>
    <time>2026-06-15T08:57:27Z</time>
     <extensions>
      <gpxtpx:TrackPointExtension>
       <gpxtpx:hr>104</gpxtpx:hr>
      </gpxtpx:TrackPointExtension>
     </extensions>
   </trkpt>
   <trkpt lat="-2.6828240" lon="-42.9395150">
    <ele>54.6</ele>
    <time>2026-06-15T08:57:32Z</time>
     <extensions>
      <gpxtpx:TrackPointExtension>
       <gpxtpx:hr>107</gpxtpx:hr>
      </gpxtpx:TrackPointExtension>
     </extensions>
   </trkpt>
   <trkpt lat="-2.6828050" lon="-42.9395470">
    <ele>54.6</ele>
    <time>2026-06-15T08:57:37Z</time>
     <extensions>
      <gpxtpx:TrackPointExtension>
       <gpxtpx:hr>108</gpxtpx:hr>
      </gpxtpx:TrackPointExtension>
     </extensions>
   </trkpt>
   <trkpt lat="-2.6827780" lon="-42.9395790">
    <ele>54.6</ele>
    <time>2026-06-15T08:57:42Z</time>
     <extensions>
      <gpxtpx:TrackPointExtension>
       <gpxtpx:hr>110</gpxtpx:hr>
      </gpxtpx:TrackPointExtension>
     </extensions>
   </trkpt>
   <trkpt lat="-2.6827510" lon="-42.9396160">
    <ele>54.6</ele>
    <time>2026-06-15T08:57:47Z</time>
     <extensions>
      <gpxtpx:TrackPointExtension>
       <gpxtpx:hr>113</gpxtpx:hr>
      </gpxtpx:TrackPointExtension>
     </extensions>
   </trkpt>
   <trkpt lat="-2.6827150" lon="-42.9396420">
    <ele>54.6</ele>
    <time>2026-06-15T08:57:52Z</time>
     <extensions>
      <gpxtpx:TrackPointExtension>
       <gpxtpx:hr>113</gpxtpx:hr>
      </gpxtpx:TrackPointExtension>
     </extensions>
   </trkpt>
   <trkpt lat="-2.6826780" lon="-42.9396820">
    <ele>54.6</ele>
    <time>2026-06-15T08:57:57Z</time>
     <extensions>
      <gpxtpx:TrackPointExtension>
       <gpxtpx:hr>117</gpxtpx:hr>
      </gpxtpx:TrackPointExtension>
     </extensions>
   </trkpt>
   <trkpt lat="-2.6826370" lon="-42.9397170">
    <ele>54.8</ele>
    <time>2026-06-15T08:58:02Z</time>
     <extensions>
      <gpxtpx:TrackPointExtension>
       <gpxtpx:hr>121</gpxtpx:hr>
      </gpxtpx:TrackPointExtension>
     </extensions>
   </trkpt>
   <trkpt lat="-2.6826110" lon="-42.9397500">
    <ele>54.8</ele>
    <time>2026-06-15T08:58:07Z</time>
     <extensions>
      <gpxtpx:TrackPointExtension>
       <gpxtpx:hr>121</gpxtpx:hr>
      </gpxtpx:TrackPointExtension>
     </extensions>
   </trkpt>
   <trkpt lat="-2.6825840" lon="-42.9397870">
    <ele>55.0</ele>
    <time>2026-06-15T08:58:12Z</time>
     <extensions>
      <gpxtpx:TrackPointExtension>
       <gpxtpx:hr>119</gpxtpx:hr>
      </gpxtpx:TrackPointExtension>
     </extensions>
   </trkpt>
   <trkpt lat="-2.6825610" lon="-42.9398210">
    <ele>55.2</ele>
    <time>2026-06-15T08:58:17Z</time>
     <extensions>
      <gpxtpx:TrackPointExtension>
       <gpxtpx:hr>118</gpxtpx:hr>
      </gpxtpx:TrackPointExtension>
     </extensions>
   </trkpt>
   <trkpt lat="-2.6825380" lon="-42.9398500">
    <ele>55.4</ele>
    <time>2026-06-15T08:58:22Z</time>
     <extensions>
      <gpxtpx:TrackPointExtension>
       <gpxtpx:hr>118</gpxtpx:hr>
      </gpxtpx:TrackPointExtension>
     </extensions>
   </trkpt>
   <trkpt lat="-2.6825010" lon="-42.9398760">
    <ele>55.6</ele>
    <time>2026-06-15T08:58:27Z</time>
     <extensions>
      <gpxtpx:TrackPointExtension>
       <gpxtpx:hr>118</gpxtpx:hr>
      </gpxtpx:TrackPointExtension>
     </extensions>
   </trkpt>
   <trkpt lat="-2.6824670" lon="-42.9398950">
    <ele>55.8</ele>
    <time>2026-06-15T08:58:32Z</time>
     <extensions>
      <gpxtpx:TrackPointExtension>
       <gpxtpx:hr>117</gpxtpx:hr>
      </gpxtpx:TrackPointExtension>
     </extensions>
   </trkpt>
   <trkpt lat="-2.6824310" lon="-42.9399130">
    <ele>56.0</ele>
    <time>2026-06-15T08:58:37Z</time>
     <extensions>
      <gpxtpx:TrackPointExtension>
       <gpxtpx:hr>118</gpxtpx:hr>
      </gpxtpx:TrackPointExtension>
     </extensions>
   </trkpt>
   <trkpt lat="-2.6823950" lon="-42.9399380">
    <ele>56.0</ele>
    <time>2026-06-15T08:58:42Z</time>
     <extensions>
      <gpxtpx:TrackPointExtension>
       <gpxtpx:hr>115</gpxtpx:hr>
      </gpxtpx:TrackPointExtension>
     </extensions>
   </trkpt>
   <trkpt lat="-2.6823590" lon="-42.9399710">
    <ele>55.8</ele>
    <time>2026-06-15T08:58:47Z</time>
     <extensions>
      <gpxtpx:TrackPointExtension>
       <gpxtpx:hr>115</gpxtpx:hr>
      </gpxtpx:TrackPointExtension>
     </extensions>
   </trkpt>
   <trkpt lat="-2.6823260" lon="-42.9399970">
    <ele>55.6</ele>
    <time>2026-06-15T08:58:52Z</time>
     <extensions>
      <gpxtpx:TrackPointExtension>
       <gpxtpx:hr>113</gpxtpx:hr>
      </gpxtpx:TrackPointExtension>
     </extensions>
   </trkpt>
   <trkpt lat="-2.6822960" lon="-42.9400250">
    <ele>55.2</ele>
    <time>2026-06-15T08:58:57Z</time>
     <extensions>
      <gpxtpx:TrackPointExtension>
       <gpxtpx:hr>110</gpxtpx:hr>
      </gpxtpx:TrackPointExtension>
     </extensions>
   </trkpt>
   <trkpt lat="-2.6822710" lon="-42.9400550">
    <ele>55.0</ele>
    <time>2026-06-15T08:59:02Z</time>
     <extensions>
      <gpxtpx:TrackPointExtension>
       <gpxtpx:hr>111</gpxtpx:hr>
      </gpxtpx:TrackPointExtension>
     </extensions>
   </trkpt>
   <trkpt lat="-2.6822420" lon="-42.9400820">
    <ele>54.8</ele>
    <time>2026-06-15T08:59:07Z</time>
     <extensions>
      <gpxtpx:TrackPointExtension>
       <gpxtpx:hr>110</gpxtpx:hr>
      </gpxtpx:TrackPointExtension>
     </extensions>
   </trkpt>
   <trkpt lat="-2.6822170" lon="-42.9401100">
    <ele>54.4</ele>
    <time>2026-06-15T08:59:12Z</time>
     <extensions>
      <gpxtpx:TrackPointExtension>
       <gpxtpx:hr>110</gpxtpx:hr>
      </gpxtpx:TrackPointExtension>
     </extensions>
   </trkpt>
   <trkpt lat="-2.6821980" lon="-42.9401300">
    <ele>54.0</ele>
    <time>2026-06-15T08:59:17Z</time>
     <extensions>
      <gpxtpx:TrackPointExtension>
       <gpxtpx:hr>108</gpxtpx:hr>
      </gpxtpx:TrackPointExtension>
     </extensions>
   </trkpt>
   <trkpt lat="-2.6821850" lon="-42.9401640">
    <ele>53.6</ele>
    <time>2026-06-15T08:59:22Z</time>
     <extensions>
      <gpxtpx:TrackPointExtension>
       <gpxtpx:hr>111</gpxtpx:hr>
      </gpxtpx:TrackPointExtension>
     </extensions>
   </trkpt>
   <trkpt lat="-2.6821640" lon="-42.9401990">
    <ele>53.0</ele>
    <time>2026-06-15T08:59:27Z</time>
     <extensions>
      <gpxtpx:TrackPointExtension>
       <gpxtpx:hr>108</gpxtpx:hr>
      </gpxtpx:TrackPointExtension>
     </extensions>
   </trkpt>
   <trkpt lat="-2.6821450" lon="-42.9402340">
    <ele>52.4</ele>
    <time>2026-06-15T08:59:32Z</time>
     <extensions>
      <gpxtpx:TrackPointExtension>
       <gpxtpx:hr>109</gpxtpx:hr>
      </gpxtpx:TrackPointExtension>
     </extensions>
   </trkpt>
   <trkpt lat="-2.6821360" lon="-42.9402770">
    <ele>51.6</ele>
    <time>2026-06-15T08:59:37Z</time>
     <extensions>
      <gpxtpx:TrackPointExtension>
       <gpxtpx:hr>105</gpxtpx:hr>
      </gpxtpx:TrackPointExtension>
     </extensions>
   </trkpt>
   <trkpt lat="-2.6821270" lon="-42.9403200">
    <ele>50.8</ele>
    <time>2026-06-15T08:59:42Z</time>
     <extensions>
      <gpxtpx:TrackPointExtension>
       <gpxtpx:hr>105</gpxtpx:hr>
      </gpxtpx:TrackPointExtension>
     </extensions>
   </trkpt>
   <trkpt lat="-2.6821180" lon="-42.9403590">
    <ele>50.0</ele>
    <time>2026-06-15T08:59:47Z</time>
     <extensions>
      <gpxtpx:TrackPointExtension>
       <gpxtpx:hr>104</gpxtpx:hr>
      </gpxtpx:TrackPointExtension>
     </extensions>
   </trkpt>
   <trkpt lat="-2.6821110" lon="-42.9404010">
    <ele>49.0</ele>
    <time>2026-06-15T08:59:52Z</time>
     <extensions>
      <gpxtpx:TrackPointExtension>
       <gpxtpx:hr>103</gpxtpx:hr>
      </gpxtpx:TrackPointExtension>
     </extensions>
   </trkpt>
   <trkpt lat="-2.6820940" lon="-42.9404350">
    <ele>48.0</ele>
    <time>2026-06-15T08:59:57Z</time>
     <extensions>
      <gpxtpx:TrackPointExtension>
       <gpxtpx:hr>106</gpxtpx:hr>
      </gpxtpx:TrackPointExtension>
     </extensions>
   </trkpt>
   <trkpt lat="-2.6820930" lon="-42.9404820">
    <ele>47.0</ele>
    <time>2026-06-15T09:00:02Z</time>
     <extensions>
      <gpxtpx:TrackPointExtension>
       <gpxtpx:hr>109</gpxtpx:hr>
      </gpxtpx:TrackPointExtension>
     </extensions>
   </trkpt>
   <trkpt lat="-2.6820930" lon="-42.9405340">
    <ele>46.0</ele>
    <time>2026-06-15T09:00:07Z</time>
     <extensions>
      <gpxtpx:TrackPointExtension>
       <gpxtpx:hr>107</gpxtpx:hr>
      </gpxtpx:TrackPointExtension>
     </extensions>
   </trkpt>
   <trkpt lat="-2.6820900" lon="-42.9405750">
    <ele>45.2</ele>
    <time>2026-06-15T09:00:12Z</time>
     <extensions>
      <gpxtpx:TrackPointExtension>
       <gpxtpx:hr>108</gpxtpx:hr>
      </gpxtpx:TrackPointExtension>
     </extensions>
   </trkpt>
   <trkpt lat="-2.6820970" lon="-42.9406130">
    <ele>44.4</ele>
    <time>2026-06-15T09:00:17Z</time>
     <extensions>
      <gpxtpx:TrackPointExtension>
       <gpxtpx:hr>107</gpxtpx:hr>
      </gpxtpx:TrackPointExtension>
     </extensions>
   </trkpt>
   <trkpt lat="-2.6821110" lon="-42.9406330">
    <ele>43.8</ele>
    <time>2026-06-15T09:00:22Z</time>
     <extensions>
      <gpxtpx:TrackPointExtension>
       <gpxtpx:hr>108</gpxtpx:hr>
      </gpxtpx:TrackPointExtension>
     </extensions>
   </trkpt>
   <trkpt lat="-2.6821250" lon="-42.9406490">
    <ele>43.2</ele>
    <time>2026-06-15T09:00:27Z</time>
     <extensions>
      <gpxtpx:TrackPointExtension>
       <gpxtpx:hr>107</gpxtpx:hr>
      </gpxtpx:TrackPointExtension>
     </extensions>
   </trkpt>
   <trkpt lat="-2.6821380" lon="-42.9406650">
    <ele>42.2</ele>
    <time>2026-06-15T09:00:32Z</time>
     <extensions>
      <gpxtpx:TrackPointExtension>
       <gpxtpx:hr>106</gpxtpx:hr>
      </gpxtpx:TrackPointExtension>
     </extensions>
   </trkpt>
   <trkpt lat="-2.6821490" lon="-42.9406830">
    <ele>41.2</ele>
    <time>2026-06-15T09:00:37Z</time>
     <extensions>
      <gpxtpx:TrackPointExtension>
       <gpxtpx:hr>106</gpxtpx:hr>
      </gpxtpx:TrackPointExtension>
     </extensions>
   </trkpt>
   <trkpt lat="-2.6821630" lon="-42.9406990">
    <ele>40.2</ele>
    <time>2026-06-15T09:00:42Z</time>
     <extensions>
      <gpxtpx:TrackPointExtension>
       <gpxtpx:hr>114</gpxtpx:hr>
      </gpxtpx:TrackPointExtension>
     </extensions>
   </trkpt>
   <trkpt lat="-2.6821770" lon="-42.9407170">
    <ele>39.2</ele>
    <time>2026-06-15T09:00:47Z</time>
     <extensions>
      <gpxtpx:TrackPointExtension>
       <gpxtpx:hr>113</gpxtpx:hr>
      </gpxtpx:TrackPointExtension>
     </extensions>
   </trkpt>
   <trkpt lat="-2.6821980" lon="-42.9407420">
    <ele>38.2</ele>
    <time>2026-06-15T09:00:52Z</time>
     <extensions>
      <gpxtpx:TrackPointExtension>
       <gpxtpx:hr>114</gpxtpx:hr>
      </gpxtpx:TrackPointExtension>
     </extensions>
   </trkpt>
   <trkpt lat="-2.6822210" lon="-42.9407670">
    <ele>37.4</ele>
    <time>2026-06-15T09:00:57Z</time>
     <extensions>
      <gpxtpx:TrackPointExtension>
       <gpxtpx:hr>116</gpxtpx:hr>
      </gpxtpx:TrackPointExtension>
     </extensions>
   </trkpt>
   <trkpt lat="-2.6822370" lon="-42.9408060">
    <ele>37.0</ele>
    <time>2026-06-15T09:01:02Z</time>
     <extensions>
      <gpxtpx:TrackPointExtension>
       <gpxtpx:hr>114</gpxtpx:hr>
      </gpxtpx:TrackPointExtension>
     </extensions>
   </trkpt>
   <trkpt lat="-2.6822520" lon="-42.9408490">
    <ele>37.0</ele>
    <time>2026-06-15T09:01:07Z</time>
     <extensions>
      <gpxtpx:TrackPointExtension>
       <gpxtpx:hr>115</gpxtpx:hr>
      </gpxtpx:TrackPointExtension>
     </extensions>
   </trkpt>
   <trkpt lat="-2.6822490" lon="-42.9408930">
    <ele>36.8</ele>
    <time>2026-06-15T09:01:12Z</time>
     <extensions>
      <gpxtpx:TrackPointExtension>
       <gpxtpx:hr>110</gpxtpx:hr>
      </gpxtpx:TrackPointExtension>
     </extensions>
   </trkpt>
   <trkpt lat="-2.6822440" lon="-42.9409430">
    <ele>36.8</ele>
    <time>2026-06-15T09:01:17Z</time>
     <extensions>
      <gpxtpx:TrackPointExtension>
       <gpxtpx:hr>111</gpxtpx:hr>
      </gpxtpx:TrackPointExtension>
     </extensions>
   </trkpt>
   <trkpt lat="-2.6822410" lon="-42.9409840">
    <ele>36.8</ele>
    <time>2026-06-15T09:01:22Z</time>
     <extensions>
      <gpxtpx:TrackPointExtension>
       <gpxtpx:hr>113</gpxtpx:hr>
      </gpxtpx:TrackPointExtension>
     </extensions>
   </trkpt>
   <trkpt lat="-2.6822350" lon="-42.9410300">
    <ele>36.8</ele>
    <time>2026-06-15T09:01:27Z</time>
     <extensions>
      <gpxtpx:TrackPointExtension>
       <gpxtpx:hr>114</gpxtpx:hr>
      </gpxtpx:TrackPointExtension>
     </extensions>
   </trkpt>
   <trkpt lat="-2.6822220" lon="-42.9410760">
    <ele>36.8</ele>
    <time>2026-06-15T09:01:32Z</time>
     <extensions>
      <gpxtpx:TrackPointExtension>
       <gpxtpx:hr>113</gpxtpx:hr>
      </gpxtpx:TrackPointExtension>
     </extensions>
   </trkpt>
   <trkpt lat="-2.6822040" lon="-42.9411170">
    <ele>37.0</ele>
    <time>2026-06-15T09:01:37Z</time>
     <extensions>
      <gpxtpx:TrackPointExtension>
       <gpxtpx:hr>115</gpxtpx:hr>
      </gpxtpx:TrackPointExtension>
     </extensions>
   </trkpt>
   <trkpt lat="-2.6821890" lon="-42.9411610">
    <ele>37.2</ele>
    <time>2026-06-15T09:01:42Z</time>
     <extensions>
      <gpxtpx:TrackPointExtension>
       <gpxtpx:hr>117</gpxtpx:hr>
      </gpxtpx:TrackPointExtension>
     </extensions>
   </trkpt>
   <trkpt lat="-2.6821770" lon="-42.9412050">
    <ele>37.4</ele>
    <time>2026-06-15T09:01:47Z</time>
     <extensions>
      <gpxtpx:TrackPointExtension>
       <gpxtpx:hr>116</gpxtpx:hr>
      </gpxtpx:TrackPointExtension>
     </extensions>
   </trkpt>
   <trkpt lat="-2.6821630" lon="-42.9412430">
    <ele>37.4</ele>
    <time>2026-06-15T09:01:52Z</time>
     <extensions>
      <gpxtpx:TrackPointExtension>
       <gpxtpx:hr>115</gpxtpx:hr>
      </gpxtpx:TrackPointExtension>
     </extensions>
   </trkpt>
   <trkpt lat="-2.6821550" lon="-42.9412960">
    <ele>37.8</ele>
    <time>2026-06-15T09:01:57Z</time>
     <extensions>
      <gpxtpx:TrackPointExtension>
       <gpxtpx:hr>117</gpxtpx:hr>
      </gpxtpx:TrackPointExtension>
     </extensions>
   </trkpt>
   <trkpt lat="-2.6821520" lon="-42.9413450">
    <ele>38.0</ele>
    <time>2026-06-15T09:02:02Z</time>
     <extensions>
      <gpxtpx:TrackPointExtension>
       <gpxtpx:hr>115</gpxtpx:hr>
      </gpxtpx:TrackPointExtension>
     </extensions>
   </trkpt>
   <trkpt lat="-2.6821490" lon="-42.9413860">
    <ele>38.4</ele>
    <time>2026-06-15T09:02:07Z</time>
     <extensions>
      <gpxtpx:TrackPointExtension>
       <gpxtpx:hr>116</gpxtpx:hr>
      </gpxtpx:TrackPointExtension>
     </extensions>
   </trkpt>
   <trkpt lat="-2.6821480" lon="-42.9414350">
    <ele>38.6</ele>
    <time>2026-06-15T09:02:12Z</time>
     <extensions>
      <gpxtpx:TrackPointExtension>
       <gpxtpx:hr>114</gpxtpx:hr>
      </gpxtpx:TrackPointExtension>
     </extensions>
   </trkpt>
   <trkpt lat="-2.6821490" lon="-42.9414820">
    <ele>39.0</ele>
    <time>2026-06-15T09:02:17Z</time>
     <extensions>
      <gpxtpx:TrackPointExtension>
       <gpxtpx:hr>114</gpxtpx:hr>
      </gpxtpx:TrackPointExtension>
     </extensions>
   </trkpt>
   <trkpt lat="-2.6821570" lon="-42.9415190">
    <ele>39.4</ele>
    <time>2026-06-15T09:02:22Z</time>
     <extensions>
      <gpxtpx:TrackPointExtension>
       <gpxtpx:hr>121</gpxtpx:hr>
      </gpxtpx:TrackPointExtension>
     </extensions>
   </trkpt>
   <trkpt lat="-2.6821560" lon="-42.9415700">
    <ele>40.0</ele>
    <time>2026-06-15T09:02:27Z</time>
     <extensions>
      <gpxtpx:TrackPointExtension>
       <gpxtpx:hr>121</gpxtpx:hr>
      </gpxtpx:TrackPointExtension>
     </extensions>
   </trkpt>
   <trkpt lat="-2.6821510" lon="-42.9416090">
    <ele>40.2</ele>
    <time>2026-06-15T09:02:32Z</time>
     <extensions>
      <gpxtpx:TrackPointExtension>
       <gpxtpx:hr>121</gpxtpx:hr>
      </gpxtpx:TrackPointExtension>
     </extensions>
   </trkpt>
   <trkpt lat="-2.6821500" lon="-42.9416570">
    <ele>40.6</ele>
    <time>2026-06-15T09:02:37Z</time>
     <extensions>
      <gpxtpx:TrackPointExtension>
       <gpxtpx:hr>121</gpxtpx:hr>
      </gpxtpx:TrackPointExtension>
     </extensions>
   </trkpt>
   <trkpt lat="-2.6821500" lon="-42.9416970">
    <ele>41.2</ele>
    <time>2026-06-15T09:02:42Z</time>
     <extensions>
      <gpxtpx:TrackPointExtension>
       <gpxtpx:hr>121</gpxtpx:hr>
      </gpxtpx:TrackPointExtension>
     </extensions>
   </trkpt>
   <trkpt lat="-2.6821490" lon="-42.9417430">
    <ele>41.6</ele>
    <time>2026-06-15T09:02:47Z</time>
     <extensions>
      <gpxtpx:TrackPointExtension>
       <gpxtpx:hr>121</gpxtpx:hr>
      </gpxtpx:TrackPointExtension>
     </extensions>
   </trkpt>
   <trkpt lat="-2.6821480" lon="-42.9417860">
    <ele>42.0</ele>
    <time>2026-06-15T09:02:52Z</time>
     <extensions>
      <gpxtpx:TrackPointExtension>
       <gpxtpx:hr>121</gpxtpx:hr>
      </gpxtpx:TrackPointExtension>
     </extensions>
   </trkpt>
   <trkpt lat="-2.6821550" lon="-42.9418230">
    <ele>42.6</ele>
    <time>2026-06-15T09:02:57Z</time>
     <extensions>
      <gpxtpx:TrackPointExtension>
       <gpxtpx:hr>121</gpxtpx:hr>
      </gpxtpx:TrackPointExtension>
     </extensions>
   </trkpt>
   <trkpt lat="-2.6821540" lon="-42.9418610">
    <ele>43.0</ele>
    <time>2026-06-15T09:03:02Z</time>
     <extensions>
      <gpxtpx:TrackPointExtension>
       <gpxtpx:hr>121</gpxtpx:hr>
      </gpxtpx:TrackPointExtension>
     </extensions>
   </trkpt>
   <trkpt lat="-2.6821460" lon="-42.9418990">
    <ele>43.2</ele>
    <time>2026-06-15T09:03:07Z</time>
     <extensions>
      <gpxtpx:TrackPointExtension>
       <gpxtpx:hr>121</gpxtpx:hr>
      </gpxtpx:TrackPointExtension>
     </extensions>
   </trkpt>
   <trkpt lat="-2.6821380" lon="-42.9419200">
    <ele>43.6</ele>
    <time>2026-06-15T09:03:12Z</time>
     <extensions>
      <gpxtpx:TrackPointExtension>
       <gpxtpx:hr>146</gpxtpx:hr>
      </gpxtpx:TrackPointExtension>
     </extensions>
   </trkpt>
   <trkpt lat="-2.6821410" lon="-42.9419350">
    <ele>43.8</ele>
    <time>2026-06-15T09:03:17Z</time>
     <extensions>
      <gpxtpx:TrackPointExtension>
       <gpxtpx:hr>144</gpxtpx:hr>
      </gpxtpx:TrackPointExtension>
     </extensions>
   </trkpt>
   <trkpt lat="-2.6821430" lon="-42.9419350">
    <ele>44.0</ele>
    <time>2026-06-15T09:03:22Z</time>
     <extensions>
      <gpxtpx:TrackPointExtension>
       <gpxtpx:hr>143</gpxtpx:hr>
      </gpxtpx:TrackPointExtension>
     </extensions>
   </trkpt>
   <trkpt lat="-2.6821470" lon="-42.9419370">
    <ele>44.0</ele>
    <time>2026-06-15T09:03:27Z</time>
     <extensions>
      <gpxtpx:TrackPointExtension>
       <gpxtpx:hr>138</gpxtpx:hr>
      </gpxtpx:TrackPointExtension>
     </extensions>
   </trkpt>
   <trkpt lat="-2.6821520" lon="-42.9419720">
    <ele>44.2</ele>
    <time>2026-06-15T09:03:32Z</time>
     <extensions>
      <gpxtpx:TrackPointExtension>
       <gpxtpx:hr>138</gpxtpx:hr>
      </gpxtpx:TrackPointExtension>
     </extensions>
   </trkpt>
   <trkpt lat="-2.6821560" lon="-42.9420160">
    <ele>44.4</ele>
    <time>2026-06-15T09:03:37Z</time>
     <extensions>
      <gpxtpx:TrackPointExtension>
       <gpxtpx:hr>135</gpxtpx:hr>
      </gpxtpx:TrackPointExtension>
     </extensions>
   </trkpt>
   <trkpt lat="-2.6821610" lon="-42.9420600">
    <ele>44.8</ele>
    <time>2026-06-15T09:03:42Z</time>
     <extensions>
      <gpxtpx:TrackPointExtension>
       <gpxtpx:hr>130</gpxtpx:hr>
      </gpxtpx:TrackPointExtension>
     </extensions>
   </trkpt>
   <trkpt lat="-2.6821640" lon="-42.9420930">
    <ele>45.2</ele>
    <time>2026-06-15T09:03:47Z</time>
     <extensions>
      <gpxtpx:TrackPointExtension>
       <gpxtpx:hr>134</gpxtpx:hr>
      </gpxtpx:TrackPointExtension>
     </extensions>
   </trkpt>
   <trkpt lat="-2.6821740" lon="-42.9421380">
    <ele>45.6</ele>
    <time>2026-06-15T09:03:52Z</time>
     <extensions>
      <gpxtpx:TrackPointExtension>
       <gpxtpx:hr>136</gpxtpx:hr>
      </gpxtpx:TrackPointExtension>
     </extensions>
   </trkpt>
   <trkpt lat="-2.6821930" lon="-42.9421820">
    <ele>46.0</ele>
    <time>2026-06-15T09:03:57Z</time>
     <extensions>
      <gpxtpx:TrackPointExtension>
       <gpxtpx:hr>136</gpxtpx:hr>
      </gpxtpx:TrackPointExtension>
     </extensions>
   </trkpt>
   <trkpt lat="-2.6822020" lon="-42.9422310">
    <ele>46.6</ele>
    <time>2026-06-15T09:04:02Z</time>
     <extensions>
      <gpxtpx:TrackPointExtension>
       <gpxtpx:hr>138</gpxtpx:hr>
      </gpxtpx:TrackPointExtension>
     </extensions>
   </trkpt>
   <trkpt lat="-2.6821970" lon="-42.9422870">
    <ele>46.8</ele>
    <time>2026-06-15T09:04:07Z</time>
     <extensions>
      <gpxtpx:TrackPointExtension>
       <gpxtpx:hr>138</gpxtpx:hr>
      </gpxtpx:TrackPointExtension>
     </extensions>
   </trkpt>
   <trkpt lat="-2.6822050" lon="-42.9423340">
    <ele>47.0</ele>
    <time>2026-06-15T09:04:12Z</time>
     <extensions>
      <gpxtpx:TrackPointExtension>
       <gpxtpx:hr>139</gpxtpx:hr>
      </gpxtpx:TrackPointExtension>
     </extensions>
   </trkpt>
   <trkpt lat="-2.6822060" lon="-42.9423920">
    <ele>47.2</ele>
    <time>2026-06-15T09:04:17Z</time>
     <extensions>
      <gpxtpx:TrackPointExtension>
       <gpxtpx:hr>140</gpxtpx:hr>
      </gpxtpx:TrackPointExtension>
     </extensions>
   </trkpt>
   <trkpt lat="-2.6822170" lon="-42.9424410">
    <ele>47.4</ele>
    <time>2026-06-15T09:04:22Z</time>
     <extensions>
      <gpxtpx:TrackPointExtension>
       <gpxtpx:hr>133</gpxtpx:hr>
      </gpxtpx:TrackPointExtension>
     </extensions>
   </trkpt>
   <trkpt lat="-2.6822330" lon="-42.9424950">
    <ele>47.6</ele>
    <time>2026-06-15T09:04:27Z</time>
     <extensions>
      <gpxtpx:TrackPointExtension>
       <gpxtpx:hr>132</gpxtpx:hr>
      </gpxtpx:TrackPointExtension>
     </extensions>
   </trkpt>
   <trkpt lat="-2.6822510" lon="-42.9425430">
    <ele>47.6</ele>
    <time>2026-06-15T09:04:32Z</time>
     <extensions>
      <gpxtpx:TrackPointExtension>
       <gpxtpx:hr>132</gpxtpx:hr>
      </gpxtpx:TrackPointExtension>
     </extensions>
   </trkpt>
   <trkpt lat="-2.6822680" lon="-42.9425860">
    <ele>47.8</ele>
    <time>2026-06-15T09:04:37Z</time>
     <extensions>
      <gpxtpx:TrackPointExtension>
       <gpxtpx:hr>131</gpxtpx:hr>
      </gpxtpx:TrackPointExtension>
     </extensions>
   </trkpt>
   <trkpt lat="-2.6822930" lon="-42.9426290">
    <ele>47.8</ele>
    <time>2026-06-15T09:04:42Z</time>
     <extensions>
      <gpxtpx:TrackPointExtension>
       <gpxtpx:hr>130</gpxtpx:hr>
      </gpxtpx:TrackPointExtension>
     </extensions>
   </trkpt>
   <trkpt lat="-2.6823150" lon="-42.9426750">
    <ele>47.6</ele>
    <time>2026-06-15T09:04:47Z</time>
     <extensions>
      <gpxtpx:TrackPointExtension>
       <gpxtpx:hr>129</gpxtpx:hr>
      </gpxtpx:TrackPointExtension>
     </extensions>
   </trkpt>
   <trkpt lat="-2.6823190" lon="-42.9427110">
    <ele>47.4</ele>
    <time>2026-06-15T09:04:52Z</time>
     <extensions>
      <gpxtpx:TrackPointExtension>
       <gpxtpx:hr>130</gpxtpx:hr>
      </gpxtpx:TrackPointExtension>
     </extensions>
   </trkpt>
   <trkpt lat="-2.6823150" lon="-42.9427560">
    <ele>47.2</ele>
    <time>2026-06-15T09:04:57Z</time>
     <extensions>
      <gpxtpx:TrackPointExtension>
       <gpxtpx:hr>124</gpxtpx:hr>
      </gpxtpx:TrackPointExtension>
     </extensions>
   </trkpt>
   <trkpt lat="-2.6823280" lon="-42.9427990">
    <ele>46.8</ele>
    <time>2026-06-15T09:05:02Z</time>
     <extensions>
      <gpxtpx:TrackPointExtension>
       <gpxtpx:hr>122</gpxtpx:hr>
      </gpxtpx:TrackPointExtension>
     </extensions>
   </trkpt>
   <trkpt lat="-2.6823440" lon="-42.9428330">
    <ele>46.4</ele>
    <time>2026-06-15T09:05:07Z</time>
     <extensions>
      <gpxtpx:TrackPointExtension>
       <gpxtpx:hr>119</gpxtpx:hr>
      </gpxtpx:TrackPointExtension>
     </extensions>
   </trkpt>
   <trkpt lat="-2.6823850" lon="-42.9428560">
    <ele>46.0</ele>
    <time>2026-06-15T09:05:12Z</time>
     <extensions>
      <gpxtpx:TrackPointExtension>
       <gpxtpx:hr>117</gpxtpx:hr>
      </gpxtpx:TrackPointExtension>
     </extensions>
   </trkpt>
   <trkpt lat="-2.6824290" lon="-42.9428750">
    <ele>45.6</ele>
    <time>2026-06-15T09:05:17Z</time>
     <extensions>
      <gpxtpx:TrackPointExtension>
       <gpxtpx:hr>116</gpxtpx:hr>
      </gpxtpx:TrackPointExtension>
     </extensions>
   </trkpt>
   <trkpt lat="-2.6824770" lon="-42.9428850">
    <ele>45.6</ele>
    <time>2026-06-15T09:05:22Z</time>
     <extensions>
      <gpxtpx:TrackPointExtension>
       <gpxtpx:hr>118</gpxtpx:hr>
      </gpxtpx:TrackPointExtension>
     </extensions>
   </trkpt>
   <trkpt lat="-2.6825200" lon="-42.9428910">
    <ele>45.4</ele>
    <time>2026-06-15T09:05:27Z</time>
     <extensions>
      <gpxtpx:TrackPointExtension>
       <gpxtpx:hr>117</gpxtpx:hr>
      </gpxtpx:TrackPointExtension>
     </extensions>
   </trkpt>
   <trkpt lat="-2.6825590" lon="-42.9428910">
    <ele>45.6</ele>
    <time>2026-06-15T09:05:32Z</time>
     <extensions>
      <gpxtpx:TrackPointExtension>
       <gpxtpx:hr>118</gpxtpx:hr>
      </gpxtpx:TrackPointExtension>
     </extensions>
   </trkpt>
   <trkpt lat="-2.6825970" lon="-42.9428950">
    <ele>45.6</ele>
    <time>2026-06-15T09:05:37Z</time>
     <extensions>
      <gpxtpx:TrackPointExtension>
       <gpxtpx:hr>114</gpxtpx:hr>
      </gpxtpx:TrackPointExtension>
     </extensions>
   </trkpt>
   <trkpt lat="-2.6826320" lon="-42.9429000">
    <ele>45.6</ele>
    <time>2026-06-15T09:05:42Z</time>
     <extensions>
      <gpxtpx:TrackPointExtension>
       <gpxtpx:hr>116</gpxtpx:hr>
      </gpxtpx:TrackPointExtension>
     </extensions>
   </trkpt>
   <trkpt lat="-2.6826490" lon="-42.9428990">
    <ele>45.6</ele>
    <time>2026-06-15T09:05:47Z</time>
     <extensions>
      <gpxtpx:TrackPointExtension>
       <gpxtpx:hr>115</gpxtpx:hr>
      </gpxtpx:TrackPointExtension>
     </extensions>
   </trkpt>
   <trkpt lat="-2.6826910" lon="-42.9428990">
    <ele>45.8</ele>
    <time>2026-06-15T09:05:52Z</time>
     <extensions>
      <gpxtpx:TrackPointExtension>
       <gpxtpx:hr>114</gpxtpx:hr>
      </gpxtpx:TrackPointExtension>
     </extensions>
   </trkpt>
   <trkpt lat="-2.6827350" lon="-42.9428870">
    <ele>45.8</ele>
    <time>2026-06-15T09:05:57Z</time>
     <extensions>
      <gpxtpx:TrackPointExtension>
       <gpxtpx:hr>117</gpxtpx:hr>
      </gpxtpx:TrackPointExtension>
     </extensions>
   </trkpt>
   <trkpt lat="-2.6827870" lon="-42.9428920">
    <ele>46.0</ele>
    <time>2026-06-15T09:06:02Z</time>
     <extensions>
      <gpxtpx:TrackPointExtension>
       <gpxtpx:hr>115</gpxtpx:hr>
      </gpxtpx:TrackPointExtension>
     </extensions>
   </trkpt>
   <trkpt lat="-2.6828320" lon="-42.9429060">
    <ele>46.2</ele>
    <time>2026-06-15T09:06:07Z</time>
     <extensions>
      <gpxtpx:TrackPointExtension>
       <gpxtpx:hr>119</gpxtpx:hr>
      </gpxtpx:TrackPointExtension>
     </extensions>
   </trkpt>
   <trkpt lat="-2.6828790" lon="-42.9429260">
    <ele>46.2</ele>
    <time>2026-06-15T09:06:12Z</time>
     <extensions>
      <gpxtpx:TrackPointExtension>
       <gpxtpx:hr>121</gpxtpx:hr>
      </gpxtpx:TrackPointExtension>
     </extensions>
   </trkpt>
   <trkpt lat="-2.6829150" lon="-42.9429410">
    <ele>46.0</ele>
    <time>2026-06-15T09:06:17Z</time>
     <extensions>
      <gpxtpx:TrackPointExtension>
       <gpxtpx:hr>122</gpxtpx:hr>
      </gpxtpx:TrackPointExtension>
     </extensions>
   </trkpt>
   <trkpt lat="-2.6829310" lon="-42.9429530">
    <ele>46.0</ele>
    <time>2026-06-15T09:06:22Z</time>
     <extensions>
      <gpxtpx:TrackPointExtension>
       <gpxtpx:hr>125</gpxtpx:hr>
      </gpxtpx:TrackPointExtension>
     </extensions>
   </trkpt>
   <trkpt lat="-2.6829410" lon="-42.9429600">
    <ele>45.8</ele>
    <time>2026-06-15T09:06:27Z</time>
     <extensions>
      <gpxtpx:TrackPointExtension>
       <gpxtpx:hr>132</gpxtpx:hr>
      </gpxtpx:TrackPointExtension>
     </extensions>
   </trkpt>
   <trkpt lat="-2.6829640" lon="-42.9429680">
    <ele>45.4</ele>
    <time>2026-06-15T09:06:32Z</time>
     <extensions>
      <gpxtpx:TrackPointExtension>
       <gpxtpx:hr>132</gpxtpx:hr>
      </gpxtpx:TrackPointExtension>
     </extensions>
   </trkpt>
   <trkpt lat="-2.6829860" lon="-42.9429790">
    <ele>45.0</ele>
    <time>2026-06-15T09:06:37Z</time>
     <extensions>
      <gpxtpx:TrackPointExtension>
       <gpxtpx:hr>138</gpxtpx:hr>
      </gpxtpx:TrackPointExtension>
     </extensions>
   </trkpt>
   <trkpt lat="-2.6830090" lon="-42.9429920">
    <ele>44.4</ele>
    <time>2026-06-15T09:06:42Z</time>
     <extensions>
      <gpxtpx:TrackPointExtension>
       <gpxtpx:hr>143</gpxtpx:hr>
      </gpxtpx:TrackPointExtension>
     </extensions>
   </trkpt>
   <trkpt lat="-2.6830290" lon="-42.9430110">
    <ele>43.8</ele>
    <time>2026-06-15T09:06:47Z</time>
     <extensions>
      <gpxtpx:TrackPointExtension>
       <gpxtpx:hr>143</gpxtpx:hr>
      </gpxtpx:TrackPointExtension>
     </extensions>
   </trkpt>
   <trkpt lat="-2.6830470" lon="-42.9430250">
    <ele>43.0</ele>
    <time>2026-06-15T09:06:52Z</time>
     <extensions>
      <gpxtpx:TrackPointExtension>
       <gpxtpx:hr>149</gpxtpx:hr>
      </gpxtpx:TrackPointExtension>
     </extensions>
   </trkpt>
   <trkpt lat="-2.6830700" lon="-42.9430460">
    <ele>42.2</ele>
    <time>2026-06-15T09:06:57Z</time>
     <extensions>
      <gpxtpx:TrackPointExtension>
       <gpxtpx:hr>151</gpxtpx:hr>
      </gpxtpx:TrackPointExtension>
     </extensions>
   </trkpt>
   <trkpt lat="-2.6830910" lon="-42.9430620">
    <ele>41.6</ele>
    <time>2026-06-15T09:07:02Z</time>
     <extensions>
      <gpxtpx:TrackPointExtension>
       <gpxtpx:hr>153</gpxtpx:hr>
      </gpxtpx:TrackPointExtension>
     </extensions>
   </trkpt>
   <trkpt lat="-2.6831140" lon="-42.9430800">
    <ele>40.8</ele>
    <time>2026-06-15T09:07:07Z</time>
     <extensions>
      <gpxtpx:TrackPointExtension>
       <gpxtpx:hr>154</gpxtpx:hr>
      </gpxtpx:TrackPointExtension>
     </extensions>
   </trkpt>
   <trkpt lat="-2.6831300" lon="-42.9430990">
    <ele>39.8</ele>
    <time>2026-06-15T09:07:12Z</time>
     <extensions>
      <gpxtpx:TrackPointExtension>
       <gpxtpx:hr>155</gpxtpx:hr>
      </gpxtpx:TrackPointExtension>
     </extensions>
   </trkpt>
   <trkpt lat="-2.6831600" lon="-42.9431300">
    <ele>38.8</ele>
    <time>2026-06-15T09:07:17Z</time>
     <extensions>
      <gpxtpx:TrackPointExtension>
       <gpxtpx:hr>154</gpxtpx:hr>
      </gpxtpx:TrackPointExtension>
     </extensions>
   </trkpt>
   <trkpt lat="-2.6831940" lon="-42.9431720">
    <ele>37.8</ele>
    <time>2026-06-15T09:07:22Z</time>
     <extensions>
      <gpxtpx:TrackPointExtension>
       <gpxtpx:hr>154</gpxtpx:hr>
      </gpxtpx:TrackPointExtension>
     </extensions>
   </trkpt>
   <trkpt lat="-2.6832430" lon="-42.9432060">
    <ele>37.4</ele>
    <time>2026-06-15T09:07:27Z</time>
     <extensions>
      <gpxtpx:TrackPointExtension>
       <gpxtpx:hr>154</gpxtpx:hr>
      </gpxtpx:TrackPointExtension>
     </extensions>
   </trkpt>
   <trkpt lat="-2.6832780" lon="-42.9432550">
    <ele>37.2</ele>
    <time>2026-06-15T09:07:32Z</time>
     <extensions>
      <gpxtpx:TrackPointExtension>
       <gpxtpx:hr>155</gpxtpx:hr>
      </gpxtpx:TrackPointExtension>
     </extensions>
   </trkpt>
   <trkpt lat="-2.6832960" lon="-42.9432940">
    <ele>37.2</ele>
    <time>2026-06-15T09:07:37Z</time>
     <extensions>
      <gpxtpx:TrackPointExtension>
       <gpxtpx:hr>154</gpxtpx:hr>
      </gpxtpx:TrackPointExtension>
     </extensions>
   </trkpt>
   <trkpt lat="-2.6833190" lon="-42.9433400">
    <ele>37.0</ele>
    <time>2026-06-15T09:07:42Z</time>
     <extensions>
      <gpxtpx:TrackPointExtension>
       <gpxtpx:hr>144</gpxtpx:hr>
      </gpxtpx:TrackPointExtension>
     </extensions>
   </trkpt>
   <trkpt lat="-2.6833350" lon="-42.9433870">
    <ele>37.0</ele>
    <time>2026-06-15T09:07:47Z</time>
     <extensions>
      <gpxtpx:TrackPointExtension>
       <gpxtpx:hr>144</gpxtpx:hr>
      </gpxtpx:TrackPointExtension>
     </extensions>
   </trkpt>
   <trkpt lat="-2.6833420" lon="-42.9434430">
    <ele>37.0</ele>
    <time>2026-06-15T09:07:52Z</time>
     <extensions>
      <gpxtpx:TrackPointExtension>
       <gpxtpx:hr>135</gpxtpx:hr>
      </gpxtpx:TrackPointExtension>
     </extensions>
   </trkpt>
   <trkpt lat="-2.6833320" lon="-42.9434970">
    <ele>37.0</ele>
    <time>2026-06-15T09:07:57Z</time>
     <extensions>
      <gpxtpx:TrackPointExtension>
       <gpxtpx:hr>134</gpxtpx:hr>
      </gpxtpx:TrackPointExtension>
     </extensions>
   </trkpt>
   <trkpt lat="-2.6833080" lon="-42.9435430">
    <ele>37.0</ele>
    <time>2026-06-15T09:08:02Z</time>
     <extensions>
      <gpxtpx:TrackPointExtension>
       <gpxtpx:hr>133</gpxtpx:hr>
      </gpxtpx:TrackPointExtension>
     </extensions>
   </trkpt>
   <trkpt lat="-2.6832700" lon="-42.9435900">
    <ele>37.2</ele>
    <time>2026-06-15T09:08:07Z</time>
     <extensions>
      <gpxtpx:TrackPointExtension>
       <gpxtpx:hr>133</gpxtpx:hr>
      </gpxtpx:TrackPointExtension>
     </extensions>
   </trkpt>
   <trkpt lat="-2.6832390" lon="-42.9436290">
    <ele>37.2</ele>
    <time>2026-06-15T09:08:12Z</time>
     <extensions>
      <gpxtpx:TrackPointExtension>
       <gpxtpx:hr>126</gpxtpx:hr>
      </gpxtpx:TrackPointExtension>
     </extensions>
   </trkpt>
   <trkpt lat="-2.6832140" lon="-42.9436670">
    <ele>37.4</ele>
    <time>2026-06-15T09:08:17Z</time>
     <extensions>
      <gpxtpx:TrackPointExtension>
       <gpxtpx:hr>127</gpxtpx:hr>
      </gpxtpx:TrackPointExtension>
     </extensions>
   </trkpt>
   <trkpt lat="-2.6831940" lon="-42.9437010">
    <ele>37.6</ele>
    <time>2026-06-15T09:08:22Z</time>
     <extensions>
      <gpxtpx:TrackPointExtension>
       <gpxtpx:hr>127</gpxtpx:hr>
      </gpxtpx:TrackPointExtension>
     </extensions>
   </trkpt>
   <trkpt lat="-2.6831670" lon="-42.9437300">
    <ele>37.8</ele>
    <time>2026-06-15T09:08:27Z</time>
     <extensions>
      <gpxtpx:TrackPointExtension>
       <gpxtpx:hr>128</gpxtpx:hr>
      </gpxtpx:TrackPointExtension>
     </extensions>
   </trkpt>
   <trkpt lat="-2.6831290" lon="-42.9437520">
    <ele>38.2</ele>
    <time>2026-06-15T09:08:32Z</time>
     <extensions>
      <gpxtpx:TrackPointExtension>
       <gpxtpx:hr>127</gpxtpx:hr>
      </gpxtpx:TrackPointExtension>
     </extensions>
   </trkpt>
   <trkpt lat="-2.6830930" lon="-42.9437790">
    <ele>38.4</ele>
    <time>2026-06-15T09:08:37Z</time>
     <extensions>
      <gpxtpx:TrackPointExtension>
       <gpxtpx:hr>131</gpxtpx:hr>
      </gpxtpx:TrackPointExtension>
     </extensions>
   </trkpt>
   <trkpt lat="-2.6830630" lon="-42.9438120">
    <ele>38.8</ele>
    <time>2026-06-15T09:08:42Z</time>
     <extensions>
      <gpxtpx:TrackPointExtension>
       <gpxtpx:hr>130</gpxtpx:hr>
      </gpxtpx:TrackPointExtension>
     </extensions>
   </trkpt>
   <trkpt lat="-2.6830340" lon="-42.9438370">
    <ele>39.2</ele>
    <time>2026-06-15T09:08:47Z</time>
     <extensions>
      <gpxtpx:TrackPointExtension>
       <gpxtpx:hr>129</gpxtpx:hr>
      </gpxtpx:TrackPointExtension>
     </extensions>
   </trkpt>
   <trkpt lat="-2.6830050" lon="-42.9438580">
    <ele>39.8</ele>
    <time>2026-06-15T09:08:52Z</time>
     <extensions>
      <gpxtpx:TrackPointExtension>
       <gpxtpx:hr>132</gpxtpx:hr>
      </gpxtpx:TrackPointExtension>
     </extensions>
   </trkpt>
   <trkpt lat="-2.6829830" lon="-42.9438900">
    <ele>40.4</ele>
    <time>2026-06-15T09:08:57Z</time>
     <extensions>
      <gpxtpx:TrackPointExtension>
       <gpxtpx:hr>133</gpxtpx:hr>
      </gpxtpx:TrackPointExtension>
     </extensions>
   </trkpt>
   <trkpt lat="-2.6829650" lon="-42.9439300">
    <ele>41.0</ele>
    <time>2026-06-15T09:09:02Z</time>
     <extensions>
      <gpxtpx:TrackPointExtension>
       <gpxtpx:hr>133</gpxtpx:hr>
      </gpxtpx:TrackPointExtension>
     </extensions>
   </trkpt>
   <trkpt lat="-2.6829630" lon="-42.9439750">
    <ele>41.6</ele>
    <time>2026-06-15T09:09:07Z</time>
     <extensions>
      <gpxtpx:TrackPointExtension>
       <gpxtpx:hr>135</gpxtpx:hr>
      </gpxtpx:TrackPointExtension>
     </extensions>
   </trkpt>
   <trkpt lat="-2.6829660" lon="-42.9440180">
    <ele>42.2</ele>
    <time>2026-06-15T09:09:12Z</time>
     <extensions>
      <gpxtpx:TrackPointExtension>
       <gpxtpx:hr>137</gpxtpx:hr>
      </gpxtpx:TrackPointExtension>
     </extensions>
   </trkpt>
   <trkpt lat="-2.6829640" lon="-42.9440660">
    <ele>42.6</ele>
    <time>2026-06-15T09:09:17Z</time>
     <extensions>
      <gpxtpx:TrackPointExtension>
       <gpxtpx:hr>137</gpxtpx:hr>
      </gpxtpx:TrackPointExtension>
     </extensions>
   </trkpt>
   <trkpt lat="-2.6829730" lon="-42.9441100">
    <ele>42.8</ele>
    <time>2026-06-15T09:09:22Z</time>
     <extensions>
      <gpxtpx:TrackPointExtension>
       <gpxtpx:hr>139</gpxtpx:hr>
      </gpxtpx:TrackPointExtension>
     </extensions>
   </trkpt>
   <trkpt lat="-2.6829790" lon="-42.9441510">
    <ele>42.8</ele>
    <time>2026-06-15T09:09:27Z</time>
     <extensions>
      <gpxtpx:TrackPointExtension>
       <gpxtpx:hr>135</gpxtpx:hr>
      </gpxtpx:TrackPointExtension>
     </extensions>
   </trkpt>
   <trkpt lat="-2.6829960" lon="-42.9441960">
    <ele>42.8</ele>
    <time>2026-06-15T09:09:32Z</time>
     <extensions>
      <gpxtpx:TrackPointExtension>
       <gpxtpx:hr>132</gpxtpx:hr>
      </gpxtpx:TrackPointExtension>
     </extensions>
   </trkpt>
   <trkpt lat="-2.6830110" lon="-42.9442330">
    <ele>42.6</ele>
    <time>2026-06-15T09:09:37Z</time>
     <extensions>
      <gpxtpx:TrackPointExtension>
       <gpxtpx:hr>131</gpxtpx:hr>
      </gpxtpx:TrackPointExtension>
     </extensions>
   </trkpt>
   <trkpt lat="-2.6830280" lon="-42.9442770">
    <ele>42.0</ele>
    <time>2026-06-15T09:09:42Z</time>
     <extensions>
      <gpxtpx:TrackPointExtension>
       <gpxtpx:hr>130</gpxtpx:hr>
      </gpxtpx:TrackPointExtension>
     </extensions>
   </trkpt>
   <trkpt lat="-2.6830620" lon="-42.9443060">
    <ele>41.6</ele>
    <time>2026-06-15T09:09:47Z</time>
     <extensions>
      <gpxtpx:TrackPointExtension>
       <gpxtpx:hr>126</gpxtpx:hr>
      </gpxtpx:TrackPointExtension>
     </extensions>
   </trkpt>
   <trkpt lat="-2.6831000" lon="-42.9443340">
    <ele>41.2</ele>
    <time>2026-06-15T09:09:52Z</time>
     <extensions>
      <gpxtpx:TrackPointExtension>
       <gpxtpx:hr>122</gpxtpx:hr>
      </gpxtpx:TrackPointExtension>
     </extensions>
   </trkpt>
   <trkpt lat="-2.6831140" lon="-42.9443500">
    <ele>41.0</ele>
    <time>2026-06-15T09:09:57Z</time>
     <extensions>
      <gpxtpx:TrackPointExtension>
       <gpxtpx:hr>116</gpxtpx:hr>
      </gpxtpx:TrackPointExtension>
     </extensions>
   </trkpt>
   <trkpt lat="-2.6831200" lon="-42.9443610">
    <ele>40.8</ele>
    <time>2026-06-15T09:10:02Z</time>
     <extensions>
      <gpxtpx:TrackPointExtension>
       <gpxtpx:hr>116</gpxtpx:hr>
      </gpxtpx:TrackPointExtension>
     </extensions>
   </trkpt>
   <trkpt lat="-2.6831280" lon="-42.9443710">
    <ele>40.6</ele>
    <time>2026-06-15T09:10:07Z</time>
     <extensions>
      <gpxtpx:TrackPointExtension>
       <gpxtpx:hr>116</gpxtpx:hr>
      </gpxtpx:TrackPointExtension>
     </extensions>
   </trkpt>
   <trkpt lat="-2.6831300" lon="-42.9443690">
    <ele>40.6</ele>
    <time>2026-06-15T09:10:12Z</time>
     <extensions>
      <gpxtpx:TrackPointExtension>
       <gpxtpx:hr>115</gpxtpx:hr>
      </gpxtpx:TrackPointExtension>
     </extensions>
   </trkpt>
   <trkpt lat="-2.6831270" lon="-42.9443650">
    <ele>40.8</ele>
    <time>2026-06-15T09:10:17Z</time>
     <extensions>
      <gpxtpx:TrackPointExtension>
       <gpxtpx:hr>118</gpxtpx:hr>
      </gpxtpx:TrackPointExtension>
     </extensions>
   </trkpt>
   <trkpt lat="-2.6831200" lon="-42.9443640">
    <ele>40.8</ele>
    <time>2026-06-15T09:10:22Z</time>
     <extensions>
      <gpxtpx:TrackPointExtension>
       <gpxtpx:hr>112</gpxtpx:hr>
      </gpxtpx:TrackPointExtension>
     </extensions>
   </trkpt>
   <trkpt lat="-2.6831070" lon="-42.9443780">
    <ele>40.8</ele>
    <time>2026-06-15T09:10:27Z</time>
     <extensions>
      <gpxtpx:TrackPointExtension>
       <gpxtpx:hr>112</gpxtpx:hr>
      </gpxtpx:TrackPointExtension>
     </extensions>
   </trkpt>
   <trkpt lat="-2.6831030" lon="-42.9443830">
    <ele>40.8</ele>
    <time>2026-06-15T09:10:32Z</time>
     <extensions>
      <gpxtpx:TrackPointExtension>
       <gpxtpx:hr>112</gpxtpx:hr>
      </gpxtpx:TrackPointExtension>
     </extensions>
   </trkpt>
   <trkpt lat="-2.6831010" lon="-42.9443820">
    <ele>40.8</ele>
    <time>2026-06-15T09:10:37Z</time>
     <extensions>
      <gpxtpx:TrackPointExtension>
       <gpxtpx:hr>106</gpxtpx:hr>
      </gpxtpx:TrackPointExtension>
     </extensions>
   </trkpt>
   <trkpt lat="-2.6830980" lon="-42.9443810">
    <ele>40.8</ele>
    <time>2026-06-15T09:10:42Z</time>
     <extensions>
      <gpxtpx:TrackPointExtension>
       <gpxtpx:hr>106</gpxtpx:hr>
      </gpxtpx:TrackPointExtension>
     </extensions>
   </trkpt>
   <trkpt lat="-2.6830930" lon="-42.9443790">
    <ele>41.0</ele>
    <time>2026-06-15T09:10:47Z</time>
     <extensions>
      <gpxtpx:TrackPointExtension>
       <gpxtpx:hr>110</gpxtpx:hr>
      </gpxtpx:TrackPointExtension>
     </extensions>
   </trkpt>
   <trkpt lat="-2.6830940" lon="-42.9443750">
    <ele>41.2</ele>
    <time>2026-06-15T09:10:52Z</time>
     <extensions>
      <gpxtpx:TrackPointExtension>
       <gpxtpx:hr>110</gpxtpx:hr>
      </gpxtpx:TrackPointExtension>
     </extensions>
   </trkpt>
   <trkpt lat="-2.6830950" lon="-42.9443750">
    <ele>41.2</ele>
    <time>2026-06-15T09:10:57Z</time>
     <extensions>
      <gpxtpx:TrackPointExtension>
       <gpxtpx:hr>110</gpxtpx:hr>
      </gpxtpx:TrackPointExtension>
     </extensions>
   </trkpt>
   <trkpt lat="-2.6830990" lon="-42.9443770">
    <ele>41.2</ele>
    <time>2026-06-15T09:11:02Z</time>
     <extensions>
      <gpxtpx:TrackPointExtension>
       <gpxtpx:hr>107</gpxtpx:hr>
      </gpxtpx:TrackPointExtension>
     </extensions>
   </trkpt>
   <trkpt lat="-2.6831250" lon="-42.9443870">
    <ele>40.8</ele>
    <time>2026-06-15T09:11:07Z</time>
     <extensions>
      <gpxtpx:TrackPointExtension>
       <gpxtpx:hr>106</gpxtpx:hr>
      </gpxtpx:TrackPointExtension>
     </extensions>
   </trkpt>
   <trkpt lat="-2.6831610" lon="-42.9444070">
    <ele>40.4</ele>
    <time>2026-06-15T09:11:12Z</time>
     <extensions>
      <gpxtpx:TrackPointExtension>
       <gpxtpx:hr>108</gpxtpx:hr>
      </gpxtpx:TrackPointExtension>
     </extensions>
   </trkpt>
   <trkpt lat="-2.6832080" lon="-42.9444250">
    <ele>40.2</ele>
    <time>2026-06-15T09:11:17Z</time>
     <extensions>
      <gpxtpx:TrackPointExtension>
       <gpxtpx:hr>110</gpxtpx:hr>
      </gpxtpx:TrackPointExtension>
     </extensions>
   </trkpt>
   <trkpt lat="-2.6832380" lon="-42.9444510">
    <ele>40.2</ele>
    <time>2026-06-15T09:11:22Z</time>
     <extensions>
      <gpxtpx:TrackPointExtension>
       <gpxtpx:hr>111</gpxtpx:hr>
      </gpxtpx:TrackPointExtension>
     </extensions>
   </trkpt>
   <trkpt lat="-2.6832620" lon="-42.9444860">
    <ele>40.4</ele>
    <time>2026-06-15T09:11:27Z</time>
     <extensions>
      <gpxtpx:TrackPointExtension>
       <gpxtpx:hr>111</gpxtpx:hr>
      </gpxtpx:TrackPointExtension>
     </extensions>
   </trkpt>
   <trkpt lat="-2.6832600" lon="-42.9445190">
    <ele>40.0</ele>
    <time>2026-06-15T09:11:32Z</time>
     <extensions>
      <gpxtpx:TrackPointExtension>
       <gpxtpx:hr>109</gpxtpx:hr>
      </gpxtpx:TrackPointExtension>
     </extensions>
   </trkpt>
   <trkpt lat="-2.6832450" lon="-42.9445670">
    <ele>39.0</ele>
    <time>2026-06-15T09:11:37Z</time>
     <extensions>
      <gpxtpx:TrackPointExtension>
       <gpxtpx:hr>113</gpxtpx:hr>
      </gpxtpx:TrackPointExtension>
     </extensions>
   </trkpt>
   <trkpt lat="-2.6832230" lon="-42.9446230">
    <ele>38.0</ele>
    <time>2026-06-15T09:11:42Z</time>
     <extensions>
      <gpxtpx:TrackPointExtension>
       <gpxtpx:hr>116</gpxtpx:hr>
      </gpxtpx:TrackPointExtension>
     </extensions>
   </trkpt>
   <trkpt lat="-2.6831970" lon="-42.9446720">
    <ele>37.6</ele>
    <time>2026-06-15T09:11:47Z</time>
     <extensions>
      <gpxtpx:TrackPointExtension>
       <gpxtpx:hr>118</gpxtpx:hr>
      </gpxtpx:TrackPointExtension>
     </extensions>
   </trkpt>
   <trkpt lat="-2.6831690" lon="-42.9447220">
    <ele>37.6</ele>
    <time>2026-06-15T09:11:52Z</time>
     <extensions>
      <gpxtpx:TrackPointExtension>
       <gpxtpx:hr>121</gpxtpx:hr>
      </gpxtpx:TrackPointExtension>
     </extensions>
   </trkpt>
   <trkpt lat="-2.6831410" lon="-42.9447640">
    <ele>37.6</ele>
    <time>2026-06-15T09:11:57Z</time>
     <extensions>
      <gpxtpx:TrackPointExtension>
       <gpxtpx:hr>123</gpxtpx:hr>
      </gpxtpx:TrackPointExtension>
     </extensions>
   </trkpt>
   <trkpt lat="-2.6831140" lon="-42.9448130">
    <ele>37.6</ele>
    <time>2026-06-15T09:12:02Z</time>
     <extensions>
      <gpxtpx:TrackPointExtension>
       <gpxtpx:hr>119</gpxtpx:hr>
      </gpxtpx:TrackPointExtension>
     </extensions>
   </trkpt>
   <trkpt lat="-2.6830940" lon="-42.9448500">
    <ele>37.6</ele>
    <time>2026-06-15T09:12:07Z</time>
     <extensions>
      <gpxtpx:TrackPointExtension>
       <gpxtpx:hr>118</gpxtpx:hr>
      </gpxtpx:TrackPointExtension>
     </extensions>
   </trkpt>
   <trkpt lat="-2.6830740" lon="-42.9449030">
    <ele>37.6</ele>
    <time>2026-06-15T09:12:12Z</time>
     <extensions>
      <gpxtpx:TrackPointExtension>
       <gpxtpx:hr>118</gpxtpx:hr>
      </gpxtpx:TrackPointExtension>
     </extensions>
   </trkpt>
   <trkpt lat="-2.6830590" lon="-42.9449600">
    <ele>37.4</ele>
    <time>2026-06-15T09:12:17Z</time>
     <extensions>
      <gpxtpx:TrackPointExtension>
       <gpxtpx:hr>117</gpxtpx:hr>
      </gpxtpx:TrackPointExtension>
     </extensions>
   </trkpt>
   <trkpt lat="-2.6830450" lon="-42.9450090">
    <ele>37.6</ele>
    <time>2026-06-15T09:12:22Z</time>
     <extensions>
      <gpxtpx:TrackPointExtension>
       <gpxtpx:hr>117</gpxtpx:hr>
      </gpxtpx:TrackPointExtension>
     </extensions>
   </trkpt>
   <trkpt lat="-2.6830340" lon="-42.9450490">
    <ele>37.6</ele>
    <time>2026-06-15T09:12:27Z</time>
     <extensions>
      <gpxtpx:TrackPointExtension>
       <gpxtpx:hr>115</gpxtpx:hr>
      </gpxtpx:TrackPointExtension>
     </extensions>
   </trkpt>
   <trkpt lat="-2.6830210" lon="-42.9451020">
    <ele>37.6</ele>
    <time>2026-06-15T09:12:32Z</time>
     <extensions>
      <gpxtpx:TrackPointExtension>
       <gpxtpx:hr>115</gpxtpx:hr>
      </gpxtpx:TrackPointExtension>
     </extensions>
   </trkpt>
   <trkpt lat="-2.6830060" lon="-42.9451530">
    <ele>37.6</ele>
    <time>2026-06-15T09:12:37Z</time>
     <extensions>
      <gpxtpx:TrackPointExtension>
       <gpxtpx:hr>117</gpxtpx:hr>
      </gpxtpx:TrackPointExtension>
     </extensions>
   </trkpt>
   <trkpt lat="-2.6829850" lon="-42.9451950">
    <ele>37.6</ele>
    <time>2026-06-15T09:12:42Z</time>
     <extensions>
      <gpxtpx:TrackPointExtension>
       <gpxtpx:hr>116</gpxtpx:hr>
      </gpxtpx:TrackPointExtension>
     </extensions>
   </trkpt>
   <trkpt lat="-2.6829650" lon="-42.9452460">
    <ele>37.4</ele>
    <time>2026-06-15T09:12:47Z</time>
     <extensions>
      <gpxtpx:TrackPointExtension>
       <gpxtpx:hr>119</gpxtpx:hr>
      </gpxtpx:TrackPointExtension>
     </extensions>
   </trkpt>
   <trkpt lat="-2.6829420" lon="-42.9452960">
    <ele>37.4</ele>
    <time>2026-06-15T09:12:52Z</time>
     <extensions>
      <gpxtpx:TrackPointExtension>
       <gpxtpx:hr>119</gpxtpx:hr>
      </gpxtpx:TrackPointExtension>
     </extensions>
   </trkpt>
   <trkpt lat="-2.6829250" lon="-42.9453510">
    <ele>37.4</ele>
    <time>2026-06-15T09:12:57Z</time>
     <extensions>
      <gpxtpx:TrackPointExtension>
       <gpxtpx:hr>119</gpxtpx:hr>
      </gpxtpx:TrackPointExtension>
     </extensions>
   </trkpt>
   <trkpt lat="-2.6829130" lon="-42.9454030">
    <ele>37.6</ele>
    <time>2026-06-15T09:13:02Z</time>
     <extensions>
      <gpxtpx:TrackPointExtension>
       <gpxtpx:hr>121</gpxtpx:hr>
      </gpxtpx:TrackPointExtension>
     </extensions>
   </trkpt>
   <trkpt lat="-2.6828910" lon="-42.9454520">
    <ele>37.6</ele>
    <time>2026-06-15T09:13:07Z</time>
     <extensions>
      <gpxtpx:TrackPointExtension>
       <gpxtpx:hr>124</gpxtpx:hr>
      </gpxtpx:TrackPointExtension>
     </extensions>
   </trkpt>
   <trkpt lat="-2.6828620" lon="-42.9455010">
    <ele>37.6</ele>
    <time>2026-06-15T09:13:12Z</time>
     <extensions>
      <gpxtpx:TrackPointExtension>
       <gpxtpx:hr>124</gpxtpx:hr>
      </gpxtpx:TrackPointExtension>
     </extensions>
   </trkpt>
   <trkpt lat="-2.6828390" lon="-42.9455480">
    <ele>37.6</ele>
    <time>2026-06-15T09:13:17Z</time>
     <extensions>
      <gpxtpx:TrackPointExtension>
       <gpxtpx:hr>124</gpxtpx:hr>
      </gpxtpx:TrackPointExtension>
     </extensions>
   </trkpt>
   <trkpt lat="-2.6828180" lon="-42.9456080">
    <ele>37.6</ele>
    <time>2026-06-15T09:13:22Z</time>
     <extensions>
      <gpxtpx:TrackPointExtension>
       <gpxtpx:hr>125</gpxtpx:hr>
      </gpxtpx:TrackPointExtension>
     </extensions>
   </trkpt>
   <trkpt lat="-2.6827950" lon="-42.9456660">
    <ele>37.6</ele>
    <time>2026-06-15T09:13:27Z</time>
     <extensions>
      <gpxtpx:TrackPointExtension>
       <gpxtpx:hr>125</gpxtpx:hr>
      </gpxtpx:TrackPointExtension>
     </extensions>
   </trkpt>
   <trkpt lat="-2.6827770" lon="-42.9457160">
    <ele>37.6</ele>
    <time>2026-06-15T09:13:32Z</time>
     <extensions>
      <gpxtpx:TrackPointExtension>
       <gpxtpx:hr>123</gpxtpx:hr>
      </gpxtpx:TrackPointExtension>
     </extensions>
   </trkpt>
   <trkpt lat="-2.6827550" lon="-42.9457630">
    <ele>37.6</ele>
    <time>2026-06-15T09:13:37Z</time>
     <extensions>
      <gpxtpx:TrackPointExtension>
       <gpxtpx:hr>126</gpxtpx:hr>
      </gpxtpx:TrackPointExtension>
     </extensions>
   </trkpt>
   <trkpt lat="-2.6827300" lon="-42.9458120">
    <ele>37.6</ele>
    <time>2026-06-15T09:13:42Z</time>
     <extensions>
      <gpxtpx:TrackPointExtension>
       <gpxtpx:hr>125</gpxtpx:hr>
      </gpxtpx:TrackPointExtension>
     </extensions>
   </trkpt>
   <trkpt lat="-2.6827050" lon="-42.9458540">
    <ele>37.6</ele>
    <time>2026-06-15T09:13:47Z</time>
     <extensions>
      <gpxtpx:TrackPointExtension>
       <gpxtpx:hr>128</gpxtpx:hr>
      </gpxtpx:TrackPointExtension>
     </extensions>
   </trkpt>
   <trkpt lat="-2.6826880" lon="-42.9458990">
    <ele>37.6</ele>
    <time>2026-06-15T09:13:52Z</time>
     <extensions>
      <gpxtpx:TrackPointExtension>
       <gpxtpx:hr>129</gpxtpx:hr>
      </gpxtpx:TrackPointExtension>
     </extensions>
   </trkpt>
   <trkpt lat="-2.6826730" lon="-42.9459440">
    <ele>37.6</ele>
    <time>2026-06-15T09:13:57Z</time>
     <extensions>
      <gpxtpx:TrackPointExtension>
       <gpxtpx:hr>127</gpxtpx:hr>
      </gpxtpx:TrackPointExtension>
     </extensions>
   </trkpt>
   <trkpt lat="-2.6826600" lon="-42.9459960">
    <ele>37.6</ele>
    <time>2026-06-15T09:14:02Z</time>
     <extensions>
      <gpxtpx:TrackPointExtension>
       <gpxtpx:hr>128</gpxtpx:hr>
      </gpxtpx:TrackPointExtension>
     </extensions>
   </trkpt>
   <trkpt lat="-2.6826450" lon="-42.9460460">
    <ele>37.6</ele>
    <time>2026-06-15T09:14:07Z</time>
     <extensions>
      <gpxtpx:TrackPointExtension>
       <gpxtpx:hr>127</gpxtpx:hr>
      </gpxtpx:TrackPointExtension>
     </extensions>
   </trkpt>
   <trkpt lat="-2.6826300" lon="-42.9461000">
    <ele>37.8</ele>
    <time>2026-06-15T09:14:12Z</time>
     <extensions>
      <gpxtpx:TrackPointExtension>
       <gpxtpx:hr>129</gpxtpx:hr>
      </gpxtpx:TrackPointExtension>
     </extensions>
   </trkpt>
   <trkpt lat="-2.6826110" lon="-42.9461450">
    <ele>37.8</ele>
    <time>2026-06-15T09:14:17Z</time>
     <extensions>
      <gpxtpx:TrackPointExtension>
       <gpxtpx:hr>130</gpxtpx:hr>
      </gpxtpx:TrackPointExtension>
     </extensions>
   </trkpt>
   <trkpt lat="-2.6826020" lon="-42.9461950">
    <ele>37.8</ele>
    <time>2026-06-15T09:14:22Z</time>
     <extensions>
      <gpxtpx:TrackPointExtension>
       <gpxtpx:hr>129</gpxtpx:hr>
      </gpxtpx:TrackPointExtension>
     </extensions>
   </trkpt>
   <trkpt lat="-2.6825910" lon="-42.9462450">
    <ele>37.8</ele>
    <time>2026-06-15T09:14:27Z</time>
     <extensions>
      <gpxtpx:TrackPointExtension>
       <gpxtpx:hr>128</gpxtpx:hr>
      </gpxtpx:TrackPointExtension>
     </extensions>
   </trkpt>
   <trkpt lat="-2.6825810" lon="-42.9462990">
    <ele>37.8</ele>
    <time>2026-06-15T09:14:32Z</time>
     <extensions>
      <gpxtpx:TrackPointExtension>
       <gpxtpx:hr>134</gpxtpx:hr>
      </gpxtpx:TrackPointExtension>
     </extensions>
   </trkpt>
   <trkpt lat="-2.6825670" lon="-42.9463490">
    <ele>37.8</ele>
    <time>2026-06-15T09:14:37Z</time>
     <extensions>
      <gpxtpx:TrackPointExtension>
       <gpxtpx:hr>129</gpxtpx:hr>
      </gpxtpx:TrackPointExtension>
     </extensions>
   </trkpt>
   <trkpt lat="-2.6825550" lon="-42.9463960">
    <ele>37.8</ele>
    <time>2026-06-15T09:14:42Z</time>
     <extensions>
      <gpxtpx:TrackPointExtension>
       <gpxtpx:hr>128</gpxtpx:hr>
      </gpxtpx:TrackPointExtension>
     </extensions>
   </trkpt>
   <trkpt lat="-2.6825450" lon="-42.9464450">
    <ele>37.8</ele>
    <time>2026-06-15T09:14:47Z</time>
     <extensions>
      <gpxtpx:TrackPointExtension>
       <gpxtpx:hr>122</gpxtpx:hr>
      </gpxtpx:TrackPointExtension>
     </extensions>
   </trkpt>
   <trkpt lat="-2.6825340" lon="-42.9465070">
    <ele>37.8</ele>
    <time>2026-06-15T09:14:52Z</time>
     <extensions>
      <gpxtpx:TrackPointExtension>
       <gpxtpx:hr>122</gpxtpx:hr>
      </gpxtpx:TrackPointExtension>
     </extensions>
   </trkpt>
   <trkpt lat="-2.6825240" lon="-42.9465520">
    <ele>37.8</ele>
    <time>2026-06-15T09:14:57Z</time>
     <extensions>
      <gpxtpx:TrackPointExtension>
       <gpxtpx:hr>122</gpxtpx:hr>
      </gpxtpx:TrackPointExtension>
     </extensions>
   </trkpt>
   <trkpt lat="-2.6825100" lon="-42.9466070">
    <ele>37.6</ele>
    <time>2026-06-15T09:15:02Z</time>
     <extensions>
      <gpxtpx:TrackPointExtension>
       <gpxtpx:hr>122</gpxtpx:hr>
      </gpxtpx:TrackPointExtension>
     </extensions>
   </trkpt>
   <trkpt lat="-2.6824980" lon="-42.9466580">
    <ele>37.6</ele>
    <time>2026-06-15T09:15:07Z</time>
     <extensions>
      <gpxtpx:TrackPointExtension>
       <gpxtpx:hr>122</gpxtpx:hr>
      </gpxtpx:TrackPointExtension>
     </extensions>
   </trkpt>
   <trkpt lat="-2.6824870" lon="-42.9467110">
    <ele>37.6</ele>
    <time>2026-06-15T09:15:12Z</time>
     <extensions>
      <gpxtpx:TrackPointExtension>
       <gpxtpx:hr>125</gpxtpx:hr>
      </gpxtpx:TrackPointExtension>
     </extensions>
   </trkpt>
   <trkpt lat="-2.6824750" lon="-42.9467670">
    <ele>37.6</ele>
    <time>2026-06-15T09:15:17Z</time>
     <extensions>
      <gpxtpx:TrackPointExtension>
       <gpxtpx:hr>125</gpxtpx:hr>
      </gpxtpx:TrackPointExtension>
     </extensions>
   </trkpt>
   <trkpt lat="-2.6824620" lon="-42.9468210">
    <ele>37.6</ele>
    <time>2026-06-15T09:15:23Z</time>
     <extensions>
      <gpxtpx:TrackPointExtension>
       <gpxtpx:hr>122</gpxtpx:hr>
      </gpxtpx:TrackPointExtension>
     </extensions>
   </trkpt>
   <trkpt lat="-2.6824370" lon="-42.9468710">
    <ele>37.4</ele>
    <time>2026-06-15T09:15:28Z</time>
     <extensions>
      <gpxtpx:TrackPointExtension>
       <gpxtpx:hr>120</gpxtpx:hr>
      </gpxtpx:TrackPointExtension>
     </extensions>
   </trkpt>
   <trkpt lat="-2.6824210" lon="-42.9469180">
    <ele>37.6</ele>
    <time>2026-06-15T09:15:33Z</time>
     <extensions>
      <gpxtpx:TrackPointExtension>
       <gpxtpx:hr>121</gpxtpx:hr>
      </gpxtpx:TrackPointExtension>
     </extensions>
   </trkpt>
   <trkpt lat="-2.6824000" lon="-42.9469640">
    <ele>37.6</ele>
    <time>2026-06-15T09:15:38Z</time>
     <extensions>
      <gpxtpx:TrackPointExtension>
       <gpxtpx:hr>123</gpxtpx:hr>
      </gpxtpx:TrackPointExtension>
     </extensions>
   </trkpt>
   <trkpt lat="-2.6823740" lon="-42.9470150">
    <ele>37.8</ele>
    <time>2026-06-15T09:15:43Z</time>
     <extensions>
      <gpxtpx:TrackPointExtension>
       <gpxtpx:hr>121</gpxtpx:hr>
      </gpxtpx:TrackPointExtension>
     </extensions>
   </trkpt>
   <trkpt lat="-2.6823430" lon="-42.9470510">
    <ele>37.8</ele>
    <time>2026-06-15T09:15:48Z</time>
     <extensions>
      <gpxtpx:TrackPointExtension>
       <gpxtpx:hr>123</gpxtpx:hr>
      </gpxtpx:TrackPointExtension>
     </extensions>
   </trkpt>
   <trkpt lat="-2.6823110" lon="-42.9470900">
    <ele>38.0</ele>
    <time>2026-06-15T09:15:53Z</time>
     <extensions>
      <gpxtpx:TrackPointExtension>
       <gpxtpx:hr>123</gpxtpx:hr>
      </gpxtpx:TrackPointExtension>
     </extensions>
   </trkpt>
   <trkpt lat="-2.6822780" lon="-42.9471180">
    <ele>38.2</ele>
    <time>2026-06-15T09:15:58Z</time>
     <extensions>
      <gpxtpx:TrackPointExtension>
       <gpxtpx:hr>120</gpxtpx:hr>
      </gpxtpx:TrackPointExtension>
     </extensions>
   </trkpt>
   <trkpt lat="-2.6822550" lon="-42.9471590">
    <ele>38.6</ele>
    <time>2026-06-15T09:16:03Z</time>
     <extensions>
      <gpxtpx:TrackPointExtension>
       <gpxtpx:hr>120</gpxtpx:hr>
      </gpxtpx:TrackPointExtension>
     </extensions>
   </trkpt>
   <trkpt lat="-2.6822240" lon="-42.9472110">
    <ele>39.0</ele>
    <time>2026-06-15T09:16:08Z</time>
     <extensions>
      <gpxtpx:TrackPointExtension>
       <gpxtpx:hr>121</gpxtpx:hr>
      </gpxtpx:TrackPointExtension>
     </extensions>
   </trkpt>
   <trkpt lat="-2.6821950" lon="-42.9472440">
    <ele>39.6</ele>
    <time>2026-06-15T09:16:13Z</time>
     <extensions>
      <gpxtpx:TrackPointExtension>
       <gpxtpx:hr>120</gpxtpx:hr>
      </gpxtpx:TrackPointExtension>
     </extensions>
   </trkpt>
   <trkpt lat="-2.6821610" lon="-42.9472790">
    <ele>40.2</ele>
    <time>2026-06-15T09:16:18Z</time>
     <extensions>
      <gpxtpx:TrackPointExtension>
       <gpxtpx:hr>120</gpxtpx:hr>
      </gpxtpx:TrackPointExtension>
     </extensions>
   </trkpt>
   <trkpt lat="-2.6821120" lon="-42.9473090">
    <ele>40.8</ele>
    <time>2026-06-15T09:16:23Z</time>
     <extensions>
      <gpxtpx:TrackPointExtension>
       <gpxtpx:hr>123</gpxtpx:hr>
      </gpxtpx:TrackPointExtension>
     </extensions>
   </trkpt>
   <trkpt lat="-2.6820740" lon="-42.9473350">
    <ele>41.2</ele>
    <time>2026-06-15T09:16:28Z</time>
     <extensions>
      <gpxtpx:TrackPointExtension>
       <gpxtpx:hr>123</gpxtpx:hr>
      </gpxtpx:TrackPointExtension>
     </extensions>
   </trkpt>
   <trkpt lat="-2.6820340" lon="-42.9473680">
    <ele>41.2</ele>
    <time>2026-06-15T09:16:33Z</time>
     <extensions>
      <gpxtpx:TrackPointExtension>
       <gpxtpx:hr>126</gpxtpx:hr>
      </gpxtpx:TrackPointExtension>
     </extensions>
   </trkpt>
   <trkpt lat="-2.6820010" lon="-42.9473970">
    <ele>40.8</ele>
    <time>2026-06-15T09:16:38Z</time>
     <extensions>
      <gpxtpx:TrackPointExtension>
       <gpxtpx:hr>129</gpxtpx:hr>
      </gpxtpx:TrackPointExtension>
     </extensions>
   </trkpt>
   <trkpt lat="-2.6819650" lon="-42.9474300">
    <ele>39.8</ele>
    <time>2026-06-15T09:16:43Z</time>
     <extensions>
      <gpxtpx:TrackPointExtension>
       <gpxtpx:hr>129</gpxtpx:hr>
      </gpxtpx:TrackPointExtension>
     </extensions>
   </trkpt>
   <trkpt lat="-2.6819230" lon="-42.9474540">
    <ele>38.8</ele>
    <time>2026-06-15T09:16:48Z</time>
     <extensions>
      <gpxtpx:TrackPointExtension>
       <gpxtpx:hr>127</gpxtpx:hr>
      </gpxtpx:TrackPointExtension>
     </extensions>
   </trkpt>
   <trkpt lat="-2.6818790" lon="-42.9474810">
    <ele>38.4</ele>
    <time>2026-06-15T09:16:53Z</time>
     <extensions>
      <gpxtpx:TrackPointExtension>
       <gpxtpx:hr>123</gpxtpx:hr>
      </gpxtpx:TrackPointExtension>
     </extensions>
   </trkpt>
   <trkpt lat="-2.6818340" lon="-42.9475000">
    <ele>38.2</ele>
    <time>2026-06-15T09:16:58Z</time>
     <extensions>
      <gpxtpx:TrackPointExtension>
       <gpxtpx:hr>126</gpxtpx:hr>
      </gpxtpx:TrackPointExtension>
     </extensions>
   </trkpt>
   <trkpt lat="-2.6817840" lon="-42.9475240">
    <ele>38.2</ele>
    <time>2026-06-15T09:17:03Z</time>
     <extensions>
      <gpxtpx:TrackPointExtension>
       <gpxtpx:hr>124</gpxtpx:hr>
      </gpxtpx:TrackPointExtension>
     </extensions>
   </trkpt>
   <trkpt lat="-2.6817360" lon="-42.9475470">
    <ele>38.2</ele>
    <time>2026-06-15T09:17:08Z</time>
     <extensions>
      <gpxtpx:TrackPointExtension>
       <gpxtpx:hr>124</gpxtpx:hr>
      </gpxtpx:TrackPointExtension>
     </extensions>
   </trkpt>
   <trkpt lat="-2.6817100" lon="-42.9475680">
    <ele>38.2</ele>
    <time>2026-06-15T09:17:13Z</time>
     <extensions>
      <gpxtpx:TrackPointExtension>
       <gpxtpx:hr>121</gpxtpx:hr>
      </gpxtpx:TrackPointExtension>
     </extensions>
   </trkpt>
   <trkpt lat="-2.6816670" lon="-42.9475960">
    <ele>38.2</ele>
    <time>2026-06-15T09:17:18Z</time>
     <extensions>
      <gpxtpx:TrackPointExtension>
       <gpxtpx:hr>122</gpxtpx:hr>
      </gpxtpx:TrackPointExtension>
     </extensions>
   </trkpt>
   <trkpt lat="-2.6816340" lon="-42.9476220">
    <ele>38.2</ele>
    <time>2026-06-15T09:17:23Z</time>
     <extensions>
      <gpxtpx:TrackPointExtension>
       <gpxtpx:hr>122</gpxtpx:hr>
      </gpxtpx:TrackPointExtension>
     </extensions>
   </trkpt>
   <trkpt lat="-2.6816030" lon="-42.9476560">
    <ele>38.2</ele>
    <time>2026-06-15T09:17:28Z</time>
     <extensions>
      <gpxtpx:TrackPointExtension>
       <gpxtpx:hr>122</gpxtpx:hr>
      </gpxtpx:TrackPointExtension>
     </extensions>
   </trkpt>
   <trkpt lat="-2.6815720" lon="-42.9476890">
    <ele>38.2</ele>
    <time>2026-06-15T09:17:33Z</time>
     <extensions>
      <gpxtpx:TrackPointExtension>
       <gpxtpx:hr>126</gpxtpx:hr>
      </gpxtpx:TrackPointExtension>
     </extensions>
   </trkpt>
   <trkpt lat="-2.6815370" lon="-42.9477240">
    <ele>38.4</ele>
    <time>2026-06-15T09:17:38Z</time>
     <extensions>
      <gpxtpx:TrackPointExtension>
       <gpxtpx:hr>125</gpxtpx:hr>
      </gpxtpx:TrackPointExtension>
     </extensions>
   </trkpt>
   <trkpt lat="-2.6815090" lon="-42.9477590">
    <ele>38.4</ele>
    <time>2026-06-15T09:17:43Z</time>
     <extensions>
      <gpxtpx:TrackPointExtension>
       <gpxtpx:hr>125</gpxtpx:hr>
      </gpxtpx:TrackPointExtension>
     </extensions>
   </trkpt>
   <trkpt lat="-2.6814770" lon="-42.9477940">
    <ele>38.4</ele>
    <time>2026-06-15T09:17:48Z</time>
     <extensions>
      <gpxtpx:TrackPointExtension>
       <gpxtpx:hr>127</gpxtpx:hr>
      </gpxtpx:TrackPointExtension>
     </extensions>
   </trkpt>
   <trkpt lat="-2.6814530" lon="-42.9478310">
    <ele>38.4</ele>
    <time>2026-06-15T09:17:53Z</time>
     <extensions>
      <gpxtpx:TrackPointExtension>
       <gpxtpx:hr>126</gpxtpx:hr>
      </gpxtpx:TrackPointExtension>
     </extensions>
   </trkpt>
   <trkpt lat="-2.6814360" lon="-42.9478630">
    <ele>38.4</ele>
    <time>2026-06-15T09:17:58Z</time>
     <extensions>
      <gpxtpx:TrackPointExtension>
       <gpxtpx:hr>127</gpxtpx:hr>
      </gpxtpx:TrackPointExtension>
     </extensions>
   </trkpt>
   <trkpt lat="-2.6814190" lon="-42.9478960">
    <ele>38.4</ele>
    <time>2026-06-15T09:18:03Z</time>
     <extensions>
      <gpxtpx:TrackPointExtension>
       <gpxtpx:hr>128</gpxtpx:hr>
      </gpxtpx:TrackPointExtension>
     </extensions>
   </trkpt>
   <trkpt lat="-2.6813980" lon="-42.9479300">
    <ele>38.4</ele>
    <time>2026-06-15T09:18:08Z</time>
     <extensions>
      <gpxtpx:TrackPointExtension>
       <gpxtpx:hr>126</gpxtpx:hr>
      </gpxtpx:TrackPointExtension>
     </extensions>
   </trkpt>
   <trkpt lat="-2.6813830" lon="-42.9479630">
    <ele>38.4</ele>
    <time>2026-06-15T09:18:13Z</time>
     <extensions>
      <gpxtpx:TrackPointExtension>
       <gpxtpx:hr>125</gpxtpx:hr>
      </gpxtpx:TrackPointExtension>
     </extensions>
   </trkpt>
   <trkpt lat="-2.6813730" lon="-42.9480000">
    <ele>38.4</ele>
    <time>2026-06-15T09:18:18Z</time>
     <extensions>
      <gpxtpx:TrackPointExtension>
       <gpxtpx:hr>125</gpxtpx:hr>
      </gpxtpx:TrackPointExtension>
     </extensions>
   </trkpt>
   <trkpt lat="-2.6813520" lon="-42.9480390">
    <ele>38.4</ele>
    <time>2026-06-15T09:18:23Z</time>
     <extensions>
      <gpxtpx:TrackPointExtension>
       <gpxtpx:hr>125</gpxtpx:hr>
      </gpxtpx:TrackPointExtension>
     </extensions>
   </trkpt>
   <trkpt lat="-2.6813410" lon="-42.9480770">
    <ele>38.6</ele>
    <time>2026-06-15T09:18:28Z</time>
     <extensions>
      <gpxtpx:TrackPointExtension>
       <gpxtpx:hr>125</gpxtpx:hr>
      </gpxtpx:TrackPointExtension>
     </extensions>
   </trkpt>
   <trkpt lat="-2.6813310" lon="-42.9481150">
    <ele>38.6</ele>
    <time>2026-06-15T09:18:33Z</time>
     <extensions>
      <gpxtpx:TrackPointExtension>
       <gpxtpx:hr>123</gpxtpx:hr>
      </gpxtpx:TrackPointExtension>
     </extensions>
   </trkpt>
   <trkpt lat="-2.6813200" lon="-42.9481540">
    <ele>38.6</ele>
    <time>2026-06-15T09:18:38Z</time>
     <extensions>
      <gpxtpx:TrackPointExtension>
       <gpxtpx:hr>123</gpxtpx:hr>
      </gpxtpx:TrackPointExtension>
     </extensions>
   </trkpt>
   <trkpt lat="-2.6813120" lon="-42.9481850">
    <ele>38.6</ele>
    <time>2026-06-15T09:18:43Z</time>
     <extensions>
      <gpxtpx:TrackPointExtension>
       <gpxtpx:hr>123</gpxtpx:hr>
      </gpxtpx:TrackPointExtension>
     </extensions>
   </trkpt>
   <trkpt lat="-2.6812990" lon="-42.9482230">
    <ele>38.6</ele>
    <time>2026-06-15T09:18:48Z</time>
     <extensions>
      <gpxtpx:TrackPointExtension>
       <gpxtpx:hr>129</gpxtpx:hr>
      </gpxtpx:TrackPointExtension>
     </extensions>
   </trkpt>
   <trkpt lat="-2.6812820" lon="-42.9482640">
    <ele>38.6</ele>
    <time>2026-06-15T09:18:53Z</time>
     <extensions>
      <gpxtpx:TrackPointExtension>
       <gpxtpx:hr>130</gpxtpx:hr>
      </gpxtpx:TrackPointExtension>
     </extensions>
   </trkpt>
   <trkpt lat="-2.6812660" lon="-42.9483080">
    <ele>38.4</ele>
    <time>2026-06-15T09:18:58Z</time>
     <extensions>
      <gpxtpx:TrackPointExtension>
       <gpxtpx:hr>125</gpxtpx:hr>
      </gpxtpx:TrackPointExtension>
     </extensions>
   </trkpt>
   <trkpt lat="-2.6812560" lon="-42.9483440">
    <ele>38.4</ele>
    <time>2026-06-15T09:19:03Z</time>
     <extensions>
      <gpxtpx:TrackPointExtension>
       <gpxtpx:hr>124</gpxtpx:hr>
      </gpxtpx:TrackPointExtension>
     </extensions>
   </trkpt>
   <trkpt lat="-2.6812520" lon="-42.9483840">
    <ele>38.4</ele>
    <time>2026-06-15T09:19:08Z</time>
     <extensions>
      <gpxtpx:TrackPointExtension>
       <gpxtpx:hr>128</gpxtpx:hr>
      </gpxtpx:TrackPointExtension>
     </extensions>
   </trkpt>
   <trkpt lat="-2.6812480" lon="-42.9484240">
    <ele>38.4</ele>
    <time>2026-06-15T09:19:13Z</time>
     <extensions>
      <gpxtpx:TrackPointExtension>
       <gpxtpx:hr>124</gpxtpx:hr>
      </gpxtpx:TrackPointExtension>
     </extensions>
   </trkpt>
   <trkpt lat="-2.6812380" lon="-42.9484750">
    <ele>38.4</ele>
    <time>2026-06-15T09:19:18Z</time>
     <extensions>
      <gpxtpx:TrackPointExtension>
       <gpxtpx:hr>124</gpxtpx:hr>
      </gpxtpx:TrackPointExtension>
     </extensions>
   </trkpt>
   <trkpt lat="-2.6812310" lon="-42.9485230">
    <ele>38.2</ele>
    <time>2026-06-15T09:19:23Z</time>
     <extensions>
      <gpxtpx:TrackPointExtension>
       <gpxtpx:hr>124</gpxtpx:hr>
      </gpxtpx:TrackPointExtension>
     </extensions>
   </trkpt>
   <trkpt lat="-2.6812180" lon="-42.9485660">
    <ele>38.2</ele>
    <time>2026-06-15T09:19:28Z</time>
     <extensions>
      <gpxtpx:TrackPointExtension>
       <gpxtpx:hr>121</gpxtpx:hr>
      </gpxtpx:TrackPointExtension>
     </extensions>
   </trkpt>
   <trkpt lat="-2.6812190" lon="-42.9486130">
    <ele>38.0</ele>
    <time>2026-06-15T09:19:33Z</time>
     <extensions>
      <gpxtpx:TrackPointExtension>
       <gpxtpx:hr>121</gpxtpx:hr>
      </gpxtpx:TrackPointExtension>
     </extensions>
   </trkpt>
   <trkpt lat="-2.6812250" lon="-42.9486610">
    <ele>37.8</ele>
    <time>2026-06-15T09:19:38Z</time>
     <extensions>
      <gpxtpx:TrackPointExtension>
       <gpxtpx:hr>120</gpxtpx:hr>
      </gpxtpx:TrackPointExtension>
     </extensions>
   </trkpt>
   <trkpt lat="-2.6812230" lon="-42.9487090">
    <ele>37.8</ele>
    <time>2026-06-15T09:19:43Z</time>
     <extensions>
      <gpxtpx:TrackPointExtension>
       <gpxtpx:hr>121</gpxtpx:hr>
      </gpxtpx:TrackPointExtension>
     </extensions>
   </trkpt>
   <trkpt lat="-2.6812090" lon="-42.9487650">
    <ele>37.6</ele>
    <time>2026-06-15T09:19:48Z</time>
     <extensions>
      <gpxtpx:TrackPointExtension>
       <gpxtpx:hr>123</gpxtpx:hr>
      </gpxtpx:TrackPointExtension>
     </extensions>
   </trkpt>
   <trkpt lat="-2.6811880" lon="-42.9488120">
    <ele>37.6</ele>
    <time>2026-06-15T09:19:53Z</time>
     <extensions>
      <gpxtpx:TrackPointExtension>
       <gpxtpx:hr>123</gpxtpx:hr>
      </gpxtpx:TrackPointExtension>
     </extensions>
   </trkpt>
   <trkpt lat="-2.6811620" lon="-42.9488540">
    <ele>37.6</ele>
    <time>2026-06-15T09:19:58Z</time>
     <extensions>
      <gpxtpx:TrackPointExtension>
       <gpxtpx:hr>124</gpxtpx:hr>
      </gpxtpx:TrackPointExtension>
     </extensions>
   </trkpt>
   <trkpt lat="-2.6811240" lon="-42.9488940">
    <ele>37.6</ele>
    <time>2026-06-15T09:20:03Z</time>
     <extensions>
      <gpxtpx:TrackPointExtension>
       <gpxtpx:hr>122</gpxtpx:hr>
      </gpxtpx:TrackPointExtension>
     </extensions>
   </trkpt>
   <trkpt lat="-2.6810960" lon="-42.9489280">
    <ele>37.8</ele>
    <time>2026-06-15T09:20:08Z</time>
     <extensions>
      <gpxtpx:TrackPointExtension>
       <gpxtpx:hr>118</gpxtpx:hr>
      </gpxtpx:TrackPointExtension>
     </extensions>
   </trkpt>
   <trkpt lat="-2.6810670" lon="-42.9489560">
    <ele>38.4</ele>
    <time>2026-06-15T09:20:13Z</time>
     <extensions>
      <gpxtpx:TrackPointExtension>
       <gpxtpx:hr>118</gpxtpx:hr>
      </gpxtpx:TrackPointExtension>
     </extensions>
   </trkpt>
   <trkpt lat="-2.6810410" lon="-42.9489810">
    <ele>39.0</ele>
    <time>2026-06-15T09:20:18Z</time>
     <extensions>
      <gpxtpx:TrackPointExtension>
       <gpxtpx:hr>124</gpxtpx:hr>
      </gpxtpx:TrackPointExtension>
     </extensions>
   </trkpt>
   <trkpt lat="-2.6810210" lon="-42.9490120">
    <ele>39.6</ele>
    <time>2026-06-15T09:20:23Z</time>
     <extensions>
      <gpxtpx:TrackPointExtension>
       <gpxtpx:hr>129</gpxtpx:hr>
      </gpxtpx:TrackPointExtension>
     </extensions>
   </trkpt>
   <trkpt lat="-2.6810050" lon="-42.9490420">
    <ele>40.4</ele>
    <time>2026-06-15T09:20:28Z</time>
     <extensions>
      <gpxtpx:TrackPointExtension>
       <gpxtpx:hr>135</gpxtpx:hr>
      </gpxtpx:TrackPointExtension>
     </extensions>
   </trkpt>
   <trkpt lat="-2.6809870" lon="-42.9490730">
    <ele>41.2</ele>
    <time>2026-06-15T09:20:33Z</time>
     <extensions>
      <gpxtpx:TrackPointExtension>
       <gpxtpx:hr>139</gpxtpx:hr>
      </gpxtpx:TrackPointExtension>
     </extensions>
   </trkpt>
   <trkpt lat="-2.6809680" lon="-42.9491030">
    <ele>42.0</ele>
    <time>2026-06-15T09:20:38Z</time>
     <extensions>
      <gpxtpx:TrackPointExtension>
       <gpxtpx:hr>141</gpxtpx:hr>
      </gpxtpx:TrackPointExtension>
     </extensions>
   </trkpt>
   <trkpt lat="-2.6809490" lon="-42.9491380">
    <ele>42.8</ele>
    <time>2026-06-15T09:20:43Z</time>
     <extensions>
      <gpxtpx:TrackPointExtension>
       <gpxtpx:hr>142</gpxtpx:hr>
      </gpxtpx:TrackPointExtension>
     </extensions>
   </trkpt>
   <trkpt lat="-2.6809440" lon="-42.9491730">
    <ele>43.6</ele>
    <time>2026-06-15T09:20:48Z</time>
     <extensions>
      <gpxtpx:TrackPointExtension>
       <gpxtpx:hr>147</gpxtpx:hr>
      </gpxtpx:TrackPointExtension>
     </extensions>
   </trkpt>
   <trkpt lat="-2.6809390" lon="-42.9491960">
    <ele>44.2</ele>
    <time>2026-06-15T09:20:53Z</time>
     <extensions>
      <gpxtpx:TrackPointExtension>
       <gpxtpx:hr>151</gpxtpx:hr>
      </gpxtpx:TrackPointExtension>
     </extensions>
   </trkpt>
   <trkpt lat="-2.6809300" lon="-42.9492300">
    <ele>44.6</ele>
    <time>2026-06-15T09:20:58Z</time>
     <extensions>
      <gpxtpx:TrackPointExtension>
       <gpxtpx:hr>151</gpxtpx:hr>
      </gpxtpx:TrackPointExtension>
     </extensions>
   </trkpt>
   <trkpt lat="-2.6809150" lon="-42.9492670">
    <ele>45.2</ele>
    <time>2026-06-15T09:21:03Z</time>
     <extensions>
      <gpxtpx:TrackPointExtension>
       <gpxtpx:hr>154</gpxtpx:hr>
      </gpxtpx:TrackPointExtension>
     </extensions>
   </trkpt>
   <trkpt lat="-2.6808990" lon="-42.9493090">
    <ele>45.8</ele>
    <time>2026-06-15T09:21:08Z</time>
     <extensions>
      <gpxtpx:TrackPointExtension>
       <gpxtpx:hr>153</gpxtpx:hr>
      </gpxtpx:TrackPointExtension>
     </extensions>
   </trkpt>
   <trkpt lat="-2.6808900" lon="-42.9493560">
    <ele>46.4</ele>
    <time>2026-06-15T09:21:13Z</time>
     <extensions>
      <gpxtpx:TrackPointExtension>
       <gpxtpx:hr>154</gpxtpx:hr>
      </gpxtpx:TrackPointExtension>
     </extensions>
   </trkpt>
   <trkpt lat="-2.6808930" lon="-42.9494050">
    <ele>47.0</ele>
    <time>2026-06-15T09:21:18Z</time>
     <extensions>
      <gpxtpx:TrackPointExtension>
       <gpxtpx:hr>156</gpxtpx:hr>
      </gpxtpx:TrackPointExtension>
     </extensions>
   </trkpt>
   <trkpt lat="-2.6809020" lon="-42.9494490">
    <ele>47.4</ele>
    <time>2026-06-15T09:21:23Z</time>
     <extensions>
      <gpxtpx:TrackPointExtension>
       <gpxtpx:hr>156</gpxtpx:hr>
      </gpxtpx:TrackPointExtension>
     </extensions>
   </trkpt>
   <trkpt lat="-2.6809190" lon="-42.9494900">
    <ele>47.6</ele>
    <time>2026-06-15T09:21:28Z</time>
     <extensions>
      <gpxtpx:TrackPointExtension>
       <gpxtpx:hr>155</gpxtpx:hr>
      </gpxtpx:TrackPointExtension>
     </extensions>
   </trkpt>
   <trkpt lat="-2.6809260" lon="-42.9495300">
    <ele>47.8</ele>
    <time>2026-06-15T09:21:33Z</time>
     <extensions>
      <gpxtpx:TrackPointExtension>
       <gpxtpx:hr>154</gpxtpx:hr>
      </gpxtpx:TrackPointExtension>
     </extensions>
   </trkpt>
   <trkpt lat="-2.6809350" lon="-42.9495640">
    <ele>47.8</ele>
    <time>2026-06-15T09:21:38Z</time>
     <extensions>
      <gpxtpx:TrackPointExtension>
       <gpxtpx:hr>154</gpxtpx:hr>
      </gpxtpx:TrackPointExtension>
     </extensions>
   </trkpt>
   <trkpt lat="-2.6809360" lon="-42.9495800">
    <ele>47.8</ele>
    <time>2026-06-15T09:21:43Z</time>
     <extensions>
      <gpxtpx:TrackPointExtension>
       <gpxtpx:hr>144</gpxtpx:hr>
      </gpxtpx:TrackPointExtension>
     </extensions>
   </trkpt>
   <trkpt lat="-2.6809130" lon="-42.9495840">
    <ele>47.8</ele>
    <time>2026-06-15T09:21:48Z</time>
     <extensions>
      <gpxtpx:TrackPointExtension>
       <gpxtpx:hr>141</gpxtpx:hr>
      </gpxtpx:TrackPointExtension>
     </extensions>
   </trkpt>
   <trkpt lat="-2.6808760" lon="-42.9495960">
    <ele>47.8</ele>
    <time>2026-06-15T09:21:53Z</time>
     <extensions>
      <gpxtpx:TrackPointExtension>
       <gpxtpx:hr>139</gpxtpx:hr>
      </gpxtpx:TrackPointExtension>
     </extensions>
   </trkpt>
   <trkpt lat="-2.6808370" lon="-42.9496210">
    <ele>47.6</ele>
    <time>2026-06-15T09:21:58Z</time>
     <extensions>
      <gpxtpx:TrackPointExtension>
       <gpxtpx:hr>139</gpxtpx:hr>
      </gpxtpx:TrackPointExtension>
     </extensions>
   </trkpt>
   <trkpt lat="-2.6807920" lon="-42.9496480">
    <ele>47.4</ele>
    <time>2026-06-15T09:22:03Z</time>
     <extensions>
      <gpxtpx:TrackPointExtension>
       <gpxtpx:hr>139</gpxtpx:hr>
      </gpxtpx:TrackPointExtension>
     </extensions>
   </trkpt>
   <trkpt lat="-2.6807510" lon="-42.9496760">
    <ele>47.2</ele>
    <time>2026-06-15T09:22:08Z</time>
     <extensions>
      <gpxtpx:TrackPointExtension>
       <gpxtpx:hr>130</gpxtpx:hr>
      </gpxtpx:TrackPointExtension>
     </extensions>
   </trkpt>
   <trkpt lat="-2.6807070" lon="-42.9497080">
    <ele>46.8</ele>
    <time>2026-06-15T09:22:13Z</time>
     <extensions>
      <gpxtpx:TrackPointExtension>
       <gpxtpx:hr>125</gpxtpx:hr>
      </gpxtpx:TrackPointExtension>
     </extensions>
   </trkpt>
   <trkpt lat="-2.6806720" lon="-42.9497380">
    <ele>46.4</ele>
    <time>2026-06-15T09:22:18Z</time>
     <extensions>
      <gpxtpx:TrackPointExtension>
       <gpxtpx:hr>123</gpxtpx:hr>
      </gpxtpx:TrackPointExtension>
     </extensions>
   </trkpt>
   <trkpt lat="-2.6806370" lon="-42.9497670">
    <ele>46.2</ele>
    <time>2026-06-15T09:22:23Z</time>
     <extensions>
      <gpxtpx:TrackPointExtension>
       <gpxtpx:hr>123</gpxtpx:hr>
      </gpxtpx:TrackPointExtension>
     </extensions>
   </trkpt>
   <trkpt lat="-2.6806060" lon="-42.9497970">
    <ele>46.0</ele>
    <time>2026-06-15T09:22:28Z</time>
     <extensions>
      <gpxtpx:TrackPointExtension>
       <gpxtpx:hr>121</gpxtpx:hr>
      </gpxtpx:TrackPointExtension>
     </extensions>
   </trkpt>
   <trkpt lat="-2.6806110" lon="-42.9498040">
    <ele>45.8</ele>
    <time>2026-06-15T09:22:33Z</time>
     <extensions>
      <gpxtpx:TrackPointExtension>
       <gpxtpx:hr>121</gpxtpx:hr>
      </gpxtpx:TrackPointExtension>
     </extensions>
   </trkpt>
   <trkpt lat="-2.6806190" lon="-42.9498150">
    <ele>45.8</ele>
    <time>2026-06-15T09:22:38Z</time>
     <extensions>
      <gpxtpx:TrackPointExtension>
       <gpxtpx:hr>115</gpxtpx:hr>
      </gpxtpx:TrackPointExtension>
     </extensions>
   </trkpt>
   <trkpt lat="-2.6806180" lon="-42.9498490">
    <ele>45.8</ele>
    <time>2026-06-15T09:22:43Z</time>
     <extensions>
      <gpxtpx:TrackPointExtension>
       <gpxtpx:hr>119</gpxtpx:hr>
      </gpxtpx:TrackPointExtension>
     </extensions>
   </trkpt>
   <trkpt lat="-2.6805940" lon="-42.9498830">
    <ele>45.8</ele>
    <time>2026-06-15T09:22:48Z</time>
     <extensions>
      <gpxtpx:TrackPointExtension>
       <gpxtpx:hr>112</gpxtpx:hr>
      </gpxtpx:TrackPointExtension>
     </extensions>
   </trkpt>
   <trkpt lat="-2.6805460" lon="-42.9499040">
    <ele>45.8</ele>
    <time>2026-06-15T09:22:53Z</time>
     <extensions>
      <gpxtpx:TrackPointExtension>
       <gpxtpx:hr>112</gpxtpx:hr>
      </gpxtpx:TrackPointExtension>
     </extensions>
   </trkpt>
   <trkpt lat="-2.6805050" lon="-42.9499250">
    <ele>45.8</ele>
    <time>2026-06-15T09:22:58Z</time>
     <extensions>
      <gpxtpx:TrackPointExtension>
       <gpxtpx:hr>113</gpxtpx:hr>
      </gpxtpx:TrackPointExtension>
     </extensions>
   </trkpt>
   <trkpt lat="-2.6804600" lon="-42.9499570">
    <ele>46.2</ele>
    <time>2026-06-15T09:23:03Z</time>
     <extensions>
      <gpxtpx:TrackPointExtension>
       <gpxtpx:hr>113</gpxtpx:hr>
      </gpxtpx:TrackPointExtension>
     </extensions>
   </trkpt>
   <trkpt lat="-2.6804140" lon="-42.9499880">
    <ele>46.4</ele>
    <time>2026-06-15T09:23:08Z</time>
     <extensions>
      <gpxtpx:TrackPointExtension>
       <gpxtpx:hr>117</gpxtpx:hr>
      </gpxtpx:TrackPointExtension>
     </extensions>
   </trkpt>
   <trkpt lat="-2.6803760" lon="-42.9500270">
    <ele>47.0</ele>
    <time>2026-06-15T09:23:13Z</time>
     <extensions>
      <gpxtpx:TrackPointExtension>
       <gpxtpx:hr>132</gpxtpx:hr>
      </gpxtpx:TrackPointExtension>
     </extensions>
   </trkpt>
   <trkpt lat="-2.6803350" lon="-42.9500500">
    <ele>47.4</ele>
    <time>2026-06-15T09:23:18Z</time>
     <extensions>
      <gpxtpx:TrackPointExtension>
       <gpxtpx:hr>132</gpxtpx:hr>
      </gpxtpx:TrackPointExtension>
     </extensions>
   </trkpt>
   <trkpt lat="-2.6802930" lon="-42.9500700">
    <ele>47.6</ele>
    <time>2026-06-15T09:23:23Z</time>
     <extensions>
      <gpxtpx:TrackPointExtension>
       <gpxtpx:hr>122</gpxtpx:hr>
      </gpxtpx:TrackPointExtension>
     </extensions>
   </trkpt>
   <trkpt lat="-2.6802520" lon="-42.9500980">
    <ele>47.6</ele>
    <time>2026-06-15T09:23:28Z</time>
     <extensions>
      <gpxtpx:TrackPointExtension>
       <gpxtpx:hr>123</gpxtpx:hr>
      </gpxtpx:TrackPointExtension>
     </extensions>
   </trkpt>
   <trkpt lat="-2.6802210" lon="-42.9501230">
    <ele>47.6</ele>
    <time>2026-06-15T09:23:33Z</time>
     <extensions>
      <gpxtpx:TrackPointExtension>
       <gpxtpx:hr>127</gpxtpx:hr>
      </gpxtpx:TrackPointExtension>
     </extensions>
   </trkpt>
   <trkpt lat="-2.6801820" lon="-42.9501550">
    <ele>47.4</ele>
    <time>2026-06-15T09:23:38Z</time>
     <extensions>
      <gpxtpx:TrackPointExtension>
       <gpxtpx:hr>131</gpxtpx:hr>
      </gpxtpx:TrackPointExtension>
     </extensions>
   </trkpt>
   <trkpt lat="-2.6801610" lon="-42.9501890">
    <ele>47.2</ele>
    <time>2026-06-15T09:23:43Z</time>
     <extensions>
      <gpxtpx:TrackPointExtension>
       <gpxtpx:hr>134</gpxtpx:hr>
      </gpxtpx:TrackPointExtension>
     </extensions>
   </trkpt>
   <trkpt lat="-2.6801350" lon="-42.9502290">
    <ele>47.0</ele>
    <time>2026-06-15T09:23:48Z</time>
     <extensions>
      <gpxtpx:TrackPointExtension>
       <gpxtpx:hr>132</gpxtpx:hr>
      </gpxtpx:TrackPointExtension>
     </extensions>
   </trkpt>
   <trkpt lat="-2.6801100" lon="-42.9502750">
    <ele>46.8</ele>
    <time>2026-06-15T09:23:53Z</time>
     <extensions>
      <gpxtpx:TrackPointExtension>
       <gpxtpx:hr>132</gpxtpx:hr>
      </gpxtpx:TrackPointExtension>
     </extensions>
   </trkpt>
   <trkpt lat="-2.6800890" lon="-42.9503100">
    <ele>46.6</ele>
    <time>2026-06-15T09:23:58Z</time>
     <extensions>
      <gpxtpx:TrackPointExtension>
       <gpxtpx:hr>133</gpxtpx:hr>
      </gpxtpx:TrackPointExtension>
     </extensions>
   </trkpt>
   <trkpt lat="-2.6800650" lon="-42.9503550">
    <ele>46.4</ele>
    <time>2026-06-15T09:24:03Z</time>
     <extensions>
      <gpxtpx:TrackPointExtension>
       <gpxtpx:hr>131</gpxtpx:hr>
      </gpxtpx:TrackPointExtension>
     </extensions>
   </trkpt>
   <trkpt lat="-2.6800460" lon="-42.9503960">
    <ele>46.0</ele>
    <time>2026-06-15T09:24:08Z</time>
     <extensions>
      <gpxtpx:TrackPointExtension>
       <gpxtpx:hr>129</gpxtpx:hr>
      </gpxtpx:TrackPointExtension>
     </extensions>
   </trkpt>
   <trkpt lat="-2.6800300" lon="-42.9504450">
    <ele>45.6</ele>
    <time>2026-06-15T09:24:13Z</time>
     <extensions>
      <gpxtpx:TrackPointExtension>
       <gpxtpx:hr>129</gpxtpx:hr>
      </gpxtpx:TrackPointExtension>
     </extensions>
   </trkpt>
   <trkpt lat="-2.6800140" lon="-42.9504870">
    <ele>45.2</ele>
    <time>2026-06-15T09:24:18Z</time>
     <extensions>
      <gpxtpx:TrackPointExtension>
       <gpxtpx:hr>121</gpxtpx:hr>
      </gpxtpx:TrackPointExtension>
     </extensions>
   </trkpt>
   <trkpt lat="-2.6800000" lon="-42.9505290">
    <ele>44.6</ele>
    <time>2026-06-15T09:24:23Z</time>
     <extensions>
      <gpxtpx:TrackPointExtension>
       <gpxtpx:hr>118</gpxtpx:hr>
      </gpxtpx:TrackPointExtension>
     </extensions>
   </trkpt>
   <trkpt lat="-2.6799930" lon="-42.9505790">
    <ele>44.2</ele>
    <time>2026-06-15T09:24:28Z</time>
     <extensions>
      <gpxtpx:TrackPointExtension>
       <gpxtpx:hr>117</gpxtpx:hr>
      </gpxtpx:TrackPointExtension>
     </extensions>
   </trkpt>
   <trkpt lat="-2.6799850" lon="-42.9506220">
    <ele>43.6</ele>
    <time>2026-06-15T09:24:33Z</time>
     <extensions>
      <gpxtpx:TrackPointExtension>
       <gpxtpx:hr>116</gpxtpx:hr>
      </gpxtpx:TrackPointExtension>
     </extensions>
   </trkpt>
   <trkpt lat="-2.6799730" lon="-42.9506600">
    <ele>42.8</ele>
    <time>2026-06-15T09:24:38Z</time>
     <extensions>
      <gpxtpx:TrackPointExtension>
       <gpxtpx:hr>116</gpxtpx:hr>
      </gpxtpx:TrackPointExtension>
     </extensions>
   </trkpt>
   <trkpt lat="-2.6799660" lon="-42.9507120">
    <ele>42.2</ele>
    <time>2026-06-15T09:24:43Z</time>
     <extensions>
      <gpxtpx:TrackPointExtension>
       <gpxtpx:hr>116</gpxtpx:hr>
      </gpxtpx:TrackPointExtension>
     </extensions>
   </trkpt>
   <trkpt lat="-2.6799630" lon="-42.9507490">
    <ele>41.2</ele>
    <time>2026-06-15T09:24:48Z</time>
     <extensions>
      <gpxtpx:TrackPointExtension>
       <gpxtpx:hr>117</gpxtpx:hr>
      </gpxtpx:TrackPointExtension>
     </extensions>
   </trkpt>
   <trkpt lat="-2.6799640" lon="-42.9507850">
    <ele>40.0</ele>
    <time>2026-06-15T09:24:53Z</time>
     <extensions>
      <gpxtpx:TrackPointExtension>
       <gpxtpx:hr>117</gpxtpx:hr>
      </gpxtpx:TrackPointExtension>
     </extensions>
   </trkpt>
   <trkpt lat="-2.6799650" lon="-42.9508380">
    <ele>38.8</ele>
    <time>2026-06-15T09:24:58Z</time>
     <extensions>
      <gpxtpx:TrackPointExtension>
       <gpxtpx:hr>124</gpxtpx:hr>
      </gpxtpx:TrackPointExtension>
     </extensions>
   </trkpt>
   <trkpt lat="-2.6799650" lon="-42.9508920">
    <ele>38.0</ele>
    <time>2026-06-15T09:25:03Z</time>
     <extensions>
      <gpxtpx:TrackPointExtension>
       <gpxtpx:hr>124</gpxtpx:hr>
      </gpxtpx:TrackPointExtension>
     </extensions>
   </trkpt>
   <trkpt lat="-2.6799660" lon="-42.9509500">
    <ele>38.0</ele>
    <time>2026-06-15T09:25:08Z</time>
     <extensions>
      <gpxtpx:TrackPointExtension>
       <gpxtpx:hr>125</gpxtpx:hr>
      </gpxtpx:TrackPointExtension>
     </extensions>
   </trkpt>
   <trkpt lat="-2.6799640" lon="-42.9509910">
    <ele>38.0</ele>
    <time>2026-06-15T09:25:13Z</time>
     <extensions>
      <gpxtpx:TrackPointExtension>
       <gpxtpx:hr>125</gpxtpx:hr>
      </gpxtpx:TrackPointExtension>
     </extensions>
   </trkpt>
   <trkpt lat="-2.6799830" lon="-42.9510430">
    <ele>38.0</ele>
    <time>2026-06-15T09:25:18Z</time>
     <extensions>
      <gpxtpx:TrackPointExtension>
       <gpxtpx:hr>125</gpxtpx:hr>
      </gpxtpx:TrackPointExtension>
     </extensions>
   </trkpt>
   <trkpt lat="-2.6799950" lon="-42.9510780">
    <ele>38.2</ele>
    <time>2026-06-15T09:25:23Z</time>
     <extensions>
      <gpxtpx:TrackPointExtension>
       <gpxtpx:hr>122</gpxtpx:hr>
      </gpxtpx:TrackPointExtension>
     </extensions>
   </trkpt>
   <trkpt lat="-2.6799790" lon="-42.9511170">
    <ele>38.4</ele>
    <time>2026-06-15T09:25:28Z</time>
     <extensions>
      <gpxtpx:TrackPointExtension>
       <gpxtpx:hr>122</gpxtpx:hr>
      </gpxtpx:TrackPointExtension>
     </extensions>
   </trkpt>
   <trkpt lat="-2.6799700" lon="-42.9511660">
    <ele>38.4</ele>
    <time>2026-06-15T09:25:33Z</time>
     <extensions>
      <gpxtpx:TrackPointExtension>
       <gpxtpx:hr>122</gpxtpx:hr>
      </gpxtpx:TrackPointExtension>
     </extensions>
   </trkpt>
   <trkpt lat="-2.6799690" lon="-42.9512160">
    <ele>38.6</ele>
    <time>2026-06-15T09:25:38Z</time>
     <extensions>
      <gpxtpx:TrackPointExtension>
       <gpxtpx:hr>121</gpxtpx:hr>
      </gpxtpx:TrackPointExtension>
     </extensions>
   </trkpt>
   <trkpt lat="-2.6799690" lon="-42.9512580">
    <ele>38.8</ele>
    <time>2026-06-15T09:25:43Z</time>
     <extensions>
      <gpxtpx:TrackPointExtension>
       <gpxtpx:hr>121</gpxtpx:hr>
      </gpxtpx:TrackPointExtension>
     </extensions>
   </trkpt>
   <trkpt lat="-2.6799610" lon="-42.9513090">
    <ele>39.0</ele>
    <time>2026-06-15T09:25:48Z</time>
     <extensions>
      <gpxtpx:TrackPointExtension>
       <gpxtpx:hr>124</gpxtpx:hr>
      </gpxtpx:TrackPointExtension>
     </extensions>
   </trkpt>
   <trkpt lat="-2.6799540" lon="-42.9513540">
    <ele>39.4</ele>
    <time>2026-06-15T09:25:53Z</time>
     <extensions>
      <gpxtpx:TrackPointExtension>
       <gpxtpx:hr>125</gpxtpx:hr>
      </gpxtpx:TrackPointExtension>
     </extensions>
   </trkpt>
   <trkpt lat="-2.6799520" lon="-42.9513770">
    <ele>39.6</ele>
    <time>2026-06-15T09:25:58Z</time>
     <extensions>
      <gpxtpx:TrackPointExtension>
       <gpxtpx:hr>129</gpxtpx:hr>
      </gpxtpx:TrackPointExtension>
     </extensions>
   </trkpt>
   <trkpt lat="-2.6799530" lon="-42.9514090">
    <ele>39.8</ele>
    <time>2026-06-15T09:26:03Z</time>
     <extensions>
      <gpxtpx:TrackPointExtension>
       <gpxtpx:hr>131</gpxtpx:hr>
      </gpxtpx:TrackPointExtension>
     </extensions>
   </trkpt>
   <trkpt lat="-2.6799460" lon="-42.9514350">
    <ele>40.0</ele>
    <time>2026-06-15T09:26:08Z</time>
     <extensions>
      <gpxtpx:TrackPointExtension>
       <gpxtpx:hr>131</gpxtpx:hr>
      </gpxtpx:TrackPointExtension>
     </extensions>
   </trkpt>
   <trkpt lat="-2.6799450" lon="-42.9514310">
    <ele>40.2</ele>
    <time>2026-06-15T09:26:13Z</time>
     <extensions>
      <gpxtpx:TrackPointExtension>
       <gpxtpx:hr>136</gpxtpx:hr>
      </gpxtpx:TrackPointExtension>
     </extensions>
   </trkpt>
   <trkpt lat="-2.6799510" lon="-42.9514240">
    <ele>40.4</ele>
    <time>2026-06-15T09:26:18Z</time>
     <extensions>
      <gpxtpx:TrackPointExtension>
       <gpxtpx:hr>139</gpxtpx:hr>
      </gpxtpx:TrackPointExtension>
     </extensions>
   </trkpt>
   <trkpt lat="-2.6799450" lon="-42.9514270">
    <ele>40.4</ele>
    <time>2026-06-15T09:26:23Z</time>
     <extensions>
      <gpxtpx:TrackPointExtension>
       <gpxtpx:hr>139</gpxtpx:hr>
      </gpxtpx:TrackPointExtension>
     </extensions>
   </trkpt>
   <trkpt lat="-2.6799450" lon="-42.9514190">
    <ele>40.4</ele>
    <time>2026-06-15T09:26:28Z</time>
     <extensions>
      <gpxtpx:TrackPointExtension>
       <gpxtpx:hr>133</gpxtpx:hr>
      </gpxtpx:TrackPointExtension>
     </extensions>
   </trkpt>
   <trkpt lat="-2.6799490" lon="-42.9514200">
    <ele>40.6</ele>
    <time>2026-06-15T09:26:33Z</time>
     <extensions>
      <gpxtpx:TrackPointExtension>
       <gpxtpx:hr>135</gpxtpx:hr>
      </gpxtpx:TrackPointExtension>
     </extensions>
   </trkpt>
   <trkpt lat="-2.6799530" lon="-42.9514280">
    <ele>40.8</ele>
    <time>2026-06-15T09:26:38Z</time>
     <extensions>
      <gpxtpx:TrackPointExtension>
       <gpxtpx:hr>130</gpxtpx:hr>
      </gpxtpx:TrackPointExtension>
     </extensions>
   </trkpt>
   <trkpt lat="-2.6799600" lon="-42.9514610">
    <ele>40.6</ele>
    <time>2026-06-15T09:26:43Z</time>
     <extensions>
      <gpxtpx:TrackPointExtension>
       <gpxtpx:hr>119</gpxtpx:hr>
      </gpxtpx:TrackPointExtension>
     </extensions>
   </trkpt>
   <trkpt lat="-2.6799600" lon="-42.9515010">
    <ele>40.6</ele>
    <time>2026-06-15T09:26:48Z</time>
     <extensions>
      <gpxtpx:TrackPointExtension>
       <gpxtpx:hr>119</gpxtpx:hr>
      </gpxtpx:TrackPointExtension>
     </extensions>
   </trkpt>
   <trkpt lat="-2.6799510" lon="-42.9515420">
    <ele>40.8</ele>
    <time>2026-06-15T09:26:53Z</time>
     <extensions>
      <gpxtpx:TrackPointExtension>
       <gpxtpx:hr>122</gpxtpx:hr>
      </gpxtpx:TrackPointExtension>
     </extensions>
   </trkpt>
   <trkpt lat="-2.6799460" lon="-42.9515930">
    <ele>41.2</ele>
    <time>2026-06-15T09:26:58Z</time>
     <extensions>
      <gpxtpx:TrackPointExtension>
       <gpxtpx:hr>131</gpxtpx:hr>
      </gpxtpx:TrackPointExtension>
     </extensions>
   </trkpt>
   <trkpt lat="-2.6799400" lon="-42.9516500">
    <ele>41.4</ele>
    <time>2026-06-15T09:27:03Z</time>
     <extensions>
      <gpxtpx:TrackPointExtension>
       <gpxtpx:hr>131</gpxtpx:hr>
      </gpxtpx:TrackPointExtension>
     </extensions>
   </trkpt>
   <trkpt lat="-2.6799320" lon="-42.9517000">
    <ele>41.8</ele>
    <time>2026-06-15T09:27:08Z</time>
     <extensions>
      <gpxtpx:TrackPointExtension>
       <gpxtpx:hr>132</gpxtpx:hr>
      </gpxtpx:TrackPointExtension>
     </extensions>
   </trkpt>
   <trkpt lat="-2.6799280" lon="-42.9517520">
    <ele>42.2</ele>
    <time>2026-06-15T09:27:13Z</time>
     <extensions>
      <gpxtpx:TrackPointExtension>
       <gpxtpx:hr>132</gpxtpx:hr>
      </gpxtpx:TrackPointExtension>
     </extensions>
   </trkpt>
   <trkpt lat="-2.6799110" lon="-42.9518010">
    <ele>42.4</ele>
    <time>2026-06-15T09:27:18Z</time>
     <extensions>
      <gpxtpx:TrackPointExtension>
       <gpxtpx:hr>130</gpxtpx:hr>
      </gpxtpx:TrackPointExtension>
     </extensions>
   </trkpt>
   <trkpt lat="-2.6798880" lon="-42.9518450">
    <ele>42.8</ele>
    <time>2026-06-15T09:27:23Z</time>
     <extensions>
      <gpxtpx:TrackPointExtension>
       <gpxtpx:hr>130</gpxtpx:hr>
      </gpxtpx:TrackPointExtension>
     </extensions>
   </trkpt>
   <trkpt lat="-2.6798710" lon="-42.9518870">
    <ele>43.0</ele>
    <time>2026-06-15T09:27:28Z</time>
     <extensions>
      <gpxtpx:TrackPointExtension>
       <gpxtpx:hr>133</gpxtpx:hr>
      </gpxtpx:TrackPointExtension>
     </extensions>
   </trkpt>
   <trkpt lat="-2.6798570" lon="-42.9519270">
    <ele>43.4</ele>
    <time>2026-06-15T09:27:33Z</time>
     <extensions>
      <gpxtpx:TrackPointExtension>
       <gpxtpx:hr>135</gpxtpx:hr>
      </gpxtpx:TrackPointExtension>
     </extensions>
   </trkpt>
   <trkpt lat="-2.6798460" lon="-42.9519680">
    <ele>43.6</ele>
    <time>2026-06-15T09:27:38Z</time>
     <extensions>
      <gpxtpx:TrackPointExtension>
       <gpxtpx:hr>136</gpxtpx:hr>
      </gpxtpx:TrackPointExtension>
     </extensions>
   </trkpt>
   <trkpt lat="-2.6798280" lon="-42.9520220">
    <ele>43.8</ele>
    <time>2026-06-15T09:27:43Z</time>
     <extensions>
      <gpxtpx:TrackPointExtension>
       <gpxtpx:hr>136</gpxtpx:hr>
      </gpxtpx:TrackPointExtension>
     </extensions>
   </trkpt>
   <trkpt lat="-2.6798090" lon="-42.9520640">
    <ele>43.8</ele>
    <time>2026-06-15T09:27:48Z</time>
     <extensions>
      <gpxtpx:TrackPointExtension>
       <gpxtpx:hr>138</gpxtpx:hr>
      </gpxtpx:TrackPointExtension>
     </extensions>
   </trkpt>
   <trkpt lat="-2.6797930" lon="-42.9521110">
    <ele>43.4</ele>
    <time>2026-06-15T09:27:53Z</time>
     <extensions>
      <gpxtpx:TrackPointExtension>
       <gpxtpx:hr>136</gpxtpx:hr>
      </gpxtpx:TrackPointExtension>
     </extensions>
   </trkpt>
   <trkpt lat="-2.6797790" lon="-42.9521530">
    <ele>43.0</ele>
    <time>2026-06-15T09:27:58Z</time>
     <extensions>
      <gpxtpx:TrackPointExtension>
       <gpxtpx:hr>135</gpxtpx:hr>
      </gpxtpx:TrackPointExtension>
     </extensions>
   </trkpt>
   <trkpt lat="-2.6797790" lon="-42.9521940">
    <ele>42.4</ele>
    <time>2026-06-15T09:28:03Z</time>
     <extensions>
      <gpxtpx:TrackPointExtension>
       <gpxtpx:hr>135</gpxtpx:hr>
      </gpxtpx:TrackPointExtension>
     </extensions>
   </trkpt>
   <trkpt lat="-2.6797760" lon="-42.9522340">
    <ele>41.6</ele>
    <time>2026-06-15T09:28:08Z</time>
     <extensions>
      <gpxtpx:TrackPointExtension>
       <gpxtpx:hr>135</gpxtpx:hr>
      </gpxtpx:TrackPointExtension>
     </extensions>
   </trkpt>
   <trkpt lat="-2.6797770" lon="-42.9522800">
    <ele>40.4</ele>
    <time>2026-06-15T09:28:13Z</time>
     <extensions>
      <gpxtpx:TrackPointExtension>
       <gpxtpx:hr>128</gpxtpx:hr>
      </gpxtpx:TrackPointExtension>
     </extensions>
   </trkpt>
   <trkpt lat="-2.6797810" lon="-42.9523320">
    <ele>39.4</ele>
    <time>2026-06-15T09:28:18Z</time>
     <extensions>
      <gpxtpx:TrackPointExtension>
       <gpxtpx:hr>128</gpxtpx:hr>
      </gpxtpx:TrackPointExtension>
     </extensions>
   </trkpt>
   <trkpt lat="-2.6797760" lon="-42.9523970">
    <ele>39.6</ele>
    <time>2026-06-15T09:28:23Z</time>
     <extensions>
      <gpxtpx:TrackPointExtension>
       <gpxtpx:hr>129</gpxtpx:hr>
      </gpxtpx:TrackPointExtension>
     </extensions>
   </trkpt>
   <trkpt lat="-2.6797700" lon="-42.9524460">
    <ele>40.0</ele>
    <time>2026-06-15T09:28:28Z</time>
     <extensions>
      <gpxtpx:TrackPointExtension>
       <gpxtpx:hr>129</gpxtpx:hr>
      </gpxtpx:TrackPointExtension>
     </extensions>
   </trkpt>
   <trkpt lat="-2.6797610" lon="-42.9524920">
    <ele>40.6</ele>
    <time>2026-06-15T09:28:33Z</time>
     <extensions>
      <gpxtpx:TrackPointExtension>
       <gpxtpx:hr>131</gpxtpx:hr>
      </gpxtpx:TrackPointExtension>
     </extensions>
   </trkpt>
   <trkpt lat="-2.6797520" lon="-42.9525380">
    <ele>41.0</ele>
    <time>2026-06-15T09:28:38Z</time>
     <extensions>
      <gpxtpx:TrackPointExtension>
       <gpxtpx:hr>135</gpxtpx:hr>
      </gpxtpx:TrackPointExtension>
     </extensions>
   </trkpt>
   <trkpt lat="-2.6797370" lon="-42.9525920">
    <ele>41.6</ele>
    <time>2026-06-15T09:28:43Z</time>
     <extensions>
      <gpxtpx:TrackPointExtension>
       <gpxtpx:hr>135</gpxtpx:hr>
      </gpxtpx:TrackPointExtension>
     </extensions>
   </trkpt>
   <trkpt lat="-2.6797200" lon="-42.9526390">
    <ele>42.2</ele>
    <time>2026-06-15T09:28:48Z</time>
     <extensions>
      <gpxtpx:TrackPointExtension>
       <gpxtpx:hr>138</gpxtpx:hr>
      </gpxtpx:TrackPointExtension>
     </extensions>
   </trkpt>
   <trkpt lat="-2.6797020" lon="-42.9526830">
    <ele>42.8</ele>
    <time>2026-06-15T09:28:53Z</time>
     <extensions>
      <gpxtpx:TrackPointExtension>
       <gpxtpx:hr>135</gpxtpx:hr>
      </gpxtpx:TrackPointExtension>
     </extensions>
   </trkpt>
   <trkpt lat="-2.6796870" lon="-42.9527370">
    <ele>43.4</ele>
    <time>2026-06-15T09:28:58Z</time>
     <extensions>
      <gpxtpx:TrackPointExtension>
       <gpxtpx:hr>133</gpxtpx:hr>
      </gpxtpx:TrackPointExtension>
     </extensions>
   </trkpt>
   <trkpt lat="-2.6796650" lon="-42.9527850">
    <ele>43.8</ele>
    <time>2026-06-15T09:29:03Z</time>
     <extensions>
      <gpxtpx:TrackPointExtension>
       <gpxtpx:hr>133</gpxtpx:hr>
      </gpxtpx:TrackPointExtension>
     </extensions>
   </trkpt>
   <trkpt lat="-2.6796470" lon="-42.9528300">
    <ele>44.4</ele>
    <time>2026-06-15T09:29:08Z</time>
     <extensions>
      <gpxtpx:TrackPointExtension>
       <gpxtpx:hr>138</gpxtpx:hr>
      </gpxtpx:TrackPointExtension>
     </extensions>
   </trkpt>
   <trkpt lat="-2.6796340" lon="-42.9528640">
    <ele>44.8</ele>
    <time>2026-06-15T09:29:13Z</time>
     <extensions>
      <gpxtpx:TrackPointExtension>
       <gpxtpx:hr>138</gpxtpx:hr>
      </gpxtpx:TrackPointExtension>
     </extensions>
   </trkpt>
   <trkpt lat="-2.6796260" lon="-42.9528610">
    <ele>44.8</ele>
    <time>2026-06-15T09:29:18Z</time>
     <extensions>
      <gpxtpx:TrackPointExtension>
       <gpxtpx:hr>143</gpxtpx:hr>
      </gpxtpx:TrackPointExtension>
     </extensions>
   </trkpt>
   <trkpt lat="-2.6796230" lon="-42.9528560">
    <ele>44.6</ele>
    <time>2026-06-15T09:29:23Z</time>
     <extensions>
      <gpxtpx:TrackPointExtension>
       <gpxtpx:hr>143</gpxtpx:hr>
      </gpxtpx:TrackPointExtension>
     </extensions>
   </trkpt>
   <trkpt lat="-2.6796200" lon="-42.9528510">
    <ele>44.8</ele>
    <time>2026-06-15T09:29:28Z</time>
     <extensions>
      <gpxtpx:TrackPointExtension>
       <gpxtpx:hr>141</gpxtpx:hr>
      </gpxtpx:TrackPointExtension>
     </extensions>
   </trkpt>
   <trkpt lat="-2.6796190" lon="-42.9528490">
    <ele>45.0</ele>
    <time>2026-06-15T09:29:33Z</time>
     <extensions>
      <gpxtpx:TrackPointExtension>
       <gpxtpx:hr>141</gpxtpx:hr>
      </gpxtpx:TrackPointExtension>
     </extensions>
   </trkpt>
   <trkpt lat="-2.6796210" lon="-42.9528490">
    <ele>45.6</ele>
    <time>2026-06-15T09:29:38Z</time>
     <extensions>
      <gpxtpx:TrackPointExtension>
       <gpxtpx:hr>134</gpxtpx:hr>
      </gpxtpx:TrackPointExtension>
     </extensions>
   </trkpt>
   <trkpt lat="-2.6796190" lon="-42.9528600">
    <ele>45.6</ele>
    <time>2026-06-15T09:29:43Z</time>
     <extensions>
      <gpxtpx:TrackPointExtension>
       <gpxtpx:hr>134</gpxtpx:hr>
      </gpxtpx:TrackPointExtension>
     </extensions>
   </trkpt>
   <trkpt lat="-2.6796070" lon="-42.9528860">
    <ele>45.6</ele>
    <time>2026-06-15T09:29:48Z</time>
     <extensions>
      <gpxtpx:TrackPointExtension>
       <gpxtpx:hr>128</gpxtpx:hr>
      </gpxtpx:TrackPointExtension>
     </extensions>
   </trkpt>
   <trkpt lat="-2.6795890" lon="-42.9529210">
    <ele>45.8</ele>
    <time>2026-06-15T09:29:53Z</time>
     <extensions>
      <gpxtpx:TrackPointExtension>
       <gpxtpx:hr>129</gpxtpx:hr>
      </gpxtpx:TrackPointExtension>
     </extensions>
   </trkpt>
   <trkpt lat="-2.6795640" lon="-42.9529440">
    <ele>45.8</ele>
    <time>2026-06-15T09:29:58Z</time>
     <extensions>
      <gpxtpx:TrackPointExtension>
       <gpxtpx:hr>123</gpxtpx:hr>
      </gpxtpx:TrackPointExtension>
     </extensions>
   </trkpt>
   <trkpt lat="-2.6795330" lon="-42.9529720">
    <ele>45.4</ele>
    <time>2026-06-15T09:30:03Z</time>
     <extensions>
      <gpxtpx:TrackPointExtension>
       <gpxtpx:hr>121</gpxtpx:hr>
      </gpxtpx:TrackPointExtension>
     </extensions>
   </trkpt>
   <trkpt lat="-2.6795020" lon="-42.9530080">
    <ele>45.2</ele>
    <time>2026-06-15T09:30:08Z</time>
     <extensions>
      <gpxtpx:TrackPointExtension>
       <gpxtpx:hr>121</gpxtpx:hr>
      </gpxtpx:TrackPointExtension>
     </extensions>
   </trkpt>
   <trkpt lat="-2.6794730" lon="-42.9530320">
    <ele>45.2</ele>
    <time>2026-06-15T09:30:13Z</time>
     <extensions>
      <gpxtpx:TrackPointExtension>
       <gpxtpx:hr>124</gpxtpx:hr>
      </gpxtpx:TrackPointExtension>
     </extensions>
   </trkpt>
   <trkpt lat="-2.6794370" lon="-42.9530700">
    <ele>45.2</ele>
    <time>2026-06-15T09:30:18Z</time>
     <extensions>
      <gpxtpx:TrackPointExtension>
       <gpxtpx:hr>125</gpxtpx:hr>
      </gpxtpx:TrackPointExtension>
     </extensions>
   </trkpt>
   <trkpt lat="-2.6793980" lon="-42.9530910">
    <ele>45.2</ele>
    <time>2026-06-15T09:30:23Z</time>
     <extensions>
      <gpxtpx:TrackPointExtension>
       <gpxtpx:hr>128</gpxtpx:hr>
      </gpxtpx:TrackPointExtension>
     </extensions>
   </trkpt>
   <trkpt lat="-2.6793580" lon="-42.9531020">
    <ele>45.0</ele>
    <time>2026-06-15T09:30:28Z</time>
     <extensions>
      <gpxtpx:TrackPointExtension>
       <gpxtpx:hr>127</gpxtpx:hr>
      </gpxtpx:TrackPointExtension>
     </extensions>
   </trkpt>
   <trkpt lat="-2.6793250" lon="-42.9531110">
    <ele>44.8</ele>
    <time>2026-06-15T09:30:33Z</time>
     <extensions>
      <gpxtpx:TrackPointExtension>
       <gpxtpx:hr>120</gpxtpx:hr>
      </gpxtpx:TrackPointExtension>
     </extensions>
   </trkpt>
   <trkpt lat="-2.6792910" lon="-42.9531320">
    <ele>44.6</ele>
    <time>2026-06-15T09:30:38Z</time>
     <extensions>
      <gpxtpx:TrackPointExtension>
       <gpxtpx:hr>120</gpxtpx:hr>
      </gpxtpx:TrackPointExtension>
     </extensions>
   </trkpt>
   <trkpt lat="-2.6792460" lon="-42.9531470">
    <ele>44.4</ele>
    <time>2026-06-15T09:30:43Z</time>
     <extensions>
      <gpxtpx:TrackPointExtension>
       <gpxtpx:hr>124</gpxtpx:hr>
      </gpxtpx:TrackPointExtension>
     </extensions>
   </trkpt>
   <trkpt lat="-2.6792130" lon="-42.9531550">
    <ele>44.2</ele>
    <time>2026-06-15T09:30:48Z</time>
     <extensions>
      <gpxtpx:TrackPointExtension>
       <gpxtpx:hr>124</gpxtpx:hr>
      </gpxtpx:TrackPointExtension>
     </extensions>
   </trkpt>
   <trkpt lat="-2.6791660" lon="-42.9531730">
    <ele>44.0</ele>
    <time>2026-06-15T09:30:53Z</time>
     <extensions>
      <gpxtpx:TrackPointExtension>
       <gpxtpx:hr>127</gpxtpx:hr>
      </gpxtpx:TrackPointExtension>
     </extensions>
   </trkpt>
   <trkpt lat="-2.6791310" lon="-42.9531900">
    <ele>43.4</ele>
    <time>2026-06-15T09:30:58Z</time>
     <extensions>
      <gpxtpx:TrackPointExtension>
       <gpxtpx:hr>130</gpxtpx:hr>
      </gpxtpx:TrackPointExtension>
     </extensions>
   </trkpt>
   <trkpt lat="-2.6790850" lon="-42.9532120">
    <ele>42.8</ele>
    <time>2026-06-15T09:31:03Z</time>
     <extensions>
      <gpxtpx:TrackPointExtension>
       <gpxtpx:hr>128</gpxtpx:hr>
      </gpxtpx:TrackPointExtension>
     </extensions>
   </trkpt>
   <trkpt lat="-2.6790440" lon="-42.9532450">
    <ele>42.0</ele>
    <time>2026-06-15T09:31:08Z</time>
     <extensions>
      <gpxtpx:TrackPointExtension>
       <gpxtpx:hr>128</gpxtpx:hr>
      </gpxtpx:TrackPointExtension>
     </extensions>
   </trkpt>
   <trkpt lat="-2.6790130" lon="-42.9532790">
    <ele>41.6</ele>
    <time>2026-06-15T09:31:13Z</time>
     <extensions>
      <gpxtpx:TrackPointExtension>
       <gpxtpx:hr>122</gpxtpx:hr>
      </gpxtpx:TrackPointExtension>
     </extensions>
   </trkpt>
   <trkpt lat="-2.6789780" lon="-42.9533100">
    <ele>41.6</ele>
    <time>2026-06-15T09:31:18Z</time>
     <extensions>
      <gpxtpx:TrackPointExtension>
       <gpxtpx:hr>122</gpxtpx:hr>
      </gpxtpx:TrackPointExtension>
     </extensions>
   </trkpt>
   <trkpt lat="-2.6789320" lon="-42.9533460">
    <ele>42.0</ele>
    <time>2026-06-15T09:31:23Z</time>
     <extensions>
      <gpxtpx:TrackPointExtension>
       <gpxtpx:hr>122</gpxtpx:hr>
      </gpxtpx:TrackPointExtension>
     </extensions>
   </trkpt>
   <trkpt lat="-2.6788920" lon="-42.9533660">
    <ele>42.4</ele>
    <time>2026-06-15T09:31:28Z</time>
     <extensions>
      <gpxtpx:TrackPointExtension>
       <gpxtpx:hr>127</gpxtpx:hr>
      </gpxtpx:TrackPointExtension>
     </extensions>
   </trkpt>
   <trkpt lat="-2.6788460" lon="-42.9533910">
    <ele>42.8</ele>
    <time>2026-06-15T09:31:33Z</time>
     <extensions>
      <gpxtpx:TrackPointExtension>
       <gpxtpx:hr>125</gpxtpx:hr>
      </gpxtpx:TrackPointExtension>
     </extensions>
   </trkpt>
   <trkpt lat="-2.6787990" lon="-42.9534110">
    <ele>43.0</ele>
    <time>2026-06-15T09:31:38Z</time>
     <extensions>
      <gpxtpx:TrackPointExtension>
       <gpxtpx:hr>127</gpxtpx:hr>
      </gpxtpx:TrackPointExtension>
     </extensions>
   </trkpt>
   <trkpt lat="-2.6787590" lon="-42.9534370">
    <ele>43.2</ele>
    <time>2026-06-15T09:31:43Z</time>
     <extensions>
      <gpxtpx:TrackPointExtension>
       <gpxtpx:hr>132</gpxtpx:hr>
      </gpxtpx:TrackPointExtension>
     </extensions>
   </trkpt>
   <trkpt lat="-2.6787250" lon="-42.9534660">
    <ele>43.4</ele>
    <time>2026-06-15T09:31:48Z</time>
     <extensions>
      <gpxtpx:TrackPointExtension>
       <gpxtpx:hr>133</gpxtpx:hr>
      </gpxtpx:TrackPointExtension>
     </extensions>
   </trkpt>
   <trkpt lat="-2.6786750" lon="-42.9534920">
    <ele>43.4</ele>
    <time>2026-06-15T09:31:53Z</time>
     <extensions>
      <gpxtpx:TrackPointExtension>
       <gpxtpx:hr>133</gpxtpx:hr>
      </gpxtpx:TrackPointExtension>
     </extensions>
   </trkpt>
   <trkpt lat="-2.6786330" lon="-42.9535090">
    <ele>43.6</ele>
    <time>2026-06-15T09:31:58Z</time>
     <extensions>
      <gpxtpx:TrackPointExtension>
       <gpxtpx:hr>134</gpxtpx:hr>
      </gpxtpx:TrackPointExtension>
     </extensions>
   </trkpt>
   <trkpt lat="-2.6785940" lon="-42.9535280">
    <ele>43.6</ele>
    <time>2026-06-15T09:32:03Z</time>
     <extensions>
      <gpxtpx:TrackPointExtension>
       <gpxtpx:hr>134</gpxtpx:hr>
      </gpxtpx:TrackPointExtension>
     </extensions>
   </trkpt>
   <trkpt lat="-2.6785510" lon="-42.9535450">
    <ele>43.4</ele>
    <time>2026-06-15T09:32:08Z</time>
     <extensions>
      <gpxtpx:TrackPointExtension>
       <gpxtpx:hr>126</gpxtpx:hr>
      </gpxtpx:TrackPointExtension>
     </extensions>
   </trkpt>
   <trkpt lat="-2.6785000" lon="-42.9535600">
    <ele>43.4</ele>
    <time>2026-06-15T09:32:13Z</time>
     <extensions>
      <gpxtpx:TrackPointExtension>
       <gpxtpx:hr>128</gpxtpx:hr>
      </gpxtpx:TrackPointExtension>
     </extensions>
   </trkpt>
   <trkpt lat="-2.6784510" lon="-42.9535730">
    <ele>43.2</ele>
    <time>2026-06-15T09:32:18Z</time>
     <extensions>
      <gpxtpx:TrackPointExtension>
       <gpxtpx:hr>128</gpxtpx:hr>
      </gpxtpx:TrackPointExtension>
     </extensions>
   </trkpt>
   <trkpt lat="-2.6784000" lon="-42.9535860">
    <ele>43.2</ele>
    <time>2026-06-15T09:32:23Z</time>
     <extensions>
      <gpxtpx:TrackPointExtension>
       <gpxtpx:hr>124</gpxtpx:hr>
      </gpxtpx:TrackPointExtension>
     </extensions>
   </trkpt>
   <trkpt lat="-2.6783540" lon="-42.9536010">
    <ele>43.2</ele>
    <time>2026-06-15T09:32:28Z</time>
     <extensions>
      <gpxtpx:TrackPointExtension>
       <gpxtpx:hr>121</gpxtpx:hr>
      </gpxtpx:TrackPointExtension>
     </extensions>
   </trkpt>
   <trkpt lat="-2.6783030" lon="-42.9536120">
    <ele>43.2</ele>
    <time>2026-06-15T09:32:33Z</time>
     <extensions>
      <gpxtpx:TrackPointExtension>
       <gpxtpx:hr>121</gpxtpx:hr>
      </gpxtpx:TrackPointExtension>
     </extensions>
   </trkpt>
   <trkpt lat="-2.6782570" lon="-42.9536140">
    <ele>43.2</ele>
    <time>2026-06-15T09:32:38Z</time>
     <extensions>
      <gpxtpx:TrackPointExtension>
       <gpxtpx:hr>126</gpxtpx:hr>
      </gpxtpx:TrackPointExtension>
     </extensions>
   </trkpt>
   <trkpt lat="-2.6782090" lon="-42.9536250">
    <ele>43.2</ele>
    <time>2026-06-15T09:32:43Z</time>
     <extensions>
      <gpxtpx:TrackPointExtension>
       <gpxtpx:hr>129</gpxtpx:hr>
      </gpxtpx:TrackPointExtension>
     </extensions>
   </trkpt>
   <trkpt lat="-2.6781640" lon="-42.9536370">
    <ele>43.4</ele>
    <time>2026-06-15T09:32:48Z</time>
     <extensions>
      <gpxtpx:TrackPointExtension>
       <gpxtpx:hr>126</gpxtpx:hr>
      </gpxtpx:TrackPointExtension>
     </extensions>
   </trkpt>
   <trkpt lat="-2.6781200" lon="-42.9536520">
    <ele>43.4</ele>
    <time>2026-06-15T09:32:53Z</time>
     <extensions>
      <gpxtpx:TrackPointExtension>
       <gpxtpx:hr>126</gpxtpx:hr>
      </gpxtpx:TrackPointExtension>
     </extensions>
   </trkpt>
   <trkpt lat="-2.6780730" lon="-42.9536680">
    <ele>43.4</ele>
    <time>2026-06-15T09:32:58Z</time>
     <extensions>
      <gpxtpx:TrackPointExtension>
       <gpxtpx:hr>127</gpxtpx:hr>
      </gpxtpx:TrackPointExtension>
     </extensions>
   </trkpt>
   <trkpt lat="-2.6780210" lon="-42.9536770">
    <ele>43.6</ele>
    <time>2026-06-15T09:33:03Z</time>
     <extensions>
      <gpxtpx:TrackPointExtension>
       <gpxtpx:hr>124</gpxtpx:hr>
      </gpxtpx:TrackPointExtension>
     </extensions>
   </trkpt>
   <trkpt lat="-2.6779820" lon="-42.9536850">
    <ele>43.8</ele>
    <time>2026-06-15T09:33:08Z</time>
     <extensions>
      <gpxtpx:TrackPointExtension>
       <gpxtpx:hr>116</gpxtpx:hr>
      </gpxtpx:TrackPointExtension>
     </extensions>
   </trkpt>
   <trkpt lat="-2.6779300" lon="-42.9537060">
    <ele>44.0</ele>
    <time>2026-06-15T09:33:13Z</time>
     <extensions>
      <gpxtpx:TrackPointExtension>
       <gpxtpx:hr>116</gpxtpx:hr>
      </gpxtpx:TrackPointExtension>
     </extensions>
   </trkpt>
   <trkpt lat="-2.6778720" lon="-42.9537230">
    <ele>44.2</ele>
    <time>2026-06-15T09:33:18Z</time>
     <extensions>
      <gpxtpx:TrackPointExtension>
       <gpxtpx:hr>122</gpxtpx:hr>
      </gpxtpx:TrackPointExtension>
     </extensions>
   </trkpt>
   <trkpt lat="-2.6778230" lon="-42.9537290">
    <ele>44.8</ele>
    <time>2026-06-15T09:33:23Z</time>
     <extensions>
      <gpxtpx:TrackPointExtension>
       <gpxtpx:hr>133</gpxtpx:hr>
      </gpxtpx:TrackPointExtension>
     </extensions>
   </trkpt>
   <trkpt lat="-2.6777760" lon="-42.9537410">
    <ele>45.4</ele>
    <time>2026-06-15T09:33:28Z</time>
     <extensions>
      <gpxtpx:TrackPointExtension>
       <gpxtpx:hr>133</gpxtpx:hr>
      </gpxtpx:TrackPointExtension>
     </extensions>
   </trkpt>
   <trkpt lat="-2.6777360" lon="-42.9537610">
    <ele>45.8</ele>
    <time>2026-06-15T09:33:33Z</time>
     <extensions>
      <gpxtpx:TrackPointExtension>
       <gpxtpx:hr>137</gpxtpx:hr>
      </gpxtpx:TrackPointExtension>
     </extensions>
   </trkpt>
   <trkpt lat="-2.6776990" lon="-42.9537800">
    <ele>46.2</ele>
    <time>2026-06-15T09:33:38Z</time>
     <extensions>
      <gpxtpx:TrackPointExtension>
       <gpxtpx:hr>137</gpxtpx:hr>
      </gpxtpx:TrackPointExtension>
     </extensions>
   </trkpt>
   <trkpt lat="-2.6776590" lon="-42.9537990">
    <ele>46.2</ele>
    <time>2026-06-15T09:33:43Z</time>
     <extensions>
      <gpxtpx:TrackPointExtension>
       <gpxtpx:hr>134</gpxtpx:hr>
      </gpxtpx:TrackPointExtension>
     </extensions>
   </trkpt>
   <trkpt lat="-2.6776230" lon="-42.9538320">
    <ele>46.4</ele>
    <time>2026-06-15T09:33:48Z</time>
     <extensions>
      <gpxtpx:TrackPointExtension>
       <gpxtpx:hr>134</gpxtpx:hr>
      </gpxtpx:TrackPointExtension>
     </extensions>
   </trkpt>
   <trkpt lat="-2.6775940" lon="-42.9538690">
    <ele>46.2</ele>
    <time>2026-06-15T09:33:53Z</time>
     <extensions>
      <gpxtpx:TrackPointExtension>
       <gpxtpx:hr>135</gpxtpx:hr>
      </gpxtpx:TrackPointExtension>
     </extensions>
   </trkpt>
   <trkpt lat="-2.6775730" lon="-42.9539130">
    <ele>46.0</ele>
    <time>2026-06-15T09:33:58Z</time>
     <extensions>
      <gpxtpx:TrackPointExtension>
       <gpxtpx:hr>137</gpxtpx:hr>
      </gpxtpx:TrackPointExtension>
     </extensions>
   </trkpt>
   <trkpt lat="-2.6775420" lon="-42.9539640">
    <ele>45.6</ele>
    <time>2026-06-15T09:34:03Z</time>
     <extensions>
      <gpxtpx:TrackPointExtension>
       <gpxtpx:hr>133</gpxtpx:hr>
      </gpxtpx:TrackPointExtension>
     </extensions>
   </trkpt>
   <trkpt lat="-2.6775120" lon="-42.9540140">
    <ele>45.2</ele>
    <time>2026-06-15T09:34:08Z</time>
     <extensions>
      <gpxtpx:TrackPointExtension>
       <gpxtpx:hr>133</gpxtpx:hr>
      </gpxtpx:TrackPointExtension>
     </extensions>
   </trkpt>
   <trkpt lat="-2.6774900" lon="-42.9540680">
    <ele>44.6</ele>
    <time>2026-06-15T09:34:13Z</time>
     <extensions>
      <gpxtpx:TrackPointExtension>
       <gpxtpx:hr>131</gpxtpx:hr>
      </gpxtpx:TrackPointExtension>
     </extensions>
   </trkpt>
   <trkpt lat="-2.6774700" lon="-42.9541180">
    <ele>44.0</ele>
    <time>2026-06-15T09:34:18Z</time>
     <extensions>
      <gpxtpx:TrackPointExtension>
       <gpxtpx:hr>131</gpxtpx:hr>
      </gpxtpx:TrackPointExtension>
     </extensions>
   </trkpt>
   <trkpt lat="-2.6774440" lon="-42.9541620">
    <ele>43.6</ele>
    <time>2026-06-15T09:34:23Z</time>
     <extensions>
      <gpxtpx:TrackPointExtension>
       <gpxtpx:hr>122</gpxtpx:hr>
      </gpxtpx:TrackPointExtension>
     </extensions>
   </trkpt>
   <trkpt lat="-2.6774260" lon="-42.9542070">
    <ele>43.4</ele>
    <time>2026-06-15T09:34:28Z</time>
     <extensions>
      <gpxtpx:TrackPointExtension>
       <gpxtpx:hr>121</gpxtpx:hr>
      </gpxtpx:TrackPointExtension>
     </extensions>
   </trkpt>
   <trkpt lat="-2.6774200" lon="-42.9542410">
    <ele>43.0</ele>
    <time>2026-06-15T09:34:33Z</time>
     <extensions>
      <gpxtpx:TrackPointExtension>
       <gpxtpx:hr>121</gpxtpx:hr>
      </gpxtpx:TrackPointExtension>
     </extensions>
   </trkpt>
   <trkpt lat="-2.6774240" lon="-42.9542580">
    <ele>42.6</ele>
    <time>2026-06-15T09:34:38Z</time>
     <extensions>
      <gpxtpx:TrackPointExtension>
       <gpxtpx:hr>121</gpxtpx:hr>
      </gpxtpx:TrackPointExtension>
     </extensions>
   </trkpt>
   <trkpt lat="-2.6774310" lon="-42.9542700">
    <ele>41.8</ele>
    <time>2026-06-15T09:34:43Z</time>
     <extensions>
      <gpxtpx:TrackPointExtension>
       <gpxtpx:hr>121</gpxtpx:hr>
      </gpxtpx:TrackPointExtension>
     </extensions>
   </trkpt>
   <trkpt lat="-2.6774370" lon="-42.9542830">
    <ele>40.8</ele>
    <time>2026-06-15T09:34:48Z</time>
     <extensions>
      <gpxtpx:TrackPointExtension>
       <gpxtpx:hr>122</gpxtpx:hr>
      </gpxtpx:TrackPointExtension>
     </extensions>
   </trkpt>
   <trkpt lat="-2.6774380" lon="-42.9543020">
    <ele>39.8</ele>
    <time>2026-06-15T09:34:53Z</time>
     <extensions>
      <gpxtpx:TrackPointExtension>
       <gpxtpx:hr>122</gpxtpx:hr>
      </gpxtpx:TrackPointExtension>
     </extensions>
   </trkpt>
   <trkpt lat="-2.6774380" lon="-42.9543340">
    <ele>38.6</ele>
    <time>2026-06-15T09:34:58Z</time>
     <extensions>
      <gpxtpx:TrackPointExtension>
       <gpxtpx:hr>131</gpxtpx:hr>
      </gpxtpx:TrackPointExtension>
     </extensions>
   </trkpt>
   <trkpt lat="-2.6774370" lon="-42.9543890">
    <ele>38.0</ele>
    <time>2026-06-15T09:35:03Z</time>
     <extensions>
      <gpxtpx:TrackPointExtension>
       <gpxtpx:hr>134</gpxtpx:hr>
      </gpxtpx:TrackPointExtension>
     </extensions>
   </trkpt>
   <trkpt lat="-2.6774300" lon="-42.9544280">
    <ele>37.6</ele>
    <time>2026-06-15T09:35:08Z</time>
     <extensions>
      <gpxtpx:TrackPointExtension>
       <gpxtpx:hr>134</gpxtpx:hr>
      </gpxtpx:TrackPointExtension>
     </extensions>
   </trkpt>
   <trkpt lat="-2.6774080" lon="-42.9544760">
    <ele>37.6</ele>
    <time>2026-06-15T09:35:13Z</time>
     <extensions>
      <gpxtpx:TrackPointExtension>
       <gpxtpx:hr>127</gpxtpx:hr>
      </gpxtpx:TrackPointExtension>
     </extensions>
   </trkpt>
   <trkpt lat="-2.6773840" lon="-42.9545170">
    <ele>37.6</ele>
    <time>2026-06-15T09:35:18Z</time>
     <extensions>
      <gpxtpx:TrackPointExtension>
       <gpxtpx:hr>127</gpxtpx:hr>
      </gpxtpx:TrackPointExtension>
     </extensions>
   </trkpt>
   <trkpt lat="-2.6773610" lon="-42.9545660">
    <ele>37.6</ele>
    <time>2026-06-15T09:35:23Z</time>
     <extensions>
      <gpxtpx:TrackPointExtension>
       <gpxtpx:hr>127</gpxtpx:hr>
      </gpxtpx:TrackPointExtension>
     </extensions>
   </trkpt>
   <trkpt lat="-2.6773330" lon="-42.9546170">
    <ele>37.4</ele>
    <time>2026-06-15T09:35:28Z</time>
     <extensions>
      <gpxtpx:TrackPointExtension>
       <gpxtpx:hr>123</gpxtpx:hr>
      </gpxtpx:TrackPointExtension>
     </extensions>
   </trkpt>
   <trkpt lat="-2.6772950" lon="-42.9546560">
    <ele>37.6</ele>
    <time>2026-06-15T09:35:33Z</time>
     <extensions>
      <gpxtpx:TrackPointExtension>
       <gpxtpx:hr>124</gpxtpx:hr>
      </gpxtpx:TrackPointExtension>
     </extensions>
   </trkpt>
   <trkpt lat="-2.6772480" lon="-42.9546890">
    <ele>37.6</ele>
    <time>2026-06-15T09:35:38Z</time>
     <extensions>
      <gpxtpx:TrackPointExtension>
       <gpxtpx:hr>124</gpxtpx:hr>
      </gpxtpx:TrackPointExtension>
     </extensions>
   </trkpt>
   <trkpt lat="-2.6772070" lon="-42.9547240">
    <ele>37.6</ele>
    <time>2026-06-15T09:35:43Z</time>
     <extensions>
      <gpxtpx:TrackPointExtension>
       <gpxtpx:hr>124</gpxtpx:hr>
      </gpxtpx:TrackPointExtension>
     </extensions>
   </trkpt>
   <trkpt lat="-2.6771760" lon="-42.9547600">
    <ele>37.6</ele>
    <time>2026-06-15T09:35:48Z</time>
     <extensions>
      <gpxtpx:TrackPointExtension>
       <gpxtpx:hr>124</gpxtpx:hr>
      </gpxtpx:TrackPointExtension>
     </extensions>
   </trkpt>
   <trkpt lat="-2.6771450" lon="-42.9548010">
    <ele>37.6</ele>
    <time>2026-06-15T09:35:53Z</time>
     <extensions>
      <gpxtpx:TrackPointExtension>
       <gpxtpx:hr>125</gpxtpx:hr>
      </gpxtpx:TrackPointExtension>
     </extensions>
   </trkpt>
   <trkpt lat="-2.6771100" lon="-42.9548290">
    <ele>37.6</ele>
    <time>2026-06-15T09:35:58Z</time>
     <extensions>
      <gpxtpx:TrackPointExtension>
       <gpxtpx:hr>125</gpxtpx:hr>
      </gpxtpx:TrackPointExtension>
     </extensions>
   </trkpt>
   <trkpt lat="-2.6770760" lon="-42.9548580">
    <ele>37.8</ele>
    <time>2026-06-15T09:36:03Z</time>
     <extensions>
      <gpxtpx:TrackPointExtension>
       <gpxtpx:hr>125</gpxtpx:hr>
      </gpxtpx:TrackPointExtension>
     </extensions>
   </trkpt>
   <trkpt lat="-2.6770500" lon="-42.9548940">
    <ele>38.2</ele>
    <time>2026-06-15T09:36:08Z</time>
     <extensions>
      <gpxtpx:TrackPointExtension>
       <gpxtpx:hr>125</gpxtpx:hr>
      </gpxtpx:TrackPointExtension>
     </extensions>
   </trkpt>
   <trkpt lat="-2.6770270" lon="-42.9549380">
    <ele>38.4</ele>
    <time>2026-06-15T09:36:13Z</time>
     <extensions>
      <gpxtpx:TrackPointExtension>
       <gpxtpx:hr>129</gpxtpx:hr>
      </gpxtpx:TrackPointExtension>
     </extensions>
   </trkpt>
   <trkpt lat="-2.6770010" lon="-42.9549740">
    <ele>38.8</ele>
    <time>2026-06-15T09:36:18Z</time>
     <extensions>
      <gpxtpx:TrackPointExtension>
       <gpxtpx:hr>129</gpxtpx:hr>
      </gpxtpx:TrackPointExtension>
     </extensions>
   </trkpt>
   <trkpt lat="-2.6769690" lon="-42.9550200">
    <ele>39.2</ele>
    <time>2026-06-15T09:36:23Z</time>
     <extensions>
      <gpxtpx:TrackPointExtension>
       <gpxtpx:hr>127</gpxtpx:hr>
      </gpxtpx:TrackPointExtension>
     </extensions>
   </trkpt>
   <trkpt lat="-2.6769430" lon="-42.9550500">
    <ele>39.6</ele>
    <time>2026-06-15T09:36:28Z</time>
     <extensions>
      <gpxtpx:TrackPointExtension>
       <gpxtpx:hr>136</gpxtpx:hr>
      </gpxtpx:TrackPointExtension>
     </extensions>
   </trkpt>
   <trkpt lat="-2.6769140" lon="-42.9550760">
    <ele>39.8</ele>
    <time>2026-06-15T09:36:33Z</time>
     <extensions>
      <gpxtpx:TrackPointExtension>
       <gpxtpx:hr>137</gpxtpx:hr>
      </gpxtpx:TrackPointExtension>
     </extensions>
   </trkpt>
   <trkpt lat="-2.6768730" lon="-42.9551100">
    <ele>40.0</ele>
    <time>2026-06-15T09:36:38Z</time>
     <extensions>
      <gpxtpx:TrackPointExtension>
       <gpxtpx:hr>137</gpxtpx:hr>
      </gpxtpx:TrackPointExtension>
     </extensions>
   </trkpt>
   <trkpt lat="-2.6768380" lon="-42.9551470">
    <ele>39.8</ele>
    <time>2026-06-15T09:36:43Z</time>
     <extensions>
      <gpxtpx:TrackPointExtension>
       <gpxtpx:hr>137</gpxtpx:hr>
      </gpxtpx:TrackPointExtension>
     </extensions>
   </trkpt>
   <trkpt lat="-2.6768100" lon="-42.9551780">
    <ele>39.6</ele>
    <time>2026-06-15T09:36:48Z</time>
     <extensions>
      <gpxtpx:TrackPointExtension>
       <gpxtpx:hr>137</gpxtpx:hr>
      </gpxtpx:TrackPointExtension>
     </extensions>
   </trkpt>
   <trkpt lat="-2.6767700" lon="-42.9552160">
    <ele>39.2</ele>
    <time>2026-06-15T09:36:53Z</time>
     <extensions>
      <gpxtpx:TrackPointExtension>
       <gpxtpx:hr>136</gpxtpx:hr>
      </gpxtpx:TrackPointExtension>
     </extensions>
   </trkpt>
   <trkpt lat="-2.6767300" lon="-42.9552490">
    <ele>38.8</ele>
    <time>2026-06-15T09:36:58Z</time>
     <extensions>
      <gpxtpx:TrackPointExtension>
       <gpxtpx:hr>136</gpxtpx:hr>
      </gpxtpx:TrackPointExtension>
     </extensions>
   </trkpt>
   <trkpt lat="-2.6766930" lon="-42.9552790">
    <ele>38.4</ele>
    <time>2026-06-15T09:37:03Z</time>
     <extensions>
      <gpxtpx:TrackPointExtension>
       <gpxtpx:hr>136</gpxtpx:hr>
      </gpxtpx:TrackPointExtension>
     </extensions>
   </trkpt>
   <trkpt lat="-2.6766490" lon="-42.9553070">
    <ele>38.0</ele>
    <time>2026-06-15T09:37:08Z</time>
     <extensions>
      <gpxtpx:TrackPointExtension>
       <gpxtpx:hr>136</gpxtpx:hr>
      </gpxtpx:TrackPointExtension>
     </extensions>
   </trkpt>
   <trkpt lat="-2.6766110" lon="-42.9553250">
    <ele>37.8</ele>
    <time>2026-06-15T09:37:13Z</time>
     <extensions>
      <gpxtpx:TrackPointExtension>
       <gpxtpx:hr>132</gpxtpx:hr>
      </gpxtpx:TrackPointExtension>
     </extensions>
   </trkpt>
   <trkpt lat="-2.6765670" lon="-42.9553510">
    <ele>37.6</ele>
    <time>2026-06-15T09:37:18Z</time>
     <extensions>
      <gpxtpx:TrackPointExtension>
       <gpxtpx:hr>132</gpxtpx:hr>
      </gpxtpx:TrackPointExtension>
     </extensions>
   </trkpt>
   <trkpt lat="-2.6765250" lon="-42.9553800">
    <ele>37.6</ele>
    <time>2026-06-15T09:37:23Z</time>
     <extensions>
      <gpxtpx:TrackPointExtension>
       <gpxtpx:hr>132</gpxtpx:hr>
      </gpxtpx:TrackPointExtension>
     </extensions>
   </trkpt>
   <trkpt lat="-2.6765000" lon="-42.9554160">
    <ele>37.8</ele>
    <time>2026-06-15T09:37:28Z</time>
     <extensions>
      <gpxtpx:TrackPointExtension>
       <gpxtpx:hr>129</gpxtpx:hr>
      </gpxtpx:TrackPointExtension>
     </extensions>
   </trkpt>
   <trkpt lat="-2.6764880" lon="-42.9554580">
    <ele>38.2</ele>
    <time>2026-06-15T09:37:33Z</time>
     <extensions>
      <gpxtpx:TrackPointExtension>
       <gpxtpx:hr>131</gpxtpx:hr>
      </gpxtpx:TrackPointExtension>
     </extensions>
   </trkpt>
   <trkpt lat="-2.6764780" lon="-42.9554880">
    <ele>38.6</ele>
    <time>2026-06-15T09:37:38Z</time>
     <extensions>
      <gpxtpx:TrackPointExtension>
       <gpxtpx:hr>135</gpxtpx:hr>
      </gpxtpx:TrackPointExtension>
     </extensions>
   </trkpt>
   <trkpt lat="-2.6764650" lon="-42.9555020">
    <ele>39.0</ele>
    <time>2026-06-15T09:37:43Z</time>
     <extensions>
      <gpxtpx:TrackPointExtension>
       <gpxtpx:hr>133</gpxtpx:hr>
      </gpxtpx:TrackPointExtension>
     </extensions>
   </trkpt>
   <trkpt lat="-2.6764620" lon="-42.9555050">
    <ele>39.2</ele>
    <time>2026-06-15T09:37:48Z</time>
     <extensions>
      <gpxtpx:TrackPointExtension>
       <gpxtpx:hr>134</gpxtpx:hr>
      </gpxtpx:TrackPointExtension>
     </extensions>
   </trkpt>
   <trkpt lat="-2.6764620" lon="-42.9555030">
    <ele>39.2</ele>
    <time>2026-06-15T09:37:53Z</time>
     <extensions>
      <gpxtpx:TrackPointExtension>
       <gpxtpx:hr>134</gpxtpx:hr>
      </gpxtpx:TrackPointExtension>
     </extensions>
   </trkpt>
   <trkpt lat="-2.6764660" lon="-42.9554950">
    <ele>39.2</ele>
    <time>2026-06-15T09:37:58Z</time>
     <extensions>
      <gpxtpx:TrackPointExtension>
       <gpxtpx:hr>127</gpxtpx:hr>
      </gpxtpx:TrackPointExtension>
     </extensions>
   </trkpt>
   <trkpt lat="-2.6764630" lon="-42.9554840">
    <ele>39.4</ele>
    <time>2026-06-15T09:38:03Z</time>
     <extensions>
      <gpxtpx:TrackPointExtension>
       <gpxtpx:hr>129</gpxtpx:hr>
      </gpxtpx:TrackPointExtension>
     </extensions>
   </trkpt>
   <trkpt lat="-2.6764520" lon="-42.9554860">
    <ele>39.4</ele>
    <time>2026-06-15T09:38:08Z</time>
     <extensions>
      <gpxtpx:TrackPointExtension>
       <gpxtpx:hr>124</gpxtpx:hr>
      </gpxtpx:TrackPointExtension>
     </extensions>
   </trkpt>
   <trkpt lat="-2.6764420" lon="-42.9554920">
    <ele>39.4</ele>
    <time>2026-06-15T09:38:13Z</time>
     <extensions>
      <gpxtpx:TrackPointExtension>
       <gpxtpx:hr>124</gpxtpx:hr>
      </gpxtpx:TrackPointExtension>
     </extensions>
   </trkpt>
   <trkpt lat="-2.6764370" lon="-42.9554980">
    <ele>39.4</ele>
    <time>2026-06-15T09:38:18Z</time>
     <extensions>
      <gpxtpx:TrackPointExtension>
       <gpxtpx:hr>128</gpxtpx:hr>
      </gpxtpx:TrackPointExtension>
     </extensions>
   </trkpt>
   <trkpt lat="-2.6764360" lon="-42.9555120">
    <ele>39.4</ele>
    <time>2026-06-15T09:38:23Z</time>
     <extensions>
      <gpxtpx:TrackPointExtension>
       <gpxtpx:hr>125</gpxtpx:hr>
      </gpxtpx:TrackPointExtension>
     </extensions>
   </trkpt>
   <trkpt lat="-2.6764200" lon="-42.9555540">
    <ele>39.6</ele>
    <time>2026-06-15T09:38:28Z</time>
     <extensions>
      <gpxtpx:TrackPointExtension>
       <gpxtpx:hr>128</gpxtpx:hr>
      </gpxtpx:TrackPointExtension>
     </extensions>
   </trkpt>
   <trkpt lat="-2.6764030" lon="-42.9555940">
    <ele>40.0</ele>
    <time>2026-06-15T09:38:33Z</time>
     <extensions>
      <gpxtpx:TrackPointExtension>
       <gpxtpx:hr>128</gpxtpx:hr>
      </gpxtpx:TrackPointExtension>
     </extensions>
   </trkpt>
   <trkpt lat="-2.6763770" lon="-42.9556300">
    <ele>40.4</ele>
    <time>2026-06-15T09:38:38Z</time>
     <extensions>
      <gpxtpx:TrackPointExtension>
       <gpxtpx:hr>126</gpxtpx:hr>
      </gpxtpx:TrackPointExtension>
     </extensions>
   </trkpt>
   <trkpt lat="-2.6763430" lon="-42.9556710">
    <ele>41.0</ele>
    <time>2026-06-15T09:38:43Z</time>
     <extensions>
      <gpxtpx:TrackPointExtension>
       <gpxtpx:hr>129</gpxtpx:hr>
      </gpxtpx:TrackPointExtension>
     </extensions>
   </trkpt>
   <trkpt lat="-2.6763130" lon="-42.9557060">
    <ele>41.4</ele>
    <time>2026-06-15T09:38:48Z</time>
     <extensions>
      <gpxtpx:TrackPointExtension>
       <gpxtpx:hr>129</gpxtpx:hr>
      </gpxtpx:TrackPointExtension>
     </extensions>
   </trkpt>
   <trkpt lat="-2.6762810" lon="-42.9557470">
    <ele>41.8</ele>
    <time>2026-06-15T09:38:53Z</time>
     <extensions>
      <gpxtpx:TrackPointExtension>
       <gpxtpx:hr>133</gpxtpx:hr>
      </gpxtpx:TrackPointExtension>
     </extensions>
   </trkpt>
   <trkpt lat="-2.6762520" lon="-42.9557860">
    <ele>42.4</ele>
    <time>2026-06-15T09:38:58Z</time>
     <extensions>
      <gpxtpx:TrackPointExtension>
       <gpxtpx:hr>133</gpxtpx:hr>
      </gpxtpx:TrackPointExtension>
     </extensions>
   </trkpt>
   <trkpt lat="-2.6762350" lon="-42.9558360">
    <ele>42.6</ele>
    <time>2026-06-15T09:39:03Z</time>
     <extensions>
      <gpxtpx:TrackPointExtension>
       <gpxtpx:hr>131</gpxtpx:hr>
      </gpxtpx:TrackPointExtension>
     </extensions>
   </trkpt>
   <trkpt lat="-2.6762120" lon="-42.9558800">
    <ele>42.8</ele>
    <time>2026-06-15T09:39:08Z</time>
     <extensions>
      <gpxtpx:TrackPointExtension>
       <gpxtpx:hr>134</gpxtpx:hr>
      </gpxtpx:TrackPointExtension>
     </extensions>
   </trkpt>
   <trkpt lat="-2.6761620" lon="-42.9559010">
    <ele>42.8</ele>
    <time>2026-06-15T09:39:13Z</time>
     <extensions>
      <gpxtpx:TrackPointExtension>
       <gpxtpx:hr>134</gpxtpx:hr>
      </gpxtpx:TrackPointExtension>
     </extensions>
   </trkpt>
   <trkpt lat="-2.6761190" lon="-42.9559100">
    <ele>43.0</ele>
    <time>2026-06-15T09:39:18Z</time>
     <extensions>
      <gpxtpx:TrackPointExtension>
       <gpxtpx:hr>134</gpxtpx:hr>
      </gpxtpx:TrackPointExtension>
     </extensions>
   </trkpt>
   <trkpt lat="-2.6760760" lon="-42.9559120">
    <ele>43.0</ele>
    <time>2026-06-15T09:39:23Z</time>
     <extensions>
      <gpxtpx:TrackPointExtension>
       <gpxtpx:hr>134</gpxtpx:hr>
      </gpxtpx:TrackPointExtension>
     </extensions>
   </trkpt>
   <trkpt lat="-2.6760280" lon="-42.9559210">
    <ele>43.2</ele>
    <time>2026-06-15T09:39:28Z</time>
     <extensions>
      <gpxtpx:TrackPointExtension>
       <gpxtpx:hr>126</gpxtpx:hr>
      </gpxtpx:TrackPointExtension>
     </extensions>
   </trkpt>
   <trkpt lat="-2.6759800" lon="-42.9559240">
    <ele>43.2</ele>
    <time>2026-06-15T09:39:33Z</time>
     <extensions>
      <gpxtpx:TrackPointExtension>
       <gpxtpx:hr>127</gpxtpx:hr>
      </gpxtpx:TrackPointExtension>
     </extensions>
   </trkpt>
   <trkpt lat="-2.6759310" lon="-42.9559330">
    <ele>43.2</ele>
    <time>2026-06-15T09:39:38Z</time>
     <extensions>
      <gpxtpx:TrackPointExtension>
       <gpxtpx:hr>127</gpxtpx:hr>
      </gpxtpx:TrackPointExtension>
     </extensions>
   </trkpt>
   <trkpt lat="-2.6758850" lon="-42.9559370">
    <ele>43.2</ele>
    <time>2026-06-15T09:39:43Z</time>
     <extensions>
      <gpxtpx:TrackPointExtension>
       <gpxtpx:hr>124</gpxtpx:hr>
      </gpxtpx:TrackPointExtension>
     </extensions>
   </trkpt>
   <trkpt lat="-2.6758370" lon="-42.9559440">
    <ele>43.0</ele>
    <time>2026-06-15T09:39:48Z</time>
     <extensions>
      <gpxtpx:TrackPointExtension>
       <gpxtpx:hr>124</gpxtpx:hr>
      </gpxtpx:TrackPointExtension>
     </extensions>
   </trkpt>
   <trkpt lat="-2.6757910" lon="-42.9559510">
    <ele>43.0</ele>
    <time>2026-06-15T09:39:53Z</time>
     <extensions>
      <gpxtpx:TrackPointExtension>
       <gpxtpx:hr>124</gpxtpx:hr>
      </gpxtpx:TrackPointExtension>
     </extensions>
   </trkpt>
   <trkpt lat="-2.6757410" lon="-42.9559620">
    <ele>42.8</ele>
    <time>2026-06-15T09:39:59Z</time>
     <extensions>
      <gpxtpx:TrackPointExtension>
       <gpxtpx:hr>124</gpxtpx:hr>
      </gpxtpx:TrackPointExtension>
     </extensions>
   </trkpt>
   <trkpt lat="-2.6756930" lon="-42.9559670">
    <ele>42.8</ele>
    <time>2026-06-15T09:40:04Z</time>
     <extensions>
      <gpxtpx:TrackPointExtension>
       <gpxtpx:hr>124</gpxtpx:hr>
      </gpxtpx:TrackPointExtension>
     </extensions>
   </trkpt>
   <trkpt lat="-2.6756460" lon="-42.9559680">
    <ele>42.8</ele>
    <time>2026-06-15T09:40:09Z</time>
     <extensions>
      <gpxtpx:TrackPointExtension>
       <gpxtpx:hr>122</gpxtpx:hr>
      </gpxtpx:TrackPointExtension>
     </extensions>
   </trkpt>
   <trkpt lat="-2.6755990" lon="-42.9559730">
    <ele>42.8</ele>
    <time>2026-06-15T09:40:14Z</time>
     <extensions>
      <gpxtpx:TrackPointExtension>
       <gpxtpx:hr>121</gpxtpx:hr>
      </gpxtpx:TrackPointExtension>
     </extensions>
   </trkpt>
   <trkpt lat="-2.6755490" lon="-42.9559790">
    <ele>43.0</ele>
    <time>2026-06-15T09:40:19Z</time>
     <extensions>
      <gpxtpx:TrackPointExtension>
       <gpxtpx:hr>121</gpxtpx:hr>
      </gpxtpx:TrackPointExtension>
     </extensions>
   </trkpt>
   <trkpt lat="-2.6755010" lon="-42.9559880">
    <ele>43.0</ele>
    <time>2026-06-15T09:40:24Z</time>
     <extensions>
      <gpxtpx:TrackPointExtension>
       <gpxtpx:hr>121</gpxtpx:hr>
      </gpxtpx:TrackPointExtension>
     </extensions>
   </trkpt>
   <trkpt lat="-2.6754520" lon="-42.9559960">
    <ele>43.0</ele>
    <time>2026-06-15T09:40:29Z</time>
     <extensions>
      <gpxtpx:TrackPointExtension>
       <gpxtpx:hr>122</gpxtpx:hr>
      </gpxtpx:TrackPointExtension>
     </extensions>
   </trkpt>
   <trkpt lat="-2.6754030" lon="-42.9560020">
    <ele>43.0</ele>
    <time>2026-06-15T09:40:34Z</time>
     <extensions>
      <gpxtpx:TrackPointExtension>
       <gpxtpx:hr>118</gpxtpx:hr>
      </gpxtpx:TrackPointExtension>
     </extensions>
   </trkpt>
   <trkpt lat="-2.6753550" lon="-42.9560050">
    <ele>43.2</ele>
    <time>2026-06-15T09:40:39Z</time>
     <extensions>
      <gpxtpx:TrackPointExtension>
       <gpxtpx:hr>126</gpxtpx:hr>
      </gpxtpx:TrackPointExtension>
     </extensions>
   </trkpt>
   <trkpt lat="-2.6753100" lon="-42.9560090">
    <ele>43.2</ele>
    <time>2026-06-15T09:40:44Z</time>
     <extensions>
      <gpxtpx:TrackPointExtension>
       <gpxtpx:hr>126</gpxtpx:hr>
      </gpxtpx:TrackPointExtension>
     </extensions>
   </trkpt>
   <trkpt lat="-2.6752660" lon="-42.9560220">
    <ele>43.2</ele>
    <time>2026-06-15T09:40:49Z</time>
     <extensions>
      <gpxtpx:TrackPointExtension>
       <gpxtpx:hr>125</gpxtpx:hr>
      </gpxtpx:TrackPointExtension>
     </extensions>
   </trkpt>
   <trkpt lat="-2.6752170" lon="-42.9560350">
    <ele>43.2</ele>
    <time>2026-06-15T09:40:54Z</time>
     <extensions>
      <gpxtpx:TrackPointExtension>
       <gpxtpx:hr>123</gpxtpx:hr>
      </gpxtpx:TrackPointExtension>
     </extensions>
   </trkpt>
   <trkpt lat="-2.6751740" lon="-42.9560550">
    <ele>43.2</ele>
    <time>2026-06-15T09:40:59Z</time>
     <extensions>
      <gpxtpx:TrackPointExtension>
       <gpxtpx:hr>123</gpxtpx:hr>
      </gpxtpx:TrackPointExtension>
     </extensions>
   </trkpt>
   <trkpt lat="-2.6751320" lon="-42.9560730">
    <ele>43.2</ele>
    <time>2026-06-15T09:41:04Z</time>
     <extensions>
      <gpxtpx:TrackPointExtension>
       <gpxtpx:hr>123</gpxtpx:hr>
      </gpxtpx:TrackPointExtension>
     </extensions>
   </trkpt>
   <trkpt lat="-2.6750840" lon="-42.9560820">
    <ele>43.4</ele>
    <time>2026-06-15T09:41:09Z</time>
     <extensions>
      <gpxtpx:TrackPointExtension>
       <gpxtpx:hr>123</gpxtpx:hr>
      </gpxtpx:TrackPointExtension>
     </extensions>
   </trkpt>
   <trkpt lat="-2.6750410" lon="-42.9560900">
    <ele>43.6</ele>
    <time>2026-06-15T09:41:14Z</time>
     <extensions>
      <gpxtpx:TrackPointExtension>
       <gpxtpx:hr>122</gpxtpx:hr>
      </gpxtpx:TrackPointExtension>
     </extensions>
   </trkpt>
   <trkpt lat="-2.6750060" lon="-42.9561090">
    <ele>44.0</ele>
    <time>2026-06-15T09:41:19Z</time>
     <extensions>
      <gpxtpx:TrackPointExtension>
       <gpxtpx:hr>122</gpxtpx:hr>
      </gpxtpx:TrackPointExtension>
     </extensions>
   </trkpt>
   <trkpt lat="-2.6749720" lon="-42.9561310">
    <ele>44.2</ele>
    <time>2026-06-15T09:41:24Z</time>
     <extensions>
      <gpxtpx:TrackPointExtension>
       <gpxtpx:hr>129</gpxtpx:hr>
      </gpxtpx:TrackPointExtension>
     </extensions>
   </trkpt>
   <trkpt lat="-2.6749350" lon="-42.9561580">
    <ele>44.2</ele>
    <time>2026-06-15T09:41:29Z</time>
     <extensions>
      <gpxtpx:TrackPointExtension>
       <gpxtpx:hr>132</gpxtpx:hr>
      </gpxtpx:TrackPointExtension>
     </extensions>
   </trkpt>
   <trkpt lat="-2.6749000" lon="-42.9561880">
    <ele>44.2</ele>
    <time>2026-06-15T09:41:34Z</time>
     <extensions>
      <gpxtpx:TrackPointExtension>
       <gpxtpx:hr>132</gpxtpx:hr>
      </gpxtpx:TrackPointExtension>
     </extensions>
   </trkpt>
   <trkpt lat="-2.6748630" lon="-42.9562240">
    <ele>44.0</ele>
    <time>2026-06-15T09:41:39Z</time>
     <extensions>
      <gpxtpx:TrackPointExtension>
       <gpxtpx:hr>127</gpxtpx:hr>
      </gpxtpx:TrackPointExtension>
     </extensions>
   </trkpt>
   <trkpt lat="-2.6748260" lon="-42.9562560">
    <ele>43.8</ele>
    <time>2026-06-15T09:41:44Z</time>
     <extensions>
      <gpxtpx:TrackPointExtension>
       <gpxtpx:hr>124</gpxtpx:hr>
      </gpxtpx:TrackPointExtension>
     </extensions>
   </trkpt>
   <trkpt lat="-2.6747820" lon="-42.9562870">
    <ele>43.4</ele>
    <time>2026-06-15T09:41:49Z</time>
     <extensions>
      <gpxtpx:TrackPointExtension>
       <gpxtpx:hr>124</gpxtpx:hr>
      </gpxtpx:TrackPointExtension>
     </extensions>
   </trkpt>
   <trkpt lat="-2.6747460" lon="-42.9563240">
    <ele>43.0</ele>
    <time>2026-06-15T09:41:54Z</time>
     <extensions>
      <gpxtpx:TrackPointExtension>
       <gpxtpx:hr>122</gpxtpx:hr>
      </gpxtpx:TrackPointExtension>
     </extensions>
   </trkpt>
   <trkpt lat="-2.6747150" lon="-42.9563720">
    <ele>42.6</ele>
    <time>2026-06-15T09:41:59Z</time>
     <extensions>
      <gpxtpx:TrackPointExtension>
       <gpxtpx:hr>121</gpxtpx:hr>
      </gpxtpx:TrackPointExtension>
     </extensions>
   </trkpt>
   <trkpt lat="-2.6746840" lon="-42.9564160">
    <ele>42.4</ele>
    <time>2026-06-15T09:42:04Z</time>
     <extensions>
      <gpxtpx:TrackPointExtension>
       <gpxtpx:hr>116</gpxtpx:hr>
      </gpxtpx:TrackPointExtension>
     </extensions>
   </trkpt>
   <trkpt lat="-2.6746600" lon="-42.9564630">
    <ele>42.0</ele>
    <time>2026-06-15T09:42:09Z</time>
     <extensions>
      <gpxtpx:TrackPointExtension>
       <gpxtpx:hr>117</gpxtpx:hr>
      </gpxtpx:TrackPointExtension>
     </extensions>
   </trkpt>
   <trkpt lat="-2.6746420" lon="-42.9565100">
    <ele>41.6</ele>
    <time>2026-06-15T09:42:14Z</time>
     <extensions>
      <gpxtpx:TrackPointExtension>
       <gpxtpx:hr>117</gpxtpx:hr>
      </gpxtpx:TrackPointExtension>
     </extensions>
   </trkpt>
   <trkpt lat="-2.6746230" lon="-42.9565630">
    <ele>41.2</ele>
    <time>2026-06-15T09:42:19Z</time>
     <extensions>
      <gpxtpx:TrackPointExtension>
       <gpxtpx:hr>117</gpxtpx:hr>
      </gpxtpx:TrackPointExtension>
     </extensions>
   </trkpt>
   <trkpt lat="-2.6746110" lon="-42.9566120">
    <ele>40.8</ele>
    <time>2026-06-15T09:42:24Z</time>
     <extensions>
      <gpxtpx:TrackPointExtension>
       <gpxtpx:hr>116</gpxtpx:hr>
      </gpxtpx:TrackPointExtension>
     </extensions>
   </trkpt>
   <trkpt lat="-2.6745960" lon="-42.9566590">
    <ele>40.6</ele>
    <time>2026-06-15T09:42:29Z</time>
     <extensions>
      <gpxtpx:TrackPointExtension>
       <gpxtpx:hr>116</gpxtpx:hr>
      </gpxtpx:TrackPointExtension>
     </extensions>
   </trkpt>
   <trkpt lat="-2.6745930" lon="-42.9567090">
    <ele>40.4</ele>
    <time>2026-06-15T09:42:34Z</time>
     <extensions>
      <gpxtpx:TrackPointExtension>
       <gpxtpx:hr>120</gpxtpx:hr>
      </gpxtpx:TrackPointExtension>
     </extensions>
   </trkpt>
   <trkpt lat="-2.6745890" lon="-42.9567600">
    <ele>40.2</ele>
    <time>2026-06-15T09:42:39Z</time>
     <extensions>
      <gpxtpx:TrackPointExtension>
       <gpxtpx:hr>112</gpxtpx:hr>
      </gpxtpx:TrackPointExtension>
     </extensions>
   </trkpt>
   <trkpt lat="-2.6745870" lon="-42.9568080">
    <ele>40.2</ele>
    <time>2026-06-15T09:42:44Z</time>
     <extensions>
      <gpxtpx:TrackPointExtension>
       <gpxtpx:hr>113</gpxtpx:hr>
      </gpxtpx:TrackPointExtension>
     </extensions>
   </trkpt>
   <trkpt lat="-2.6745900" lon="-42.9568610">
    <ele>40.2</ele>
    <time>2026-06-15T09:42:49Z</time>
     <extensions>
      <gpxtpx:TrackPointExtension>
       <gpxtpx:hr>112</gpxtpx:hr>
      </gpxtpx:TrackPointExtension>
     </extensions>
   </trkpt>
   <trkpt lat="-2.6745980" lon="-42.9569130">
    <ele>40.2</ele>
    <time>2026-06-15T09:42:54Z</time>
     <extensions>
      <gpxtpx:TrackPointExtension>
       <gpxtpx:hr>113</gpxtpx:hr>
      </gpxtpx:TrackPointExtension>
     </extensions>
   </trkpt>
   <trkpt lat="-2.6746050" lon="-42.9569690">
    <ele>40.4</ele>
    <time>2026-06-15T09:42:59Z</time>
     <extensions>
      <gpxtpx:TrackPointExtension>
       <gpxtpx:hr>113</gpxtpx:hr>
      </gpxtpx:TrackPointExtension>
     </extensions>
   </trkpt>
   <trkpt lat="-2.6746040" lon="-42.9570200">
    <ele>40.6</ele>
    <time>2026-06-15T09:43:04Z</time>
     <extensions>
      <gpxtpx:TrackPointExtension>
       <gpxtpx:hr>119</gpxtpx:hr>
      </gpxtpx:TrackPointExtension>
     </extensions>
   </trkpt>
   <trkpt lat="-2.6746020" lon="-42.9570670">
    <ele>40.8</ele>
    <time>2026-06-15T09:43:09Z</time>
     <extensions>
      <gpxtpx:TrackPointExtension>
       <gpxtpx:hr>122</gpxtpx:hr>
      </gpxtpx:TrackPointExtension>
     </extensions>
   </trkpt>
   <trkpt lat="-2.6746110" lon="-42.9571120">
    <ele>41.0</ele>
    <time>2026-06-15T09:43:14Z</time>
     <extensions>
      <gpxtpx:TrackPointExtension>
       <gpxtpx:hr>123</gpxtpx:hr>
      </gpxtpx:TrackPointExtension>
     </extensions>
   </trkpt>
   <trkpt lat="-2.6746190" lon="-42.9571580">
    <ele>41.2</ele>
    <time>2026-06-15T09:43:19Z</time>
     <extensions>
      <gpxtpx:TrackPointExtension>
       <gpxtpx:hr>121</gpxtpx:hr>
      </gpxtpx:TrackPointExtension>
     </extensions>
   </trkpt>
   <trkpt lat="-2.6746250" lon="-42.9572070">
    <ele>41.4</ele>
    <time>2026-06-15T09:43:24Z</time>
     <extensions>
      <gpxtpx:TrackPointExtension>
       <gpxtpx:hr>120</gpxtpx:hr>
      </gpxtpx:TrackPointExtension>
     </extensions>
   </trkpt>
   <trkpt lat="-2.6746280" lon="-42.9572540">
    <ele>41.4</ele>
    <time>2026-06-15T09:43:29Z</time>
     <extensions>
      <gpxtpx:TrackPointExtension>
       <gpxtpx:hr>120</gpxtpx:hr>
      </gpxtpx:TrackPointExtension>
     </extensions>
   </trkpt>
   <trkpt lat="-2.6746290" lon="-42.9572950">
    <ele>41.6</ele>
    <time>2026-06-15T09:43:34Z</time>
     <extensions>
      <gpxtpx:TrackPointExtension>
       <gpxtpx:hr>120</gpxtpx:hr>
      </gpxtpx:TrackPointExtension>
     </extensions>
   </trkpt>
   <trkpt lat="-2.6746310" lon="-42.9573500">
    <ele>41.6</ele>
    <time>2026-06-15T09:43:39Z</time>
     <extensions>
      <gpxtpx:TrackPointExtension>
       <gpxtpx:hr>122</gpxtpx:hr>
      </gpxtpx:TrackPointExtension>
     </extensions>
   </trkpt>
   <trkpt lat="-2.6746250" lon="-42.9573990">
    <ele>41.6</ele>
    <time>2026-06-15T09:43:44Z</time>
     <extensions>
      <gpxtpx:TrackPointExtension>
       <gpxtpx:hr>128</gpxtpx:hr>
      </gpxtpx:TrackPointExtension>
     </extensions>
   </trkpt>
   <trkpt lat="-2.6746260" lon="-42.9574510">
    <ele>41.6</ele>
    <time>2026-06-15T09:43:49Z</time>
     <extensions>
      <gpxtpx:TrackPointExtension>
       <gpxtpx:hr>127</gpxtpx:hr>
      </gpxtpx:TrackPointExtension>
     </extensions>
   </trkpt>
   <trkpt lat="-2.6746300" lon="-42.9574940">
    <ele>41.6</ele>
    <time>2026-06-15T09:43:54Z</time>
     <extensions>
      <gpxtpx:TrackPointExtension>
       <gpxtpx:hr>127</gpxtpx:hr>
      </gpxtpx:TrackPointExtension>
     </extensions>
   </trkpt>
   <trkpt lat="-2.6746330" lon="-42.9575420">
    <ele>41.4</ele>
    <time>2026-06-15T09:43:59Z</time>
     <extensions>
      <gpxtpx:TrackPointExtension>
       <gpxtpx:hr>119</gpxtpx:hr>
      </gpxtpx:TrackPointExtension>
     </extensions>
   </trkpt>
   <trkpt lat="-2.6746420" lon="-42.9575870">
    <ele>41.2</ele>
    <time>2026-06-15T09:44:04Z</time>
     <extensions>
      <gpxtpx:TrackPointExtension>
       <gpxtpx:hr>120</gpxtpx:hr>
      </gpxtpx:TrackPointExtension>
     </extensions>
   </trkpt>
   <trkpt lat="-2.6746530" lon="-42.9576250">
    <ele>40.8</ele>
    <time>2026-06-15T09:44:09Z</time>
     <extensions>
      <gpxtpx:TrackPointExtension>
       <gpxtpx:hr>119</gpxtpx:hr>
      </gpxtpx:TrackPointExtension>
     </extensions>
   </trkpt>
   <trkpt lat="-2.6746820" lon="-42.9576730">
    <ele>40.4</ele>
    <time>2026-06-15T09:44:14Z</time>
     <extensions>
      <gpxtpx:TrackPointExtension>
       <gpxtpx:hr>116</gpxtpx:hr>
      </gpxtpx:TrackPointExtension>
     </extensions>
   </trkpt>
   <trkpt lat="-2.6746960" lon="-42.9577210">
    <ele>40.2</ele>
    <time>2026-06-15T09:44:19Z</time>
     <extensions>
      <gpxtpx:TrackPointExtension>
       <gpxtpx:hr>116</gpxtpx:hr>
      </gpxtpx:TrackPointExtension>
     </extensions>
   </trkpt>
   <trkpt lat="-2.6746990" lon="-42.9577630">
    <ele>40.0</ele>
    <time>2026-06-15T09:44:24Z</time>
     <extensions>
      <gpxtpx:TrackPointExtension>
       <gpxtpx:hr>117</gpxtpx:hr>
      </gpxtpx:TrackPointExtension>
     </extensions>
   </trkpt>
   <trkpt lat="-2.6746920" lon="-42.9578050">
    <ele>39.6</ele>
    <time>2026-06-15T09:44:29Z</time>
     <extensions>
      <gpxtpx:TrackPointExtension>
       <gpxtpx:hr>113</gpxtpx:hr>
      </gpxtpx:TrackPointExtension>
     </extensions>
   </trkpt>
   <trkpt lat="-2.6746820" lon="-42.9578590">
    <ele>38.6</ele>
    <time>2026-06-15T09:44:34Z</time>
     <extensions>
      <gpxtpx:TrackPointExtension>
       <gpxtpx:hr>115</gpxtpx:hr>
      </gpxtpx:TrackPointExtension>
     </extensions>
   </trkpt>
   <trkpt lat="-2.6746680" lon="-42.9579030">
    <ele>37.8</ele>
    <time>2026-06-15T09:44:40Z</time>
     <extensions>
      <gpxtpx:TrackPointExtension>
       <gpxtpx:hr>115</gpxtpx:hr>
      </gpxtpx:TrackPointExtension>
     </extensions>
   </trkpt>
   <trkpt lat="-2.6746480" lon="-42.9579560">
    <ele>37.0</ele>
    <time>2026-06-15T09:44:45Z</time>
     <extensions>
      <gpxtpx:TrackPointExtension>
       <gpxtpx:hr>118</gpxtpx:hr>
      </gpxtpx:TrackPointExtension>
     </extensions>
   </trkpt>
   <trkpt lat="-2.6746360" lon="-42.9580010">
    <ele>36.6</ele>
    <time>2026-06-15T09:44:50Z</time>
     <extensions>
      <gpxtpx:TrackPointExtension>
       <gpxtpx:hr>116</gpxtpx:hr>
      </gpxtpx:TrackPointExtension>
     </extensions>
   </trkpt>
   <trkpt lat="-2.6746190" lon="-42.9580450">
    <ele>36.4</ele>
    <time>2026-06-15T09:44:55Z</time>
     <extensions>
      <gpxtpx:TrackPointExtension>
       <gpxtpx:hr>116</gpxtpx:hr>
      </gpxtpx:TrackPointExtension>
     </extensions>
   </trkpt>
   <trkpt lat="-2.6746000" lon="-42.9580870">
    <ele>36.8</ele>
    <time>2026-06-15T09:45:00Z</time>
     <extensions>
      <gpxtpx:TrackPointExtension>
       <gpxtpx:hr>116</gpxtpx:hr>
      </gpxtpx:TrackPointExtension>
     </extensions>
   </trkpt>
   <trkpt lat="-2.6745820" lon="-42.9581210">
    <ele>37.4</ele>
    <time>2026-06-15T09:45:05Z</time>
     <extensions>
      <gpxtpx:TrackPointExtension>
       <gpxtpx:hr>121</gpxtpx:hr>
      </gpxtpx:TrackPointExtension>
     </extensions>
   </trkpt>
   <trkpt lat="-2.6745680" lon="-42.9581560">
    <ele>38.2</ele>
    <time>2026-06-15T09:45:10Z</time>
     <extensions>
      <gpxtpx:TrackPointExtension>
       <gpxtpx:hr>121</gpxtpx:hr>
      </gpxtpx:TrackPointExtension>
     </extensions>
   </trkpt>
   <trkpt lat="-2.6745520" lon="-42.9581950">
    <ele>39.0</ele>
    <time>2026-06-15T09:45:15Z</time>
     <extensions>
      <gpxtpx:TrackPointExtension>
       <gpxtpx:hr>135</gpxtpx:hr>
      </gpxtpx:TrackPointExtension>
     </extensions>
   </trkpt>
   <trkpt lat="-2.6745370" lon="-42.9582330">
    <ele>40.0</ele>
    <time>2026-06-15T09:45:20Z</time>
     <extensions>
      <gpxtpx:TrackPointExtension>
       <gpxtpx:hr>135</gpxtpx:hr>
      </gpxtpx:TrackPointExtension>
     </extensions>
   </trkpt>
   <trkpt lat="-2.6745320" lon="-42.9582680">
    <ele>40.6</ele>
    <time>2026-06-15T09:45:25Z</time>
     <extensions>
      <gpxtpx:TrackPointExtension>
       <gpxtpx:hr>142</gpxtpx:hr>
      </gpxtpx:TrackPointExtension>
     </extensions>
   </trkpt>
   <trkpt lat="-2.6745350" lon="-42.9583120">
    <ele>41.2</ele>
    <time>2026-06-15T09:45:30Z</time>
     <extensions>
      <gpxtpx:TrackPointExtension>
       <gpxtpx:hr>141</gpxtpx:hr>
      </gpxtpx:TrackPointExtension>
     </extensions>
   </trkpt>
   <trkpt lat="-2.6745170" lon="-42.9583510">
    <ele>41.6</ele>
    <time>2026-06-15T09:45:35Z</time>
     <extensions>
      <gpxtpx:TrackPointExtension>
       <gpxtpx:hr>141</gpxtpx:hr>
      </gpxtpx:TrackPointExtension>
     </extensions>
   </trkpt>
   <trkpt lat="-2.6744950" lon="-42.9583870">
    <ele>42.0</ele>
    <time>2026-06-15T09:45:40Z</time>
     <extensions>
      <gpxtpx:TrackPointExtension>
       <gpxtpx:hr>147</gpxtpx:hr>
      </gpxtpx:TrackPointExtension>
     </extensions>
   </trkpt>
   <trkpt lat="-2.6744770" lon="-42.9584210">
    <ele>42.2</ele>
    <time>2026-06-15T09:45:45Z</time>
     <extensions>
      <gpxtpx:TrackPointExtension>
       <gpxtpx:hr>147</gpxtpx:hr>
      </gpxtpx:TrackPointExtension>
     </extensions>
   </trkpt>
   <trkpt lat="-2.6744740" lon="-42.9584440">
    <ele>42.2</ele>
    <time>2026-06-15T09:45:50Z</time>
     <extensions>
      <gpxtpx:TrackPointExtension>
       <gpxtpx:hr>142</gpxtpx:hr>
      </gpxtpx:TrackPointExtension>
     </extensions>
   </trkpt>
   <trkpt lat="-2.6744780" lon="-42.9584480">
    <ele>42.2</ele>
    <time>2026-06-15T09:45:55Z</time>
     <extensions>
      <gpxtpx:TrackPointExtension>
       <gpxtpx:hr>141</gpxtpx:hr>
      </gpxtpx:TrackPointExtension>
     </extensions>
   </trkpt>
   <trkpt lat="-2.6744780" lon="-42.9584490">
    <ele>42.4</ele>
    <time>2026-06-15T09:46:00Z</time>
     <extensions>
      <gpxtpx:TrackPointExtension>
       <gpxtpx:hr>137</gpxtpx:hr>
      </gpxtpx:TrackPointExtension>
     </extensions>
   </trkpt>
   <trkpt lat="-2.6744700" lon="-42.9584570">
    <ele>42.4</ele>
    <time>2026-06-15T09:46:05Z</time>
     <extensions>
      <gpxtpx:TrackPointExtension>
       <gpxtpx:hr>131</gpxtpx:hr>
      </gpxtpx:TrackPointExtension>
     </extensions>
   </trkpt>
   <trkpt lat="-2.6744430" lon="-42.9584660">
    <ele>42.2</ele>
    <time>2026-06-15T09:46:10Z</time>
     <extensions>
      <gpxtpx:TrackPointExtension>
       <gpxtpx:hr>131</gpxtpx:hr>
      </gpxtpx:TrackPointExtension>
     </extensions>
   </trkpt>
   <trkpt lat="-2.6744170" lon="-42.9584640">
    <ele>42.6</ele>
    <time>2026-06-15T09:46:15Z</time>
     <extensions>
      <gpxtpx:TrackPointExtension>
       <gpxtpx:hr>131</gpxtpx:hr>
      </gpxtpx:TrackPointExtension>
     </extensions>
   </trkpt>
   <trkpt lat="-2.6743760" lon="-42.9584850">
    <ele>42.6</ele>
    <time>2026-06-15T09:46:20Z</time>
     <extensions>
      <gpxtpx:TrackPointExtension>
       <gpxtpx:hr>129</gpxtpx:hr>
      </gpxtpx:TrackPointExtension>
     </extensions>
   </trkpt>
   <trkpt lat="-2.6743400" lon="-42.9584940">
    <ele>42.6</ele>
    <time>2026-06-15T09:46:25Z</time>
     <extensions>
      <gpxtpx:TrackPointExtension>
       <gpxtpx:hr>127</gpxtpx:hr>
      </gpxtpx:TrackPointExtension>
     </extensions>
   </trkpt>
   <trkpt lat="-2.6742880" lon="-42.9584850">
    <ele>43.0</ele>
    <time>2026-06-15T09:46:30Z</time>
     <extensions>
      <gpxtpx:TrackPointExtension>
       <gpxtpx:hr>127</gpxtpx:hr>
      </gpxtpx:TrackPointExtension>
     </extensions>
   </trkpt>
   <trkpt lat="-2.6742370" lon="-42.9584660">
    <ele>43.4</ele>
    <time>2026-06-15T09:46:35Z</time>
     <extensions>
      <gpxtpx:TrackPointExtension>
       <gpxtpx:hr>120</gpxtpx:hr>
      </gpxtpx:TrackPointExtension>
     </extensions>
   </trkpt>
   <trkpt lat="-2.6741800" lon="-42.9584600">
    <ele>44.0</ele>
    <time>2026-06-15T09:46:40Z</time>
     <extensions>
      <gpxtpx:TrackPointExtension>
       <gpxtpx:hr>120</gpxtpx:hr>
      </gpxtpx:TrackPointExtension>
     </extensions>
   </trkpt>
   <trkpt lat="-2.6741300" lon="-42.9584570">
    <ele>44.8</ele>
    <time>2026-06-15T09:46:45Z</time>
     <extensions>
      <gpxtpx:TrackPointExtension>
       <gpxtpx:hr>120</gpxtpx:hr>
      </gpxtpx:TrackPointExtension>
     </extensions>
   </trkpt>
   <trkpt lat="-2.6740790" lon="-42.9584620">
    <ele>45.6</ele>
    <time>2026-06-15T09:46:50Z</time>
     <extensions>
      <gpxtpx:TrackPointExtension>
       <gpxtpx:hr>134</gpxtpx:hr>
      </gpxtpx:TrackPointExtension>
     </extensions>
   </trkpt>
   <trkpt lat="-2.6740280" lon="-42.9584700">
    <ele>46.2</ele>
    <time>2026-06-15T09:46:55Z</time>
     <extensions>
      <gpxtpx:TrackPointExtension>
       <gpxtpx:hr>134</gpxtpx:hr>
      </gpxtpx:TrackPointExtension>
     </extensions>
   </trkpt>
   <trkpt lat="-2.6739820" lon="-42.9584810">
    <ele>46.8</ele>
    <time>2026-06-15T09:47:00Z</time>
     <extensions>
      <gpxtpx:TrackPointExtension>
       <gpxtpx:hr>135</gpxtpx:hr>
      </gpxtpx:TrackPointExtension>
     </extensions>
   </trkpt>
   <trkpt lat="-2.6739370" lon="-42.9584980">
    <ele>47.0</ele>
    <time>2026-06-15T09:47:05Z</time>
     <extensions>
      <gpxtpx:TrackPointExtension>
       <gpxtpx:hr>132</gpxtpx:hr>
      </gpxtpx:TrackPointExtension>
     </extensions>
   </trkpt>
   <trkpt lat="-2.6738880" lon="-42.9585120">
    <ele>47.0</ele>
    <time>2026-06-15T09:47:10Z</time>
     <extensions>
      <gpxtpx:TrackPointExtension>
       <gpxtpx:hr>132</gpxtpx:hr>
      </gpxtpx:TrackPointExtension>
     </extensions>
   </trkpt>
   <trkpt lat="-2.6738500" lon="-42.9585350">
    <ele>45.2</ele>
    <time>2026-06-15T09:47:15Z</time>
     <extensions>
      <gpxtpx:TrackPointExtension>
       <gpxtpx:hr>134</gpxtpx:hr>
      </gpxtpx:TrackPointExtension>
     </extensions>
   </trkpt>
   <trkpt lat="-2.6737170" lon="-42.9586170">
    <ele>50.2</ele>
    <time>2026-06-15T09:54:06Z</time>
     <extensions>
      <gpxtpx:TrackPointExtension>
       <gpxtpx:hr>134</gpxtpx:hr>
      </gpxtpx:TrackPointExtension>
     </extensions>
   </trkpt>
   <trkpt lat="-2.6736420" lon="-42.9586590">
    <ele>48.0</ele>
    <time>2026-06-15T09:54:13Z</time>
     <extensions>
      <gpxtpx:TrackPointExtension>
       <gpxtpx:hr>119</gpxtpx:hr>
      </gpxtpx:TrackPointExtension>
     </extensions>
   </trkpt>
   <trkpt lat="-2.6735940" lon="-42.9586790">
    <ele>47.4</ele>
    <time>2026-06-15T09:54:18Z</time>
     <extensions>
      <gpxtpx:TrackPointExtension>
       <gpxtpx:hr>117</gpxtpx:hr>
      </gpxtpx:TrackPointExtension>
     </extensions>
   </trkpt>
   <trkpt lat="-2.6735550" lon="-42.9587020">
    <ele>47.2</ele>
    <time>2026-06-15T09:54:23Z</time>
     <extensions>
      <gpxtpx:TrackPointExtension>
       <gpxtpx:hr>117</gpxtpx:hr>
      </gpxtpx:TrackPointExtension>
     </extensions>
   </trkpt>
   <trkpt lat="-2.6735170" lon="-42.9587340">
    <ele>47.0</ele>
    <time>2026-06-15T09:54:28Z</time>
     <extensions>
      <gpxtpx:TrackPointExtension>
       <gpxtpx:hr>119</gpxtpx:hr>
      </gpxtpx:TrackPointExtension>
     </extensions>
   </trkpt>
   <trkpt lat="-2.6734880" lon="-42.9587640">
    <ele>46.8</ele>
    <time>2026-06-15T09:54:33Z</time>
     <extensions>
      <gpxtpx:TrackPointExtension>
       <gpxtpx:hr>123</gpxtpx:hr>
      </gpxtpx:TrackPointExtension>
     </extensions>
   </trkpt>
   <trkpt lat="-2.6734610" lon="-42.9587870">
    <ele>46.4</ele>
    <time>2026-06-15T09:54:38Z</time>
     <extensions>
      <gpxtpx:TrackPointExtension>
       <gpxtpx:hr>119</gpxtpx:hr>
      </gpxtpx:TrackPointExtension>
     </extensions>
   </trkpt>
   <trkpt lat="-2.6734410" lon="-42.9588230">
    <ele>46.2</ele>
    <time>2026-06-15T09:54:43Z</time>
     <extensions>
      <gpxtpx:TrackPointExtension>
       <gpxtpx:hr>120</gpxtpx:hr>
      </gpxtpx:TrackPointExtension>
     </extensions>
   </trkpt>
   <trkpt lat="-2.6734030" lon="-42.9588590">
    <ele>45.8</ele>
    <time>2026-06-15T09:54:48Z</time>
     <extensions>
      <gpxtpx:TrackPointExtension>
       <gpxtpx:hr>120</gpxtpx:hr>
      </gpxtpx:TrackPointExtension>
     </extensions>
   </trkpt>
   <trkpt lat="-2.6733650" lon="-42.9588900">
    <ele>45.6</ele>
    <time>2026-06-15T09:54:53Z</time>
     <extensions>
      <gpxtpx:TrackPointExtension>
       <gpxtpx:hr>117</gpxtpx:hr>
      </gpxtpx:TrackPointExtension>
     </extensions>
   </trkpt>
   <trkpt lat="-2.6733310" lon="-42.9589150">
    <ele>45.2</ele>
    <time>2026-06-15T09:54:58Z</time>
     <extensions>
      <gpxtpx:TrackPointExtension>
       <gpxtpx:hr>112</gpxtpx:hr>
      </gpxtpx:TrackPointExtension>
     </extensions>
   </trkpt>
   <trkpt lat="-2.6733200" lon="-42.9589220">
    <ele>45.0</ele>
    <time>2026-06-15T09:55:03Z</time>
     <extensions>
      <gpxtpx:TrackPointExtension>
       <gpxtpx:hr>112</gpxtpx:hr>
      </gpxtpx:TrackPointExtension>
     </extensions>
   </trkpt>
   <trkpt lat="-2.6733000" lon="-42.9589490">
    <ele>44.6</ele>
    <time>2026-06-15T09:55:08Z</time>
     <extensions>
      <gpxtpx:TrackPointExtension>
       <gpxtpx:hr>114</gpxtpx:hr>
      </gpxtpx:TrackPointExtension>
     </extensions>
   </trkpt>
   <trkpt lat="-2.6732600" lon="-42.9589810">
    <ele>44.0</ele>
    <time>2026-06-15T09:55:13Z</time>
     <extensions>
      <gpxtpx:TrackPointExtension>
       <gpxtpx:hr>113</gpxtpx:hr>
      </gpxtpx:TrackPointExtension>
     </extensions>
   </trkpt>
   <trkpt lat="-2.6732250" lon="-42.9590190">
    <ele>43.4</ele>
    <time>2026-06-15T09:55:18Z</time>
     <extensions>
      <gpxtpx:TrackPointExtension>
       <gpxtpx:hr>113</gpxtpx:hr>
      </gpxtpx:TrackPointExtension>
     </extensions>
   </trkpt>
   <trkpt lat="-2.6731940" lon="-42.9590480">
    <ele>43.4</ele>
    <time>2026-06-15T09:55:23Z</time>
     <extensions>
      <gpxtpx:TrackPointExtension>
       <gpxtpx:hr>111</gpxtpx:hr>
      </gpxtpx:TrackPointExtension>
     </extensions>
   </trkpt>
   <trkpt lat="-2.6731580" lon="-42.9590730">
    <ele>43.8</ele>
    <time>2026-06-15T09:55:28Z</time>
     <extensions>
      <gpxtpx:TrackPointExtension>
       <gpxtpx:hr>108</gpxtpx:hr>
      </gpxtpx:TrackPointExtension>
     </extensions>
   </trkpt>
   <trkpt lat="-2.6731140" lon="-42.9590980">
    <ele>44.2</ele>
    <time>2026-06-15T09:55:33Z</time>
     <extensions>
      <gpxtpx:TrackPointExtension>
       <gpxtpx:hr>110</gpxtpx:hr>
      </gpxtpx:TrackPointExtension>
     </extensions>
   </trkpt>
   <trkpt lat="-2.6730770" lon="-42.9591290">
    <ele>44.6</ele>
    <time>2026-06-15T09:55:38Z</time>
     <extensions>
      <gpxtpx:TrackPointExtension>
       <gpxtpx:hr>108</gpxtpx:hr>
      </gpxtpx:TrackPointExtension>
     </extensions>
   </trkpt>
   <trkpt lat="-2.6730520" lon="-42.9591600">
    <ele>44.8</ele>
    <time>2026-06-15T09:55:43Z</time>
     <extensions>
      <gpxtpx:TrackPointExtension>
       <gpxtpx:hr>108</gpxtpx:hr>
      </gpxtpx:TrackPointExtension>
     </extensions>
   </trkpt>
   <trkpt lat="-2.6730230" lon="-42.9591930">
    <ele>44.4</ele>
    <time>2026-06-15T09:55:48Z</time>
     <extensions>
      <gpxtpx:TrackPointExtension>
       <gpxtpx:hr>109</gpxtpx:hr>
      </gpxtpx:TrackPointExtension>
     </extensions>
   </trkpt>
   <trkpt lat="-2.6729870" lon="-42.9592320">
    <ele>43.8</ele>
    <time>2026-06-15T09:55:53Z</time>
     <extensions>
      <gpxtpx:TrackPointExtension>
       <gpxtpx:hr>110</gpxtpx:hr>
      </gpxtpx:TrackPointExtension>
     </extensions>
   </trkpt>
   <trkpt lat="-2.6729570" lon="-42.9592630">
    <ele>43.2</ele>
    <time>2026-06-15T09:55:58Z</time>
     <extensions>
      <gpxtpx:TrackPointExtension>
       <gpxtpx:hr>111</gpxtpx:hr>
      </gpxtpx:TrackPointExtension>
     </extensions>
   </trkpt>
   <trkpt lat="-2.6729230" lon="-42.9592850">
    <ele>42.8</ele>
    <time>2026-06-15T09:56:03Z</time>
     <extensions>
      <gpxtpx:TrackPointExtension>
       <gpxtpx:hr>112</gpxtpx:hr>
      </gpxtpx:TrackPointExtension>
     </extensions>
   </trkpt>
   <trkpt lat="-2.6728990" lon="-42.9593090">
    <ele>42.8</ele>
    <time>2026-06-15T09:56:08Z</time>
     <extensions>
      <gpxtpx:TrackPointExtension>
       <gpxtpx:hr>113</gpxtpx:hr>
      </gpxtpx:TrackPointExtension>
     </extensions>
   </trkpt>
   <trkpt lat="-2.6729030" lon="-42.9593230">
    <ele>42.8</ele>
    <time>2026-06-15T09:56:13Z</time>
     <extensions>
      <gpxtpx:TrackPointExtension>
       <gpxtpx:hr>113</gpxtpx:hr>
      </gpxtpx:TrackPointExtension>
     </extensions>
   </trkpt>
   <trkpt lat="-2.6728860" lon="-42.9593360">
    <ele>42.8</ele>
    <time>2026-06-15T09:56:19Z</time>
     <extensions>
      <gpxtpx:TrackPointExtension>
       <gpxtpx:hr>112</gpxtpx:hr>
      </gpxtpx:TrackPointExtension>
     </extensions>
   </trkpt>
   <trkpt lat="-2.6728560" lon="-42.9593140">
    <ele>43.0</ele>
    <time>2026-06-15T09:56:24Z</time>
     <extensions>
      <gpxtpx:TrackPointExtension>
       <gpxtpx:hr>115</gpxtpx:hr>
      </gpxtpx:TrackPointExtension>
     </extensions>
   </trkpt>
   <trkpt lat="-2.6728490" lon="-42.9593190">
    <ele>43.2</ele>
    <time>2026-06-15T09:56:29Z</time>
     <extensions>
      <gpxtpx:TrackPointExtension>
       <gpxtpx:hr>109</gpxtpx:hr>
      </gpxtpx:TrackPointExtension>
     </extensions>
   </trkpt>
   <trkpt lat="-2.6728230" lon="-42.9593360">
    <ele>43.0</ele>
    <time>2026-06-15T09:56:34Z</time>
     <extensions>
      <gpxtpx:TrackPointExtension>
       <gpxtpx:hr>109</gpxtpx:hr>
      </gpxtpx:TrackPointExtension>
     </extensions>
   </trkpt>
   <trkpt lat="-2.6727860" lon="-42.9593640">
    <ele>42.2</ele>
    <time>2026-06-15T09:56:39Z</time>
     <extensions>
      <gpxtpx:TrackPointExtension>
       <gpxtpx:hr>108</gpxtpx:hr>
      </gpxtpx:TrackPointExtension>
     </extensions>
   </trkpt>
   <trkpt lat="-2.6727580" lon="-42.9593830">
    <ele>41.0</ele>
    <time>2026-06-15T09:56:44Z</time>
     <extensions>
      <gpxtpx:TrackPointExtension>
       <gpxtpx:hr>110</gpxtpx:hr>
      </gpxtpx:TrackPointExtension>
     </extensions>
   </trkpt>
   <trkpt lat="-2.6727260" lon="-42.9594180">
    <ele>40.0</ele>
    <time>2026-06-15T09:56:49Z</time>
     <extensions>
      <gpxtpx:TrackPointExtension>
       <gpxtpx:hr>110</gpxtpx:hr>
      </gpxtpx:TrackPointExtension>
     </extensions>
   </trkpt>
   <trkpt lat="-2.6726990" lon="-42.9594550">
    <ele>39.0</ele>
    <time>2026-06-15T09:56:54Z</time>
     <extensions>
      <gpxtpx:TrackPointExtension>
       <gpxtpx:hr>117</gpxtpx:hr>
      </gpxtpx:TrackPointExtension>
     </extensions>
   </trkpt>
   <trkpt lat="-2.6726880" lon="-42.9594760">
    <ele>38.8</ele>
    <time>2026-06-15T09:56:59Z</time>
     <extensions>
      <gpxtpx:TrackPointExtension>
       <gpxtpx:hr>117</gpxtpx:hr>
      </gpxtpx:TrackPointExtension>
     </extensions>
   </trkpt>
   <trkpt lat="-2.6726720" lon="-42.9594990">
    <ele>39.0</ele>
    <time>2026-06-15T09:57:04Z</time>
     <extensions>
      <gpxtpx:TrackPointExtension>
       <gpxtpx:hr>115</gpxtpx:hr>
      </gpxtpx:TrackPointExtension>
     </extensions>
   </trkpt>
   <trkpt lat="-2.6726570" lon="-42.9595140">
    <ele>39.2</ele>
    <time>2026-06-15T09:57:10Z</time>
     <extensions>
      <gpxtpx:TrackPointExtension>
       <gpxtpx:hr>113</gpxtpx:hr>
      </gpxtpx:TrackPointExtension>
     </extensions>
   </trkpt>
   <trkpt lat="-2.6726560" lon="-42.9595150">
    <ele>39.2</ele>
    <time>2026-06-15T09:57:15Z</time>
     <extensions>
      <gpxtpx:TrackPointExtension>
       <gpxtpx:hr>113</gpxtpx:hr>
      </gpxtpx:TrackPointExtension>
     </extensions>
   </trkpt>
   <trkpt lat="-2.6726560" lon="-42.9595150">
    <ele>39.2</ele>
    <time>2026-06-15T09:57:20Z</time>
     <extensions>
      <gpxtpx:TrackPointExtension>
       <gpxtpx:hr>115</gpxtpx:hr>
      </gpxtpx:TrackPointExtension>
     </extensions>
   </trkpt>
   <trkpt lat="-2.6726550" lon="-42.9595160">
    <ele>39.2</ele>
    <time>2026-06-15T09:57:25Z</time>
     <extensions>
      <gpxtpx:TrackPointExtension>
       <gpxtpx:hr>117</gpxtpx:hr>
      </gpxtpx:TrackPointExtension>
     </extensions>
   </trkpt>
   <trkpt lat="-2.6726560" lon="-42.9595200">
    <ele>39.2</ele>
    <time>2026-06-15T09:57:30Z</time>
     <extensions>
      <gpxtpx:TrackPointExtension>
       <gpxtpx:hr>119</gpxtpx:hr>
      </gpxtpx:TrackPointExtension>
     </extensions>
   </trkpt>
   <trkpt lat="-2.6726540" lon="-42.9595240">
    <ele>39.2</ele>
    <time>2026-06-15T09:57:35Z</time>
     <extensions>
      <gpxtpx:TrackPointExtension>
       <gpxtpx:hr>117</gpxtpx:hr>
      </gpxtpx:TrackPointExtension>
     </extensions>
   </trkpt>
   <trkpt lat="-2.6726510" lon="-42.9595240">
    <ele>39.0</ele>
    <time>2026-06-15T09:57:40Z</time>
     <extensions>
      <gpxtpx:TrackPointExtension>
       <gpxtpx:hr>117</gpxtpx:hr>
      </gpxtpx:TrackPointExtension>
     </extensions>
   </trkpt>
   <trkpt lat="-2.6726540" lon="-42.9595220">
    <ele>38.8</ele>
    <time>2026-06-15T09:57:45Z</time>
     <extensions>
      <gpxtpx:TrackPointExtension>
       <gpxtpx:hr>115</gpxtpx:hr>
      </gpxtpx:TrackPointExtension>
     </extensions>
   </trkpt>
   <trkpt lat="-2.6726580" lon="-42.9595170">
    <ele>38.8</ele>
    <time>2026-06-15T09:57:50Z</time>
     <extensions>
      <gpxtpx:TrackPointExtension>
       <gpxtpx:hr>115</gpxtpx:hr>
      </gpxtpx:TrackPointExtension>
     </extensions>
   </trkpt>
   <trkpt lat="-2.6726550" lon="-42.9595160">
    <ele>38.8</ele>
    <time>2026-06-15T09:57:55Z</time>
     <extensions>
      <gpxtpx:TrackPointExtension>
       <gpxtpx:hr>117</gpxtpx:hr>
      </gpxtpx:TrackPointExtension>
     </extensions>
   </trkpt>
   <trkpt lat="-2.6726480" lon="-42.9595170">
    <ele>38.8</ele>
    <time>2026-06-15T09:58:00Z</time>
     <extensions>
      <gpxtpx:TrackPointExtension>
       <gpxtpx:hr>121</gpxtpx:hr>
      </gpxtpx:TrackPointExtension>
     </extensions>
   </trkpt>
   <trkpt lat="-2.6726510" lon="-42.9595140">
    <ele>38.6</ele>
    <time>2026-06-15T09:58:05Z</time>
     <extensions>
      <gpxtpx:TrackPointExtension>
       <gpxtpx:hr>121</gpxtpx:hr>
      </gpxtpx:TrackPointExtension>
     </extensions>
   </trkpt>
   <trkpt lat="-2.6726520" lon="-42.9595130">
    <ele>38.6</ele>
    <time>2026-06-15T09:58:10Z</time>
     <extensions>
      <gpxtpx:TrackPointExtension>
       <gpxtpx:hr>120</gpxtpx:hr>
      </gpxtpx:TrackPointExtension>
     </extensions>
   </trkpt>
   <trkpt lat="-2.6726510" lon="-42.9595160">
    <ele>38.6</ele>
    <time>2026-06-15T09:58:15Z</time>
     <extensions>
      <gpxtpx:TrackPointExtension>
       <gpxtpx:hr>118</gpxtpx:hr>
      </gpxtpx:TrackPointExtension>
     </extensions>
   </trkpt>
   <trkpt lat="-2.6726490" lon="-42.9595190">
    <ele>38.8</ele>
    <time>2026-06-15T09:58:20Z</time>
     <extensions>
      <gpxtpx:TrackPointExtension>
       <gpxtpx:hr>118</gpxtpx:hr>
      </gpxtpx:TrackPointExtension>
     </extensions>
   </trkpt>
   <trkpt lat="-2.6726510" lon="-42.9595220">
    <ele>38.8</ele>
    <time>2026-06-15T09:58:25Z</time>
     <extensions>
      <gpxtpx:TrackPointExtension>
       <gpxtpx:hr>116</gpxtpx:hr>
      </gpxtpx:TrackPointExtension>
     </extensions>
   </trkpt>
   <trkpt lat="-2.6726540" lon="-42.9595210">
    <ele>38.8</ele>
    <time>2026-06-15T09:58:30Z</time>
     <extensions>
      <gpxtpx:TrackPointExtension>
       <gpxtpx:hr>116</gpxtpx:hr>
      </gpxtpx:TrackPointExtension>
     </extensions>
   </trkpt>
   <trkpt lat="-2.6726540" lon="-42.9595210">
    <ele>38.8</ele>
    <time>2026-06-15T09:58:35Z</time>
     <extensions>
      <gpxtpx:TrackPointExtension>
       <gpxtpx:hr>121</gpxtpx:hr>
      </gpxtpx:TrackPointExtension>
     </extensions>
   </trkpt>
   <trkpt lat="-2.6726530" lon="-42.9595180">
    <ele>38.8</ele>
    <time>2026-06-15T09:58:40Z</time>
     <extensions>
      <gpxtpx:TrackPointExtension>
       <gpxtpx:hr>123</gpxtpx:hr>
      </gpxtpx:TrackPointExtension>
     </extensions>
   </trkpt>
   <trkpt lat="-2.6726530" lon="-42.9595120">
    <ele>38.8</ele>
    <time>2026-06-15T09:58:45Z</time>
     <extensions>
      <gpxtpx:TrackPointExtension>
       <gpxtpx:hr>124</gpxtpx:hr>
      </gpxtpx:TrackPointExtension>
     </extensions>
   </trkpt>
   <trkpt lat="-2.6726510" lon="-42.9595130">
    <ele>38.8</ele>
    <time>2026-06-15T09:58:50Z</time>
     <extensions>
      <gpxtpx:TrackPointExtension>
       <gpxtpx:hr>124</gpxtpx:hr>
      </gpxtpx:TrackPointExtension>
     </extensions>
   </trkpt>
   <trkpt lat="-2.6726510" lon="-42.9595160">
    <ele>38.8</ele>
    <time>2026-06-15T09:58:55Z</time>
     <extensions>
      <gpxtpx:TrackPointExtension>
       <gpxtpx:hr>123</gpxtpx:hr>
      </gpxtpx:TrackPointExtension>
     </extensions>
   </trkpt>
   <trkpt lat="-2.6726510" lon="-42.9595180">
    <ele>39.2</ele>
    <time>2026-06-15T09:59:00Z</time>
     <extensions>
      <gpxtpx:TrackPointExtension>
       <gpxtpx:hr>123</gpxtpx:hr>
      </gpxtpx:TrackPointExtension>
     </extensions>
   </trkpt>
   <trkpt lat="-2.6726520" lon="-42.9595360">
    <ele>39.6</ele>
    <time>2026-06-15T09:59:05Z</time>
     <extensions>
      <gpxtpx:TrackPointExtension>
       <gpxtpx:hr>123</gpxtpx:hr>
      </gpxtpx:TrackPointExtension>
     </extensions>
   </trkpt>
   <trkpt lat="-2.6726590" lon="-42.9595470">
    <ele>39.4</ele>
    <time>2026-06-15T09:59:10Z</time>
     <extensions>
      <gpxtpx:TrackPointExtension>
       <gpxtpx:hr>123</gpxtpx:hr>
      </gpxtpx:TrackPointExtension>
     </extensions>
   </trkpt>
   <trkpt lat="-2.6726640" lon="-42.9595650">
    <ele>38.8</ele>
    <time>2026-06-15T09:59:15Z</time>
     <extensions>
      <gpxtpx:TrackPointExtension>
       <gpxtpx:hr>121</gpxtpx:hr>
      </gpxtpx:TrackPointExtension>
     </extensions>
   </trkpt>
   <trkpt lat="-2.6726710" lon="-42.9595890">
    <ele>38.2</ele>
    <time>2026-06-15T09:59:20Z</time>
     <extensions>
      <gpxtpx:TrackPointExtension>
       <gpxtpx:hr>121</gpxtpx:hr>
      </gpxtpx:TrackPointExtension>
     </extensions>
   </trkpt>
   <trkpt lat="-2.6726800" lon="-42.9596120">
    <ele>37.8</ele>
    <time>2026-06-15T09:59:25Z</time>
     <extensions>
      <gpxtpx:TrackPointExtension>
       <gpxtpx:hr>126</gpxtpx:hr>
      </gpxtpx:TrackPointExtension>
     </extensions>
   </trkpt>
   <trkpt lat="-2.6726880" lon="-42.9596350">
    <ele>37.8</ele>
    <time>2026-06-15T09:59:30Z</time>
     <extensions>
      <gpxtpx:TrackPointExtension>
       <gpxtpx:hr>126</gpxtpx:hr>
      </gpxtpx:TrackPointExtension>
     </extensions>
   </trkpt>
   <trkpt lat="-2.6727000" lon="-42.9596570">
    <ele>37.8</ele>
    <time>2026-06-15T09:59:35Z</time>
     <extensions>
      <gpxtpx:TrackPointExtension>
       <gpxtpx:hr>123</gpxtpx:hr>
      </gpxtpx:TrackPointExtension>
     </extensions>
   </trkpt>
   <trkpt lat="-2.6727190" lon="-42.9596870">
    <ele>38.0</ele>
    <time>2026-06-15T09:59:40Z</time>
     <extensions>
      <gpxtpx:TrackPointExtension>
       <gpxtpx:hr>123</gpxtpx:hr>
      </gpxtpx:TrackPointExtension>
     </extensions>
   </trkpt>
   <trkpt lat="-2.6727420" lon="-42.9597180">
    <ele>38.0</ele>
    <time>2026-06-15T09:59:45Z</time>
     <extensions>
      <gpxtpx:TrackPointExtension>
       <gpxtpx:hr>124</gpxtpx:hr>
      </gpxtpx:TrackPointExtension>
     </extensions>
   </trkpt>
   <trkpt lat="-2.6727700" lon="-42.9597480">
    <ele>38.4</ele>
    <time>2026-06-15T09:59:50Z</time>
     <extensions>
      <gpxtpx:TrackPointExtension>
       <gpxtpx:hr>126</gpxtpx:hr>
      </gpxtpx:TrackPointExtension>
     </extensions>
   </trkpt>
   <trkpt lat="-2.6727890" lon="-42.9597640">
    <ele>38.8</ele>
    <time>2026-06-15T09:59:55Z</time>
     <extensions>
      <gpxtpx:TrackPointExtension>
       <gpxtpx:hr>126</gpxtpx:hr>
      </gpxtpx:TrackPointExtension>
     </extensions>
   </trkpt>
   <trkpt lat="-2.6727880" lon="-42.9597590">
    <ele>38.6</ele>
    <time>2026-06-15T10:00:00Z</time>
     <extensions>
      <gpxtpx:TrackPointExtension>
       <gpxtpx:hr>126</gpxtpx:hr>
      </gpxtpx:TrackPointExtension>
     </extensions>
   </trkpt>
   <trkpt lat="-2.6727840" lon="-42.9597550">
    <ele>38.2</ele>
    <time>2026-06-15T10:00:05Z</time>
     <extensions>
      <gpxtpx:TrackPointExtension>
       <gpxtpx:hr>126</gpxtpx:hr>
      </gpxtpx:TrackPointExtension>
     </extensions>
   </trkpt>
   <trkpt lat="-2.6727810" lon="-42.9597560">
    <ele>38.4</ele>
    <time>2026-06-15T10:00:10Z</time>
     <extensions>
      <gpxtpx:TrackPointExtension>
       <gpxtpx:hr>126</gpxtpx:hr>
      </gpxtpx:TrackPointExtension>
     </extensions>
   </trkpt>
   <trkpt lat="-2.6727780" lon="-42.9597580">
    <ele>39.4</ele>
    <time>2026-06-15T10:00:15Z</time>
     <extensions>
      <gpxtpx:TrackPointExtension>
       <gpxtpx:hr>126</gpxtpx:hr>
      </gpxtpx:TrackPointExtension>
     </extensions>
   </trkpt>
   <trkpt lat="-2.6727730" lon="-42.9597580">
    <ele>40.2</ele>
    <time>2026-06-15T10:00:20Z</time>
     <extensions>
      <gpxtpx:TrackPointExtension>
       <gpxtpx:hr>126</gpxtpx:hr>
      </gpxtpx:TrackPointExtension>
     </extensions>
   </trkpt>
   <trkpt lat="-2.6727670" lon="-42.9597590">
    <ele>40.8</ele>
    <time>2026-06-15T10:00:25Z</time>
     <extensions>
      <gpxtpx:TrackPointExtension>
       <gpxtpx:hr>126</gpxtpx:hr>
      </gpxtpx:TrackPointExtension>
     </extensions>
   </trkpt>
   <trkpt lat="-2.6727660" lon="-42.9597630">
    <ele>41.4</ele>
    <time>2026-06-15T10:00:30Z</time>
     <extensions>
      <gpxtpx:TrackPointExtension>
       <gpxtpx:hr>126</gpxtpx:hr>
      </gpxtpx:TrackPointExtension>
     </extensions>
   </trkpt>
   <trkpt lat="-2.6727640" lon="-42.9597620">
    <ele>41.8</ele>
    <time>2026-06-15T10:00:35Z</time>
     <extensions>
      <gpxtpx:TrackPointExtension>
       <gpxtpx:hr>126</gpxtpx:hr>
      </gpxtpx:TrackPointExtension>
     </extensions>
   </trkpt>
   <trkpt lat="-2.6727640" lon="-42.9597600">
    <ele>42.2</ele>
    <time>2026-06-15T10:00:40Z</time>
     <extensions>
      <gpxtpx:TrackPointExtension>
       <gpxtpx:hr>126</gpxtpx:hr>
      </gpxtpx:TrackPointExtension>
     </extensions>
   </trkpt>
   <trkpt lat="-2.6727650" lon="-42.9597600">
    <ele>42.2</ele>
    <time>2026-06-15T10:00:45Z</time>
     <extensions>
      <gpxtpx:TrackPointExtension>
       <gpxtpx:hr>126</gpxtpx:hr>
      </gpxtpx:TrackPointExtension>
     </extensions>
   </trkpt>
   <trkpt lat="-2.6727660" lon="-42.9597590">
    <ele>41.4</ele>
    <time>2026-06-15T10:00:50Z</time>
     <extensions>
      <gpxtpx:TrackPointExtension>
       <gpxtpx:hr>117</gpxtpx:hr>
      </gpxtpx:TrackPointExtension>
     </extensions>
   </trkpt>
   <trkpt lat="-2.6727650" lon="-42.9597590">
    <ele>39.2</ele>
    <time>2026-06-15T10:00:55Z</time>
     <extensions>
      <gpxtpx:TrackPointExtension>
       <gpxtpx:hr>120</gpxtpx:hr>
      </gpxtpx:TrackPointExtension>
     </extensions>
   </trkpt>
   <trkpt lat="-2.6727870" lon="-42.9597690">
    <ele>37.6</ele>
    <time>2026-06-15T10:03:30Z</time>
     <extensions>
      <gpxtpx:TrackPointExtension>
       <gpxtpx:hr>120</gpxtpx:hr>
      </gpxtpx:TrackPointExtension>
     </extensions>
   </trkpt>
   <trkpt lat="-2.6727970" lon="-42.9597860">
    <ele>36.8</ele>
    <time>2026-06-15T10:03:35Z</time>
     <extensions>
      <gpxtpx:TrackPointExtension>
       <gpxtpx:hr>112</gpxtpx:hr>
      </gpxtpx:TrackPointExtension>
     </extensions>
   </trkpt>
   <trkpt lat="-2.6727990" lon="-42.9597950">
    <ele>36.6</ele>
    <time>2026-06-15T10:03:40Z</time>
     <extensions>
      <gpxtpx:TrackPointExtension>
       <gpxtpx:hr>112</gpxtpx:hr>
      </gpxtpx:TrackPointExtension>
     </extensions>
   </trkpt>
   <trkpt lat="-2.6728100" lon="-42.9598200">
    <ele>36.6</ele>
    <time>2026-06-15T10:03:45Z</time>
     <extensions>
      <gpxtpx:TrackPointExtension>
       <gpxtpx:hr>118</gpxtpx:hr>
      </gpxtpx:TrackPointExtension>
     </extensions>
   </trkpt>
   <trkpt lat="-2.6728170" lon="-42.9598500">
    <ele>37.0</ele>
    <time>2026-06-15T10:03:50Z</time>
     <extensions>
      <gpxtpx:TrackPointExtension>
       <gpxtpx:hr>119</gpxtpx:hr>
      </gpxtpx:TrackPointExtension>
     </extensions>
   </trkpt>
   <trkpt lat="-2.6728290" lon="-42.9598840">
    <ele>37.6</ele>
    <time>2026-06-15T10:03:55Z</time>
     <extensions>
      <gpxtpx:TrackPointExtension>
       <gpxtpx:hr>119</gpxtpx:hr>
      </gpxtpx:TrackPointExtension>
     </extensions>
   </trkpt>
   <trkpt lat="-2.6728310" lon="-42.9599130">
    <ele>38.6</ele>
    <time>2026-06-15T10:04:00Z</time>
     <extensions>
      <gpxtpx:TrackPointExtension>
       <gpxtpx:hr>134</gpxtpx:hr>
      </gpxtpx:TrackPointExtension>
     </extensions>
   </trkpt>
   <trkpt lat="-2.6728360" lon="-42.9599670">
    <ele>39.6</ele>
    <time>2026-06-15T10:04:05Z</time>
     <extensions>
      <gpxtpx:TrackPointExtension>
       <gpxtpx:hr>135</gpxtpx:hr>
      </gpxtpx:TrackPointExtension>
     </extensions>
   </trkpt>
   <trkpt lat="-2.6728500" lon="-42.9599980">
    <ele>40.6</ele>
    <time>2026-06-15T10:04:10Z</time>
     <extensions>
      <gpxtpx:TrackPointExtension>
       <gpxtpx:hr>135</gpxtpx:hr>
      </gpxtpx:TrackPointExtension>
     </extensions>
   </trkpt>
   <trkpt lat="-2.6728570" lon="-42.9600290">
    <ele>41.2</ele>
    <time>2026-06-15T10:04:15Z</time>
     <extensions>
      <gpxtpx:TrackPointExtension>
       <gpxtpx:hr>135</gpxtpx:hr>
      </gpxtpx:TrackPointExtension>
     </extensions>
   </trkpt>
   <trkpt lat="-2.6728590" lon="-42.9600560">
    <ele>41.8</ele>
    <time>2026-06-15T10:04:20Z</time>
     <extensions>
      <gpxtpx:TrackPointExtension>
       <gpxtpx:hr>142</gpxtpx:hr>
      </gpxtpx:TrackPointExtension>
     </extensions>
   </trkpt>
   <trkpt lat="-2.6728690" lon="-42.9600840">
    <ele>42.2</ele>
    <time>2026-06-15T10:04:25Z</time>
     <extensions>
      <gpxtpx:TrackPointExtension>
       <gpxtpx:hr>142</gpxtpx:hr>
      </gpxtpx:TrackPointExtension>
     </extensions>
   </trkpt>
   <trkpt lat="-2.6728830" lon="-42.9601160">
    <ele>42.8</ele>
    <time>2026-06-15T10:04:30Z</time>
     <extensions>
      <gpxtpx:TrackPointExtension>
       <gpxtpx:hr>147</gpxtpx:hr>
      </gpxtpx:TrackPointExtension>
     </extensions>
   </trkpt>
   <trkpt lat="-2.6728920" lon="-42.9601440">
    <ele>43.4</ele>
    <time>2026-06-15T10:04:35Z</time>
     <extensions>
      <gpxtpx:TrackPointExtension>
       <gpxtpx:hr>146</gpxtpx:hr>
      </gpxtpx:TrackPointExtension>
     </extensions>
   </trkpt>
   <trkpt lat="-2.6729030" lon="-42.9601750">
    <ele>44.0</ele>
    <time>2026-06-15T10:04:40Z</time>
     <extensions>
      <gpxtpx:TrackPointExtension>
       <gpxtpx:hr>153</gpxtpx:hr>
      </gpxtpx:TrackPointExtension>
     </extensions>
   </trkpt>
   <trkpt lat="-2.6729060" lon="-42.9602110">
    <ele>44.8</ele>
    <time>2026-06-15T10:04:45Z</time>
     <extensions>
      <gpxtpx:TrackPointExtension>
       <gpxtpx:hr>153</gpxtpx:hr>
      </gpxtpx:TrackPointExtension>
     </extensions>
   </trkpt>
   <trkpt lat="-2.6729120" lon="-42.9602440">
    <ele>45.4</ele>
    <time>2026-06-15T10:04:50Z</time>
     <extensions>
      <gpxtpx:TrackPointExtension>
       <gpxtpx:hr>153</gpxtpx:hr>
      </gpxtpx:TrackPointExtension>
     </extensions>
   </trkpt>
   <trkpt lat="-2.6729230" lon="-42.9602910">
    <ele>45.8</ele>
    <time>2026-06-15T10:04:55Z</time>
     <extensions>
      <gpxtpx:TrackPointExtension>
       <gpxtpx:hr>153</gpxtpx:hr>
      </gpxtpx:TrackPointExtension>
     </extensions>
   </trkpt>
   <trkpt lat="-2.6729350" lon="-42.9603320">
    <ele>46.2</ele>
    <time>2026-06-15T10:05:00Z</time>
     <extensions>
      <gpxtpx:TrackPointExtension>
       <gpxtpx:hr>155</gpxtpx:hr>
      </gpxtpx:TrackPointExtension>
     </extensions>
   </trkpt>
   <trkpt lat="-2.6729500" lon="-42.9603790">
    <ele>46.6</ele>
    <time>2026-06-15T10:05:05Z</time>
     <extensions>
      <gpxtpx:TrackPointExtension>
       <gpxtpx:hr>156</gpxtpx:hr>
      </gpxtpx:TrackPointExtension>
     </extensions>
   </trkpt>
   <trkpt lat="-2.6729630" lon="-42.9604310">
    <ele>46.8</ele>
    <time>2026-06-15T10:05:10Z</time>
     <extensions>
      <gpxtpx:TrackPointExtension>
       <gpxtpx:hr>155</gpxtpx:hr>
      </gpxtpx:TrackPointExtension>
     </extensions>
   </trkpt>
   <trkpt lat="-2.6729750" lon="-42.9604780">
    <ele>47.0</ele>
    <time>2026-06-15T10:05:15Z</time>
     <extensions>
      <gpxtpx:TrackPointExtension>
       <gpxtpx:hr>155</gpxtpx:hr>
      </gpxtpx:TrackPointExtension>
     </extensions>
   </trkpt>
   <trkpt lat="-2.6729890" lon="-42.9605260">
    <ele>47.0</ele>
    <time>2026-06-15T10:05:20Z</time>
     <extensions>
      <gpxtpx:TrackPointExtension>
       <gpxtpx:hr>153</gpxtpx:hr>
      </gpxtpx:TrackPointExtension>
     </extensions>
   </trkpt>
   <trkpt lat="-2.6730060" lon="-42.9605770">
    <ele>47.0</ele>
    <time>2026-06-15T10:05:25Z</time>
     <extensions>
      <gpxtpx:TrackPointExtension>
       <gpxtpx:hr>145</gpxtpx:hr>
      </gpxtpx:TrackPointExtension>
     </extensions>
   </trkpt>
   <trkpt lat="-2.6730260" lon="-42.9606170">
    <ele>46.8</ele>
    <time>2026-06-15T10:05:30Z</time>
     <extensions>
      <gpxtpx:TrackPointExtension>
       <gpxtpx:hr>143</gpxtpx:hr>
      </gpxtpx:TrackPointExtension>
     </extensions>
   </trkpt>
   <trkpt lat="-2.6730480" lon="-42.9606570">
    <ele>46.6</ele>
    <time>2026-06-15T10:05:35Z</time>
     <extensions>
      <gpxtpx:TrackPointExtension>
       <gpxtpx:hr>143</gpxtpx:hr>
      </gpxtpx:TrackPointExtension>
     </extensions>
   </trkpt>
   <trkpt lat="-2.6730690" lon="-42.9606910">
    <ele>46.4</ele>
    <time>2026-06-15T10:05:40Z</time>
     <extensions>
      <gpxtpx:TrackPointExtension>
       <gpxtpx:hr>138</gpxtpx:hr>
      </gpxtpx:TrackPointExtension>
     </extensions>
   </trkpt>
   <trkpt lat="-2.6730970" lon="-42.9607250">
    <ele>46.2</ele>
    <time>2026-06-15T10:05:45Z</time>
     <extensions>
      <gpxtpx:TrackPointExtension>
       <gpxtpx:hr>130</gpxtpx:hr>
      </gpxtpx:TrackPointExtension>
     </extensions>
   </trkpt>
   <trkpt lat="-2.6731120" lon="-42.9607560">
    <ele>46.0</ele>
    <time>2026-06-15T10:05:50Z</time>
     <extensions>
      <gpxtpx:TrackPointExtension>
       <gpxtpx:hr>130</gpxtpx:hr>
      </gpxtpx:TrackPointExtension>
     </extensions>
   </trkpt>
   <trkpt lat="-2.6731210" lon="-42.9608020">
    <ele>46.0</ele>
    <time>2026-06-15T10:05:55Z</time>
     <extensions>
      <gpxtpx:TrackPointExtension>
       <gpxtpx:hr>130</gpxtpx:hr>
      </gpxtpx:TrackPointExtension>
     </extensions>
   </trkpt>
   <trkpt lat="-2.6731150" lon="-42.9608420">
    <ele>45.8</ele>
    <time>2026-06-15T10:06:00Z</time>
     <extensions>
      <gpxtpx:TrackPointExtension>
       <gpxtpx:hr>125</gpxtpx:hr>
      </gpxtpx:TrackPointExtension>
     </extensions>
   </trkpt>
   <trkpt lat="-2.6730920" lon="-42.9608840">
    <ele>45.4</ele>
    <time>2026-06-15T10:06:05Z</time>
     <extensions>
      <gpxtpx:TrackPointExtension>
       <gpxtpx:hr>123</gpxtpx:hr>
      </gpxtpx:TrackPointExtension>
     </extensions>
   </trkpt>
   <trkpt lat="-2.6730610" lon="-42.9609210">
    <ele>45.2</ele>
    <time>2026-06-15T10:06:10Z</time>
     <extensions>
      <gpxtpx:TrackPointExtension>
       <gpxtpx:hr>123</gpxtpx:hr>
      </gpxtpx:TrackPointExtension>
     </extensions>
   </trkpt>
   <trkpt lat="-2.6730280" lon="-42.9609630">
    <ele>44.8</ele>
    <time>2026-06-15T10:06:15Z</time>
     <extensions>
      <gpxtpx:TrackPointExtension>
       <gpxtpx:hr>121</gpxtpx:hr>
      </gpxtpx:TrackPointExtension>
     </extensions>
   </trkpt>
   <trkpt lat="-2.6730060" lon="-42.9610000">
    <ele>44.2</ele>
    <time>2026-06-15T10:06:20Z</time>
     <extensions>
      <gpxtpx:TrackPointExtension>
       <gpxtpx:hr>119</gpxtpx:hr>
      </gpxtpx:TrackPointExtension>
     </extensions>
   </trkpt>
   <trkpt lat="-2.6729960" lon="-42.9610420">
    <ele>43.6</ele>
    <time>2026-06-15T10:06:25Z</time>
     <extensions>
      <gpxtpx:TrackPointExtension>
       <gpxtpx:hr>119</gpxtpx:hr>
      </gpxtpx:TrackPointExtension>
     </extensions>
   </trkpt>
   <trkpt lat="-2.6729880" lon="-42.9610810">
    <ele>43.0</ele>
    <time>2026-06-15T10:06:30Z</time>
     <extensions>
      <gpxtpx:TrackPointExtension>
       <gpxtpx:hr>117</gpxtpx:hr>
      </gpxtpx:TrackPointExtension>
     </extensions>
   </trkpt>
   <trkpt lat="-2.6729920" lon="-42.9611000">
    <ele>42.4</ele>
    <time>2026-06-15T10:06:35Z</time>
     <extensions>
      <gpxtpx:TrackPointExtension>
       <gpxtpx:hr>117</gpxtpx:hr>
      </gpxtpx:TrackPointExtension>
     </extensions>
   </trkpt>
   <trkpt lat="-2.6729910" lon="-42.9611040">
    <ele>41.8</ele>
    <time>2026-06-15T10:06:40Z</time>
     <extensions>
      <gpxtpx:TrackPointExtension>
       <gpxtpx:hr>117</gpxtpx:hr>
      </gpxtpx:TrackPointExtension>
     </extensions>
   </trkpt>
   <trkpt lat="-2.6729920" lon="-42.9611510">
    <ele>41.2</ele>
    <time>2026-06-15T10:06:45Z</time>
     <extensions>
      <gpxtpx:TrackPointExtension>
       <gpxtpx:hr>114</gpxtpx:hr>
      </gpxtpx:TrackPointExtension>
     </extensions>
   </trkpt>
   <trkpt lat="-2.6729940" lon="-42.9612020">
    <ele>40.8</ele>
    <time>2026-06-15T10:06:50Z</time>
     <extensions>
      <gpxtpx:TrackPointExtension>
       <gpxtpx:hr>114</gpxtpx:hr>
      </gpxtpx:TrackPointExtension>
     </extensions>
   </trkpt>
   <trkpt lat="-2.6729840" lon="-42.9612510">
    <ele>40.4</ele>
    <time>2026-06-15T10:06:55Z</time>
     <extensions>
      <gpxtpx:TrackPointExtension>
       <gpxtpx:hr>114</gpxtpx:hr>
      </gpxtpx:TrackPointExtension>
     </extensions>
   </trkpt>
   <trkpt lat="-2.6729830" lon="-42.9613080">
    <ele>40.0</ele>
    <time>2026-06-15T10:07:00Z</time>
     <extensions>
      <gpxtpx:TrackPointExtension>
       <gpxtpx:hr>116</gpxtpx:hr>
      </gpxtpx:TrackPointExtension>
     </extensions>
   </trkpt>
   <trkpt lat="-2.6729990" lon="-42.9613540">
    <ele>39.8</ele>
    <time>2026-06-15T10:07:05Z</time>
     <extensions>
      <gpxtpx:TrackPointExtension>
       <gpxtpx:hr>113</gpxtpx:hr>
      </gpxtpx:TrackPointExtension>
     </extensions>
   </trkpt>
   <trkpt lat="-2.6730330" lon="-42.9614040">
    <ele>39.6</ele>
    <time>2026-06-15T10:07:10Z</time>
     <extensions>
      <gpxtpx:TrackPointExtension>
       <gpxtpx:hr>118</gpxtpx:hr>
      </gpxtpx:TrackPointExtension>
     </extensions>
   </trkpt>
   <trkpt lat="-2.6730720" lon="-42.9614570">
    <ele>39.4</ele>
    <time>2026-06-15T10:07:15Z</time>
     <extensions>
      <gpxtpx:TrackPointExtension>
       <gpxtpx:hr>118</gpxtpx:hr>
      </gpxtpx:TrackPointExtension>
     </extensions>
   </trkpt>
   <trkpt lat="-2.6730970" lon="-42.9614980">
    <ele>39.2</ele>
    <time>2026-06-15T10:07:20Z</time>
     <extensions>
      <gpxtpx:TrackPointExtension>
       <gpxtpx:hr>114</gpxtpx:hr>
      </gpxtpx:TrackPointExtension>
     </extensions>
   </trkpt>
   <trkpt lat="-2.6731260" lon="-42.9615370">
    <ele>39.2</ele>
    <time>2026-06-15T10:07:25Z</time>
     <extensions>
      <gpxtpx:TrackPointExtension>
       <gpxtpx:hr>113</gpxtpx:hr>
      </gpxtpx:TrackPointExtension>
     </extensions>
   </trkpt>
   <trkpt lat="-2.6731410" lon="-42.9615750">
    <ele>39.0</ele>
    <time>2026-06-15T10:07:30Z</time>
     <extensions>
      <gpxtpx:TrackPointExtension>
       <gpxtpx:hr>113</gpxtpx:hr>
      </gpxtpx:TrackPointExtension>
     </extensions>
   </trkpt>
   <trkpt lat="-2.6731590" lon="-42.9616090">
    <ele>38.8</ele>
    <time>2026-06-15T10:07:35Z</time>
     <extensions>
      <gpxtpx:TrackPointExtension>
       <gpxtpx:hr>113</gpxtpx:hr>
      </gpxtpx:TrackPointExtension>
     </extensions>
   </trkpt>
   <trkpt lat="-2.6731740" lon="-42.9616570">
    <ele>38.6</ele>
    <time>2026-06-15T10:07:40Z</time>
     <extensions>
      <gpxtpx:TrackPointExtension>
       <gpxtpx:hr>115</gpxtpx:hr>
      </gpxtpx:TrackPointExtension>
     </extensions>
   </trkpt>
   <trkpt lat="-2.6731910" lon="-42.9617130">
    <ele>38.2</ele>
    <time>2026-06-15T10:07:45Z</time>
     <extensions>
      <gpxtpx:TrackPointExtension>
       <gpxtpx:hr>118</gpxtpx:hr>
      </gpxtpx:TrackPointExtension>
     </extensions>
   </trkpt>
   <trkpt lat="-2.6732050" lon="-42.9617680">
    <ele>38.0</ele>
    <time>2026-06-15T10:07:50Z</time>
     <extensions>
      <gpxtpx:TrackPointExtension>
       <gpxtpx:hr>121</gpxtpx:hr>
      </gpxtpx:TrackPointExtension>
     </extensions>
   </trkpt>
   <trkpt lat="-2.6732170" lon="-42.9618140">
    <ele>37.4</ele>
    <time>2026-06-15T10:07:55Z</time>
     <extensions>
      <gpxtpx:TrackPointExtension>
       <gpxtpx:hr>121</gpxtpx:hr>
      </gpxtpx:TrackPointExtension>
     </extensions>
   </trkpt>
   <trkpt lat="-2.6732250" lon="-42.9618620">
    <ele>37.0</ele>
    <time>2026-06-15T10:08:00Z</time>
     <extensions>
      <gpxtpx:TrackPointExtension>
       <gpxtpx:hr>120</gpxtpx:hr>
      </gpxtpx:TrackPointExtension>
     </extensions>
   </trkpt>
   <trkpt lat="-2.6732370" lon="-42.9619190">
    <ele>36.4</ele>
    <time>2026-06-15T10:08:05Z</time>
     <extensions>
      <gpxtpx:TrackPointExtension>
       <gpxtpx:hr>119</gpxtpx:hr>
      </gpxtpx:TrackPointExtension>
     </extensions>
   </trkpt>
   <trkpt lat="-2.6732350" lon="-42.9619740">
    <ele>36.0</ele>
    <time>2026-06-15T10:08:10Z</time>
     <extensions>
      <gpxtpx:TrackPointExtension>
       <gpxtpx:hr>120</gpxtpx:hr>
      </gpxtpx:TrackPointExtension>
     </extensions>
   </trkpt>
   <trkpt lat="-2.6732340" lon="-42.9620240">
    <ele>35.6</ele>
    <time>2026-06-15T10:08:15Z</time>
     <extensions>
      <gpxtpx:TrackPointExtension>
       <gpxtpx:hr>120</gpxtpx:hr>
      </gpxtpx:TrackPointExtension>
     </extensions>
   </trkpt>
   <trkpt lat="-2.6732460" lon="-42.9620770">
    <ele>35.4</ele>
    <time>2026-06-15T10:08:20Z</time>
     <extensions>
      <gpxtpx:TrackPointExtension>
       <gpxtpx:hr>120</gpxtpx:hr>
      </gpxtpx:TrackPointExtension>
     </extensions>
   </trkpt>
   <trkpt lat="-2.6732550" lon="-42.9621290">
    <ele>35.2</ele>
    <time>2026-06-15T10:08:25Z</time>
     <extensions>
      <gpxtpx:TrackPointExtension>
       <gpxtpx:hr>119</gpxtpx:hr>
      </gpxtpx:TrackPointExtension>
     </extensions>
   </trkpt>
   <trkpt lat="-2.6732550" lon="-42.9621760">
    <ele>34.6</ele>
    <time>2026-06-15T10:08:30Z</time>
     <extensions>
      <gpxtpx:TrackPointExtension>
       <gpxtpx:hr>120</gpxtpx:hr>
      </gpxtpx:TrackPointExtension>
     </extensions>
   </trkpt>
   <trkpt lat="-2.6732450" lon="-42.9622150">
    <ele>33.8</ele>
    <time>2026-06-15T10:08:35Z</time>
     <extensions>
      <gpxtpx:TrackPointExtension>
       <gpxtpx:hr>120</gpxtpx:hr>
      </gpxtpx:TrackPointExtension>
     </extensions>
   </trkpt>
   <trkpt lat="-2.6732300" lon="-42.9622390">
    <ele>33.4</ele>
    <time>2026-06-15T10:08:40Z</time>
     <extensions>
      <gpxtpx:TrackPointExtension>
       <gpxtpx:hr>121</gpxtpx:hr>
      </gpxtpx:TrackPointExtension>
     </extensions>
   </trkpt>
   <trkpt lat="-2.6732190" lon="-42.9622340">
    <ele>32.2</ele>
    <time>2026-06-15T10:08:45Z</time>
     <extensions>
      <gpxtpx:TrackPointExtension>
       <gpxtpx:hr>123</gpxtpx:hr>
      </gpxtpx:TrackPointExtension>
     </extensions>
   </trkpt>
   <trkpt lat="-2.6732100" lon="-42.9622290">
    <ele>29.8</ele>
    <time>2026-06-15T10:08:50Z</time>
     <extensions>
      <gpxtpx:TrackPointExtension>
       <gpxtpx:hr>125</gpxtpx:hr>
      </gpxtpx:TrackPointExtension>
     </extensions>
   </trkpt>
   <trkpt lat="-2.6729340" lon="-42.9640790">
    <ele>8.0</ele>
    <time>2026-06-15T10:14:20Z</time>
     <extensions>
      <gpxtpx:TrackPointExtension>
       <gpxtpx:hr>107</gpxtpx:hr>
      </gpxtpx:TrackPointExtension>
     </extensions>
   </trkpt>
   <trkpt lat="-2.6729370" lon="-42.9641160">
    <ele>7.2</ele>
    <time>2026-06-15T10:14:25Z</time>
     <extensions>
      <gpxtpx:TrackPointExtension>
       <gpxtpx:hr>109</gpxtpx:hr>
      </gpxtpx:TrackPointExtension>
     </extensions>
   </trkpt>
   <trkpt lat="-2.6729170" lon="-42.9641740">
    <ele>5.0</ele>
    <time>2026-06-15T10:14:30Z</time>
     <extensions>
      <gpxtpx:TrackPointExtension>
       <gpxtpx:hr>109</gpxtpx:hr>
      </gpxtpx:TrackPointExtension>
     </extensions>
   </trkpt>
   <trkpt lat="-2.6728780" lon="-42.9642450">
    <ele>3.8</ele>
    <time>2026-06-15T10:14:35Z</time>
     <extensions>
      <gpxtpx:TrackPointExtension>
       <gpxtpx:hr>109</gpxtpx:hr>
      </gpxtpx:TrackPointExtension>
     </extensions>
   </trkpt>
   <trkpt lat="-2.6728690" lon="-42.9643150">
    <ele>3.6</ele>
    <time>2026-06-15T10:14:40Z</time>
     <extensions>
      <gpxtpx:TrackPointExtension>
       <gpxtpx:hr>107</gpxtpx:hr>
      </gpxtpx:TrackPointExtension>
     </extensions>
   </trkpt>
   <trkpt lat="-2.6728760" lon="-42.9643730">
    <ele>4.6</ele>
    <time>2026-06-15T10:14:45Z</time>
     <extensions>
      <gpxtpx:TrackPointExtension>
       <gpxtpx:hr>107</gpxtpx:hr>
      </gpxtpx:TrackPointExtension>
     </extensions>
   </trkpt>
   <trkpt lat="-2.6728830" lon="-42.9644280">
    <ele>6.4</ele>
    <time>2026-06-15T10:14:50Z</time>
     <extensions>
      <gpxtpx:TrackPointExtension>
       <gpxtpx:hr>111</gpxtpx:hr>
      </gpxtpx:TrackPointExtension>
     </extensions>
   </trkpt>
   <trkpt lat="-2.6729030" lon="-42.9644600">
    <ele>8.6</ele>
    <time>2026-06-15T10:14:55Z</time>
     <extensions>
      <gpxtpx:TrackPointExtension>
       <gpxtpx:hr>114</gpxtpx:hr>
      </gpxtpx:TrackPointExtension>
     </extensions>
   </trkpt>
   <trkpt lat="-2.6729140" lon="-42.9645070">
    <ele>10.4</ele>
    <time>2026-06-15T10:15:00Z</time>
     <extensions>
      <gpxtpx:TrackPointExtension>
       <gpxtpx:hr>113</gpxtpx:hr>
      </gpxtpx:TrackPointExtension>
     </extensions>
   </trkpt>
   <trkpt lat="-2.6729260" lon="-42.9645570">
    <ele>11.6</ele>
    <time>2026-06-15T10:15:05Z</time>
     <extensions>
      <gpxtpx:TrackPointExtension>
       <gpxtpx:hr>113</gpxtpx:hr>
      </gpxtpx:TrackPointExtension>
     </extensions>
   </trkpt>
   <trkpt lat="-2.6729450" lon="-42.9646020">
    <ele>12.4</ele>
    <time>2026-06-15T10:15:10Z</time>
     <extensions>
      <gpxtpx:TrackPointExtension>
       <gpxtpx:hr>121</gpxtpx:hr>
      </gpxtpx:TrackPointExtension>
     </extensions>
   </trkpt>
   <trkpt lat="-2.6729570" lon="-42.9646550">
    <ele>12.6</ele>
    <time>2026-06-15T10:15:15Z</time>
     <extensions>
      <gpxtpx:TrackPointExtension>
       <gpxtpx:hr>121</gpxtpx:hr>
      </gpxtpx:TrackPointExtension>
     </extensions>
   </trkpt>
   <trkpt lat="-2.6729570" lon="-42.9646980">
    <ele>12.6</ele>
    <time>2026-06-15T10:15:20Z</time>
     <extensions>
      <gpxtpx:TrackPointExtension>
       <gpxtpx:hr>120</gpxtpx:hr>
      </gpxtpx:TrackPointExtension>
     </extensions>
   </trkpt>
   <trkpt lat="-2.6729590" lon="-42.9647420">
    <ele>12.6</ele>
    <time>2026-06-15T10:15:25Z</time>
     <extensions>
      <gpxtpx:TrackPointExtension>
       <gpxtpx:hr>127</gpxtpx:hr>
      </gpxtpx:TrackPointExtension>
     </extensions>
   </trkpt>
   <trkpt lat="-2.6729520" lon="-42.9647900">
    <ele>12.4</ele>
    <time>2026-06-15T10:15:30Z</time>
     <extensions>
      <gpxtpx:TrackPointExtension>
       <gpxtpx:hr>127</gpxtpx:hr>
      </gpxtpx:TrackPointExtension>
     </extensions>
   </trkpt>
   <trkpt lat="-2.6729320" lon="-42.9648220">
    <ele>12.6</ele>
    <time>2026-06-15T10:15:35Z</time>
     <extensions>
      <gpxtpx:TrackPointExtension>
       <gpxtpx:hr>127</gpxtpx:hr>
      </gpxtpx:TrackPointExtension>
     </extensions>
   </trkpt>
   <trkpt lat="-2.6729120" lon="-42.9648600">
    <ele>13.0</ele>
    <time>2026-06-15T10:15:40Z</time>
     <extensions>
      <gpxtpx:TrackPointExtension>
       <gpxtpx:hr>124</gpxtpx:hr>
      </gpxtpx:TrackPointExtension>
     </extensions>
   </trkpt>
   <trkpt lat="-2.6728920" lon="-42.9648900">
    <ele>13.8</ele>
    <time>2026-06-15T10:15:45Z</time>
     <extensions>
      <gpxtpx:TrackPointExtension>
       <gpxtpx:hr>124</gpxtpx:hr>
      </gpxtpx:TrackPointExtension>
     </extensions>
   </trkpt>
   <trkpt lat="-2.6728690" lon="-42.9649270">
    <ele>14.8</ele>
    <time>2026-06-15T10:15:50Z</time>
     <extensions>
      <gpxtpx:TrackPointExtension>
       <gpxtpx:hr>124</gpxtpx:hr>
      </gpxtpx:TrackPointExtension>
     </extensions>
   </trkpt>
   <trkpt lat="-2.6728530" lon="-42.9649630">
    <ele>16.4</ele>
    <time>2026-06-15T10:15:55Z</time>
     <extensions>
      <gpxtpx:TrackPointExtension>
       <gpxtpx:hr>136</gpxtpx:hr>
      </gpxtpx:TrackPointExtension>
     </extensions>
   </trkpt>
   <trkpt lat="-2.6728380" lon="-42.9649980">
    <ele>18.2</ele>
    <time>2026-06-15T10:16:00Z</time>
     <extensions>
      <gpxtpx:TrackPointExtension>
       <gpxtpx:hr>136</gpxtpx:hr>
      </gpxtpx:TrackPointExtension>
     </extensions>
   </trkpt>
   <trkpt lat="-2.6728270" lon="-42.9650310">
    <ele>20.6</ele>
    <time>2026-06-15T10:16:05Z</time>
     <extensions>
      <gpxtpx:TrackPointExtension>
       <gpxtpx:hr>152</gpxtpx:hr>
      </gpxtpx:TrackPointExtension>
     </extensions>
   </trkpt>
   <trkpt lat="-2.6728140" lon="-42.9650590">
    <ele>23.2</ele>
    <time>2026-06-15T10:16:10Z</time>
     <extensions>
      <gpxtpx:TrackPointExtension>
       <gpxtpx:hr>156</gpxtpx:hr>
      </gpxtpx:TrackPointExtension>
     </extensions>
   </trkpt>
   <trkpt lat="-2.6728070" lon="-42.9650840">
    <ele>26.0</ele>
    <time>2026-06-15T10:16:15Z</time>
     <extensions>
      <gpxtpx:TrackPointExtension>
       <gpxtpx:hr>156</gpxtpx:hr>
      </gpxtpx:TrackPointExtension>
     </extensions>
   </trkpt>
   <trkpt lat="-2.6727980" lon="-42.9651100">
    <ele>29.6</ele>
    <time>2026-06-15T10:16:20Z</time>
     <extensions>
      <gpxtpx:TrackPointExtension>
       <gpxtpx:hr>160</gpxtpx:hr>
      </gpxtpx:TrackPointExtension>
     </extensions>
   </trkpt>
   <trkpt lat="-2.6727840" lon="-42.9651400">
    <ele>37.4</ele>
    <time>2026-06-15T10:16:25Z</time>
     <extensions>
      <gpxtpx:TrackPointExtension>
       <gpxtpx:hr>162</gpxtpx:hr>
      </gpxtpx:TrackPointExtension>
     </extensions>
   </trkpt>
   <trkpt lat="-2.6727780" lon="-42.9651670">
    <ele>45.2</ele>
    <time>2026-06-15T10:16:30Z</time>
     <extensions>
      <gpxtpx:TrackPointExtension>
       <gpxtpx:hr>164</gpxtpx:hr>
      </gpxtpx:TrackPointExtension>
     </extensions>
   </trkpt>
   <trkpt lat="-2.6727670" lon="-42.9652020">
    <ele>47.6</ele>
    <time>2026-06-15T10:16:35Z</time>
     <extensions>
      <gpxtpx:TrackPointExtension>
       <gpxtpx:hr>165</gpxtpx:hr>
      </gpxtpx:TrackPointExtension>
     </extensions>
   </trkpt>
   <trkpt lat="-2.6727550" lon="-42.9652230">
    <ele>48.2</ele>
    <time>2026-06-15T10:16:40Z</time>
     <extensions>
      <gpxtpx:TrackPointExtension>
       <gpxtpx:hr>165</gpxtpx:hr>
      </gpxtpx:TrackPointExtension>
     </extensions>
   </trkpt>
   <trkpt lat="-2.6727490" lon="-42.9652310">
    <ele>48.6</ele>
    <time>2026-06-15T10:16:45Z</time>
     <extensions>
      <gpxtpx:TrackPointExtension>
       <gpxtpx:hr>165</gpxtpx:hr>
      </gpxtpx:TrackPointExtension>
     </extensions>
   </trkpt>
   <trkpt lat="-2.6727490" lon="-42.9652290">
    <ele>49.0</ele>
    <time>2026-06-15T10:16:50Z</time>
     <extensions>
      <gpxtpx:TrackPointExtension>
       <gpxtpx:hr>168</gpxtpx:hr>
      </gpxtpx:TrackPointExtension>
     </extensions>
   </trkpt>
   <trkpt lat="-2.6727500" lon="-42.9652250">
    <ele>49.2</ele>
    <time>2026-06-15T10:16:55Z</time>
     <extensions>
      <gpxtpx:TrackPointExtension>
       <gpxtpx:hr>168</gpxtpx:hr>
      </gpxtpx:TrackPointExtension>
     </extensions>
   </trkpt>
   <trkpt lat="-2.6727520" lon="-42.9652290">
    <ele>49.2</ele>
    <time>2026-06-15T10:17:00Z</time>
     <extensions>
      <gpxtpx:TrackPointExtension>
       <gpxtpx:hr>162</gpxtpx:hr>
      </gpxtpx:TrackPointExtension>
     </extensions>
   </trkpt>
   <trkpt lat="-2.6727780" lon="-42.9652400">
    <ele>49.0</ele>
    <time>2026-06-15T10:17:05Z</time>
     <extensions>
      <gpxtpx:TrackPointExtension>
       <gpxtpx:hr>162</gpxtpx:hr>
      </gpxtpx:TrackPointExtension>
     </extensions>
   </trkpt>
   <trkpt lat="-2.6728350" lon="-42.9652510">
    <ele>49.0</ele>
    <time>2026-06-15T10:17:10Z</time>
     <extensions>
      <gpxtpx:TrackPointExtension>
       <gpxtpx:hr>162</gpxtpx:hr>
      </gpxtpx:TrackPointExtension>
     </extensions>
   </trkpt>
   <trkpt lat="-2.6728870" lon="-42.9652600">
    <ele>48.6</ele>
    <time>2026-06-15T10:17:15Z</time>
     <extensions>
      <gpxtpx:TrackPointExtension>
       <gpxtpx:hr>153</gpxtpx:hr>
      </gpxtpx:TrackPointExtension>
     </extensions>
   </trkpt>
   <trkpt lat="-2.6729230" lon="-42.9652760">
    <ele>48.4</ele>
    <time>2026-06-15T10:17:20Z</time>
     <extensions>
      <gpxtpx:TrackPointExtension>
       <gpxtpx:hr>148</gpxtpx:hr>
      </gpxtpx:TrackPointExtension>
     </extensions>
   </trkpt>
   <trkpt lat="-2.6729750" lon="-42.9652980">
    <ele>48.0</ele>
    <time>2026-06-15T10:17:25Z</time>
     <extensions>
      <gpxtpx:TrackPointExtension>
       <gpxtpx:hr>147</gpxtpx:hr>
      </gpxtpx:TrackPointExtension>
     </extensions>
   </trkpt>
   <trkpt lat="-2.6730190" lon="-42.9653260">
    <ele>47.6</ele>
    <time>2026-06-15T10:17:30Z</time>
     <extensions>
      <gpxtpx:TrackPointExtension>
       <gpxtpx:hr>147</gpxtpx:hr>
      </gpxtpx:TrackPointExtension>
     </extensions>
   </trkpt>
   <trkpt lat="-2.6730590" lon="-42.9653520">
    <ele>47.2</ele>
    <time>2026-06-15T10:17:35Z</time>
     <extensions>
      <gpxtpx:TrackPointExtension>
       <gpxtpx:hr>135</gpxtpx:hr>
      </gpxtpx:TrackPointExtension>
     </extensions>
   </trkpt>
   <trkpt lat="-2.6731120" lon="-42.9653780">
    <ele>47.0</ele>
    <time>2026-06-15T10:17:40Z</time>
     <extensions>
      <gpxtpx:TrackPointExtension>
       <gpxtpx:hr>134</gpxtpx:hr>
      </gpxtpx:TrackPointExtension>
     </extensions>
   </trkpt>
   <trkpt lat="-2.6731640" lon="-42.9654050">
    <ele>46.6</ele>
    <time>2026-06-15T10:17:45Z</time>
     <extensions>
      <gpxtpx:TrackPointExtension>
       <gpxtpx:hr>134</gpxtpx:hr>
      </gpxtpx:TrackPointExtension>
     </extensions>
   </trkpt>
   <trkpt lat="-2.6732180" lon="-42.9654260">
    <ele>46.0</ele>
    <time>2026-06-15T10:17:50Z</time>
     <extensions>
      <gpxtpx:TrackPointExtension>
       <gpxtpx:hr>126</gpxtpx:hr>
      </gpxtpx:TrackPointExtension>
     </extensions>
   </trkpt>
   <trkpt lat="-2.6732710" lon="-42.9654390">
    <ele>45.4</ele>
    <time>2026-06-15T10:17:55Z</time>
     <extensions>
      <gpxtpx:TrackPointExtension>
       <gpxtpx:hr>126</gpxtpx:hr>
      </gpxtpx:TrackPointExtension>
     </extensions>
   </trkpt>
   <trkpt lat="-2.6733060" lon="-42.9654440">
    <ele>44.8</ele>
    <time>2026-06-15T10:18:00Z</time>
     <extensions>
      <gpxtpx:TrackPointExtension>
       <gpxtpx:hr>124</gpxtpx:hr>
      </gpxtpx:TrackPointExtension>
     </extensions>
   </trkpt>
   <trkpt lat="-2.6733580" lon="-42.9654480">
    <ele>44.0</ele>
    <time>2026-06-15T10:18:05Z</time>
     <extensions>
      <gpxtpx:TrackPointExtension>
       <gpxtpx:hr>124</gpxtpx:hr>
      </gpxtpx:TrackPointExtension>
     </extensions>
   </trkpt>
   <trkpt lat="-2.6734050" lon="-42.9654500">
    <ele>43.2</ele>
    <time>2026-06-15T10:18:10Z</time>
     <extensions>
      <gpxtpx:TrackPointExtension>
       <gpxtpx:hr>123</gpxtpx:hr>
      </gpxtpx:TrackPointExtension>
     </extensions>
   </trkpt>
   <trkpt lat="-2.6734250" lon="-42.9654610">
    <ele>42.2</ele>
    <time>2026-06-15T10:18:15Z</time>
     <extensions>
      <gpxtpx:TrackPointExtension>
       <gpxtpx:hr>117</gpxtpx:hr>
      </gpxtpx:TrackPointExtension>
     </extensions>
   </trkpt>
   <trkpt lat="-2.6734370" lon="-42.9654660">
    <ele>41.6</ele>
    <time>2026-06-15T10:18:20Z</time>
     <extensions>
      <gpxtpx:TrackPointExtension>
       <gpxtpx:hr>118</gpxtpx:hr>
      </gpxtpx:TrackPointExtension>
     </extensions>
   </trkpt>
   <trkpt lat="-2.6734450" lon="-42.9654720">
    <ele>41.2</ele>
    <time>2026-06-15T10:18:25Z</time>
     <extensions>
      <gpxtpx:TrackPointExtension>
       <gpxtpx:hr>118</gpxtpx:hr>
      </gpxtpx:TrackPointExtension>
     </extensions>
   </trkpt>
   <trkpt lat="-2.6734460" lon="-42.9654800">
    <ele>40.8</ele>
    <time>2026-06-15T10:18:30Z</time>
     <extensions>
      <gpxtpx:TrackPointExtension>
       <gpxtpx:hr>115</gpxtpx:hr>
      </gpxtpx:TrackPointExtension>
     </extensions>
   </trkpt>
   <trkpt lat="-2.6734440" lon="-42.9654840">
    <ele>40.2</ele>
    <time>2026-06-15T10:18:35Z</time>
     <extensions>
      <gpxtpx:TrackPointExtension>
       <gpxtpx:hr>116</gpxtpx:hr>
      </gpxtpx:TrackPointExtension>
     </extensions>
   </trkpt>
   <trkpt lat="-2.6734430" lon="-42.9654850">
    <ele>39.6</ele>
    <time>2026-06-15T10:18:40Z</time>
     <extensions>
      <gpxtpx:TrackPointExtension>
       <gpxtpx:hr>125</gpxtpx:hr>
      </gpxtpx:TrackPointExtension>
     </extensions>
   </trkpt>
   <trkpt lat="-2.6734450" lon="-42.9654860">
    <ele>39.2</ele>
    <time>2026-06-15T10:18:45Z</time>
     <extensions>
      <gpxtpx:TrackPointExtension>
       <gpxtpx:hr>126</gpxtpx:hr>
      </gpxtpx:TrackPointExtension>
     </extensions>
   </trkpt>
   <trkpt lat="-2.6734390" lon="-42.9654880">
    <ele>38.8</ele>
    <time>2026-06-15T10:18:50Z</time>
     <extensions>
      <gpxtpx:TrackPointExtension>
       <gpxtpx:hr>120</gpxtpx:hr>
      </gpxtpx:TrackPointExtension>
     </extensions>
   </trkpt>
   <trkpt lat="-2.6734400" lon="-42.9654900">
    <ele>38.6</ele>
    <time>2026-06-15T10:18:55Z</time>
     <extensions>
      <gpxtpx:TrackPointExtension>
       <gpxtpx:hr>131</gpxtpx:hr>
      </gpxtpx:TrackPointExtension>
     </extensions>
   </trkpt>
   <trkpt lat="-2.6734400" lon="-42.9654890">
    <ele>38.4</ele>
    <time>2026-06-15T10:19:00Z</time>
     <extensions>
      <gpxtpx:TrackPointExtension>
       <gpxtpx:hr>131</gpxtpx:hr>
      </gpxtpx:TrackPointExtension>
     </extensions>
   </trkpt>
   <trkpt lat="-2.6734510" lon="-42.9654940">
    <ele>38.2</ele>
    <time>2026-06-15T10:19:05Z</time>
     <extensions>
      <gpxtpx:TrackPointExtension>
       <gpxtpx:hr>130</gpxtpx:hr>
      </gpxtpx:TrackPointExtension>
     </extensions>
   </trkpt>
   <trkpt lat="-2.6734610" lon="-42.9655070">
    <ele>38.2</ele>
    <time>2026-06-15T10:19:10Z</time>
     <extensions>
      <gpxtpx:TrackPointExtension>
       <gpxtpx:hr>130</gpxtpx:hr>
      </gpxtpx:TrackPointExtension>
     </extensions>
   </trkpt>
   <trkpt lat="-2.6734760" lon="-42.9655240">
    <ele>37.8</ele>
    <time>2026-06-15T10:19:15Z</time>
     <extensions>
      <gpxtpx:TrackPointExtension>
       <gpxtpx:hr>141</gpxtpx:hr>
      </gpxtpx:TrackPointExtension>
     </extensions>
   </trkpt>
   <trkpt lat="-2.6734930" lon="-42.9655380">
    <ele>37.4</ele>
    <time>2026-06-15T10:19:20Z</time>
     <extensions>
      <gpxtpx:TrackPointExtension>
       <gpxtpx:hr>141</gpxtpx:hr>
      </gpxtpx:TrackPointExtension>
     </extensions>
   </trkpt>
   <trkpt lat="-2.6735100" lon="-42.9655600">
    <ele>37.4</ele>
    <time>2026-06-15T10:19:25Z</time>
     <extensions>
      <gpxtpx:TrackPointExtension>
       <gpxtpx:hr>142</gpxtpx:hr>
      </gpxtpx:TrackPointExtension>
     </extensions>
   </trkpt>
   <trkpt lat="-2.6735310" lon="-42.9655840">
    <ele>37.2</ele>
    <time>2026-06-15T10:19:30Z</time>
     <extensions>
      <gpxtpx:TrackPointExtension>
       <gpxtpx:hr>137</gpxtpx:hr>
      </gpxtpx:TrackPointExtension>
     </extensions>
   </trkpt>
   <trkpt lat="-2.6735510" lon="-42.9656090">
    <ele>37.2</ele>
    <time>2026-06-15T10:19:35Z</time>
     <extensions>
      <gpxtpx:TrackPointExtension>
       <gpxtpx:hr>137</gpxtpx:hr>
      </gpxtpx:TrackPointExtension>
     </extensions>
   </trkpt>
   <trkpt lat="-2.6735700" lon="-42.9656300">
    <ele>37.2</ele>
    <time>2026-06-15T10:19:40Z</time>
     <extensions>
      <gpxtpx:TrackPointExtension>
       <gpxtpx:hr>124</gpxtpx:hr>
      </gpxtpx:TrackPointExtension>
     </extensions>
   </trkpt>
   <trkpt lat="-2.6735890" lon="-42.9656560">
    <ele>37.2</ele>
    <time>2026-06-15T10:19:45Z</time>
     <extensions>
      <gpxtpx:TrackPointExtension>
       <gpxtpx:hr>127</gpxtpx:hr>
      </gpxtpx:TrackPointExtension>
     </extensions>
   </trkpt>
   <trkpt lat="-2.6736070" lon="-42.9656810">
    <ele>37.2</ele>
    <time>2026-06-15T10:19:50Z</time>
     <extensions>
      <gpxtpx:TrackPointExtension>
       <gpxtpx:hr>128</gpxtpx:hr>
      </gpxtpx:TrackPointExtension>
     </extensions>
   </trkpt>
   <trkpt lat="-2.6736330" lon="-42.9657020">
    <ele>37.4</ele>
    <time>2026-06-15T10:19:55Z</time>
     <extensions>
      <gpxtpx:TrackPointExtension>
       <gpxtpx:hr>128</gpxtpx:hr>
      </gpxtpx:TrackPointExtension>
     </extensions>
   </trkpt>
   <trkpt lat="-2.6736510" lon="-42.9657350">
    <ele>37.4</ele>
    <time>2026-06-15T10:20:00Z</time>
     <extensions>
      <gpxtpx:TrackPointExtension>
       <gpxtpx:hr>132</gpxtpx:hr>
      </gpxtpx:TrackPointExtension>
     </extensions>
   </trkpt>
   <trkpt lat="-2.6736410" lon="-42.9657760">
    <ele>37.4</ele>
    <time>2026-06-15T10:20:05Z</time>
     <extensions>
      <gpxtpx:TrackPointExtension>
       <gpxtpx:hr>132</gpxtpx:hr>
      </gpxtpx:TrackPointExtension>
     </extensions>
   </trkpt>
   <trkpt lat="-2.6736310" lon="-42.9658080">
    <ele>37.2</ele>
    <time>2026-06-15T10:20:10Z</time>
     <extensions>
      <gpxtpx:TrackPointExtension>
       <gpxtpx:hr>141</gpxtpx:hr>
      </gpxtpx:TrackPointExtension>
     </extensions>
   </trkpt>
   <trkpt lat="-2.6736250" lon="-42.9658460">
    <ele>37.4</ele>
    <time>2026-06-15T10:20:15Z</time>
     <extensions>
      <gpxtpx:TrackPointExtension>
       <gpxtpx:hr>141</gpxtpx:hr>
      </gpxtpx:TrackPointExtension>
     </extensions>
   </trkpt>
   <trkpt lat="-2.6736290" lon="-42.9658850">
    <ele>37.4</ele>
    <time>2026-06-15T10:20:20Z</time>
     <extensions>
      <gpxtpx:TrackPointExtension>
       <gpxtpx:hr>142</gpxtpx:hr>
      </gpxtpx:TrackPointExtension>
     </extensions>
   </trkpt>
   <trkpt lat="-2.6736290" lon="-42.9659020">
    <ele>37.6</ele>
    <time>2026-06-15T10:20:25Z</time>
     <extensions>
      <gpxtpx:TrackPointExtension>
       <gpxtpx:hr>141</gpxtpx:hr>
      </gpxtpx:TrackPointExtension>
     </extensions>
   </trkpt>
   <trkpt lat="-2.6736270" lon="-42.9659130">
    <ele>37.6</ele>
    <time>2026-06-15T10:20:30Z</time>
     <extensions>
      <gpxtpx:TrackPointExtension>
       <gpxtpx:hr>143</gpxtpx:hr>
      </gpxtpx:TrackPointExtension>
     </extensions>
   </trkpt>
   <trkpt lat="-2.6736100" lon="-42.9659520">
    <ele>37.6</ele>
    <time>2026-06-15T10:20:35Z</time>
     <extensions>
      <gpxtpx:TrackPointExtension>
       <gpxtpx:hr>142</gpxtpx:hr>
      </gpxtpx:TrackPointExtension>
     </extensions>
   </trkpt>
   <trkpt lat="-2.6735980" lon="-42.9659970">
    <ele>37.6</ele>
    <time>2026-06-15T10:20:40Z</time>
     <extensions>
      <gpxtpx:TrackPointExtension>
       <gpxtpx:hr>142</gpxtpx:hr>
      </gpxtpx:TrackPointExtension>
     </extensions>
   </trkpt>
   <trkpt lat="-2.6735930" lon="-42.9660470">
    <ele>37.6</ele>
    <time>2026-06-15T10:20:45Z</time>
     <extensions>
      <gpxtpx:TrackPointExtension>
       <gpxtpx:hr>138</gpxtpx:hr>
      </gpxtpx:TrackPointExtension>
     </extensions>
   </trkpt>
   <trkpt lat="-2.6735870" lon="-42.9660940">
    <ele>37.6</ele>
    <time>2026-06-15T10:20:50Z</time>
     <extensions>
      <gpxtpx:TrackPointExtension>
       <gpxtpx:hr>129</gpxtpx:hr>
      </gpxtpx:TrackPointExtension>
     </extensions>
   </trkpt>
   <trkpt lat="-2.6735860" lon="-42.9661440">
    <ele>37.6</ele>
    <time>2026-06-15T10:20:55Z</time>
     <extensions>
      <gpxtpx:TrackPointExtension>
       <gpxtpx:hr>129</gpxtpx:hr>
      </gpxtpx:TrackPointExtension>
     </extensions>
   </trkpt>
   <trkpt lat="-2.6735900" lon="-42.9661990">
    <ele>37.6</ele>
    <time>2026-06-15T10:21:00Z</time>
     <extensions>
      <gpxtpx:TrackPointExtension>
       <gpxtpx:hr>123</gpxtpx:hr>
      </gpxtpx:TrackPointExtension>
     </extensions>
   </trkpt>
   <trkpt lat="-2.6735880" lon="-42.9662440">
    <ele>37.6</ele>
    <time>2026-06-15T10:21:05Z</time>
     <extensions>
      <gpxtpx:TrackPointExtension>
       <gpxtpx:hr>118</gpxtpx:hr>
      </gpxtpx:TrackPointExtension>
     </extensions>
   </trkpt>
   <trkpt lat="-2.6735910" lon="-42.9662840">
    <ele>37.6</ele>
    <time>2026-06-15T10:21:10Z</time>
     <extensions>
      <gpxtpx:TrackPointExtension>
       <gpxtpx:hr>124</gpxtpx:hr>
      </gpxtpx:TrackPointExtension>
     </extensions>
   </trkpt>
   <trkpt lat="-2.6735880" lon="-42.9663380">
    <ele>37.4</ele>
    <time>2026-06-15T10:21:15Z</time>
     <extensions>
      <gpxtpx:TrackPointExtension>
       <gpxtpx:hr>124</gpxtpx:hr>
      </gpxtpx:TrackPointExtension>
     </extensions>
   </trkpt>
   <trkpt lat="-2.6735920" lon="-42.9663870">
    <ele>37.4</ele>
    <time>2026-06-15T10:21:20Z</time>
     <extensions>
      <gpxtpx:TrackPointExtension>
       <gpxtpx:hr>124</gpxtpx:hr>
      </gpxtpx:TrackPointExtension>
     </extensions>
   </trkpt>
   <trkpt lat="-2.6736070" lon="-42.9664250">
    <ele>37.4</ele>
    <time>2026-06-15T10:21:25Z</time>
     <extensions>
      <gpxtpx:TrackPointExtension>
       <gpxtpx:hr>119</gpxtpx:hr>
      </gpxtpx:TrackPointExtension>
     </extensions>
   </trkpt>
   <trkpt lat="-2.6736300" lon="-42.9664750">
    <ele>37.6</ele>
    <time>2026-06-15T10:21:30Z</time>
     <extensions>
      <gpxtpx:TrackPointExtension>
       <gpxtpx:hr>121</gpxtpx:hr>
      </gpxtpx:TrackPointExtension>
     </extensions>
   </trkpt>
   <trkpt lat="-2.6736440" lon="-42.9665170">
    <ele>37.6</ele>
    <time>2026-06-15T10:21:35Z</time>
     <extensions>
      <gpxtpx:TrackPointExtension>
       <gpxtpx:hr>124</gpxtpx:hr>
      </gpxtpx:TrackPointExtension>
     </extensions>
   </trkpt>
   <trkpt lat="-2.6736570" lon="-42.9665630">
    <ele>37.6</ele>
    <time>2026-06-15T10:21:40Z</time>
     <extensions>
      <gpxtpx:TrackPointExtension>
       <gpxtpx:hr>123</gpxtpx:hr>
      </gpxtpx:TrackPointExtension>
     </extensions>
   </trkpt>
   <trkpt lat="-2.6736740" lon="-42.9666110">
    <ele>37.6</ele>
    <time>2026-06-15T10:21:45Z</time>
     <extensions>
      <gpxtpx:TrackPointExtension>
       <gpxtpx:hr>123</gpxtpx:hr>
      </gpxtpx:TrackPointExtension>
     </extensions>
   </trkpt>
   <trkpt lat="-2.6736900" lon="-42.9666570">
    <ele>37.6</ele>
    <time>2026-06-15T10:21:50Z</time>
     <extensions>
      <gpxtpx:TrackPointExtension>
       <gpxtpx:hr>124</gpxtpx:hr>
      </gpxtpx:TrackPointExtension>
     </extensions>
   </trkpt>
   <trkpt lat="-2.6737080" lon="-42.9667020">
    <ele>37.6</ele>
    <time>2026-06-15T10:21:55Z</time>
     <extensions>
      <gpxtpx:TrackPointExtension>
       <gpxtpx:hr>120</gpxtpx:hr>
      </gpxtpx:TrackPointExtension>
     </extensions>
   </trkpt>
   <trkpt lat="-2.6737270" lon="-42.9667540">
    <ele>37.6</ele>
    <time>2026-06-15T10:22:00Z</time>
     <extensions>
      <gpxtpx:TrackPointExtension>
       <gpxtpx:hr>120</gpxtpx:hr>
      </gpxtpx:TrackPointExtension>
     </extensions>
   </trkpt>
   <trkpt lat="-2.6737450" lon="-42.9668010">
    <ele>37.4</ele>
    <time>2026-06-15T10:22:05Z</time>
     <extensions>
      <gpxtpx:TrackPointExtension>
       <gpxtpx:hr>120</gpxtpx:hr>
      </gpxtpx:TrackPointExtension>
     </extensions>
   </trkpt>
   <trkpt lat="-2.6737590" lon="-42.9668440">
    <ele>37.4</ele>
    <time>2026-06-15T10:22:10Z</time>
     <extensions>
      <gpxtpx:TrackPointExtension>
       <gpxtpx:hr>120</gpxtpx:hr>
      </gpxtpx:TrackPointExtension>
     </extensions>
   </trkpt>
   <trkpt lat="-2.6737750" lon="-42.9668810">
    <ele>37.4</ele>
    <time>2026-06-15T10:22:15Z</time>
     <extensions>
      <gpxtpx:TrackPointExtension>
       <gpxtpx:hr>123</gpxtpx:hr>
      </gpxtpx:TrackPointExtension>
     </extensions>
   </trkpt>
   <trkpt lat="-2.6737900" lon="-42.9669240">
    <ele>37.4</ele>
    <time>2026-06-15T10:22:20Z</time>
     <extensions>
      <gpxtpx:TrackPointExtension>
       <gpxtpx:hr>120</gpxtpx:hr>
      </gpxtpx:TrackPointExtension>
     </extensions>
   </trkpt>
   <trkpt lat="-2.6738100" lon="-42.9669720">
    <ele>37.4</ele>
    <time>2026-06-15T10:22:25Z</time>
     <extensions>
      <gpxtpx:TrackPointExtension>
       <gpxtpx:hr>119</gpxtpx:hr>
      </gpxtpx:TrackPointExtension>
     </extensions>
   </trkpt>
   <trkpt lat="-2.6738250" lon="-42.9670190">
    <ele>37.4</ele>
    <time>2026-06-15T10:22:30Z</time>
     <extensions>
      <gpxtpx:TrackPointExtension>
       <gpxtpx:hr>119</gpxtpx:hr>
      </gpxtpx:TrackPointExtension>
     </extensions>
   </trkpt>
   <trkpt lat="-2.6738350" lon="-42.9670730">
    <ele>37.4</ele>
    <time>2026-06-15T10:22:35Z</time>
     <extensions>
      <gpxtpx:TrackPointExtension>
       <gpxtpx:hr>115</gpxtpx:hr>
      </gpxtpx:TrackPointExtension>
     </extensions>
   </trkpt>
   <trkpt lat="-2.6738440" lon="-42.9671220">
    <ele>37.4</ele>
    <time>2026-06-15T10:22:40Z</time>
     <extensions>
      <gpxtpx:TrackPointExtension>
       <gpxtpx:hr>115</gpxtpx:hr>
      </gpxtpx:TrackPointExtension>
     </extensions>
   </trkpt>
   <trkpt lat="-2.6738300" lon="-42.9671740">
    <ele>37.4</ele>
    <time>2026-06-15T10:22:45Z</time>
     <extensions>
      <gpxtpx:TrackPointExtension>
       <gpxtpx:hr>117</gpxtpx:hr>
      </gpxtpx:TrackPointExtension>
     </extensions>
   </trkpt>
   <trkpt lat="-2.6738220" lon="-42.9672070">
    <ele>37.4</ele>
    <time>2026-06-15T10:22:50Z</time>
     <extensions>
      <gpxtpx:TrackPointExtension>
       <gpxtpx:hr>116</gpxtpx:hr>
      </gpxtpx:TrackPointExtension>
     </extensions>
   </trkpt>
   <trkpt lat="-2.6738060" lon="-42.9672500">
    <ele>37.6</ele>
    <time>2026-06-15T10:22:55Z</time>
     <extensions>
      <gpxtpx:TrackPointExtension>
       <gpxtpx:hr>116</gpxtpx:hr>
      </gpxtpx:TrackPointExtension>
     </extensions>
   </trkpt>
   <trkpt lat="-2.6737930" lon="-42.9672870">
    <ele>37.6</ele>
    <time>2026-06-15T10:23:00Z</time>
     <extensions>
      <gpxtpx:TrackPointExtension>
       <gpxtpx:hr>117</gpxtpx:hr>
      </gpxtpx:TrackPointExtension>
     </extensions>
   </trkpt>
   <trkpt lat="-2.6737660" lon="-42.9673230">
    <ele>37.8</ele>
    <time>2026-06-15T10:23:05Z</time>
     <extensions>
      <gpxtpx:TrackPointExtension>
       <gpxtpx:hr>122</gpxtpx:hr>
      </gpxtpx:TrackPointExtension>
     </extensions>
   </trkpt>
   <trkpt lat="-2.6737280" lon="-42.9673520">
    <ele>37.8</ele>
    <time>2026-06-15T10:23:10Z</time>
     <extensions>
      <gpxtpx:TrackPointExtension>
       <gpxtpx:hr>123</gpxtpx:hr>
      </gpxtpx:TrackPointExtension>
     </extensions>
   </trkpt>
   <trkpt lat="-2.6736920" lon="-42.9673750">
    <ele>38.0</ele>
    <time>2026-06-15T10:23:15Z</time>
     <extensions>
      <gpxtpx:TrackPointExtension>
       <gpxtpx:hr>123</gpxtpx:hr>
      </gpxtpx:TrackPointExtension>
     </extensions>
   </trkpt>
   <trkpt lat="-2.6736570" lon="-42.9674010">
    <ele>38.2</ele>
    <time>2026-06-15T10:23:20Z</time>
     <extensions>
      <gpxtpx:TrackPointExtension>
       <gpxtpx:hr>121</gpxtpx:hr>
      </gpxtpx:TrackPointExtension>
     </extensions>
   </trkpt>
   <trkpt lat="-2.6736310" lon="-42.9674240">
    <ele>38.6</ele>
    <time>2026-06-15T10:23:25Z</time>
     <extensions>
      <gpxtpx:TrackPointExtension>
       <gpxtpx:hr>126</gpxtpx:hr>
      </gpxtpx:TrackPointExtension>
     </extensions>
   </trkpt>
   <trkpt lat="-2.6736060" lon="-42.9674460">
    <ele>39.2</ele>
    <time>2026-06-15T10:23:30Z</time>
     <extensions>
      <gpxtpx:TrackPointExtension>
       <gpxtpx:hr>126</gpxtpx:hr>
      </gpxtpx:TrackPointExtension>
     </extensions>
   </trkpt>
   <trkpt lat="-2.6735820" lon="-42.9674800">
    <ele>39.8</ele>
    <time>2026-06-15T10:23:35Z</time>
     <extensions>
      <gpxtpx:TrackPointExtension>
       <gpxtpx:hr>135</gpxtpx:hr>
      </gpxtpx:TrackPointExtension>
     </extensions>
   </trkpt>
   <trkpt lat="-2.6735540" lon="-42.9675100">
    <ele>40.4</ele>
    <time>2026-06-15T10:23:40Z</time>
     <extensions>
      <gpxtpx:TrackPointExtension>
       <gpxtpx:hr>138</gpxtpx:hr>
      </gpxtpx:TrackPointExtension>
     </extensions>
   </trkpt>
   <trkpt lat="-2.6735200" lon="-42.9675410">
    <ele>41.2</ele>
    <time>2026-06-15T10:23:45Z</time>
     <extensions>
      <gpxtpx:TrackPointExtension>
       <gpxtpx:hr>139</gpxtpx:hr>
      </gpxtpx:TrackPointExtension>
     </extensions>
   </trkpt>
   <trkpt lat="-2.6734830" lon="-42.9675800">
    <ele>41.8</ele>
    <time>2026-06-15T10:23:50Z</time>
     <extensions>
      <gpxtpx:TrackPointExtension>
       <gpxtpx:hr>139</gpxtpx:hr>
      </gpxtpx:TrackPointExtension>
     </extensions>
   </trkpt>
   <trkpt lat="-2.6734560" lon="-42.9676240">
    <ele>42.4</ele>
    <time>2026-06-15T10:23:55Z</time>
     <extensions>
      <gpxtpx:TrackPointExtension>
       <gpxtpx:hr>145</gpxtpx:hr>
      </gpxtpx:TrackPointExtension>
     </extensions>
   </trkpt>
   <trkpt lat="-2.6734380" lon="-42.9676780">
    <ele>42.8</ele>
    <time>2026-06-15T10:24:00Z</time>
     <extensions>
      <gpxtpx:TrackPointExtension>
       <gpxtpx:hr>148</gpxtpx:hr>
      </gpxtpx:TrackPointExtension>
     </extensions>
   </trkpt>
   <trkpt lat="-2.6734230" lon="-42.9677280">
    <ele>43.0</ele>
    <time>2026-06-15T10:24:05Z</time>
     <extensions>
      <gpxtpx:TrackPointExtension>
       <gpxtpx:hr>146</gpxtpx:hr>
      </gpxtpx:TrackPointExtension>
     </extensions>
   </trkpt>
   <trkpt lat="-2.6734190" lon="-42.9677830">
    <ele>43.2</ele>
    <time>2026-06-15T10:24:10Z</time>
     <extensions>
      <gpxtpx:TrackPointExtension>
       <gpxtpx:hr>144</gpxtpx:hr>
      </gpxtpx:TrackPointExtension>
     </extensions>
   </trkpt>
   <trkpt lat="-2.6734210" lon="-42.9678360">
    <ele>43.4</ele>
    <time>2026-06-15T10:24:15Z</time>
     <extensions>
      <gpxtpx:TrackPointExtension>
       <gpxtpx:hr>144</gpxtpx:hr>
      </gpxtpx:TrackPointExtension>
     </extensions>
   </trkpt>
   <trkpt lat="-2.6734240" lon="-42.9678900">
    <ele>43.4</ele>
    <time>2026-06-15T10:24:20Z</time>
     <extensions>
      <gpxtpx:TrackPointExtension>
       <gpxtpx:hr>139</gpxtpx:hr>
      </gpxtpx:TrackPointExtension>
     </extensions>
   </trkpt>
   <trkpt lat="-2.6734220" lon="-42.9679450">
    <ele>43.2</ele>
    <time>2026-06-15T10:24:25Z</time>
     <extensions>
      <gpxtpx:TrackPointExtension>
       <gpxtpx:hr>140</gpxtpx:hr>
      </gpxtpx:TrackPointExtension>
     </extensions>
   </trkpt>
   <trkpt lat="-2.6734130" lon="-42.9679960">
    <ele>43.0</ele>
    <time>2026-06-15T10:24:30Z</time>
     <extensions>
      <gpxtpx:TrackPointExtension>
       <gpxtpx:hr>138</gpxtpx:hr>
      </gpxtpx:TrackPointExtension>
     </extensions>
   </trkpt>
   <trkpt lat="-2.6734010" lon="-42.9680380">
    <ele>43.2</ele>
    <time>2026-06-15T10:24:35Z</time>
     <extensions>
      <gpxtpx:TrackPointExtension>
       <gpxtpx:hr>134</gpxtpx:hr>
      </gpxtpx:TrackPointExtension>
     </extensions>
   </trkpt>
   <trkpt lat="-2.6733880" lon="-42.9680900">
    <ele>43.6</ele>
    <time>2026-06-15T10:24:40Z</time>
     <extensions>
      <gpxtpx:TrackPointExtension>
       <gpxtpx:hr>131</gpxtpx:hr>
      </gpxtpx:TrackPointExtension>
     </extensions>
   </trkpt>
   <trkpt lat="-2.6733680" lon="-42.9681410">
    <ele>44.0</ele>
    <time>2026-06-15T10:24:45Z</time>
     <extensions>
      <gpxtpx:TrackPointExtension>
       <gpxtpx:hr>131</gpxtpx:hr>
      </gpxtpx:TrackPointExtension>
     </extensions>
   </trkpt>
   <trkpt lat="-2.6733460" lon="-42.9681950">
    <ele>44.2</ele>
    <time>2026-06-15T10:24:50Z</time>
     <extensions>
      <gpxtpx:TrackPointExtension>
       <gpxtpx:hr>133</gpxtpx:hr>
      </gpxtpx:TrackPointExtension>
     </extensions>
   </trkpt>
   <trkpt lat="-2.6733310" lon="-42.9682430">
    <ele>44.4</ele>
    <time>2026-06-15T10:24:55Z</time>
     <extensions>
      <gpxtpx:TrackPointExtension>
       <gpxtpx:hr>134</gpxtpx:hr>
      </gpxtpx:TrackPointExtension>
     </extensions>
   </trkpt>
   <trkpt lat="-2.6733170" lon="-42.9683010">
    <ele>44.4</ele>
    <time>2026-06-15T10:25:00Z</time>
     <extensions>
      <gpxtpx:TrackPointExtension>
       <gpxtpx:hr>134</gpxtpx:hr>
      </gpxtpx:TrackPointExtension>
     </extensions>
   </trkpt>
   <trkpt lat="-2.6733050" lon="-42.9683630">
    <ele>44.4</ele>
    <time>2026-06-15T10:25:05Z</time>
     <extensions>
      <gpxtpx:TrackPointExtension>
       <gpxtpx:hr>131</gpxtpx:hr>
      </gpxtpx:TrackPointExtension>
     </extensions>
   </trkpt>
   <trkpt lat="-2.6732930" lon="-42.9684070">
    <ele>44.2</ele>
    <time>2026-06-15T10:25:10Z</time>
     <extensions>
      <gpxtpx:TrackPointExtension>
       <gpxtpx:hr>131</gpxtpx:hr>
      </gpxtpx:TrackPointExtension>
     </extensions>
   </trkpt>
   <trkpt lat="-2.6732860" lon="-42.9684710">
    <ele>44.2</ele>
    <time>2026-06-15T10:25:15Z</time>
     <extensions>
      <gpxtpx:TrackPointExtension>
       <gpxtpx:hr>129</gpxtpx:hr>
      </gpxtpx:TrackPointExtension>
     </extensions>
   </trkpt>
   <trkpt lat="-2.6732780" lon="-42.9685270">
    <ele>44.2</ele>
    <time>2026-06-15T10:25:20Z</time>
     <extensions>
      <gpxtpx:TrackPointExtension>
       <gpxtpx:hr>129</gpxtpx:hr>
      </gpxtpx:TrackPointExtension>
     </extensions>
   </trkpt>
   <trkpt lat="-2.6732700" lon="-42.9685790">
    <ele>44.2</ele>
    <time>2026-06-15T10:25:25Z</time>
     <extensions>
      <gpxtpx:TrackPointExtension>
       <gpxtpx:hr>127</gpxtpx:hr>
      </gpxtpx:TrackPointExtension>
     </extensions>
   </trkpt>
   <trkpt lat="-2.6732620" lon="-42.9686280">
    <ele>44.4</ele>
    <time>2026-06-15T10:25:30Z</time>
     <extensions>
      <gpxtpx:TrackPointExtension>
       <gpxtpx:hr>126</gpxtpx:hr>
      </gpxtpx:TrackPointExtension>
     </extensions>
   </trkpt>
   <trkpt lat="-2.6732640" lon="-42.9686820">
    <ele>44.6</ele>
    <time>2026-06-15T10:25:35Z</time>
     <extensions>
      <gpxtpx:TrackPointExtension>
       <gpxtpx:hr>126</gpxtpx:hr>
      </gpxtpx:TrackPointExtension>
     </extensions>
   </trkpt>
   <trkpt lat="-2.6732850" lon="-42.9687360">
    <ele>45.0</ele>
    <time>2026-06-15T10:25:40Z</time>
     <extensions>
      <gpxtpx:TrackPointExtension>
       <gpxtpx:hr>125</gpxtpx:hr>
      </gpxtpx:TrackPointExtension>
     </extensions>
   </trkpt>
   <trkpt lat="-2.6732980" lon="-42.9687850">
    <ele>45.2</ele>
    <time>2026-06-15T10:25:45Z</time>
     <extensions>
      <gpxtpx:TrackPointExtension>
       <gpxtpx:hr>125</gpxtpx:hr>
      </gpxtpx:TrackPointExtension>
     </extensions>
   </trkpt>
   <trkpt lat="-2.6733060" lon="-42.9688330">
    <ele>45.2</ele>
    <time>2026-06-15T10:25:50Z</time>
     <extensions>
      <gpxtpx:TrackPointExtension>
       <gpxtpx:hr>125</gpxtpx:hr>
      </gpxtpx:TrackPointExtension>
     </extensions>
   </trkpt>
   <trkpt lat="-2.6733070" lon="-42.9688800">
    <ele>45.0</ele>
    <time>2026-06-15T10:25:55Z</time>
     <extensions>
      <gpxtpx:TrackPointExtension>
       <gpxtpx:hr>126</gpxtpx:hr>
      </gpxtpx:TrackPointExtension>
     </extensions>
   </trkpt>
   <trkpt lat="-2.6732890" lon="-42.9689250">
    <ele>44.8</ele>
    <time>2026-06-15T10:26:00Z</time>
     <extensions>
      <gpxtpx:TrackPointExtension>
       <gpxtpx:hr>125</gpxtpx:hr>
      </gpxtpx:TrackPointExtension>
     </extensions>
   </trkpt>
   <trkpt lat="-2.6732670" lon="-42.9689660">
    <ele>44.6</ele>
    <time>2026-06-15T10:26:05Z</time>
     <extensions>
      <gpxtpx:TrackPointExtension>
       <gpxtpx:hr>125</gpxtpx:hr>
      </gpxtpx:TrackPointExtension>
     </extensions>
   </trkpt>
   <trkpt lat="-2.6732410" lon="-42.9690080">
    <ele>44.4</ele>
    <time>2026-06-15T10:26:10Z</time>
     <extensions>
      <gpxtpx:TrackPointExtension>
       <gpxtpx:hr>125</gpxtpx:hr>
      </gpxtpx:TrackPointExtension>
     </extensions>
   </trkpt>
   <trkpt lat="-2.6732110" lon="-42.9690460">
    <ele>44.0</ele>
    <time>2026-06-15T10:26:15Z</time>
     <extensions>
      <gpxtpx:TrackPointExtension>
       <gpxtpx:hr>124</gpxtpx:hr>
      </gpxtpx:TrackPointExtension>
     </extensions>
   </trkpt>
   <trkpt lat="-2.6731850" lon="-42.9690780">
    <ele>43.6</ele>
    <time>2026-06-15T10:26:20Z</time>
     <extensions>
      <gpxtpx:TrackPointExtension>
       <gpxtpx:hr>119</gpxtpx:hr>
      </gpxtpx:TrackPointExtension>
     </extensions>
   </trkpt>
   <trkpt lat="-2.6731610" lon="-42.9691090">
    <ele>43.0</ele>
    <time>2026-06-15T10:26:25Z</time>
     <extensions>
      <gpxtpx:TrackPointExtension>
       <gpxtpx:hr>118</gpxtpx:hr>
      </gpxtpx:TrackPointExtension>
     </extensions>
   </trkpt>
   <trkpt lat="-2.6731470" lon="-42.9691340">
    <ele>42.6</ele>
    <time>2026-06-15T10:26:30Z</time>
     <extensions>
      <gpxtpx:TrackPointExtension>
       <gpxtpx:hr>118</gpxtpx:hr>
      </gpxtpx:TrackPointExtension>
     </extensions>
   </trkpt>
   <trkpt lat="-2.6731220" lon="-42.9691750">
    <ele>42.0</ele>
    <time>2026-06-15T10:26:35Z</time>
     <extensions>
      <gpxtpx:TrackPointExtension>
       <gpxtpx:hr>114</gpxtpx:hr>
      </gpxtpx:TrackPointExtension>
     </extensions>
   </trkpt>
   <trkpt lat="-2.6731100" lon="-42.9692140">
    <ele>41.0</ele>
    <time>2026-06-15T10:26:40Z</time>
     <extensions>
      <gpxtpx:TrackPointExtension>
       <gpxtpx:hr>111</gpxtpx:hr>
      </gpxtpx:TrackPointExtension>
     </extensions>
   </trkpt>
   <trkpt lat="-2.6731030" lon="-42.9692490">
    <ele>40.0</ele>
    <time>2026-06-15T10:26:45Z</time>
     <extensions>
      <gpxtpx:TrackPointExtension>
       <gpxtpx:hr>112</gpxtpx:hr>
      </gpxtpx:TrackPointExtension>
     </extensions>
   </trkpt>
   <trkpt lat="-2.6730980" lon="-42.9692960">
    <ele>39.4</ele>
    <time>2026-06-15T10:26:50Z</time>
     <extensions>
      <gpxtpx:TrackPointExtension>
       <gpxtpx:hr>112</gpxtpx:hr>
      </gpxtpx:TrackPointExtension>
     </extensions>
   </trkpt>
   <trkpt lat="-2.6731000" lon="-42.9693420">
    <ele>39.0</ele>
    <time>2026-06-15T10:26:55Z</time>
     <extensions>
      <gpxtpx:TrackPointExtension>
       <gpxtpx:hr>116</gpxtpx:hr>
      </gpxtpx:TrackPointExtension>
     </extensions>
   </trkpt>
   <trkpt lat="-2.6731170" lon="-42.9693800">
    <ele>38.6</ele>
    <time>2026-06-15T10:27:00Z</time>
     <extensions>
      <gpxtpx:TrackPointExtension>
       <gpxtpx:hr>116</gpxtpx:hr>
      </gpxtpx:TrackPointExtension>
     </extensions>
   </trkpt>
   <trkpt lat="-2.6731340" lon="-42.9694130">
    <ele>38.4</ele>
    <time>2026-06-15T10:27:05Z</time>
     <extensions>
      <gpxtpx:TrackPointExtension>
       <gpxtpx:hr>114</gpxtpx:hr>
      </gpxtpx:TrackPointExtension>
     </extensions>
   </trkpt>
   <trkpt lat="-2.6731440" lon="-42.9694190">
    <ele>38.4</ele>
    <time>2026-06-15T10:27:10Z</time>
     <extensions>
      <gpxtpx:TrackPointExtension>
       <gpxtpx:hr>114</gpxtpx:hr>
      </gpxtpx:TrackPointExtension>
     </extensions>
   </trkpt>
   <trkpt lat="-2.6731540" lon="-42.9694220">
    <ele>38.0</ele>
    <time>2026-06-15T10:27:15Z</time>
     <extensions>
      <gpxtpx:TrackPointExtension>
       <gpxtpx:hr>126</gpxtpx:hr>
      </gpxtpx:TrackPointExtension>
     </extensions>
   </trkpt>
   <trkpt lat="-2.6731550" lon="-42.9694210">
    <ele>37.6</ele>
    <time>2026-06-15T10:27:20Z</time>
     <extensions>
      <gpxtpx:TrackPointExtension>
       <gpxtpx:hr>128</gpxtpx:hr>
      </gpxtpx:TrackPointExtension>
     </extensions>
   </trkpt>
   <trkpt lat="-2.6731510" lon="-42.9694180">
    <ele>37.4</ele>
    <time>2026-06-15T10:27:25Z</time>
     <extensions>
      <gpxtpx:TrackPointExtension>
       <gpxtpx:hr>126</gpxtpx:hr>
      </gpxtpx:TrackPointExtension>
     </extensions>
   </trkpt>
   <trkpt lat="-2.6731510" lon="-42.9694190">
    <ele>37.4</ele>
    <time>2026-06-15T10:27:30Z</time>
     <extensions>
      <gpxtpx:TrackPointExtension>
       <gpxtpx:hr>126</gpxtpx:hr>
      </gpxtpx:TrackPointExtension>
     </extensions>
   </trkpt>
   <trkpt lat="-2.6731490" lon="-42.9694230">
    <ele>37.6</ele>
    <time>2026-06-15T10:27:35Z</time>
     <extensions>
      <gpxtpx:TrackPointExtension>
       <gpxtpx:hr>126</gpxtpx:hr>
      </gpxtpx:TrackPointExtension>
     </extensions>
   </trkpt>
   <trkpt lat="-2.6731460" lon="-42.9694230">
    <ele>38.0</ele>
    <time>2026-06-15T10:27:40Z</time>
     <extensions>
      <gpxtpx:TrackPointExtension>
       <gpxtpx:hr>118</gpxtpx:hr>
      </gpxtpx:TrackPointExtension>
     </extensions>
   </trkpt>
   <trkpt lat="-2.6731430" lon="-42.9694220">
    <ele>38.4</ele>
    <time>2026-06-15T10:27:45Z</time>
     <extensions>
      <gpxtpx:TrackPointExtension>
       <gpxtpx:hr>117</gpxtpx:hr>
      </gpxtpx:TrackPointExtension>
     </extensions>
   </trkpt>
   <trkpt lat="-2.6731440" lon="-42.9694220">
    <ele>38.4</ele>
    <time>2026-06-15T10:27:50Z</time>
     <extensions>
      <gpxtpx:TrackPointExtension>
       <gpxtpx:hr>123</gpxtpx:hr>
      </gpxtpx:TrackPointExtension>
     </extensions>
   </trkpt>
   <trkpt lat="-2.6731470" lon="-42.9694210">
    <ele>38.2</ele>
    <time>2026-06-15T10:27:55Z</time>
     <extensions>
      <gpxtpx:TrackPointExtension>
       <gpxtpx:hr>117</gpxtpx:hr>
      </gpxtpx:TrackPointExtension>
     </extensions>
   </trkpt>
   <trkpt lat="-2.6731530" lon="-42.9694190">
    <ele>37.8</ele>
    <time>2026-06-15T10:28:00Z</time>
     <extensions>
      <gpxtpx:TrackPointExtension>
       <gpxtpx:hr>117</gpxtpx:hr>
      </gpxtpx:TrackPointExtension>
     </extensions>
   </trkpt>
   <trkpt lat="-2.6731560" lon="-42.9694170">
    <ele>37.2</ele>
    <time>2026-06-15T10:28:05Z</time>
     <extensions>
      <gpxtpx:TrackPointExtension>
       <gpxtpx:hr>117</gpxtpx:hr>
      </gpxtpx:TrackPointExtension>
     </extensions>
   </trkpt>
   <trkpt lat="-2.6731580" lon="-42.9694180">
    <ele>36.8</ele>
    <time>2026-06-15T10:28:10Z</time>
     <extensions>
      <gpxtpx:TrackPointExtension>
       <gpxtpx:hr>113</gpxtpx:hr>
      </gpxtpx:TrackPointExtension>
     </extensions>
   </trkpt>
   <trkpt lat="-2.6731590" lon="-42.9694170">
    <ele>36.8</ele>
    <time>2026-06-15T10:28:15Z</time>
     <extensions>
      <gpxtpx:TrackPointExtension>
       <gpxtpx:hr>113</gpxtpx:hr>
      </gpxtpx:TrackPointExtension>
     </extensions>
   </trkpt>
   <trkpt lat="-2.6731550" lon="-42.9694220">
    <ele>36.8</ele>
    <time>2026-06-15T10:28:20Z</time>
     <extensions>
      <gpxtpx:TrackPointExtension>
       <gpxtpx:hr>115</gpxtpx:hr>
      </gpxtpx:TrackPointExtension>
     </extensions>
   </trkpt>
   <trkpt lat="-2.6731480" lon="-42.9694250">
    <ele>36.8</ele>
    <time>2026-06-15T10:28:25Z</time>
     <extensions>
      <gpxtpx:TrackPointExtension>
       <gpxtpx:hr>113</gpxtpx:hr>
      </gpxtpx:TrackPointExtension>
     </extensions>
   </trkpt>
   <trkpt lat="-2.6731470" lon="-42.9694240">
    <ele>36.8</ele>
    <time>2026-06-15T10:28:30Z</time>
     <extensions>
      <gpxtpx:TrackPointExtension>
       <gpxtpx:hr>113</gpxtpx:hr>
      </gpxtpx:TrackPointExtension>
     </extensions>
   </trkpt>
   <trkpt lat="-2.6731530" lon="-42.9694150">
    <ele>36.8</ele>
    <time>2026-06-15T10:28:35Z</time>
     <extensions>
      <gpxtpx:TrackPointExtension>
       <gpxtpx:hr>110</gpxtpx:hr>
      </gpxtpx:TrackPointExtension>
     </extensions>
   </trkpt>
   <trkpt lat="-2.6731500" lon="-42.9694120">
    <ele>37.0</ele>
    <time>2026-06-15T10:28:40Z</time>
     <extensions>
      <gpxtpx:TrackPointExtension>
       <gpxtpx:hr>116</gpxtpx:hr>
      </gpxtpx:TrackPointExtension>
     </extensions>
   </trkpt>
   <trkpt lat="-2.6731510" lon="-42.9694150">
    <ele>37.0</ele>
    <time>2026-06-15T10:28:46Z</time>
     <extensions>
      <gpxtpx:TrackPointExtension>
       <gpxtpx:hr>116</gpxtpx:hr>
      </gpxtpx:TrackPointExtension>
     </extensions>
   </trkpt>
   <trkpt lat="-2.6731500" lon="-42.9694230">
    <ele>36.8</ele>
    <time>2026-06-15T10:28:51Z</time>
     <extensions>
      <gpxtpx:TrackPointExtension>
       <gpxtpx:hr>108</gpxtpx:hr>
      </gpxtpx:TrackPointExtension>
     </extensions>
   </trkpt>
   <trkpt lat="-2.6731470" lon="-42.9694240">
    <ele>36.8</ele>
    <time>2026-06-15T10:28:56Z</time>
     <extensions>
      <gpxtpx:TrackPointExtension>
       <gpxtpx:hr>109</gpxtpx:hr>
      </gpxtpx:TrackPointExtension>
     </extensions>
   </trkpt>
   <trkpt lat="-2.6731430" lon="-42.9694190">
    <ele>36.8</ele>
    <time>2026-06-15T10:29:01Z</time>
     <extensions>
      <gpxtpx:TrackPointExtension>
       <gpxtpx:hr>114</gpxtpx:hr>
      </gpxtpx:TrackPointExtension>
     </extensions>
   </trkpt>
   <trkpt lat="-2.6731400" lon="-42.9694200">
    <ele>36.6</ele>
    <time>2026-06-15T10:29:06Z</time>
     <extensions>
      <gpxtpx:TrackPointExtension>
       <gpxtpx:hr>114</gpxtpx:hr>
      </gpxtpx:TrackPointExtension>
     </extensions>
   </trkpt>
   <trkpt lat="-2.6731340" lon="-42.9694240">
    <ele>36.8</ele>
    <time>2026-06-15T10:29:11Z</time>
     <extensions>
      <gpxtpx:TrackPointExtension>
       <gpxtpx:hr>113</gpxtpx:hr>
      </gpxtpx:TrackPointExtension>
     </extensions>
   </trkpt>
   <trkpt lat="-2.6731260" lon="-42.9694110">
    <ele>37.0</ele>
    <time>2026-06-15T10:29:16Z</time>
     <extensions>
      <gpxtpx:TrackPointExtension>
       <gpxtpx:hr>117</gpxtpx:hr>
      </gpxtpx:TrackPointExtension>
     </extensions>
   </trkpt>
   <trkpt lat="-2.6731370" lon="-42.9694170">
    <ele>37.0</ele>
    <time>2026-06-15T10:29:21Z</time>
     <extensions>
      <gpxtpx:TrackPointExtension>
       <gpxtpx:hr>117</gpxtpx:hr>
      </gpxtpx:TrackPointExtension>
     </extensions>
   </trkpt>
   <trkpt lat="-2.6731470" lon="-42.9694180">
    <ele>36.8</ele>
    <time>2026-06-15T10:29:26Z</time>
     <extensions>
      <gpxtpx:TrackPointExtension>
       <gpxtpx:hr>126</gpxtpx:hr>
      </gpxtpx:TrackPointExtension>
     </extensions>
   </trkpt>
   <trkpt lat="-2.6731510" lon="-42.9694180">
    <ele>36.8</ele>
    <time>2026-06-15T10:29:31Z</time>
     <extensions>
      <gpxtpx:TrackPointExtension>
       <gpxtpx:hr>127</gpxtpx:hr>
      </gpxtpx:TrackPointExtension>
     </extensions>
   </trkpt>
   <trkpt lat="-2.6731540" lon="-42.9694170">
    <ele>36.6</ele>
    <time>2026-06-15T10:29:36Z</time>
     <extensions>
      <gpxtpx:TrackPointExtension>
       <gpxtpx:hr>127</gpxtpx:hr>
      </gpxtpx:TrackPointExtension>
     </extensions>
   </trkpt>
   <trkpt lat="-2.6731750" lon="-42.9694030">
    <ele>35.6</ele>
    <time>2026-06-15T10:29:41Z</time>
     <extensions>
      <gpxtpx:TrackPointExtension>
       <gpxtpx:hr>123</gpxtpx:hr>
      </gpxtpx:TrackPointExtension>
     </extensions>
   </trkpt>
   <trkpt lat="-2.6730900" lon="-42.9694800">
    <ele>47.8</ele>
    <time>2026-06-15T11:11:43Z</time>
     <extensions>
      <gpxtpx:TrackPointExtension>
       <gpxtpx:hr>123</gpxtpx:hr>
      </gpxtpx:TrackPointExtension>
     </extensions>
   </trkpt>
   <trkpt lat="-2.6730580" lon="-42.9695040">
    <ele>45.8</ele>
    <time>2026-06-15T11:11:48Z</time>
     <extensions>
      <gpxtpx:TrackPointExtension>
       <gpxtpx:hr>105</gpxtpx:hr>
      </gpxtpx:TrackPointExtension>
     </extensions>
   </trkpt>
   <trkpt lat="-2.6730160" lon="-42.9695450">
    <ele>44.8</ele>
    <time>2026-06-15T11:11:53Z</time>
     <extensions>
      <gpxtpx:TrackPointExtension>
       <gpxtpx:hr>102</gpxtpx:hr>
      </gpxtpx:TrackPointExtension>
     </extensions>
   </trkpt>
   <trkpt lat="-2.6729930" lon="-42.9695840">
    <ele>44.2</ele>
    <time>2026-06-15T11:11:58Z</time>
     <extensions>
      <gpxtpx:TrackPointExtension>
       <gpxtpx:hr>102</gpxtpx:hr>
      </gpxtpx:TrackPointExtension>
     </extensions>
   </trkpt>
   <trkpt lat="-2.6729840" lon="-42.9696160">
    <ele>43.6</ele>
    <time>2026-06-15T11:12:03Z</time>
     <extensions>
      <gpxtpx:TrackPointExtension>
       <gpxtpx:hr>105</gpxtpx:hr>
      </gpxtpx:TrackPointExtension>
     </extensions>
   </trkpt>
   <trkpt lat="-2.6729680" lon="-42.9696540">
    <ele>43.6</ele>
    <time>2026-06-15T11:12:08Z</time>
     <extensions>
      <gpxtpx:TrackPointExtension>
       <gpxtpx:hr>106</gpxtpx:hr>
      </gpxtpx:TrackPointExtension>
     </extensions>
   </trkpt>
   <trkpt lat="-2.6729470" lon="-42.9697030">
    <ele>44.6</ele>
    <time>2026-06-15T11:12:13Z</time>
     <extensions>
      <gpxtpx:TrackPointExtension>
       <gpxtpx:hr>100</gpxtpx:hr>
      </gpxtpx:TrackPointExtension>
     </extensions>
   </trkpt>
   <trkpt lat="-2.6729340" lon="-42.9697580">
    <ele>46.0</ele>
    <time>2026-06-15T11:12:18Z</time>
     <extensions>
      <gpxtpx:TrackPointExtension>
       <gpxtpx:hr>101</gpxtpx:hr>
      </gpxtpx:TrackPointExtension>
     </extensions>
   </trkpt>
   <trkpt lat="-2.6729180" lon="-42.9698040">
    <ele>46.8</ele>
    <time>2026-06-15T11:12:23Z</time>
     <extensions>
      <gpxtpx:TrackPointExtension>
       <gpxtpx:hr>100</gpxtpx:hr>
      </gpxtpx:TrackPointExtension>
     </extensions>
   </trkpt>
   <trkpt lat="-2.6729080" lon="-42.9698530">
    <ele>47.0</ele>
    <time>2026-06-15T11:12:28Z</time>
     <extensions>
      <gpxtpx:TrackPointExtension>
       <gpxtpx:hr>99</gpxtpx:hr>
      </gpxtpx:TrackPointExtension>
     </extensions>
   </trkpt>
   <trkpt lat="-2.6729020" lon="-42.9698940">
    <ele>47.0</ele>
    <time>2026-06-15T11:12:33Z</time>
     <extensions>
      <gpxtpx:TrackPointExtension>
       <gpxtpx:hr>102</gpxtpx:hr>
      </gpxtpx:TrackPointExtension>
     </extensions>
   </trkpt>
   <trkpt lat="-2.6728930" lon="-42.9699460">
    <ele>46.8</ele>
    <time>2026-06-15T11:12:38Z</time>
     <extensions>
      <gpxtpx:TrackPointExtension>
       <gpxtpx:hr>103</gpxtpx:hr>
      </gpxtpx:TrackPointExtension>
     </extensions>
   </trkpt>
   <trkpt lat="-2.6728850" lon="-42.9699960">
    <ele>46.8</ele>
    <time>2026-06-15T11:12:43Z</time>
     <extensions>
      <gpxtpx:TrackPointExtension>
       <gpxtpx:hr>104</gpxtpx:hr>
      </gpxtpx:TrackPointExtension>
     </extensions>
   </trkpt>
   <trkpt lat="-2.6728780" lon="-42.9700440">
    <ele>46.6</ele>
    <time>2026-06-15T11:12:48Z</time>
     <extensions>
      <gpxtpx:TrackPointExtension>
       <gpxtpx:hr>104</gpxtpx:hr>
      </gpxtpx:TrackPointExtension>
     </extensions>
   </trkpt>
   <trkpt lat="-2.6728740" lon="-42.9700900">
    <ele>46.4</ele>
    <time>2026-06-15T11:12:53Z</time>
     <extensions>
      <gpxtpx:TrackPointExtension>
       <gpxtpx:hr>103</gpxtpx:hr>
      </gpxtpx:TrackPointExtension>
     </extensions>
   </trkpt>
   <trkpt lat="-2.6728670" lon="-42.9701380">
    <ele>46.4</ele>
    <time>2026-06-15T11:12:58Z</time>
     <extensions>
      <gpxtpx:TrackPointExtension>
       <gpxtpx:hr>106</gpxtpx:hr>
      </gpxtpx:TrackPointExtension>
     </extensions>
   </trkpt>
   <trkpt lat="-2.6728610" lon="-42.9701900">
    <ele>46.2</ele>
    <time>2026-06-15T11:13:03Z</time>
     <extensions>
      <gpxtpx:TrackPointExtension>
       <gpxtpx:hr>106</gpxtpx:hr>
      </gpxtpx:TrackPointExtension>
     </extensions>
   </trkpt>
   <trkpt lat="-2.6728560" lon="-42.9702390">
    <ele>46.2</ele>
    <time>2026-06-15T11:13:08Z</time>
     <extensions>
      <gpxtpx:TrackPointExtension>
       <gpxtpx:hr>111</gpxtpx:hr>
      </gpxtpx:TrackPointExtension>
     </extensions>
   </trkpt>
   <trkpt lat="-2.6728580" lon="-42.9702900">
    <ele>46.2</ele>
    <time>2026-06-15T11:13:13Z</time>
     <extensions>
      <gpxtpx:TrackPointExtension>
       <gpxtpx:hr>107</gpxtpx:hr>
      </gpxtpx:TrackPointExtension>
     </extensions>
   </trkpt>
   <trkpt lat="-2.6728590" lon="-42.9703320">
    <ele>46.2</ele>
    <time>2026-06-15T11:13:18Z</time>
     <extensions>
      <gpxtpx:TrackPointExtension>
       <gpxtpx:hr>107</gpxtpx:hr>
      </gpxtpx:TrackPointExtension>
     </extensions>
   </trkpt>
   <trkpt lat="-2.6728560" lon="-42.9703720">
    <ele>46.4</ele>
    <time>2026-06-15T11:13:23Z</time>
     <extensions>
      <gpxtpx:TrackPointExtension>
       <gpxtpx:hr>109</gpxtpx:hr>
      </gpxtpx:TrackPointExtension>
     </extensions>
   </trkpt>
   <trkpt lat="-2.6728520" lon="-42.9704120">
    <ele>46.4</ele>
    <time>2026-06-15T11:13:28Z</time>
     <extensions>
      <gpxtpx:TrackPointExtension>
       <gpxtpx:hr>110</gpxtpx:hr>
      </gpxtpx:TrackPointExtension>
     </extensions>
   </trkpt>
   <trkpt lat="-2.6728540" lon="-42.9704580">
    <ele>46.4</ele>
    <time>2026-06-15T11:13:33Z</time>
     <extensions>
      <gpxtpx:TrackPointExtension>
       <gpxtpx:hr>110</gpxtpx:hr>
      </gpxtpx:TrackPointExtension>
     </extensions>
   </trkpt>
   <trkpt lat="-2.6728560" lon="-42.9704970">
    <ele>46.4</ele>
    <time>2026-06-15T11:13:38Z</time>
     <extensions>
      <gpxtpx:TrackPointExtension>
       <gpxtpx:hr>109</gpxtpx:hr>
      </gpxtpx:TrackPointExtension>
     </extensions>
   </trkpt>
   <trkpt lat="-2.6728520" lon="-42.9705440">
    <ele>46.2</ele>
    <time>2026-06-15T11:13:43Z</time>
     <extensions>
      <gpxtpx:TrackPointExtension>
       <gpxtpx:hr>109</gpxtpx:hr>
      </gpxtpx:TrackPointExtension>
     </extensions>
   </trkpt>
   <trkpt lat="-2.6728480" lon="-42.9705820">
    <ele>46.0</ele>
    <time>2026-06-15T11:13:48Z</time>
     <extensions>
      <gpxtpx:TrackPointExtension>
       <gpxtpx:hr>112</gpxtpx:hr>
      </gpxtpx:TrackPointExtension>
     </extensions>
   </trkpt>
   <trkpt lat="-2.6728510" lon="-42.9706260">
    <ele>46.0</ele>
    <time>2026-06-15T11:13:53Z</time>
     <extensions>
      <gpxtpx:TrackPointExtension>
       <gpxtpx:hr>112</gpxtpx:hr>
      </gpxtpx:TrackPointExtension>
     </extensions>
   </trkpt>
   <trkpt lat="-2.6728510" lon="-42.9706610">
    <ele>46.0</ele>
    <time>2026-06-15T11:13:58Z</time>
     <extensions>
      <gpxtpx:TrackPointExtension>
       <gpxtpx:hr>113</gpxtpx:hr>
      </gpxtpx:TrackPointExtension>
     </extensions>
   </trkpt>
   <trkpt lat="-2.6728470" lon="-42.9706860">
    <ele>46.0</ele>
    <time>2026-06-15T11:14:03Z</time>
     <extensions>
      <gpxtpx:TrackPointExtension>
       <gpxtpx:hr>109</gpxtpx:hr>
      </gpxtpx:TrackPointExtension>
     </extensions>
   </trkpt>
   <trkpt lat="-2.6728470" lon="-42.9707160">
    <ele>46.0</ele>
    <time>2026-06-15T11:14:08Z</time>
     <extensions>
      <gpxtpx:TrackPointExtension>
       <gpxtpx:hr>109</gpxtpx:hr>
      </gpxtpx:TrackPointExtension>
     </extensions>
   </trkpt>
   <trkpt lat="-2.6728450" lon="-42.9707690">
    <ele>46.0</ele>
    <time>2026-06-15T11:14:13Z</time>
     <extensions>
      <gpxtpx:TrackPointExtension>
       <gpxtpx:hr>108</gpxtpx:hr>
      </gpxtpx:TrackPointExtension>
     </extensions>
   </trkpt>
   <trkpt lat="-2.6728430" lon="-42.9708060">
    <ele>46.0</ele>
    <time>2026-06-15T11:14:18Z</time>
     <extensions>
      <gpxtpx:TrackPointExtension>
       <gpxtpx:hr>109</gpxtpx:hr>
      </gpxtpx:TrackPointExtension>
     </extensions>
   </trkpt>
   <trkpt lat="-2.6728430" lon="-42.9708510">
    <ele>46.0</ele>
    <time>2026-06-15T11:14:23Z</time>
     <extensions>
      <gpxtpx:TrackPointExtension>
       <gpxtpx:hr>109</gpxtpx:hr>
      </gpxtpx:TrackPointExtension>
     </extensions>
   </trkpt>
   <trkpt lat="-2.6728430" lon="-42.9708960">
    <ele>46.0</ele>
    <time>2026-06-15T11:14:28Z</time>
     <extensions>
      <gpxtpx:TrackPointExtension>
       <gpxtpx:hr>107</gpxtpx:hr>
      </gpxtpx:TrackPointExtension>
     </extensions>
   </trkpt>
   <trkpt lat="-2.6728400" lon="-42.9709330">
    <ele>46.0</ele>
    <time>2026-06-15T11:14:33Z</time>
     <extensions>
      <gpxtpx:TrackPointExtension>
       <gpxtpx:hr>106</gpxtpx:hr>
      </gpxtpx:TrackPointExtension>
     </extensions>
   </trkpt>
   <trkpt lat="-2.6728370" lon="-42.9709760">
    <ele>45.8</ele>
    <time>2026-06-15T11:14:38Z</time>
     <extensions>
      <gpxtpx:TrackPointExtension>
       <gpxtpx:hr>106</gpxtpx:hr>
      </gpxtpx:TrackPointExtension>
     </extensions>
   </trkpt>
   <trkpt lat="-2.6728350" lon="-42.9710150">
    <ele>45.4</ele>
    <time>2026-06-15T11:14:43Z</time>
     <extensions>
      <gpxtpx:TrackPointExtension>
       <gpxtpx:hr>108</gpxtpx:hr>
      </gpxtpx:TrackPointExtension>
     </extensions>
   </trkpt>
   <trkpt lat="-2.6728320" lon="-42.9710580">
    <ele>45.2</ele>
    <time>2026-06-15T11:14:48Z</time>
     <extensions>
      <gpxtpx:TrackPointExtension>
       <gpxtpx:hr>108</gpxtpx:hr>
      </gpxtpx:TrackPointExtension>
     </extensions>
   </trkpt>
   <trkpt lat="-2.6728280" lon="-42.9710940">
    <ele>44.8</ele>
    <time>2026-06-15T11:14:53Z</time>
     <extensions>
      <gpxtpx:TrackPointExtension>
       <gpxtpx:hr>111</gpxtpx:hr>
      </gpxtpx:TrackPointExtension>
     </extensions>
   </trkpt>
   <trkpt lat="-2.6728240" lon="-42.9711390">
    <ele>44.6</ele>
    <time>2026-06-15T11:14:58Z</time>
     <extensions>
      <gpxtpx:TrackPointExtension>
       <gpxtpx:hr>111</gpxtpx:hr>
      </gpxtpx:TrackPointExtension>
     </extensions>
   </trkpt>
   <trkpt lat="-2.6728190" lon="-42.9711830">
    <ele>44.2</ele>
    <time>2026-06-15T11:15:03Z</time>
     <extensions>
      <gpxtpx:TrackPointExtension>
       <gpxtpx:hr>111</gpxtpx:hr>
      </gpxtpx:TrackPointExtension>
     </extensions>
   </trkpt>
   <trkpt lat="-2.6728150" lon="-42.9712260">
    <ele>44.0</ele>
    <time>2026-06-15T11:15:09Z</time>
     <extensions>
      <gpxtpx:TrackPointExtension>
       <gpxtpx:hr>112</gpxtpx:hr>
      </gpxtpx:TrackPointExtension>
     </extensions>
   </trkpt>
   <trkpt lat="-2.6728120" lon="-42.9712680">
    <ele>43.8</ele>
    <time>2026-06-15T11:15:14Z</time>
     <extensions>
      <gpxtpx:TrackPointExtension>
       <gpxtpx:hr>112</gpxtpx:hr>
      </gpxtpx:TrackPointExtension>
     </extensions>
   </trkpt>
   <trkpt lat="-2.6728070" lon="-42.9713170">
    <ele>43.6</ele>
    <time>2026-06-15T11:15:19Z</time>
     <extensions>
      <gpxtpx:TrackPointExtension>
       <gpxtpx:hr>109</gpxtpx:hr>
      </gpxtpx:TrackPointExtension>
     </extensions>
   </trkpt>
   <trkpt lat="-2.6728030" lon="-42.9713530">
    <ele>43.2</ele>
    <time>2026-06-15T11:15:24Z</time>
     <extensions>
      <gpxtpx:TrackPointExtension>
       <gpxtpx:hr>109</gpxtpx:hr>
      </gpxtpx:TrackPointExtension>
     </extensions>
   </trkpt>
   <trkpt lat="-2.6727960" lon="-42.9713910">
    <ele>43.0</ele>
    <time>2026-06-15T11:15:29Z</time>
     <extensions>
      <gpxtpx:TrackPointExtension>
       <gpxtpx:hr>109</gpxtpx:hr>
      </gpxtpx:TrackPointExtension>
     </extensions>
   </trkpt>
   <trkpt lat="-2.6727830" lon="-42.9714380">
    <ele>42.6</ele>
    <time>2026-06-15T11:15:34Z</time>
     <extensions>
      <gpxtpx:TrackPointExtension>
       <gpxtpx:hr>111</gpxtpx:hr>
      </gpxtpx:TrackPointExtension>
     </extensions>
   </trkpt>
   <trkpt lat="-2.6727780" lon="-42.9714820">
    <ele>42.4</ele>
    <time>2026-06-15T11:15:39Z</time>
     <extensions>
      <gpxtpx:TrackPointExtension>
       <gpxtpx:hr>111</gpxtpx:hr>
      </gpxtpx:TrackPointExtension>
     </extensions>
   </trkpt>
   <trkpt lat="-2.6727710" lon="-42.9715320">
    <ele>42.2</ele>
    <time>2026-06-15T11:15:44Z</time>
     <extensions>
      <gpxtpx:TrackPointExtension>
       <gpxtpx:hr>109</gpxtpx:hr>
      </gpxtpx:TrackPointExtension>
     </extensions>
   </trkpt>
   <trkpt lat="-2.6727610" lon="-42.9715820">
    <ele>42.2</ele>
    <time>2026-06-15T11:15:49Z</time>
     <extensions>
      <gpxtpx:TrackPointExtension>
       <gpxtpx:hr>110</gpxtpx:hr>
      </gpxtpx:TrackPointExtension>
     </extensions>
   </trkpt>
   <trkpt lat="-2.6727500" lon="-42.9716290">
    <ele>42.2</ele>
    <time>2026-06-15T11:15:54Z</time>
     <extensions>
      <gpxtpx:TrackPointExtension>
       <gpxtpx:hr>111</gpxtpx:hr>
      </gpxtpx:TrackPointExtension>
     </extensions>
   </trkpt>
   <trkpt lat="-2.6727290" lon="-42.9716720">
    <ele>41.8</ele>
    <time>2026-06-15T11:15:59Z</time>
     <extensions>
      <gpxtpx:TrackPointExtension>
       <gpxtpx:hr>113</gpxtpx:hr>
      </gpxtpx:TrackPointExtension>
     </extensions>
   </trkpt>
   <trkpt lat="-2.6727140" lon="-42.9717130">
    <ele>41.4</ele>
    <time>2026-06-15T11:16:04Z</time>
     <extensions>
      <gpxtpx:TrackPointExtension>
       <gpxtpx:hr>112</gpxtpx:hr>
      </gpxtpx:TrackPointExtension>
     </extensions>
   </trkpt>
   <trkpt lat="-2.6727050" lon="-42.9717580">
    <ele>41.0</ele>
    <time>2026-06-15T11:16:09Z</time>
     <extensions>
      <gpxtpx:TrackPointExtension>
       <gpxtpx:hr>111</gpxtpx:hr>
      </gpxtpx:TrackPointExtension>
     </extensions>
   </trkpt>
   <trkpt lat="-2.6727010" lon="-42.9718040">
    <ele>40.4</ele>
    <time>2026-06-15T11:16:14Z</time>
     <extensions>
      <gpxtpx:TrackPointExtension>
       <gpxtpx:hr>111</gpxtpx:hr>
      </gpxtpx:TrackPointExtension>
     </extensions>
   </trkpt>
   <trkpt lat="-2.6726920" lon="-42.9718440">
    <ele>39.6</ele>
    <time>2026-06-15T11:16:19Z</time>
     <extensions>
      <gpxtpx:TrackPointExtension>
       <gpxtpx:hr>114</gpxtpx:hr>
      </gpxtpx:TrackPointExtension>
     </extensions>
   </trkpt>
   <trkpt lat="-2.6726790" lon="-42.9718840">
    <ele>38.4</ele>
    <time>2026-06-15T11:16:24Z</time>
     <extensions>
      <gpxtpx:TrackPointExtension>
       <gpxtpx:hr>114</gpxtpx:hr>
      </gpxtpx:TrackPointExtension>
     </extensions>
   </trkpt>
   <trkpt lat="-2.6726660" lon="-42.9719200">
    <ele>37.0</ele>
    <time>2026-06-15T11:16:29Z</time>
     <extensions>
      <gpxtpx:TrackPointExtension>
       <gpxtpx:hr>116</gpxtpx:hr>
      </gpxtpx:TrackPointExtension>
     </extensions>
   </trkpt>
   <trkpt lat="-2.6726570" lon="-42.9719530">
    <ele>35.0</ele>
    <time>2026-06-15T11:16:34Z</time>
     <extensions>
      <gpxtpx:TrackPointExtension>
       <gpxtpx:hr>116</gpxtpx:hr>
      </gpxtpx:TrackPointExtension>
     </extensions>
   </trkpt>
   <trkpt lat="-2.6726500" lon="-42.9719830">
    <ele>33.0</ele>
    <time>2026-06-15T11:16:39Z</time>
     <extensions>
      <gpxtpx:TrackPointExtension>
       <gpxtpx:hr>118</gpxtpx:hr>
      </gpxtpx:TrackPointExtension>
     </extensions>
   </trkpt>
   <trkpt lat="-2.6726470" lon="-42.9720150">
    <ele>31.0</ele>
    <time>2026-06-15T11:16:44Z</time>
     <extensions>
      <gpxtpx:TrackPointExtension>
       <gpxtpx:hr>120</gpxtpx:hr>
      </gpxtpx:TrackPointExtension>
     </extensions>
   </trkpt>
   <trkpt lat="-2.6726420" lon="-42.9720480">
    <ele>29.6</ele>
    <time>2026-06-15T11:16:49Z</time>
     <extensions>
      <gpxtpx:TrackPointExtension>
       <gpxtpx:hr>120</gpxtpx:hr>
      </gpxtpx:TrackPointExtension>
     </extensions>
   </trkpt>
   <trkpt lat="-2.6726400" lon="-42.9720790">
    <ele>28.8</ele>
    <time>2026-06-15T11:16:54Z</time>
     <extensions>
      <gpxtpx:TrackPointExtension>
       <gpxtpx:hr>119</gpxtpx:hr>
      </gpxtpx:TrackPointExtension>
     </extensions>
   </trkpt>
   <trkpt lat="-2.6726420" lon="-42.9721240">
    <ele>28.8</ele>
    <time>2026-06-15T11:16:59Z</time>
     <extensions>
      <gpxtpx:TrackPointExtension>
       <gpxtpx:hr>123</gpxtpx:hr>
      </gpxtpx:TrackPointExtension>
     </extensions>
   </trkpt>
   <trkpt lat="-2.6726470" lon="-42.9721670">
    <ele>28.8</ele>
    <time>2026-06-15T11:17:04Z</time>
     <extensions>
      <gpxtpx:TrackPointExtension>
       <gpxtpx:hr>125</gpxtpx:hr>
      </gpxtpx:TrackPointExtension>
     </extensions>
   </trkpt>
   <trkpt lat="-2.6726570" lon="-42.9722160">
    <ele>29.0</ele>
    <time>2026-06-15T11:17:09Z</time>
     <extensions>
      <gpxtpx:TrackPointExtension>
       <gpxtpx:hr>125</gpxtpx:hr>
      </gpxtpx:TrackPointExtension>
     </extensions>
   </trkpt>
   <trkpt lat="-2.6726600" lon="-42.9722640">
    <ele>29.0</ele>
    <time>2026-06-15T11:17:14Z</time>
     <extensions>
      <gpxtpx:TrackPointExtension>
       <gpxtpx:hr>126</gpxtpx:hr>
      </gpxtpx:TrackPointExtension>
     </extensions>
   </trkpt>
   <trkpt lat="-2.6726610" lon="-42.9723110">
    <ele>28.8</ele>
    <time>2026-06-15T11:17:19Z</time>
     <extensions>
      <gpxtpx:TrackPointExtension>
       <gpxtpx:hr>130</gpxtpx:hr>
      </gpxtpx:TrackPointExtension>
     </extensions>
   </trkpt>
   <trkpt lat="-2.6726580" lon="-42.9723500">
    <ele>28.4</ele>
    <time>2026-06-15T11:17:24Z</time>
     <extensions>
      <gpxtpx:TrackPointExtension>
       <gpxtpx:hr>128</gpxtpx:hr>
      </gpxtpx:TrackPointExtension>
     </extensions>
   </trkpt>
   <trkpt lat="-2.6726570" lon="-42.9723800">
    <ele>28.2</ele>
    <time>2026-06-15T11:17:29Z</time>
     <extensions>
      <gpxtpx:TrackPointExtension>
       <gpxtpx:hr>128</gpxtpx:hr>
      </gpxtpx:TrackPointExtension>
     </extensions>
   </trkpt>
   <trkpt lat="-2.6726570" lon="-42.9723940">
    <ele>28.2</ele>
    <time>2026-06-15T11:17:34Z</time>
     <extensions>
      <gpxtpx:TrackPointExtension>
       <gpxtpx:hr>130</gpxtpx:hr>
      </gpxtpx:TrackPointExtension>
     </extensions>
   </trkpt>
   <trkpt lat="-2.6726600" lon="-42.9724070">
    <ele>28.0</ele>
    <time>2026-06-15T11:17:39Z</time>
     <extensions>
      <gpxtpx:TrackPointExtension>
       <gpxtpx:hr>122</gpxtpx:hr>
      </gpxtpx:TrackPointExtension>
     </extensions>
   </trkpt>
   <trkpt lat="-2.6726670" lon="-42.9724180">
    <ele>28.0</ele>
    <time>2026-06-15T11:17:44Z</time>
     <extensions>
      <gpxtpx:TrackPointExtension>
       <gpxtpx:hr>121</gpxtpx:hr>
      </gpxtpx:TrackPointExtension>
     </extensions>
   </trkpt>
   <trkpt lat="-2.6726740" lon="-42.9724300">
    <ele>28.2</ele>
    <time>2026-06-15T11:17:49Z</time>
     <extensions>
      <gpxtpx:TrackPointExtension>
       <gpxtpx:hr>121</gpxtpx:hr>
      </gpxtpx:TrackPointExtension>
     </extensions>
   </trkpt>
   <trkpt lat="-2.6726770" lon="-42.9724470">
    <ele>28.6</ele>
    <time>2026-06-15T11:17:54Z</time>
     <extensions>
      <gpxtpx:TrackPointExtension>
       <gpxtpx:hr>116</gpxtpx:hr>
      </gpxtpx:TrackPointExtension>
     </extensions>
   </trkpt>
   <trkpt lat="-2.6726760" lon="-42.9724800">
    <ele>29.0</ele>
    <time>2026-06-15T11:17:59Z</time>
     <extensions>
      <gpxtpx:TrackPointExtension>
       <gpxtpx:hr>117</gpxtpx:hr>
      </gpxtpx:TrackPointExtension>
     </extensions>
   </trkpt>
   <trkpt lat="-2.6726750" lon="-42.9725150">
    <ele>29.8</ele>
    <time>2026-06-15T11:18:04Z</time>
     <extensions>
      <gpxtpx:TrackPointExtension>
       <gpxtpx:hr>117</gpxtpx:hr>
      </gpxtpx:TrackPointExtension>
     </extensions>
   </trkpt>
   <trkpt lat="-2.6726760" lon="-42.9725500">
    <ele>30.6</ele>
    <time>2026-06-15T11:18:09Z</time>
     <extensions>
      <gpxtpx:TrackPointExtension>
       <gpxtpx:hr>117</gpxtpx:hr>
      </gpxtpx:TrackPointExtension>
     </extensions>
   </trkpt>
   <trkpt lat="-2.6726880" lon="-42.9725840">
    <ele>31.2</ele>
    <time>2026-06-15T11:18:14Z</time>
     <extensions>
      <gpxtpx:TrackPointExtension>
       <gpxtpx:hr>125</gpxtpx:hr>
      </gpxtpx:TrackPointExtension>
     </extensions>
   </trkpt>
   <trkpt lat="-2.6726980" lon="-42.9726260">
    <ele>32.0</ele>
    <time>2026-06-15T11:18:19Z</time>
     <extensions>
      <gpxtpx:TrackPointExtension>
       <gpxtpx:hr>125</gpxtpx:hr>
      </gpxtpx:TrackPointExtension>
     </extensions>
   </trkpt>
   <trkpt lat="-2.6726770" lon="-42.9726630">
    <ele>32.6</ele>
    <time>2026-06-15T11:18:24Z</time>
     <extensions>
      <gpxtpx:TrackPointExtension>
       <gpxtpx:hr>121</gpxtpx:hr>
      </gpxtpx:TrackPointExtension>
     </extensions>
   </trkpt>
   <trkpt lat="-2.6726580" lon="-42.9727080">
    <ele>33.4</ele>
    <time>2026-06-15T11:18:29Z</time>
     <extensions>
      <gpxtpx:TrackPointExtension>
       <gpxtpx:hr>122</gpxtpx:hr>
      </gpxtpx:TrackPointExtension>
     </extensions>
   </trkpt>
   <trkpt lat="-2.6726440" lon="-42.9727480">
    <ele>34.2</ele>
    <time>2026-06-15T11:18:34Z</time>
     <extensions>
      <gpxtpx:TrackPointExtension>
       <gpxtpx:hr>121</gpxtpx:hr>
      </gpxtpx:TrackPointExtension>
     </extensions>
   </trkpt>
   <trkpt lat="-2.6726310" lon="-42.9727900">
    <ele>34.8</ele>
    <time>2026-06-15T11:18:39Z</time>
     <extensions>
      <gpxtpx:TrackPointExtension>
       <gpxtpx:hr>122</gpxtpx:hr>
      </gpxtpx:TrackPointExtension>
     </extensions>
   </trkpt>
   <trkpt lat="-2.6726220" lon="-42.9728390">
    <ele>35.4</ele>
    <time>2026-06-15T11:18:44Z</time>
     <extensions>
      <gpxtpx:TrackPointExtension>
       <gpxtpx:hr>122</gpxtpx:hr>
      </gpxtpx:TrackPointExtension>
     </extensions>
   </trkpt>
   <trkpt lat="-2.6726140" lon="-42.9728850">
    <ele>36.0</ele>
    <time>2026-06-15T11:18:49Z</time>
     <extensions>
      <gpxtpx:TrackPointExtension>
       <gpxtpx:hr>121</gpxtpx:hr>
      </gpxtpx:TrackPointExtension>
     </extensions>
   </trkpt>
   <trkpt lat="-2.6726020" lon="-42.9729250">
    <ele>36.4</ele>
    <time>2026-06-15T11:18:54Z</time>
     <extensions>
      <gpxtpx:TrackPointExtension>
       <gpxtpx:hr>120</gpxtpx:hr>
      </gpxtpx:TrackPointExtension>
     </extensions>
   </trkpt>
   <trkpt lat="-2.6726010" lon="-42.9729530">
    <ele>36.8</ele>
    <time>2026-06-15T11:18:59Z</time>
     <extensions>
      <gpxtpx:TrackPointExtension>
       <gpxtpx:hr>120</gpxtpx:hr>
      </gpxtpx:TrackPointExtension>
     </extensions>
   </trkpt>
   <trkpt lat="-2.6726050" lon="-42.9729560">
    <ele>37.4</ele>
    <time>2026-06-15T11:19:04Z</time>
     <extensions>
      <gpxtpx:TrackPointExtension>
       <gpxtpx:hr>117</gpxtpx:hr>
      </gpxtpx:TrackPointExtension>
     </extensions>
   </trkpt>
   <trkpt lat="-2.6726130" lon="-42.9729730">
    <ele>37.8</ele>
    <time>2026-06-15T11:19:09Z</time>
     <extensions>
      <gpxtpx:TrackPointExtension>
       <gpxtpx:hr>123</gpxtpx:hr>
      </gpxtpx:TrackPointExtension>
     </extensions>
   </trkpt>
   <trkpt lat="-2.6726110" lon="-42.9729770">
    <ele>38.2</ele>
    <time>2026-06-15T11:19:14Z</time>
     <extensions>
      <gpxtpx:TrackPointExtension>
       <gpxtpx:hr>121</gpxtpx:hr>
      </gpxtpx:TrackPointExtension>
     </extensions>
   </trkpt>
   <trkpt lat="-2.6726070" lon="-42.9729780">
    <ele>38.4</ele>
    <time>2026-06-15T11:19:19Z</time>
     <extensions>
      <gpxtpx:TrackPointExtension>
       <gpxtpx:hr>121</gpxtpx:hr>
      </gpxtpx:TrackPointExtension>
     </extensions>
   </trkpt>
   <trkpt lat="-2.6726030" lon="-42.9729810">
    <ele>38.6</ele>
    <time>2026-06-15T11:19:24Z</time>
     <extensions>
      <gpxtpx:TrackPointExtension>
       <gpxtpx:hr>123</gpxtpx:hr>
      </gpxtpx:TrackPointExtension>
     </extensions>
   </trkpt>
   <trkpt lat="-2.6725990" lon="-42.9729860">
    <ele>38.8</ele>
    <time>2026-06-15T11:19:29Z</time>
     <extensions>
      <gpxtpx:TrackPointExtension>
       <gpxtpx:hr>118</gpxtpx:hr>
      </gpxtpx:TrackPointExtension>
     </extensions>
   </trkpt>
   <trkpt lat="-2.6725860" lon="-42.9730070">
    <ele>38.8</ele>
    <time>2026-06-15T11:19:34Z</time>
     <extensions>
      <gpxtpx:TrackPointExtension>
       <gpxtpx:hr>115</gpxtpx:hr>
      </gpxtpx:TrackPointExtension>
     </extensions>
   </trkpt>
   <trkpt lat="-2.6725800" lon="-42.9730110">
    <ele>38.8</ele>
    <time>2026-06-15T11:19:39Z</time>
     <extensions>
      <gpxtpx:TrackPointExtension>
       <gpxtpx:hr>115</gpxtpx:hr>
      </gpxtpx:TrackPointExtension>
     </extensions>
   </trkpt>
   <trkpt lat="-2.6725820" lon="-42.9730100">
    <ele>38.6</ele>
    <time>2026-06-15T11:19:44Z</time>
     <extensions>
      <gpxtpx:TrackPointExtension>
       <gpxtpx:hr>113</gpxtpx:hr>
      </gpxtpx:TrackPointExtension>
     </extensions>
   </trkpt>
   <trkpt lat="-2.6725830" lon="-42.9730090">
    <ele>38.4</ele>
    <time>2026-06-15T11:19:49Z</time>
     <extensions>
      <gpxtpx:TrackPointExtension>
       <gpxtpx:hr>113</gpxtpx:hr>
      </gpxtpx:TrackPointExtension>
     </extensions>
   </trkpt>
   <trkpt lat="-2.6725840" lon="-42.9730060">
    <ele>38.4</ele>
    <time>2026-06-15T11:19:54Z</time>
     <extensions>
      <gpxtpx:TrackPointExtension>
       <gpxtpx:hr>121</gpxtpx:hr>
      </gpxtpx:TrackPointExtension>
     </extensions>
   </trkpt>
   <trkpt lat="-2.6725820" lon="-42.9730030">
    <ele>38.6</ele>
    <time>2026-06-15T11:19:59Z</time>
     <extensions>
      <gpxtpx:TrackPointExtension>
       <gpxtpx:hr>117</gpxtpx:hr>
      </gpxtpx:TrackPointExtension>
     </extensions>
   </trkpt>
   <trkpt lat="-2.6725780" lon="-42.9730040">
    <ele>38.8</ele>
    <time>2026-06-15T11:20:04Z</time>
     <extensions>
      <gpxtpx:TrackPointExtension>
       <gpxtpx:hr>117</gpxtpx:hr>
      </gpxtpx:TrackPointExtension>
     </extensions>
   </trkpt>
   <trkpt lat="-2.6725760" lon="-42.9729980">
    <ele>38.8</ele>
    <time>2026-06-15T11:20:09Z</time>
     <extensions>
      <gpxtpx:TrackPointExtension>
       <gpxtpx:hr>103</gpxtpx:hr>
      </gpxtpx:TrackPointExtension>
     </extensions>
   </trkpt>
   <trkpt lat="-2.6725690" lon="-42.9729930">
    <ele>38.6</ele>
    <time>2026-06-15T11:20:14Z</time>
     <extensions>
      <gpxtpx:TrackPointExtension>
       <gpxtpx:hr>110</gpxtpx:hr>
      </gpxtpx:TrackPointExtension>
     </extensions>
   </trkpt>
   <trkpt lat="-2.6725710" lon="-42.9730020">
    <ele>38.4</ele>
    <time>2026-06-15T11:20:19Z</time>
     <extensions>
      <gpxtpx:TrackPointExtension>
       <gpxtpx:hr>110</gpxtpx:hr>
      </gpxtpx:TrackPointExtension>
     </extensions>
   </trkpt>
   <trkpt lat="-2.6725710" lon="-42.9730270">
    <ele>38.2</ele>
    <time>2026-06-15T11:20:24Z</time>
     <extensions>
      <gpxtpx:TrackPointExtension>
       <gpxtpx:hr>110</gpxtpx:hr>
      </gpxtpx:TrackPointExtension>
     </extensions>
   </trkpt>
   <trkpt lat="-2.6725650" lon="-42.9730680">
    <ele>38.0</ele>
    <time>2026-06-15T11:20:29Z</time>
     <extensions>
      <gpxtpx:TrackPointExtension>
       <gpxtpx:hr>110</gpxtpx:hr>
      </gpxtpx:TrackPointExtension>
     </extensions>
   </trkpt>
   <trkpt lat="-2.6725560" lon="-42.9731190">
    <ele>37.6</ele>
    <time>2026-06-15T11:20:34Z</time>
     <extensions>
      <gpxtpx:TrackPointExtension>
       <gpxtpx:hr>107</gpxtpx:hr>
      </gpxtpx:TrackPointExtension>
     </extensions>
   </trkpt>
   <trkpt lat="-2.6725410" lon="-42.9731640">
    <ele>37.2</ele>
    <time>2026-06-15T11:20:39Z</time>
     <extensions>
      <gpxtpx:TrackPointExtension>
       <gpxtpx:hr>115</gpxtpx:hr>
      </gpxtpx:TrackPointExtension>
     </extensions>
   </trkpt>
   <trkpt lat="-2.6725250" lon="-42.9732100">
    <ele>37.0</ele>
    <time>2026-06-15T11:20:44Z</time>
     <extensions>
      <gpxtpx:TrackPointExtension>
       <gpxtpx:hr>115</gpxtpx:hr>
      </gpxtpx:TrackPointExtension>
     </extensions>
   </trkpt>
   <trkpt lat="-2.6725110" lon="-42.9732480">
    <ele>36.8</ele>
    <time>2026-06-15T11:20:49Z</time>
     <extensions>
      <gpxtpx:TrackPointExtension>
       <gpxtpx:hr>112</gpxtpx:hr>
      </gpxtpx:TrackPointExtension>
     </extensions>
   </trkpt>
   <trkpt lat="-2.6724860" lon="-42.9732990">
    <ele>36.6</ele>
    <time>2026-06-15T11:20:54Z</time>
     <extensions>
      <gpxtpx:TrackPointExtension>
       <gpxtpx:hr>114</gpxtpx:hr>
      </gpxtpx:TrackPointExtension>
     </extensions>
   </trkpt>
   <trkpt lat="-2.6724750" lon="-42.9733390">
    <ele>36.4</ele>
    <time>2026-06-15T11:20:59Z</time>
     <extensions>
      <gpxtpx:TrackPointExtension>
       <gpxtpx:hr>114</gpxtpx:hr>
      </gpxtpx:TrackPointExtension>
     </extensions>
   </trkpt>
   <trkpt lat="-2.6724650" lon="-42.9733520">
    <ele>36.4</ele>
    <time>2026-06-15T11:21:04Z</time>
     <extensions>
      <gpxtpx:TrackPointExtension>
       <gpxtpx:hr>118</gpxtpx:hr>
      </gpxtpx:TrackPointExtension>
     </extensions>
   </trkpt>
   <trkpt lat="-2.6724640" lon="-42.9733620">
    <ele>36.2</ele>
    <time>2026-06-15T11:21:09Z</time>
     <extensions>
      <gpxtpx:TrackPointExtension>
       <gpxtpx:hr>121</gpxtpx:hr>
      </gpxtpx:TrackPointExtension>
     </extensions>
   </trkpt>
   <trkpt lat="-2.6724540" lon="-42.9733910">
    <ele>35.6</ele>
    <time>2026-06-15T11:21:14Z</time>
     <extensions>
      <gpxtpx:TrackPointExtension>
       <gpxtpx:hr>124</gpxtpx:hr>
      </gpxtpx:TrackPointExtension>
     </extensions>
   </trkpt>
   <trkpt lat="-2.6724480" lon="-42.9734200">
    <ele>35.0</ele>
    <time>2026-06-15T11:21:19Z</time>
     <extensions>
      <gpxtpx:TrackPointExtension>
       <gpxtpx:hr>115</gpxtpx:hr>
      </gpxtpx:TrackPointExtension>
     </extensions>
   </trkpt>
   <trkpt lat="-2.6724460" lon="-42.9734490">
    <ele>34.2</ele>
    <time>2026-06-15T11:21:24Z</time>
     <extensions>
      <gpxtpx:TrackPointExtension>
       <gpxtpx:hr>120</gpxtpx:hr>
      </gpxtpx:TrackPointExtension>
     </extensions>
   </trkpt>
   <trkpt lat="-2.6724390" lon="-42.9734910">
    <ele>33.4</ele>
    <time>2026-06-15T11:21:29Z</time>
     <extensions>
      <gpxtpx:TrackPointExtension>
       <gpxtpx:hr>115</gpxtpx:hr>
      </gpxtpx:TrackPointExtension>
     </extensions>
   </trkpt>
   <trkpt lat="-2.6724290" lon="-42.9735220">
    <ele>32.8</ele>
    <time>2026-06-15T11:21:34Z</time>
     <extensions>
      <gpxtpx:TrackPointExtension>
       <gpxtpx:hr>115</gpxtpx:hr>
      </gpxtpx:TrackPointExtension>
     </extensions>
   </trkpt>
   <trkpt lat="-2.6724150" lon="-42.9735610">
    <ele>32.4</ele>
    <time>2026-06-15T11:21:39Z</time>
     <extensions>
      <gpxtpx:TrackPointExtension>
       <gpxtpx:hr>113</gpxtpx:hr>
      </gpxtpx:TrackPointExtension>
     </extensions>
   </trkpt>
   <trkpt lat="-2.6724030" lon="-42.9736130">
    <ele>32.4</ele>
    <time>2026-06-15T11:21:44Z</time>
     <extensions>
      <gpxtpx:TrackPointExtension>
       <gpxtpx:hr>113</gpxtpx:hr>
      </gpxtpx:TrackPointExtension>
     </extensions>
   </trkpt>
   <trkpt lat="-2.6723950" lon="-42.9736600">
    <ele>32.8</ele>
    <time>2026-06-15T11:21:49Z</time>
     <extensions>
      <gpxtpx:TrackPointExtension>
       <gpxtpx:hr>114</gpxtpx:hr>
      </gpxtpx:TrackPointExtension>
     </extensions>
   </trkpt>
   <trkpt lat="-2.6723890" lon="-42.9737100">
    <ele>33.6</ele>
    <time>2026-06-15T11:21:54Z</time>
     <extensions>
      <gpxtpx:TrackPointExtension>
       <gpxtpx:hr>117</gpxtpx:hr>
      </gpxtpx:TrackPointExtension>
     </extensions>
   </trkpt>
   <trkpt lat="-2.6723900" lon="-42.9737620">
    <ele>34.2</ele>
    <time>2026-06-15T11:21:59Z</time>
     <extensions>
      <gpxtpx:TrackPointExtension>
       <gpxtpx:hr>117</gpxtpx:hr>
      </gpxtpx:TrackPointExtension>
     </extensions>
   </trkpt>
   <trkpt lat="-2.6723900" lon="-42.9738170">
    <ele>34.8</ele>
    <time>2026-06-15T11:22:04Z</time>
     <extensions>
      <gpxtpx:TrackPointExtension>
       <gpxtpx:hr>111</gpxtpx:hr>
      </gpxtpx:TrackPointExtension>
     </extensions>
   </trkpt>
   <trkpt lat="-2.6723900" lon="-42.9738600">
    <ele>35.2</ele>
    <time>2026-06-15T11:22:09Z</time>
     <extensions>
      <gpxtpx:TrackPointExtension>
       <gpxtpx:hr>114</gpxtpx:hr>
      </gpxtpx:TrackPointExtension>
     </extensions>
   </trkpt>
   <trkpt lat="-2.6723890" lon="-42.9739080">
    <ele>35.6</ele>
    <time>2026-06-15T11:22:14Z</time>
     <extensions>
      <gpxtpx:TrackPointExtension>
       <gpxtpx:hr>122</gpxtpx:hr>
      </gpxtpx:TrackPointExtension>
     </extensions>
   </trkpt>
   <trkpt lat="-2.6723850" lon="-42.9739650">
    <ele>35.8</ele>
    <time>2026-06-15T11:22:19Z</time>
     <extensions>
      <gpxtpx:TrackPointExtension>
       <gpxtpx:hr>122</gpxtpx:hr>
      </gpxtpx:TrackPointExtension>
     </extensions>
   </trkpt>
   <trkpt lat="-2.6723820" lon="-42.9740120">
    <ele>36.2</ele>
    <time>2026-06-15T11:22:24Z</time>
     <extensions>
      <gpxtpx:TrackPointExtension>
       <gpxtpx:hr>120</gpxtpx:hr>
      </gpxtpx:TrackPointExtension>
     </extensions>
   </trkpt>
   <trkpt lat="-2.6723830" lon="-42.9740640">
    <ele>36.6</ele>
    <time>2026-06-15T11:22:29Z</time>
     <extensions>
      <gpxtpx:TrackPointExtension>
       <gpxtpx:hr>117</gpxtpx:hr>
      </gpxtpx:TrackPointExtension>
     </extensions>
   </trkpt>
   <trkpt lat="-2.6723810" lon="-42.9741180">
    <ele>36.8</ele>
    <time>2026-06-15T11:22:34Z</time>
     <extensions>
      <gpxtpx:TrackPointExtension>
       <gpxtpx:hr>113</gpxtpx:hr>
      </gpxtpx:TrackPointExtension>
     </extensions>
   </trkpt>
   <trkpt lat="-2.6723740" lon="-42.9741720">
    <ele>36.8</ele>
    <time>2026-06-15T11:22:39Z</time>
     <extensions>
      <gpxtpx:TrackPointExtension>
       <gpxtpx:hr>113</gpxtpx:hr>
      </gpxtpx:TrackPointExtension>
     </extensions>
   </trkpt>
   <trkpt lat="-2.6723740" lon="-42.9742210">
    <ele>37.0</ele>
    <time>2026-06-15T11:22:44Z</time>
     <extensions>
      <gpxtpx:TrackPointExtension>
       <gpxtpx:hr>117</gpxtpx:hr>
      </gpxtpx:TrackPointExtension>
     </extensions>
   </trkpt>
   <trkpt lat="-2.6723720" lon="-42.9742750">
    <ele>37.0</ele>
    <time>2026-06-15T11:22:49Z</time>
     <extensions>
      <gpxtpx:TrackPointExtension>
       <gpxtpx:hr>117</gpxtpx:hr>
      </gpxtpx:TrackPointExtension>
     </extensions>
   </trkpt>
   <trkpt lat="-2.6723760" lon="-42.9743280">
    <ele>37.2</ele>
    <time>2026-06-15T11:22:54Z</time>
     <extensions>
      <gpxtpx:TrackPointExtension>
       <gpxtpx:hr>117</gpxtpx:hr>
      </gpxtpx:TrackPointExtension>
     </extensions>
   </trkpt>
   <trkpt lat="-2.6723910" lon="-42.9743790">
    <ele>37.4</ele>
    <time>2026-06-15T11:22:59Z</time>
     <extensions>
      <gpxtpx:TrackPointExtension>
       <gpxtpx:hr>122</gpxtpx:hr>
      </gpxtpx:TrackPointExtension>
     </extensions>
   </trkpt>
   <trkpt lat="-2.6724000" lon="-42.9744320">
    <ele>37.6</ele>
    <time>2026-06-15T11:23:04Z</time>
     <extensions>
      <gpxtpx:TrackPointExtension>
       <gpxtpx:hr>122</gpxtpx:hr>
      </gpxtpx:TrackPointExtension>
     </extensions>
   </trkpt>
   <trkpt lat="-2.6724090" lon="-42.9744870">
    <ele>38.0</ele>
    <time>2026-06-15T11:23:09Z</time>
     <extensions>
      <gpxtpx:TrackPointExtension>
       <gpxtpx:hr>116</gpxtpx:hr>
      </gpxtpx:TrackPointExtension>
     </extensions>
   </trkpt>
   <trkpt lat="-2.6724090" lon="-42.9745390">
    <ele>38.6</ele>
    <time>2026-06-15T11:23:14Z</time>
     <extensions>
      <gpxtpx:TrackPointExtension>
       <gpxtpx:hr>117</gpxtpx:hr>
      </gpxtpx:TrackPointExtension>
     </extensions>
   </trkpt>
   <trkpt lat="-2.6724180" lon="-42.9745910">
    <ele>39.0</ele>
    <time>2026-06-15T11:23:19Z</time>
     <extensions>
      <gpxtpx:TrackPointExtension>
       <gpxtpx:hr>114</gpxtpx:hr>
      </gpxtpx:TrackPointExtension>
     </extensions>
   </trkpt>
   <trkpt lat="-2.6724260" lon="-42.9746400">
    <ele>39.2</ele>
    <time>2026-06-15T11:23:24Z</time>
     <extensions>
      <gpxtpx:TrackPointExtension>
       <gpxtpx:hr>114</gpxtpx:hr>
      </gpxtpx:TrackPointExtension>
     </extensions>
   </trkpt>
   <trkpt lat="-2.6724320" lon="-42.9746880">
    <ele>39.2</ele>
    <time>2026-06-15T11:23:29Z</time>
     <extensions>
      <gpxtpx:TrackPointExtension>
       <gpxtpx:hr>116</gpxtpx:hr>
      </gpxtpx:TrackPointExtension>
     </extensions>
   </trkpt>
   <trkpt lat="-2.6724430" lon="-42.9747400">
    <ele>39.2</ele>
    <time>2026-06-15T11:23:34Z</time>
     <extensions>
      <gpxtpx:TrackPointExtension>
       <gpxtpx:hr>116</gpxtpx:hr>
      </gpxtpx:TrackPointExtension>
     </extensions>
   </trkpt>
   <trkpt lat="-2.6724540" lon="-42.9747860">
    <ele>39.0</ele>
    <time>2026-06-15T11:23:39Z</time>
     <extensions>
      <gpxtpx:TrackPointExtension>
       <gpxtpx:hr>114</gpxtpx:hr>
      </gpxtpx:TrackPointExtension>
     </extensions>
   </trkpt>
   <trkpt lat="-2.6724670" lon="-42.9748360">
    <ele>39.0</ele>
    <time>2026-06-15T11:23:44Z</time>
     <extensions>
      <gpxtpx:TrackPointExtension>
       <gpxtpx:hr>113</gpxtpx:hr>
      </gpxtpx:TrackPointExtension>
     </extensions>
   </trkpt>
   <trkpt lat="-2.6724660" lon="-42.9748920">
    <ele>38.8</ele>
    <time>2026-06-15T11:23:49Z</time>
     <extensions>
      <gpxtpx:TrackPointExtension>
       <gpxtpx:hr>121</gpxtpx:hr>
      </gpxtpx:TrackPointExtension>
     </extensions>
   </trkpt>
   <trkpt lat="-2.6724510" lon="-42.9749470">
    <ele>38.6</ele>
    <time>2026-06-15T11:23:54Z</time>
     <extensions>
      <gpxtpx:TrackPointExtension>
       <gpxtpx:hr>123</gpxtpx:hr>
      </gpxtpx:TrackPointExtension>
     </extensions>
   </trkpt>
   <trkpt lat="-2.6724330" lon="-42.9749950">
    <ele>38.4</ele>
    <time>2026-06-15T11:23:59Z</time>
     <extensions>
      <gpxtpx:TrackPointExtension>
       <gpxtpx:hr>123</gpxtpx:hr>
      </gpxtpx:TrackPointExtension>
     </extensions>
   </trkpt>
   <trkpt lat="-2.6724150" lon="-42.9750470">
    <ele>38.2</ele>
    <time>2026-06-15T11:24:04Z</time>
     <extensions>
      <gpxtpx:TrackPointExtension>
       <gpxtpx:hr>121</gpxtpx:hr>
      </gpxtpx:TrackPointExtension>
     </extensions>
   </trkpt>
   <trkpt lat="-2.6724070" lon="-42.9750970">
    <ele>38.2</ele>
    <time>2026-06-15T11:24:09Z</time>
     <extensions>
      <gpxtpx:TrackPointExtension>
       <gpxtpx:hr>117</gpxtpx:hr>
      </gpxtpx:TrackPointExtension>
     </extensions>
   </trkpt>
   <trkpt lat="-2.6723870" lon="-42.9751460">
    <ele>38.2</ele>
    <time>2026-06-15T11:24:14Z</time>
     <extensions>
      <gpxtpx:TrackPointExtension>
       <gpxtpx:hr>117</gpxtpx:hr>
      </gpxtpx:TrackPointExtension>
     </extensions>
   </trkpt>
   <trkpt lat="-2.6723620" lon="-42.9751990">
    <ele>38.2</ele>
    <time>2026-06-15T11:24:19Z</time>
     <extensions>
      <gpxtpx:TrackPointExtension>
       <gpxtpx:hr>117</gpxtpx:hr>
      </gpxtpx:TrackPointExtension>
     </extensions>
   </trkpt>
   <trkpt lat="-2.6723460" lon="-42.9752450">
    <ele>38.4</ele>
    <time>2026-06-15T11:24:24Z</time>
     <extensions>
      <gpxtpx:TrackPointExtension>
       <gpxtpx:hr>117</gpxtpx:hr>
      </gpxtpx:TrackPointExtension>
     </extensions>
   </trkpt>
   <trkpt lat="-2.6723280" lon="-42.9752950">
    <ele>38.6</ele>
    <time>2026-06-15T11:24:29Z</time>
     <extensions>
      <gpxtpx:TrackPointExtension>
       <gpxtpx:hr>115</gpxtpx:hr>
      </gpxtpx:TrackPointExtension>
     </extensions>
   </trkpt>
   <trkpt lat="-2.6723120" lon="-42.9753420">
    <ele>38.6</ele>
    <time>2026-06-15T11:24:34Z</time>
     <extensions>
      <gpxtpx:TrackPointExtension>
       <gpxtpx:hr>115</gpxtpx:hr>
      </gpxtpx:TrackPointExtension>
     </extensions>
   </trkpt>
   <trkpt lat="-2.6722930" lon="-42.9753910">
    <ele>38.6</ele>
    <time>2026-06-15T11:24:39Z</time>
     <extensions>
      <gpxtpx:TrackPointExtension>
       <gpxtpx:hr>117</gpxtpx:hr>
      </gpxtpx:TrackPointExtension>
     </extensions>
   </trkpt>
   <trkpt lat="-2.6722780" lon="-42.9754530">
    <ele>38.4</ele>
    <time>2026-06-15T11:24:44Z</time>
     <extensions>
      <gpxtpx:TrackPointExtension>
       <gpxtpx:hr>117</gpxtpx:hr>
      </gpxtpx:TrackPointExtension>
     </extensions>
   </trkpt>
   <trkpt lat="-2.6722660" lon="-42.9754960">
    <ele>38.2</ele>
    <time>2026-06-15T11:24:49Z</time>
     <extensions>
      <gpxtpx:TrackPointExtension>
       <gpxtpx:hr>118</gpxtpx:hr>
      </gpxtpx:TrackPointExtension>
     </extensions>
   </trkpt>
   <trkpt lat="-2.6722510" lon="-42.9755470">
    <ele>38.0</ele>
    <time>2026-06-15T11:24:54Z</time>
     <extensions>
      <gpxtpx:TrackPointExtension>
       <gpxtpx:hr>119</gpxtpx:hr>
      </gpxtpx:TrackPointExtension>
     </extensions>
   </trkpt>
   <trkpt lat="-2.6722320" lon="-42.9755990">
    <ele>37.8</ele>
    <time>2026-06-15T11:24:59Z</time>
     <extensions>
      <gpxtpx:TrackPointExtension>
       <gpxtpx:hr>119</gpxtpx:hr>
      </gpxtpx:TrackPointExtension>
     </extensions>
   </trkpt>
   <trkpt lat="-2.6722110" lon="-42.9756490">
    <ele>37.6</ele>
    <time>2026-06-15T11:25:04Z</time>
     <extensions>
      <gpxtpx:TrackPointExtension>
       <gpxtpx:hr>119</gpxtpx:hr>
      </gpxtpx:TrackPointExtension>
     </extensions>
   </trkpt>
   <trkpt lat="-2.6721920" lon="-42.9756950">
    <ele>37.6</ele>
    <time>2026-06-15T11:25:09Z</time>
     <extensions>
      <gpxtpx:TrackPointExtension>
       <gpxtpx:hr>120</gpxtpx:hr>
      </gpxtpx:TrackPointExtension>
     </extensions>
   </trkpt>
   <trkpt lat="-2.6721740" lon="-42.9757380">
    <ele>37.6</ele>
    <time>2026-06-15T11:25:14Z</time>
     <extensions>
      <gpxtpx:TrackPointExtension>
       <gpxtpx:hr>119</gpxtpx:hr>
      </gpxtpx:TrackPointExtension>
     </extensions>
   </trkpt>
   <trkpt lat="-2.6721480" lon="-42.9757880">
    <ele>37.8</ele>
    <time>2026-06-15T11:25:19Z</time>
     <extensions>
      <gpxtpx:TrackPointExtension>
       <gpxtpx:hr>118</gpxtpx:hr>
      </gpxtpx:TrackPointExtension>
     </extensions>
   </trkpt>
   <trkpt lat="-2.6721260" lon="-42.9758360">
    <ele>37.8</ele>
    <time>2026-06-15T11:25:24Z</time>
     <extensions>
      <gpxtpx:TrackPointExtension>
       <gpxtpx:hr>117</gpxtpx:hr>
      </gpxtpx:TrackPointExtension>
     </extensions>
   </trkpt>
   <trkpt lat="-2.6721070" lon="-42.9758820">
    <ele>37.8</ele>
    <time>2026-06-15T11:25:29Z</time>
     <extensions>
      <gpxtpx:TrackPointExtension>
       <gpxtpx:hr>117</gpxtpx:hr>
      </gpxtpx:TrackPointExtension>
     </extensions>
   </trkpt>
   <trkpt lat="-2.6720790" lon="-42.9759260">
    <ele>37.8</ele>
    <time>2026-06-15T11:25:34Z</time>
     <extensions>
      <gpxtpx:TrackPointExtension>
       <gpxtpx:hr>117</gpxtpx:hr>
      </gpxtpx:TrackPointExtension>
     </extensions>
   </trkpt>
   <trkpt lat="-2.6720540" lon="-42.9759670">
    <ele>38.0</ele>
    <time>2026-06-15T11:25:39Z</time>
     <extensions>
      <gpxtpx:TrackPointExtension>
       <gpxtpx:hr>117</gpxtpx:hr>
      </gpxtpx:TrackPointExtension>
     </extensions>
   </trkpt>
   <trkpt lat="-2.6720220" lon="-42.9760140">
    <ele>38.2</ele>
    <time>2026-06-15T11:25:44Z</time>
     <extensions>
      <gpxtpx:TrackPointExtension>
       <gpxtpx:hr>121</gpxtpx:hr>
      </gpxtpx:TrackPointExtension>
     </extensions>
   </trkpt>
   <trkpt lat="-2.6720010" lon="-42.9760540">
    <ele>38.6</ele>
    <time>2026-06-15T11:25:49Z</time>
     <extensions>
      <gpxtpx:TrackPointExtension>
       <gpxtpx:hr>119</gpxtpx:hr>
      </gpxtpx:TrackPointExtension>
     </extensions>
   </trkpt>
   <trkpt lat="-2.6719840" lon="-42.9760900">
    <ele>38.8</ele>
    <time>2026-06-15T11:25:54Z</time>
     <extensions>
      <gpxtpx:TrackPointExtension>
       <gpxtpx:hr>119</gpxtpx:hr>
      </gpxtpx:TrackPointExtension>
     </extensions>
   </trkpt>
   <trkpt lat="-2.6719670" lon="-42.9761300">
    <ele>39.2</ele>
    <time>2026-06-15T11:25:59Z</time>
     <extensions>
      <gpxtpx:TrackPointExtension>
       <gpxtpx:hr>118</gpxtpx:hr>
      </gpxtpx:TrackPointExtension>
     </extensions>
   </trkpt>
   <trkpt lat="-2.6719510" lon="-42.9761780">
    <ele>39.4</ele>
    <time>2026-06-15T11:26:04Z</time>
     <extensions>
      <gpxtpx:TrackPointExtension>
       <gpxtpx:hr>118</gpxtpx:hr>
      </gpxtpx:TrackPointExtension>
     </extensions>
   </trkpt>
   <trkpt lat="-2.6719440" lon="-42.9762180">
    <ele>39.8</ele>
    <time>2026-06-15T11:26:09Z</time>
     <extensions>
      <gpxtpx:TrackPointExtension>
       <gpxtpx:hr>120</gpxtpx:hr>
      </gpxtpx:TrackPointExtension>
     </extensions>
   </trkpt>
   <trkpt lat="-2.6719360" lon="-42.9762530">
    <ele>40.2</ele>
    <time>2026-06-15T11:26:14Z</time>
     <extensions>
      <gpxtpx:TrackPointExtension>
       <gpxtpx:hr>120</gpxtpx:hr>
      </gpxtpx:TrackPointExtension>
     </extensions>
   </trkpt>
   <trkpt lat="-2.6719250" lon="-42.9762960">
    <ele>40.6</ele>
    <time>2026-06-15T11:26:19Z</time>
     <extensions>
      <gpxtpx:TrackPointExtension>
       <gpxtpx:hr>133</gpxtpx:hr>
      </gpxtpx:TrackPointExtension>
     </extensions>
   </trkpt>
   <trkpt lat="-2.6719170" lon="-42.9763350">
    <ele>40.8</ele>
    <time>2026-06-15T11:26:24Z</time>
     <extensions>
      <gpxtpx:TrackPointExtension>
       <gpxtpx:hr>133</gpxtpx:hr>
      </gpxtpx:TrackPointExtension>
     </extensions>
   </trkpt>
   <trkpt lat="-2.6719110" lon="-42.9763890">
    <ele>41.0</ele>
    <time>2026-06-15T11:26:29Z</time>
     <extensions>
      <gpxtpx:TrackPointExtension>
       <gpxtpx:hr>143</gpxtpx:hr>
      </gpxtpx:TrackPointExtension>
     </extensions>
   </trkpt>
   <trkpt lat="-2.6718910" lon="-42.9764370">
    <ele>41.2</ele>
    <time>2026-06-15T11:26:34Z</time>
     <extensions>
      <gpxtpx:TrackPointExtension>
       <gpxtpx:hr>143</gpxtpx:hr>
      </gpxtpx:TrackPointExtension>
     </extensions>
   </trkpt>
   <trkpt lat="-2.6718680" lon="-42.9764830">
    <ele>41.0</ele>
    <time>2026-06-15T11:26:39Z</time>
     <extensions>
      <gpxtpx:TrackPointExtension>
       <gpxtpx:hr>148</gpxtpx:hr>
      </gpxtpx:TrackPointExtension>
     </extensions>
   </trkpt>
   <trkpt lat="-2.6718580" lon="-42.9765290">
    <ele>40.8</ele>
    <time>2026-06-15T11:26:44Z</time>
     <extensions>
      <gpxtpx:TrackPointExtension>
       <gpxtpx:hr>148</gpxtpx:hr>
      </gpxtpx:TrackPointExtension>
     </extensions>
   </trkpt>
   <trkpt lat="-2.6718630" lon="-42.9765810">
    <ele>40.2</ele>
    <time>2026-06-15T11:26:49Z</time>
     <extensions>
      <gpxtpx:TrackPointExtension>
       <gpxtpx:hr>144</gpxtpx:hr>
      </gpxtpx:TrackPointExtension>
     </extensions>
   </trkpt>
   <trkpt lat="-2.6718730" lon="-42.9766280">
    <ele>39.6</ele>
    <time>2026-06-15T11:26:55Z</time>
     <extensions>
      <gpxtpx:TrackPointExtension>
       <gpxtpx:hr>143</gpxtpx:hr>
      </gpxtpx:TrackPointExtension>
     </extensions>
   </trkpt>
   <trkpt lat="-2.6718760" lon="-42.9766700">
    <ele>38.8</ele>
    <time>2026-06-15T11:27:00Z</time>
     <extensions>
      <gpxtpx:TrackPointExtension>
       <gpxtpx:hr>137</gpxtpx:hr>
      </gpxtpx:TrackPointExtension>
     </extensions>
   </trkpt>
   <trkpt lat="-2.6718650" lon="-42.9767100">
    <ele>37.8</ele>
    <time>2026-06-15T11:27:05Z</time>
     <extensions>
      <gpxtpx:TrackPointExtension>
       <gpxtpx:hr>133</gpxtpx:hr>
      </gpxtpx:TrackPointExtension>
     </extensions>
   </trkpt>
   <trkpt lat="-2.6718530" lon="-42.9767490">
    <ele>36.8</ele>
    <time>2026-06-15T11:27:10Z</time>
     <extensions>
      <gpxtpx:TrackPointExtension>
       <gpxtpx:hr>133</gpxtpx:hr>
      </gpxtpx:TrackPointExtension>
     </extensions>
   </trkpt>
   <trkpt lat="-2.6718440" lon="-42.9767900">
    <ele>35.8</ele>
    <time>2026-06-15T11:27:15Z</time>
     <extensions>
      <gpxtpx:TrackPointExtension>
       <gpxtpx:hr>122</gpxtpx:hr>
      </gpxtpx:TrackPointExtension>
     </extensions>
   </trkpt>
   <trkpt lat="-2.6718380" lon="-42.9768450">
    <ele>35.2</ele>
    <time>2026-06-15T11:27:20Z</time>
     <extensions>
      <gpxtpx:TrackPointExtension>
       <gpxtpx:hr>119</gpxtpx:hr>
      </gpxtpx:TrackPointExtension>
     </extensions>
   </trkpt>
   <trkpt lat="-2.6718270" lon="-42.9769010">
    <ele>34.8</ele>
    <time>2026-06-15T11:27:25Z</time>
     <extensions>
      <gpxtpx:TrackPointExtension>
       <gpxtpx:hr>118</gpxtpx:hr>
      </gpxtpx:TrackPointExtension>
     </extensions>
   </trkpt>
   <trkpt lat="-2.6718170" lon="-42.9769510">
    <ele>34.8</ele>
    <time>2026-06-15T11:27:30Z</time>
     <extensions>
      <gpxtpx:TrackPointExtension>
       <gpxtpx:hr>111</gpxtpx:hr>
      </gpxtpx:TrackPointExtension>
     </extensions>
   </trkpt>
   <trkpt lat="-2.6718060" lon="-42.9769910">
    <ele>34.8</ele>
    <time>2026-06-15T11:27:35Z</time>
     <extensions>
      <gpxtpx:TrackPointExtension>
       <gpxtpx:hr>111</gpxtpx:hr>
      </gpxtpx:TrackPointExtension>
     </extensions>
   </trkpt>
   <trkpt lat="-2.6718080" lon="-42.9770410">
    <ele>35.0</ele>
    <time>2026-06-15T11:27:40Z</time>
     <extensions>
      <gpxtpx:TrackPointExtension>
       <gpxtpx:hr>111</gpxtpx:hr>
      </gpxtpx:TrackPointExtension>
     </extensions>
   </trkpt>
   <trkpt lat="-2.6718070" lon="-42.9770930">
    <ele>35.2</ele>
    <time>2026-06-15T11:27:45Z</time>
     <extensions>
      <gpxtpx:TrackPointExtension>
       <gpxtpx:hr>113</gpxtpx:hr>
      </gpxtpx:TrackPointExtension>
     </extensions>
   </trkpt>
   <trkpt lat="-2.6718030" lon="-42.9771480">
    <ele>35.2</ele>
    <time>2026-06-15T11:27:50Z</time>
     <extensions>
      <gpxtpx:TrackPointExtension>
       <gpxtpx:hr>113</gpxtpx:hr>
      </gpxtpx:TrackPointExtension>
     </extensions>
   </trkpt>
   <trkpt lat="-2.6718030" lon="-42.9772000">
    <ele>35.2</ele>
    <time>2026-06-15T11:27:55Z</time>
     <extensions>
      <gpxtpx:TrackPointExtension>
       <gpxtpx:hr>117</gpxtpx:hr>
      </gpxtpx:TrackPointExtension>
     </extensions>
   </trkpt>
   <trkpt lat="-2.6717970" lon="-42.9772380">
    <ele>35.0</ele>
    <time>2026-06-15T11:28:00Z</time>
     <extensions>
      <gpxtpx:TrackPointExtension>
       <gpxtpx:hr>117</gpxtpx:hr>
      </gpxtpx:TrackPointExtension>
     </extensions>
   </trkpt>
   <trkpt lat="-2.6717890" lon="-42.9772820">
    <ele>34.8</ele>
    <time>2026-06-15T11:28:05Z</time>
     <extensions>
      <gpxtpx:TrackPointExtension>
       <gpxtpx:hr>119</gpxtpx:hr>
      </gpxtpx:TrackPointExtension>
     </extensions>
   </trkpt>
   <trkpt lat="-2.6717830" lon="-42.9773340">
    <ele>34.4</ele>
    <time>2026-06-15T11:28:10Z</time>
     <extensions>
      <gpxtpx:TrackPointExtension>
       <gpxtpx:hr>123</gpxtpx:hr>
      </gpxtpx:TrackPointExtension>
     </extensions>
   </trkpt>
   <trkpt lat="-2.6717720" lon="-42.9773880">
    <ele>34.2</ele>
    <time>2026-06-15T11:28:15Z</time>
     <extensions>
      <gpxtpx:TrackPointExtension>
       <gpxtpx:hr>123</gpxtpx:hr>
      </gpxtpx:TrackPointExtension>
     </extensions>
   </trkpt>
   <trkpt lat="-2.6717530" lon="-42.9774360">
    <ele>34.0</ele>
    <time>2026-06-15T11:28:20Z</time>
     <extensions>
      <gpxtpx:TrackPointExtension>
       <gpxtpx:hr>118</gpxtpx:hr>
      </gpxtpx:TrackPointExtension>
     </extensions>
   </trkpt>
   <trkpt lat="-2.6717400" lon="-42.9774920">
    <ele>34.0</ele>
    <time>2026-06-15T11:28:25Z</time>
     <extensions>
      <gpxtpx:TrackPointExtension>
       <gpxtpx:hr>117</gpxtpx:hr>
      </gpxtpx:TrackPointExtension>
     </extensions>
   </trkpt>
   <trkpt lat="-2.6717330" lon="-42.9775470">
    <ele>34.0</ele>
    <time>2026-06-15T11:28:30Z</time>
     <extensions>
      <gpxtpx:TrackPointExtension>
       <gpxtpx:hr>118</gpxtpx:hr>
      </gpxtpx:TrackPointExtension>
     </extensions>
   </trkpt>
   <trkpt lat="-2.6717230" lon="-42.9776010">
    <ele>33.8</ele>
    <time>2026-06-15T11:28:35Z</time>
     <extensions>
      <gpxtpx:TrackPointExtension>
       <gpxtpx:hr>118</gpxtpx:hr>
      </gpxtpx:TrackPointExtension>
     </extensions>
   </trkpt>
   <trkpt lat="-2.6717050" lon="-42.9776630">
    <ele>33.6</ele>
    <time>2026-06-15T11:28:40Z</time>
     <extensions>
      <gpxtpx:TrackPointExtension>
       <gpxtpx:hr>124</gpxtpx:hr>
      </gpxtpx:TrackPointExtension>
     </extensions>
   </trkpt>
   <trkpt lat="-2.6716910" lon="-42.9777140">
    <ele>33.4</ele>
    <time>2026-06-15T11:28:45Z</time>
     <extensions>
      <gpxtpx:TrackPointExtension>
       <gpxtpx:hr>124</gpxtpx:hr>
      </gpxtpx:TrackPointExtension>
     </extensions>
   </trkpt>
   <trkpt lat="-2.6716770" lon="-42.9777620">
    <ele>33.4</ele>
    <time>2026-06-15T11:28:50Z</time>
     <extensions>
      <gpxtpx:TrackPointExtension>
       <gpxtpx:hr>124</gpxtpx:hr>
      </gpxtpx:TrackPointExtension>
     </extensions>
   </trkpt>
   <trkpt lat="-2.6716590" lon="-42.9778070">
    <ele>33.4</ele>
    <time>2026-06-15T11:28:55Z</time>
     <extensions>
      <gpxtpx:TrackPointExtension>
       <gpxtpx:hr>124</gpxtpx:hr>
      </gpxtpx:TrackPointExtension>
     </extensions>
   </trkpt>
   <trkpt lat="-2.6716600" lon="-42.9778470">
    <ele>33.6</ele>
    <time>2026-06-15T11:29:00Z</time>
     <extensions>
      <gpxtpx:TrackPointExtension>
       <gpxtpx:hr>123</gpxtpx:hr>
      </gpxtpx:TrackPointExtension>
     </extensions>
   </trkpt>
   <trkpt lat="-2.6716530" lon="-42.9778930">
    <ele>34.0</ele>
    <time>2026-06-15T11:29:05Z</time>
     <extensions>
      <gpxtpx:TrackPointExtension>
       <gpxtpx:hr>124</gpxtpx:hr>
      </gpxtpx:TrackPointExtension>
     </extensions>
   </trkpt>
   <trkpt lat="-2.6716420" lon="-42.9779290">
    <ele>34.0</ele>
    <time>2026-06-15T11:29:10Z</time>
     <extensions>
      <gpxtpx:TrackPointExtension>
       <gpxtpx:hr>124</gpxtpx:hr>
      </gpxtpx:TrackPointExtension>
     </extensions>
   </trkpt>
   <trkpt lat="-2.6716420" lon="-42.9779720">
    <ele>34.2</ele>
    <time>2026-06-15T11:29:15Z</time>
     <extensions>
      <gpxtpx:TrackPointExtension>
       <gpxtpx:hr>124</gpxtpx:hr>
      </gpxtpx:TrackPointExtension>
     </extensions>
   </trkpt>
   <trkpt lat="-2.6716460" lon="-42.9780200">
    <ele>34.4</ele>
    <time>2026-06-15T11:29:20Z</time>
     <extensions>
      <gpxtpx:TrackPointExtension>
       <gpxtpx:hr>122</gpxtpx:hr>
      </gpxtpx:TrackPointExtension>
     </extensions>
   </trkpt>
   <trkpt lat="-2.6716480" lon="-42.9780670">
    <ele>34.8</ele>
    <time>2026-06-15T11:29:25Z</time>
     <extensions>
      <gpxtpx:TrackPointExtension>
       <gpxtpx:hr>124</gpxtpx:hr>
      </gpxtpx:TrackPointExtension>
     </extensions>
   </trkpt>
   <trkpt lat="-2.6716470" lon="-42.9781160">
    <ele>35.0</ele>
    <time>2026-06-15T11:29:30Z</time>
     <extensions>
      <gpxtpx:TrackPointExtension>
       <gpxtpx:hr>123</gpxtpx:hr>
      </gpxtpx:TrackPointExtension>
     </extensions>
   </trkpt>
   <trkpt lat="-2.6716490" lon="-42.9781730">
    <ele>35.2</ele>
    <time>2026-06-15T11:29:35Z</time>
     <extensions>
      <gpxtpx:TrackPointExtension>
       <gpxtpx:hr>126</gpxtpx:hr>
      </gpxtpx:TrackPointExtension>
     </extensions>
   </trkpt>
   <trkpt lat="-2.6716420" lon="-42.9782230">
    <ele>35.4</ele>
    <time>2026-06-15T11:29:40Z</time>
     <extensions>
      <gpxtpx:TrackPointExtension>
       <gpxtpx:hr>126</gpxtpx:hr>
      </gpxtpx:TrackPointExtension>
     </extensions>
   </trkpt>
   <trkpt lat="-2.6716350" lon="-42.9782700">
    <ele>35.8</ele>
    <time>2026-06-15T11:29:45Z</time>
     <extensions>
      <gpxtpx:TrackPointExtension>
       <gpxtpx:hr>129</gpxtpx:hr>
      </gpxtpx:TrackPointExtension>
     </extensions>
   </trkpt>
   <trkpt lat="-2.6716250" lon="-42.9783200">
    <ele>36.2</ele>
    <time>2026-06-15T11:29:50Z</time>
     <extensions>
      <gpxtpx:TrackPointExtension>
       <gpxtpx:hr>129</gpxtpx:hr>
      </gpxtpx:TrackPointExtension>
     </extensions>
   </trkpt>
   <trkpt lat="-2.6716110" lon="-42.9783710">
    <ele>36.8</ele>
    <time>2026-06-15T11:29:55Z</time>
     <extensions>
      <gpxtpx:TrackPointExtension>
       <gpxtpx:hr>128</gpxtpx:hr>
      </gpxtpx:TrackPointExtension>
     </extensions>
   </trkpt>
   <trkpt lat="-2.6716020" lon="-42.9784280">
    <ele>37.4</ele>
    <time>2026-06-15T11:30:00Z</time>
     <extensions>
      <gpxtpx:TrackPointExtension>
       <gpxtpx:hr>130</gpxtpx:hr>
      </gpxtpx:TrackPointExtension>
     </extensions>
   </trkpt>
   <trkpt lat="-2.6715890" lon="-42.9784780">
    <ele>38.0</ele>
    <time>2026-06-15T11:30:05Z</time>
     <extensions>
      <gpxtpx:TrackPointExtension>
       <gpxtpx:hr>134</gpxtpx:hr>
      </gpxtpx:TrackPointExtension>
     </extensions>
   </trkpt>
   <trkpt lat="-2.6715730" lon="-42.9785240">
    <ele>38.2</ele>
    <time>2026-06-15T11:30:10Z</time>
     <extensions>
      <gpxtpx:TrackPointExtension>
       <gpxtpx:hr>136</gpxtpx:hr>
      </gpxtpx:TrackPointExtension>
     </extensions>
   </trkpt>
   <trkpt lat="-2.6715570" lon="-42.9785690">
    <ele>38.2</ele>
    <time>2026-06-15T11:30:15Z</time>
     <extensions>
      <gpxtpx:TrackPointExtension>
       <gpxtpx:hr>136</gpxtpx:hr>
      </gpxtpx:TrackPointExtension>
     </extensions>
   </trkpt>
   <trkpt lat="-2.6715520" lon="-42.9786180">
    <ele>38.2</ele>
    <time>2026-06-15T11:30:20Z</time>
     <extensions>
      <gpxtpx:TrackPointExtension>
       <gpxtpx:hr>132</gpxtpx:hr>
      </gpxtpx:TrackPointExtension>
     </extensions>
   </trkpt>
   <trkpt lat="-2.6715470" lon="-42.9786690">
    <ele>38.0</ele>
    <time>2026-06-15T11:30:25Z</time>
     <extensions>
      <gpxtpx:TrackPointExtension>
       <gpxtpx:hr>131</gpxtpx:hr>
      </gpxtpx:TrackPointExtension>
     </extensions>
   </trkpt>
   <trkpt lat="-2.6715420" lon="-42.9787180">
    <ele>38.0</ele>
    <time>2026-06-15T11:30:30Z</time>
     <extensions>
      <gpxtpx:TrackPointExtension>
       <gpxtpx:hr>130</gpxtpx:hr>
      </gpxtpx:TrackPointExtension>
     </extensions>
   </trkpt>
   <trkpt lat="-2.6715390" lon="-42.9787690">
    <ele>38.0</ele>
    <time>2026-06-15T11:30:35Z</time>
     <extensions>
      <gpxtpx:TrackPointExtension>
       <gpxtpx:hr>124</gpxtpx:hr>
      </gpxtpx:TrackPointExtension>
     </extensions>
   </trkpt>
   <trkpt lat="-2.6715190" lon="-42.9788220">
    <ele>38.0</ele>
    <time>2026-06-15T11:30:40Z</time>
     <extensions>
      <gpxtpx:TrackPointExtension>
       <gpxtpx:hr>124</gpxtpx:hr>
      </gpxtpx:TrackPointExtension>
     </extensions>
   </trkpt>
   <trkpt lat="-2.6715010" lon="-42.9788620">
    <ele>38.2</ele>
    <time>2026-06-15T11:30:45Z</time>
     <extensions>
      <gpxtpx:TrackPointExtension>
       <gpxtpx:hr>124</gpxtpx:hr>
      </gpxtpx:TrackPointExtension>
     </extensions>
   </trkpt>
   <trkpt lat="-2.6714880" lon="-42.9789120">
    <ele>38.2</ele>
    <time>2026-06-15T11:30:50Z</time>
     <extensions>
      <gpxtpx:TrackPointExtension>
       <gpxtpx:hr>125</gpxtpx:hr>
      </gpxtpx:TrackPointExtension>
     </extensions>
   </trkpt>
   <trkpt lat="-2.6714770" lon="-42.9789590">
    <ele>38.4</ele>
    <time>2026-06-15T11:30:55Z</time>
     <extensions>
      <gpxtpx:TrackPointExtension>
       <gpxtpx:hr>119</gpxtpx:hr>
      </gpxtpx:TrackPointExtension>
     </extensions>
   </trkpt>
   <trkpt lat="-2.6714580" lon="-42.9790140">
    <ele>38.6</ele>
    <time>2026-06-15T11:31:00Z</time>
     <extensions>
      <gpxtpx:TrackPointExtension>
       <gpxtpx:hr>124</gpxtpx:hr>
      </gpxtpx:TrackPointExtension>
     </extensions>
   </trkpt>
   <trkpt lat="-2.6714410" lon="-42.9790540">
    <ele>39.0</ele>
    <time>2026-06-15T11:31:05Z</time>
     <extensions>
      <gpxtpx:TrackPointExtension>
       <gpxtpx:hr>122</gpxtpx:hr>
      </gpxtpx:TrackPointExtension>
     </extensions>
   </trkpt>
   <trkpt lat="-2.6714250" lon="-42.9790960">
    <ele>39.6</ele>
    <time>2026-06-15T11:31:10Z</time>
     <extensions>
      <gpxtpx:TrackPointExtension>
       <gpxtpx:hr>122</gpxtpx:hr>
      </gpxtpx:TrackPointExtension>
     </extensions>
   </trkpt>
   <trkpt lat="-2.6714120" lon="-42.9791430">
    <ele>40.2</ele>
    <time>2026-06-15T11:31:15Z</time>
     <extensions>
      <gpxtpx:TrackPointExtension>
       <gpxtpx:hr>119</gpxtpx:hr>
      </gpxtpx:TrackPointExtension>
     </extensions>
   </trkpt>
   <trkpt lat="-2.6714020" lon="-42.9791630">
    <ele>41.0</ele>
    <time>2026-06-15T11:31:20Z</time>
     <extensions>
      <gpxtpx:TrackPointExtension>
       <gpxtpx:hr>119</gpxtpx:hr>
      </gpxtpx:TrackPointExtension>
     </extensions>
   </trkpt>
   <trkpt lat="-2.6714030" lon="-42.9791630">
    <ele>41.6</ele>
    <time>2026-06-15T11:31:25Z</time>
     <extensions>
      <gpxtpx:TrackPointExtension>
       <gpxtpx:hr>120</gpxtpx:hr>
      </gpxtpx:TrackPointExtension>
     </extensions>
   </trkpt>
   <trkpt lat="-2.6714030" lon="-42.9791630">
    <ele>42.0</ele>
    <time>2026-06-15T11:31:30Z</time>
     <extensions>
      <gpxtpx:TrackPointExtension>
       <gpxtpx:hr>120</gpxtpx:hr>
      </gpxtpx:TrackPointExtension>
     </extensions>
   </trkpt>
   <trkpt lat="-2.6714030" lon="-42.9791620">
    <ele>42.2</ele>
    <time>2026-06-15T11:31:35Z</time>
     <extensions>
      <gpxtpx:TrackPointExtension>
       <gpxtpx:hr>113</gpxtpx:hr>
      </gpxtpx:TrackPointExtension>
     </extensions>
   </trkpt>
   <trkpt lat="-2.6714050" lon="-42.9791710">
    <ele>42.4</ele>
    <time>2026-06-15T11:31:40Z</time>
     <extensions>
      <gpxtpx:TrackPointExtension>
       <gpxtpx:hr>119</gpxtpx:hr>
      </gpxtpx:TrackPointExtension>
     </extensions>
   </trkpt>
   <trkpt lat="-2.6714080" lon="-42.9791650">
    <ele>42.2</ele>
    <time>2026-06-15T11:31:45Z</time>
     <extensions>
      <gpxtpx:TrackPointExtension>
       <gpxtpx:hr>119</gpxtpx:hr>
      </gpxtpx:TrackPointExtension>
     </extensions>
   </trkpt>
   <trkpt lat="-2.6714080" lon="-42.9791630">
    <ele>42.0</ele>
    <time>2026-06-15T11:31:50Z</time>
     <extensions>
      <gpxtpx:TrackPointExtension>
       <gpxtpx:hr>119</gpxtpx:hr>
      </gpxtpx:TrackPointExtension>
     </extensions>
   </trkpt>
   <trkpt lat="-2.6714060" lon="-42.9791740">
    <ele>41.8</ele>
    <time>2026-06-15T11:31:55Z</time>
     <extensions>
      <gpxtpx:TrackPointExtension>
       <gpxtpx:hr>122</gpxtpx:hr>
      </gpxtpx:TrackPointExtension>
     </extensions>
   </trkpt>
   <trkpt lat="-2.6713970" lon="-42.9791870">
    <ele>41.4</ele>
    <time>2026-06-15T11:32:00Z</time>
     <extensions>
      <gpxtpx:TrackPointExtension>
       <gpxtpx:hr>122</gpxtpx:hr>
      </gpxtpx:TrackPointExtension>
     </extensions>
   </trkpt>
   <trkpt lat="-2.6713880" lon="-42.9792140">
    <ele>41.2</ele>
    <time>2026-06-15T11:32:05Z</time>
     <extensions>
      <gpxtpx:TrackPointExtension>
       <gpxtpx:hr>122</gpxtpx:hr>
      </gpxtpx:TrackPointExtension>
     </extensions>
   </trkpt>
   <trkpt lat="-2.6713640" lon="-42.9792550">
    <ele>40.8</ele>
    <time>2026-06-15T11:32:10Z</time>
     <extensions>
      <gpxtpx:TrackPointExtension>
       <gpxtpx:hr>109</gpxtpx:hr>
      </gpxtpx:TrackPointExtension>
     </extensions>
   </trkpt>
   <trkpt lat="-2.6713440" lon="-42.9792960">
    <ele>40.4</ele>
    <time>2026-06-15T11:32:15Z</time>
     <extensions>
      <gpxtpx:TrackPointExtension>
       <gpxtpx:hr>107</gpxtpx:hr>
      </gpxtpx:TrackPointExtension>
     </extensions>
   </trkpt>
   <trkpt lat="-2.6713340" lon="-42.9793360">
    <ele>40.0</ele>
    <time>2026-06-15T11:32:20Z</time>
     <extensions>
      <gpxtpx:TrackPointExtension>
       <gpxtpx:hr>109</gpxtpx:hr>
      </gpxtpx:TrackPointExtension>
     </extensions>
   </trkpt>
   <trkpt lat="-2.6713240" lon="-42.9793700">
    <ele>39.6</ele>
    <time>2026-06-15T11:32:25Z</time>
     <extensions>
      <gpxtpx:TrackPointExtension>
       <gpxtpx:hr>109</gpxtpx:hr>
      </gpxtpx:TrackPointExtension>
     </extensions>
   </trkpt>
   <trkpt lat="-2.6713200" lon="-42.9793780">
    <ele>39.0</ele>
    <time>2026-06-15T11:32:30Z</time>
     <extensions>
      <gpxtpx:TrackPointExtension>
       <gpxtpx:hr>109</gpxtpx:hr>
      </gpxtpx:TrackPointExtension>
     </extensions>
   </trkpt>
   <trkpt lat="-2.6713210" lon="-42.9793750">
    <ele>38.4</ele>
    <time>2026-06-15T11:32:35Z</time>
     <extensions>
      <gpxtpx:TrackPointExtension>
       <gpxtpx:hr>104</gpxtpx:hr>
      </gpxtpx:TrackPointExtension>
     </extensions>
   </trkpt>
   <trkpt lat="-2.6713200" lon="-42.9793750">
    <ele>38.0</ele>
    <time>2026-06-15T11:32:40Z</time>
     <extensions>
      <gpxtpx:TrackPointExtension>
       <gpxtpx:hr>111</gpxtpx:hr>
      </gpxtpx:TrackPointExtension>
     </extensions>
   </trkpt>
   <trkpt lat="-2.6713160" lon="-42.9793810">
    <ele>37.4</ele>
    <time>2026-06-15T11:32:45Z</time>
     <extensions>
      <gpxtpx:TrackPointExtension>
       <gpxtpx:hr>112</gpxtpx:hr>
      </gpxtpx:TrackPointExtension>
     </extensions>
   </trkpt>
   <trkpt lat="-2.6713110" lon="-42.9793940">
    <ele>37.0</ele>
    <time>2026-06-15T11:32:50Z</time>
     <extensions>
      <gpxtpx:TrackPointExtension>
       <gpxtpx:hr>115</gpxtpx:hr>
      </gpxtpx:TrackPointExtension>
     </extensions>
   </trkpt>
   <trkpt lat="-2.6713010" lon="-42.9794240">
    <ele>36.8</ele>
    <time>2026-06-15T11:32:55Z</time>
     <extensions>
      <gpxtpx:TrackPointExtension>
       <gpxtpx:hr>116</gpxtpx:hr>
      </gpxtpx:TrackPointExtension>
     </extensions>
   </trkpt>
   <trkpt lat="-2.6712940" lon="-42.9794550">
    <ele>36.4</ele>
    <time>2026-06-15T11:33:00Z</time>
     <extensions>
      <gpxtpx:TrackPointExtension>
       <gpxtpx:hr>116</gpxtpx:hr>
      </gpxtpx:TrackPointExtension>
     </extensions>
   </trkpt>
   <trkpt lat="-2.6712860" lon="-42.9794900">
    <ele>36.0</ele>
    <time>2026-06-15T11:33:05Z</time>
     <extensions>
      <gpxtpx:TrackPointExtension>
       <gpxtpx:hr>103</gpxtpx:hr>
      </gpxtpx:TrackPointExtension>
     </extensions>
   </trkpt>
   <trkpt lat="-2.6712760" lon="-42.9795340">
    <ele>35.8</ele>
    <time>2026-06-15T11:33:10Z</time>
     <extensions>
      <gpxtpx:TrackPointExtension>
       <gpxtpx:hr>107</gpxtpx:hr>
      </gpxtpx:TrackPointExtension>
     </extensions>
   </trkpt>
   <trkpt lat="-2.6712550" lon="-42.9795780">
    <ele>35.8</ele>
    <time>2026-06-15T11:33:15Z</time>
     <extensions>
      <gpxtpx:TrackPointExtension>
       <gpxtpx:hr>114</gpxtpx:hr>
      </gpxtpx:TrackPointExtension>
     </extensions>
   </trkpt>
   <trkpt lat="-2.6712460" lon="-42.9796280">
    <ele>35.6</ele>
    <time>2026-06-15T11:33:20Z</time>
     <extensions>
      <gpxtpx:TrackPointExtension>
       <gpxtpx:hr>114</gpxtpx:hr>
      </gpxtpx:TrackPointExtension>
     </extensions>
   </trkpt>
   <trkpt lat="-2.6712250" lon="-42.9796690">
    <ele>35.6</ele>
    <time>2026-06-15T11:33:25Z</time>
     <extensions>
      <gpxtpx:TrackPointExtension>
       <gpxtpx:hr>116</gpxtpx:hr>
      </gpxtpx:TrackPointExtension>
     </extensions>
   </trkpt>
   <trkpt lat="-2.6712050" lon="-42.9797170">
    <ele>35.6</ele>
    <time>2026-06-15T11:33:30Z</time>
     <extensions>
      <gpxtpx:TrackPointExtension>
       <gpxtpx:hr>114</gpxtpx:hr>
      </gpxtpx:TrackPointExtension>
     </extensions>
   </trkpt>
   <trkpt lat="-2.6711900" lon="-42.9797640">
    <ele>35.4</ele>
    <time>2026-06-15T11:33:35Z</time>
     <extensions>
      <gpxtpx:TrackPointExtension>
       <gpxtpx:hr>114</gpxtpx:hr>
      </gpxtpx:TrackPointExtension>
     </extensions>
   </trkpt>
   <trkpt lat="-2.6711710" lon="-42.9798040">
    <ele>35.4</ele>
    <time>2026-06-15T11:33:40Z</time>
     <extensions>
      <gpxtpx:TrackPointExtension>
       <gpxtpx:hr>122</gpxtpx:hr>
      </gpxtpx:TrackPointExtension>
     </extensions>
   </trkpt>
   <trkpt lat="-2.6711520" lon="-42.9798430">
    <ele>35.4</ele>
    <time>2026-06-15T11:33:45Z</time>
     <extensions>
      <gpxtpx:TrackPointExtension>
       <gpxtpx:hr>123</gpxtpx:hr>
      </gpxtpx:TrackPointExtension>
     </extensions>
   </trkpt>
   <trkpt lat="-2.6711500" lon="-42.9798560">
    <ele>35.2</ele>
    <time>2026-06-15T11:33:50Z</time>
     <extensions>
      <gpxtpx:TrackPointExtension>
       <gpxtpx:hr>123</gpxtpx:hr>
      </gpxtpx:TrackPointExtension>
     </extensions>
   </trkpt>
   <trkpt lat="-2.6711460" lon="-42.9798580">
    <ele>35.0</ele>
    <time>2026-06-15T11:33:55Z</time>
     <extensions>
      <gpxtpx:TrackPointExtension>
       <gpxtpx:hr>116</gpxtpx:hr>
      </gpxtpx:TrackPointExtension>
     </extensions>
   </trkpt>
   <trkpt lat="-2.6711510" lon="-42.9798730">
    <ele>34.8</ele>
    <time>2026-06-15T11:34:00Z</time>
     <extensions>
      <gpxtpx:TrackPointExtension>
       <gpxtpx:hr>123</gpxtpx:hr>
      </gpxtpx:TrackPointExtension>
     </extensions>
   </trkpt>
   <trkpt lat="-2.6711610" lon="-42.9799180">
    <ele>34.8</ele>
    <time>2026-06-15T11:34:05Z</time>
     <extensions>
      <gpxtpx:TrackPointExtension>
       <gpxtpx:hr>120</gpxtpx:hr>
      </gpxtpx:TrackPointExtension>
     </extensions>
   </trkpt>
   <trkpt lat="-2.6711710" lon="-42.9799720">
    <ele>34.8</ele>
    <time>2026-06-15T11:34:10Z</time>
     <extensions>
      <gpxtpx:TrackPointExtension>
       <gpxtpx:hr>120</gpxtpx:hr>
      </gpxtpx:TrackPointExtension>
     </extensions>
   </trkpt>
   <trkpt lat="-2.6711740" lon="-42.9800250">
    <ele>34.8</ele>
    <time>2026-06-15T11:34:15Z</time>
     <extensions>
      <gpxtpx:TrackPointExtension>
       <gpxtpx:hr>120</gpxtpx:hr>
      </gpxtpx:TrackPointExtension>
     </extensions>
   </trkpt>
   <trkpt lat="-2.6711730" lon="-42.9800820">
    <ele>35.0</ele>
    <time>2026-06-15T11:34:20Z</time>
     <extensions>
      <gpxtpx:TrackPointExtension>
       <gpxtpx:hr>120</gpxtpx:hr>
      </gpxtpx:TrackPointExtension>
     </extensions>
   </trkpt>
   <trkpt lat="-2.6711640" lon="-42.9801360">
    <ele>35.0</ele>
    <time>2026-06-15T11:34:25Z</time>
     <extensions>
      <gpxtpx:TrackPointExtension>
       <gpxtpx:hr>118</gpxtpx:hr>
      </gpxtpx:TrackPointExtension>
     </extensions>
   </trkpt>
   <trkpt lat="-2.6711480" lon="-42.9801850">
    <ele>35.0</ele>
    <time>2026-06-15T11:34:30Z</time>
     <extensions>
      <gpxtpx:TrackPointExtension>
       <gpxtpx:hr>118</gpxtpx:hr>
      </gpxtpx:TrackPointExtension>
     </extensions>
   </trkpt>
   <trkpt lat="-2.6711330" lon="-42.9802290">
    <ele>35.2</ele>
    <time>2026-06-15T11:34:35Z</time>
     <extensions>
      <gpxtpx:TrackPointExtension>
       <gpxtpx:hr>110</gpxtpx:hr>
      </gpxtpx:TrackPointExtension>
     </extensions>
   </trkpt>
   <trkpt lat="-2.6711210" lon="-42.9802760">
    <ele>35.4</ele>
    <time>2026-06-15T11:34:40Z</time>
     <extensions>
      <gpxtpx:TrackPointExtension>
       <gpxtpx:hr>115</gpxtpx:hr>
      </gpxtpx:TrackPointExtension>
     </extensions>
   </trkpt>
   <trkpt lat="-2.6711050" lon="-42.9803130">
    <ele>35.6</ele>
    <time>2026-06-15T11:34:45Z</time>
     <extensions>
      <gpxtpx:TrackPointExtension>
       <gpxtpx:hr>115</gpxtpx:hr>
      </gpxtpx:TrackPointExtension>
     </extensions>
   </trkpt>
   <trkpt lat="-2.6710940" lon="-42.9803570">
    <ele>35.8</ele>
    <time>2026-06-15T11:34:50Z</time>
     <extensions>
      <gpxtpx:TrackPointExtension>
       <gpxtpx:hr>115</gpxtpx:hr>
      </gpxtpx:TrackPointExtension>
     </extensions>
   </trkpt>
   <trkpt lat="-2.6710980" lon="-42.9803730">
    <ele>36.0</ele>
    <time>2026-06-15T11:34:55Z</time>
     <extensions>
      <gpxtpx:TrackPointExtension>
       <gpxtpx:hr>115</gpxtpx:hr>
      </gpxtpx:TrackPointExtension>
     </extensions>
   </trkpt>
   <trkpt lat="-2.6711030" lon="-42.9803740">
    <ele>36.2</ele>
    <time>2026-06-15T11:35:00Z</time>
     <extensions>
      <gpxtpx:TrackPointExtension>
       <gpxtpx:hr>118</gpxtpx:hr>
      </gpxtpx:TrackPointExtension>
     </extensions>
   </trkpt>
   <trkpt lat="-2.6710930" lon="-42.9804100">
    <ele>36.2</ele>
    <time>2026-06-15T11:35:05Z</time>
     <extensions>
      <gpxtpx:TrackPointExtension>
       <gpxtpx:hr>119</gpxtpx:hr>
      </gpxtpx:TrackPointExtension>
     </extensions>
   </trkpt>
   <trkpt lat="-2.6710610" lon="-42.9804570">
    <ele>36.2</ele>
    <time>2026-06-15T11:35:10Z</time>
     <extensions>
      <gpxtpx:TrackPointExtension>
       <gpxtpx:hr>119</gpxtpx:hr>
      </gpxtpx:TrackPointExtension>
     </extensions>
   </trkpt>
   <trkpt lat="-2.6710330" lon="-42.9805050">
    <ele>36.2</ele>
    <time>2026-06-15T11:35:15Z</time>
     <extensions>
      <gpxtpx:TrackPointExtension>
       <gpxtpx:hr>118</gpxtpx:hr>
      </gpxtpx:TrackPointExtension>
     </extensions>
   </trkpt>
   <trkpt lat="-2.6710110" lon="-42.9805470">
    <ele>36.2</ele>
    <time>2026-06-15T11:35:20Z</time>
     <extensions>
      <gpxtpx:TrackPointExtension>
       <gpxtpx:hr>112</gpxtpx:hr>
      </gpxtpx:TrackPointExtension>
     </extensions>
   </trkpt>
   <trkpt lat="-2.6710020" lon="-42.9805760">
    <ele>36.4</ele>
    <time>2026-06-15T11:35:25Z</time>
     <extensions>
      <gpxtpx:TrackPointExtension>
       <gpxtpx:hr>113</gpxtpx:hr>
      </gpxtpx:TrackPointExtension>
     </extensions>
   </trkpt>
   <trkpt lat="-2.6709950" lon="-42.9806160">
    <ele>36.8</ele>
    <time>2026-06-15T11:35:30Z</time>
     <extensions>
      <gpxtpx:TrackPointExtension>
       <gpxtpx:hr>113</gpxtpx:hr>
      </gpxtpx:TrackPointExtension>
     </extensions>
   </trkpt>
   <trkpt lat="-2.6709850" lon="-42.9806630">
    <ele>37.2</ele>
    <time>2026-06-15T11:35:35Z</time>
     <extensions>
      <gpxtpx:TrackPointExtension>
       <gpxtpx:hr>116</gpxtpx:hr>
      </gpxtpx:TrackPointExtension>
     </extensions>
   </trkpt>
   <trkpt lat="-2.6709660" lon="-42.9807140">
    <ele>37.6</ele>
    <time>2026-06-15T11:35:40Z</time>
     <extensions>
      <gpxtpx:TrackPointExtension>
       <gpxtpx:hr>120</gpxtpx:hr>
      </gpxtpx:TrackPointExtension>
     </extensions>
   </trkpt>
   <trkpt lat="-2.6709570" lon="-42.9807630">
    <ele>38.0</ele>
    <time>2026-06-15T11:35:45Z</time>
     <extensions>
      <gpxtpx:TrackPointExtension>
       <gpxtpx:hr>119</gpxtpx:hr>
      </gpxtpx:TrackPointExtension>
     </extensions>
   </trkpt>
   <trkpt lat="-2.6709400" lon="-42.9808160">
    <ele>38.6</ele>
    <time>2026-06-15T11:35:50Z</time>
     <extensions>
      <gpxtpx:TrackPointExtension>
       <gpxtpx:hr>119</gpxtpx:hr>
      </gpxtpx:TrackPointExtension>
     </extensions>
   </trkpt>
   <trkpt lat="-2.6709270" lon="-42.9808680">
    <ele>39.0</ele>
    <time>2026-06-15T11:35:55Z</time>
     <extensions>
      <gpxtpx:TrackPointExtension>
       <gpxtpx:hr>119</gpxtpx:hr>
      </gpxtpx:TrackPointExtension>
     </extensions>
   </trkpt>
   <trkpt lat="-2.6709150" lon="-42.9809180">
    <ele>39.6</ele>
    <time>2026-06-15T11:36:00Z</time>
     <extensions>
      <gpxtpx:TrackPointExtension>
       <gpxtpx:hr>120</gpxtpx:hr>
      </gpxtpx:TrackPointExtension>
     </extensions>
   </trkpt>
   <trkpt lat="-2.6709010" lon="-42.9809670">
    <ele>40.0</ele>
    <time>2026-06-15T11:36:05Z</time>
     <extensions>
      <gpxtpx:TrackPointExtension>
       <gpxtpx:hr>122</gpxtpx:hr>
      </gpxtpx:TrackPointExtension>
     </extensions>
   </trkpt>
   <trkpt lat="-2.6708900" lon="-42.9810150">
    <ele>40.4</ele>
    <time>2026-06-15T11:36:10Z</time>
     <extensions>
      <gpxtpx:TrackPointExtension>
       <gpxtpx:hr>118</gpxtpx:hr>
      </gpxtpx:TrackPointExtension>
     </extensions>
   </trkpt>
   <trkpt lat="-2.6708770" lon="-42.9810620">
    <ele>40.8</ele>
    <time>2026-06-15T11:36:15Z</time>
     <extensions>
      <gpxtpx:TrackPointExtension>
       <gpxtpx:hr>116</gpxtpx:hr>
      </gpxtpx:TrackPointExtension>
     </extensions>
   </trkpt>
   <trkpt lat="-2.6708650" lon="-42.9811100">
    <ele>41.2</ele>
    <time>2026-06-15T11:36:20Z</time>
     <extensions>
      <gpxtpx:TrackPointExtension>
       <gpxtpx:hr>116</gpxtpx:hr>
      </gpxtpx:TrackPointExtension>
     </extensions>
   </trkpt>
   <trkpt lat="-2.6708540" lon="-42.9811630">
    <ele>41.2</ele>
    <time>2026-06-15T11:36:25Z</time>
     <extensions>
      <gpxtpx:TrackPointExtension>
       <gpxtpx:hr>115</gpxtpx:hr>
      </gpxtpx:TrackPointExtension>
     </extensions>
   </trkpt>
   <trkpt lat="-2.6708370" lon="-42.9812100">
    <ele>41.0</ele>
    <time>2026-06-15T11:36:30Z</time>
     <extensions>
      <gpxtpx:TrackPointExtension>
       <gpxtpx:hr>117</gpxtpx:hr>
      </gpxtpx:TrackPointExtension>
     </extensions>
   </trkpt>
   <trkpt lat="-2.6708210" lon="-42.9812570">
    <ele>40.8</ele>
    <time>2026-06-15T11:36:35Z</time>
     <extensions>
      <gpxtpx:TrackPointExtension>
       <gpxtpx:hr>118</gpxtpx:hr>
      </gpxtpx:TrackPointExtension>
     </extensions>
   </trkpt>
   <trkpt lat="-2.6708080" lon="-42.9813100">
    <ele>40.6</ele>
    <time>2026-06-15T11:36:40Z</time>
     <extensions>
      <gpxtpx:TrackPointExtension>
       <gpxtpx:hr>120</gpxtpx:hr>
      </gpxtpx:TrackPointExtension>
     </extensions>
   </trkpt>
   <trkpt lat="-2.6707880" lon="-42.9813620">
    <ele>40.2</ele>
    <time>2026-06-15T11:36:45Z</time>
     <extensions>
      <gpxtpx:TrackPointExtension>
       <gpxtpx:hr>119</gpxtpx:hr>
      </gpxtpx:TrackPointExtension>
     </extensions>
   </trkpt>
   <trkpt lat="-2.6707760" lon="-42.9814110">
    <ele>40.2</ele>
    <time>2026-06-15T11:36:50Z</time>
     <extensions>
      <gpxtpx:TrackPointExtension>
       <gpxtpx:hr>121</gpxtpx:hr>
      </gpxtpx:TrackPointExtension>
     </extensions>
   </trkpt>
   <trkpt lat="-2.6707650" lon="-42.9814620">
    <ele>40.0</ele>
    <time>2026-06-15T11:36:55Z</time>
     <extensions>
      <gpxtpx:TrackPointExtension>
       <gpxtpx:hr>121</gpxtpx:hr>
      </gpxtpx:TrackPointExtension>
     </extensions>
   </trkpt>
   <trkpt lat="-2.6707630" lon="-42.9814950">
    <ele>40.0</ele>
    <time>2026-06-15T11:37:00Z</time>
     <extensions>
      <gpxtpx:TrackPointExtension>
       <gpxtpx:hr>121</gpxtpx:hr>
      </gpxtpx:TrackPointExtension>
     </extensions>
   </trkpt>
   <trkpt lat="-2.6707630" lon="-42.9815080">
    <ele>40.0</ele>
    <time>2026-06-15T11:37:05Z</time>
     <extensions>
      <gpxtpx:TrackPointExtension>
       <gpxtpx:hr>124</gpxtpx:hr>
      </gpxtpx:TrackPointExtension>
     </extensions>
   </trkpt>
   <trkpt lat="-2.6707690" lon="-42.9815020">
    <ele>39.8</ele>
    <time>2026-06-15T11:37:10Z</time>
     <extensions>
      <gpxtpx:TrackPointExtension>
       <gpxtpx:hr>123</gpxtpx:hr>
      </gpxtpx:TrackPointExtension>
     </extensions>
   </trkpt>
   <trkpt lat="-2.6707690" lon="-42.9815020">
    <ele>39.8</ele>
    <time>2026-06-15T11:37:15Z</time>
     <extensions>
      <gpxtpx:TrackPointExtension>
       <gpxtpx:hr>116</gpxtpx:hr>
      </gpxtpx:TrackPointExtension>
     </extensions>
   </trkpt>
   <trkpt lat="-2.6707610" lon="-42.9815180">
    <ele>40.0</ele>
    <time>2026-06-15T11:37:20Z</time>
     <extensions>
      <gpxtpx:TrackPointExtension>
       <gpxtpx:hr>116</gpxtpx:hr>
      </gpxtpx:TrackPointExtension>
     </extensions>
   </trkpt>
   <trkpt lat="-2.6707330" lon="-42.9815550">
    <ele>40.2</ele>
    <time>2026-06-15T11:37:25Z</time>
     <extensions>
      <gpxtpx:TrackPointExtension>
       <gpxtpx:hr>116</gpxtpx:hr>
      </gpxtpx:TrackPointExtension>
     </extensions>
   </trkpt>
   <trkpt lat="-2.6707080" lon="-42.9816000">
    <ele>40.4</ele>
    <time>2026-06-15T11:37:30Z</time>
     <extensions>
      <gpxtpx:TrackPointExtension>
       <gpxtpx:hr>120</gpxtpx:hr>
      </gpxtpx:TrackPointExtension>
     </extensions>
   </trkpt>
   <trkpt lat="-2.6706840" lon="-42.9816440">
    <ele>40.6</ele>
    <time>2026-06-15T11:37:35Z</time>
     <extensions>
      <gpxtpx:TrackPointExtension>
       <gpxtpx:hr>121</gpxtpx:hr>
      </gpxtpx:TrackPointExtension>
     </extensions>
   </trkpt>
   <trkpt lat="-2.6706570" lon="-42.9816890">
    <ele>41.0</ele>
    <time>2026-06-15T11:37:40Z</time>
     <extensions>
      <gpxtpx:TrackPointExtension>
       <gpxtpx:hr>119</gpxtpx:hr>
      </gpxtpx:TrackPointExtension>
     </extensions>
   </trkpt>
   <trkpt lat="-2.6706240" lon="-42.9817330">
    <ele>41.4</ele>
    <time>2026-06-15T11:37:45Z</time>
     <extensions>
      <gpxtpx:TrackPointExtension>
       <gpxtpx:hr>117</gpxtpx:hr>
      </gpxtpx:TrackPointExtension>
     </extensions>
   </trkpt>
   <trkpt lat="-2.6705910" lon="-42.9817770">
    <ele>42.0</ele>
    <time>2026-06-15T11:37:50Z</time>
     <extensions>
      <gpxtpx:TrackPointExtension>
       <gpxtpx:hr>117</gpxtpx:hr>
      </gpxtpx:TrackPointExtension>
     </extensions>
   </trkpt>
   <trkpt lat="-2.6705640" lon="-42.9818220">
    <ele>42.6</ele>
    <time>2026-06-15T11:37:55Z</time>
     <extensions>
      <gpxtpx:TrackPointExtension>
       <gpxtpx:hr>118</gpxtpx:hr>
      </gpxtpx:TrackPointExtension>
     </extensions>
   </trkpt>
   <trkpt lat="-2.6705310" lon="-42.9818600">
    <ele>43.0</ele>
    <time>2026-06-15T11:38:00Z</time>
     <extensions>
      <gpxtpx:TrackPointExtension>
       <gpxtpx:hr>122</gpxtpx:hr>
      </gpxtpx:TrackPointExtension>
     </extensions>
   </trkpt>
   <trkpt lat="-2.6704940" lon="-42.9818970">
    <ele>43.4</ele>
    <time>2026-06-15T11:38:05Z</time>
     <extensions>
      <gpxtpx:TrackPointExtension>
       <gpxtpx:hr>117</gpxtpx:hr>
      </gpxtpx:TrackPointExtension>
     </extensions>
   </trkpt>
   <trkpt lat="-2.6704490" lon="-42.9819310">
    <ele>43.6</ele>
    <time>2026-06-15T11:38:10Z</time>
     <extensions>
      <gpxtpx:TrackPointExtension>
       <gpxtpx:hr>117</gpxtpx:hr>
      </gpxtpx:TrackPointExtension>
     </extensions>
   </trkpt>
   <trkpt lat="-2.6704110" lon="-42.9819690">
    <ele>44.0</ele>
    <time>2026-06-15T11:38:15Z</time>
     <extensions>
      <gpxtpx:TrackPointExtension>
       <gpxtpx:hr>118</gpxtpx:hr>
      </gpxtpx:TrackPointExtension>
     </extensions>
   </trkpt>
   <trkpt lat="-2.6703730" lon="-42.9820010">
    <ele>44.2</ele>
    <time>2026-06-15T11:38:20Z</time>
     <extensions>
      <gpxtpx:TrackPointExtension>
       <gpxtpx:hr>117</gpxtpx:hr>
      </gpxtpx:TrackPointExtension>
     </extensions>
   </trkpt>
   <trkpt lat="-2.6703310" lon="-42.9820290">
    <ele>44.4</ele>
    <time>2026-06-15T11:38:25Z</time>
     <extensions>
      <gpxtpx:TrackPointExtension>
       <gpxtpx:hr>117</gpxtpx:hr>
      </gpxtpx:TrackPointExtension>
     </extensions>
   </trkpt>
   <trkpt lat="-2.6702960" lon="-42.9820610">
    <ele>44.4</ele>
    <time>2026-06-15T11:38:30Z</time>
     <extensions>
      <gpxtpx:TrackPointExtension>
       <gpxtpx:hr>117</gpxtpx:hr>
      </gpxtpx:TrackPointExtension>
     </extensions>
   </trkpt>
   <trkpt lat="-2.6702680" lon="-42.9820920">
    <ele>44.4</ele>
    <time>2026-06-15T11:38:35Z</time>
     <extensions>
      <gpxtpx:TrackPointExtension>
       <gpxtpx:hr>116</gpxtpx:hr>
      </gpxtpx:TrackPointExtension>
     </extensions>
   </trkpt>
   <trkpt lat="-2.6702400" lon="-42.9821210">
    <ele>44.4</ele>
    <time>2026-06-15T11:38:40Z</time>
     <extensions>
      <gpxtpx:TrackPointExtension>
       <gpxtpx:hr>116</gpxtpx:hr>
      </gpxtpx:TrackPointExtension>
     </extensions>
   </trkpt>
   <trkpt lat="-2.6702350" lon="-42.9821210">
    <ele>44.4</ele>
    <time>2026-06-15T11:38:45Z</time>
     <extensions>
      <gpxtpx:TrackPointExtension>
       <gpxtpx:hr>115</gpxtpx:hr>
      </gpxtpx:TrackPointExtension>
     </extensions>
   </trkpt>
   <trkpt lat="-2.6702350" lon="-42.9821190">
    <ele>44.2</ele>
    <time>2026-06-15T11:38:50Z</time>
     <extensions>
      <gpxtpx:TrackPointExtension>
       <gpxtpx:hr>115</gpxtpx:hr>
      </gpxtpx:TrackPointExtension>
     </extensions>
   </trkpt>
   <trkpt lat="-2.6702370" lon="-42.9821170">
    <ele>44.0</ele>
    <time>2026-06-15T11:38:55Z</time>
     <extensions>
      <gpxtpx:TrackPointExtension>
       <gpxtpx:hr>120</gpxtpx:hr>
      </gpxtpx:TrackPointExtension>
     </extensions>
   </trkpt>
   <trkpt lat="-2.6702420" lon="-42.9821130">
    <ele>44.0</ele>
    <time>2026-06-15T11:39:00Z</time>
     <extensions>
      <gpxtpx:TrackPointExtension>
       <gpxtpx:hr>121</gpxtpx:hr>
      </gpxtpx:TrackPointExtension>
     </extensions>
   </trkpt>
   <trkpt lat="-2.6702450" lon="-42.9821160">
    <ele>44.0</ele>
    <time>2026-06-15T11:39:05Z</time>
     <extensions>
      <gpxtpx:TrackPointExtension>
       <gpxtpx:hr>125</gpxtpx:hr>
      </gpxtpx:TrackPointExtension>
     </extensions>
   </trkpt>
   <trkpt lat="-2.6702450" lon="-42.9821240">
    <ele>44.0</ele>
    <time>2026-06-15T11:39:10Z</time>
     <extensions>
      <gpxtpx:TrackPointExtension>
       <gpxtpx:hr>122</gpxtpx:hr>
      </gpxtpx:TrackPointExtension>
     </extensions>
   </trkpt>
   <trkpt lat="-2.6702460" lon="-42.9821230">
    <ele>44.0</ele>
    <time>2026-06-15T11:39:15Z</time>
     <extensions>
      <gpxtpx:TrackPointExtension>
       <gpxtpx:hr>122</gpxtpx:hr>
      </gpxtpx:TrackPointExtension>
     </extensions>
   </trkpt>
   <trkpt lat="-2.6702290" lon="-42.9821370">
    <ele>44.0</ele>
    <time>2026-06-15T11:39:20Z</time>
     <extensions>
      <gpxtpx:TrackPointExtension>
       <gpxtpx:hr>117</gpxtpx:hr>
      </gpxtpx:TrackPointExtension>
     </extensions>
   </trkpt>
   <trkpt lat="-2.6702150" lon="-42.9821530">
    <ele>44.0</ele>
    <time>2026-06-15T11:39:25Z</time>
     <extensions>
      <gpxtpx:TrackPointExtension>
       <gpxtpx:hr>117</gpxtpx:hr>
      </gpxtpx:TrackPointExtension>
     </extensions>
   </trkpt>
   <trkpt lat="-2.6701880" lon="-42.9821880">
    <ele>43.8</ele>
    <time>2026-06-15T11:39:30Z</time>
     <extensions>
      <gpxtpx:TrackPointExtension>
       <gpxtpx:hr>110</gpxtpx:hr>
      </gpxtpx:TrackPointExtension>
     </extensions>
   </trkpt>
   <trkpt lat="-2.6701610" lon="-42.9822270">
    <ele>43.8</ele>
    <time>2026-06-15T11:39:35Z</time>
     <extensions>
      <gpxtpx:TrackPointExtension>
       <gpxtpx:hr>107</gpxtpx:hr>
      </gpxtpx:TrackPointExtension>
     </extensions>
   </trkpt>
   <trkpt lat="-2.6701410" lon="-42.9822680">
    <ele>43.6</ele>
    <time>2026-06-15T11:39:40Z</time>
     <extensions>
      <gpxtpx:TrackPointExtension>
       <gpxtpx:hr>106</gpxtpx:hr>
      </gpxtpx:TrackPointExtension>
     </extensions>
   </trkpt>
   <trkpt lat="-2.6701230" lon="-42.9823080">
    <ele>43.2</ele>
    <time>2026-06-15T11:39:45Z</time>
     <extensions>
      <gpxtpx:TrackPointExtension>
       <gpxtpx:hr>107</gpxtpx:hr>
      </gpxtpx:TrackPointExtension>
     </extensions>
   </trkpt>
   <trkpt lat="-2.6701060" lon="-42.9823490">
    <ele>43.2</ele>
    <time>2026-06-15T11:39:50Z</time>
     <extensions>
      <gpxtpx:TrackPointExtension>
       <gpxtpx:hr>113</gpxtpx:hr>
      </gpxtpx:TrackPointExtension>
     </extensions>
   </trkpt>
   <trkpt lat="-2.6700860" lon="-42.9823980">
    <ele>43.0</ele>
    <time>2026-06-15T11:39:55Z</time>
     <extensions>
      <gpxtpx:TrackPointExtension>
       <gpxtpx:hr>113</gpxtpx:hr>
      </gpxtpx:TrackPointExtension>
     </extensions>
   </trkpt>
   <trkpt lat="-2.6700700" lon="-42.9824410">
    <ele>43.0</ele>
    <time>2026-06-15T11:40:00Z</time>
     <extensions>
      <gpxtpx:TrackPointExtension>
       <gpxtpx:hr>116</gpxtpx:hr>
      </gpxtpx:TrackPointExtension>
     </extensions>
   </trkpt>
   <trkpt lat="-2.6700490" lon="-42.9824880">
    <ele>42.8</ele>
    <time>2026-06-15T11:40:05Z</time>
     <extensions>
      <gpxtpx:TrackPointExtension>
       <gpxtpx:hr>120</gpxtpx:hr>
      </gpxtpx:TrackPointExtension>
     </extensions>
   </trkpt>
   <trkpt lat="-2.6700310" lon="-42.9825330">
    <ele>42.6</ele>
    <time>2026-06-15T11:40:10Z</time>
     <extensions>
      <gpxtpx:TrackPointExtension>
       <gpxtpx:hr>124</gpxtpx:hr>
      </gpxtpx:TrackPointExtension>
     </extensions>
   </trkpt>
   <trkpt lat="-2.6700090" lon="-42.9825810">
    <ele>42.6</ele>
    <time>2026-06-15T11:40:15Z</time>
     <extensions>
      <gpxtpx:TrackPointExtension>
       <gpxtpx:hr>124</gpxtpx:hr>
      </gpxtpx:TrackPointExtension>
     </extensions>
   </trkpt>
   <trkpt lat="-2.6699910" lon="-42.9826300">
    <ele>42.4</ele>
    <time>2026-06-15T11:40:20Z</time>
     <extensions>
      <gpxtpx:TrackPointExtension>
       <gpxtpx:hr>122</gpxtpx:hr>
      </gpxtpx:TrackPointExtension>
     </extensions>
   </trkpt>
   <trkpt lat="-2.6699810" lon="-42.9826820">
    <ele>42.2</ele>
    <time>2026-06-15T11:40:25Z</time>
     <extensions>
      <gpxtpx:TrackPointExtension>
       <gpxtpx:hr>121</gpxtpx:hr>
      </gpxtpx:TrackPointExtension>
     </extensions>
   </trkpt>
   <trkpt lat="-2.6699680" lon="-42.9827330">
    <ele>42.2</ele>
    <time>2026-06-15T11:40:30Z</time>
     <extensions>
      <gpxtpx:TrackPointExtension>
       <gpxtpx:hr>125</gpxtpx:hr>
      </gpxtpx:TrackPointExtension>
     </extensions>
   </trkpt>
   <trkpt lat="-2.6699560" lon="-42.9827750">
    <ele>42.0</ele>
    <time>2026-06-15T11:40:35Z</time>
     <extensions>
      <gpxtpx:TrackPointExtension>
       <gpxtpx:hr>126</gpxtpx:hr>
      </gpxtpx:TrackPointExtension>
     </extensions>
   </trkpt>
   <trkpt lat="-2.6699500" lon="-42.9828240">
    <ele>41.8</ele>
    <time>2026-06-15T11:40:40Z</time>
     <extensions>
      <gpxtpx:TrackPointExtension>
       <gpxtpx:hr>124</gpxtpx:hr>
      </gpxtpx:TrackPointExtension>
     </extensions>
   </trkpt>
   <trkpt lat="-2.6699460" lon="-42.9828740">
    <ele>41.8</ele>
    <time>2026-06-15T11:40:45Z</time>
     <extensions>
      <gpxtpx:TrackPointExtension>
       <gpxtpx:hr>124</gpxtpx:hr>
      </gpxtpx:TrackPointExtension>
     </extensions>
   </trkpt>
   <trkpt lat="-2.6699380" lon="-42.9829220">
    <ele>41.4</ele>
    <time>2026-06-15T11:40:50Z</time>
     <extensions>
      <gpxtpx:TrackPointExtension>
       <gpxtpx:hr>123</gpxtpx:hr>
      </gpxtpx:TrackPointExtension>
     </extensions>
   </trkpt>
   <trkpt lat="-2.6699390" lon="-42.9829650">
    <ele>40.8</ele>
    <time>2026-06-15T11:40:55Z</time>
     <extensions>
      <gpxtpx:TrackPointExtension>
       <gpxtpx:hr>124</gpxtpx:hr>
      </gpxtpx:TrackPointExtension>
     </extensions>
   </trkpt>
   <trkpt lat="-2.6699370" lon="-42.9830060">
    <ele>40.0</ele>
    <time>2026-06-15T11:41:00Z</time>
     <extensions>
      <gpxtpx:TrackPointExtension>
       <gpxtpx:hr>125</gpxtpx:hr>
      </gpxtpx:TrackPointExtension>
     </extensions>
   </trkpt>
   <trkpt lat="-2.6699310" lon="-42.9830510">
    <ele>39.6</ele>
    <time>2026-06-15T11:41:05Z</time>
     <extensions>
      <gpxtpx:TrackPointExtension>
       <gpxtpx:hr>131</gpxtpx:hr>
      </gpxtpx:TrackPointExtension>
     </extensions>
   </trkpt>
   <trkpt lat="-2.6699240" lon="-42.9830970">
    <ele>39.4</ele>
    <time>2026-06-15T11:41:10Z</time>
     <extensions>
      <gpxtpx:TrackPointExtension>
       <gpxtpx:hr>129</gpxtpx:hr>
      </gpxtpx:TrackPointExtension>
     </extensions>
   </trkpt>
   <trkpt lat="-2.6699130" lon="-42.9831410">
    <ele>39.2</ele>
    <time>2026-06-15T11:41:15Z</time>
     <extensions>
      <gpxtpx:TrackPointExtension>
       <gpxtpx:hr>127</gpxtpx:hr>
      </gpxtpx:TrackPointExtension>
     </extensions>
   </trkpt>
   <trkpt lat="-2.6698950" lon="-42.9831770">
    <ele>39.2</ele>
    <time>2026-06-15T11:41:20Z</time>
     <extensions>
      <gpxtpx:TrackPointExtension>
       <gpxtpx:hr>133</gpxtpx:hr>
      </gpxtpx:TrackPointExtension>
     </extensions>
   </trkpt>
   <trkpt lat="-2.6698800" lon="-42.9832130">
    <ele>39.0</ele>
    <time>2026-06-15T11:41:25Z</time>
     <extensions>
      <gpxtpx:TrackPointExtension>
       <gpxtpx:hr>133</gpxtpx:hr>
      </gpxtpx:TrackPointExtension>
     </extensions>
   </trkpt>
   <trkpt lat="-2.6698730" lon="-42.9832550">
    <ele>39.0</ele>
    <time>2026-06-15T11:41:30Z</time>
     <extensions>
      <gpxtpx:TrackPointExtension>
       <gpxtpx:hr>134</gpxtpx:hr>
      </gpxtpx:TrackPointExtension>
     </extensions>
   </trkpt>
   <trkpt lat="-2.6698800" lon="-42.9833030">
    <ele>39.0</ele>
    <time>2026-06-15T11:41:35Z</time>
     <extensions>
      <gpxtpx:TrackPointExtension>
       <gpxtpx:hr>138</gpxtpx:hr>
      </gpxtpx:TrackPointExtension>
     </extensions>
   </trkpt>
   <trkpt lat="-2.6698930" lon="-42.9833510">
    <ele>39.0</ele>
    <time>2026-06-15T11:41:40Z</time>
     <extensions>
      <gpxtpx:TrackPointExtension>
       <gpxtpx:hr>138</gpxtpx:hr>
      </gpxtpx:TrackPointExtension>
     </extensions>
   </trkpt>
   <trkpt lat="-2.6699090" lon="-42.9833990">
    <ele>39.0</ele>
    <time>2026-06-15T11:41:45Z</time>
     <extensions>
      <gpxtpx:TrackPointExtension>
       <gpxtpx:hr>139</gpxtpx:hr>
      </gpxtpx:TrackPointExtension>
     </extensions>
   </trkpt>
   <trkpt lat="-2.6699250" lon="-42.9834480">
    <ele>39.0</ele>
    <time>2026-06-15T11:41:50Z</time>
     <extensions>
      <gpxtpx:TrackPointExtension>
       <gpxtpx:hr>138</gpxtpx:hr>
      </gpxtpx:TrackPointExtension>
     </extensions>
   </trkpt>
   <trkpt lat="-2.6699290" lon="-42.9834980">
    <ele>39.0</ele>
    <time>2026-06-15T11:41:55Z</time>
     <extensions>
      <gpxtpx:TrackPointExtension>
       <gpxtpx:hr>138</gpxtpx:hr>
      </gpxtpx:TrackPointExtension>
     </extensions>
   </trkpt>
   <trkpt lat="-2.6699230" lon="-42.9835380">
    <ele>38.8</ele>
    <time>2026-06-15T11:42:00Z</time>
     <extensions>
      <gpxtpx:TrackPointExtension>
       <gpxtpx:hr>135</gpxtpx:hr>
      </gpxtpx:TrackPointExtension>
     </extensions>
   </trkpt>
   <trkpt lat="-2.6699090" lon="-42.9835840">
    <ele>38.8</ele>
    <time>2026-06-15T11:42:05Z</time>
     <extensions>
      <gpxtpx:TrackPointExtension>
       <gpxtpx:hr>134</gpxtpx:hr>
      </gpxtpx:TrackPointExtension>
     </extensions>
   </trkpt>
   <trkpt lat="-2.6698970" lon="-42.9836290">
    <ele>38.6</ele>
    <time>2026-06-15T11:42:10Z</time>
     <extensions>
      <gpxtpx:TrackPointExtension>
       <gpxtpx:hr>135</gpxtpx:hr>
      </gpxtpx:TrackPointExtension>
     </extensions>
   </trkpt>
   <trkpt lat="-2.6698800" lon="-42.9836680">
    <ele>38.6</ele>
    <time>2026-06-15T11:42:15Z</time>
     <extensions>
      <gpxtpx:TrackPointExtension>
       <gpxtpx:hr>127</gpxtpx:hr>
      </gpxtpx:TrackPointExtension>
     </extensions>
   </trkpt>
   <trkpt lat="-2.6698640" lon="-42.9836920">
    <ele>38.6</ele>
    <time>2026-06-15T11:42:20Z</time>
     <extensions>
      <gpxtpx:TrackPointExtension>
       <gpxtpx:hr>127</gpxtpx:hr>
      </gpxtpx:TrackPointExtension>
     </extensions>
   </trkpt>
   <trkpt lat="-2.6698450" lon="-42.9837130">
    <ele>38.6</ele>
    <time>2026-06-15T11:42:25Z</time>
     <extensions>
      <gpxtpx:TrackPointExtension>
       <gpxtpx:hr>124</gpxtpx:hr>
      </gpxtpx:TrackPointExtension>
     </extensions>
   </trkpt>
   <trkpt lat="-2.6698180" lon="-42.9837430">
    <ele>38.6</ele>
    <time>2026-06-15T11:42:30Z</time>
     <extensions>
      <gpxtpx:TrackPointExtension>
       <gpxtpx:hr>127</gpxtpx:hr>
      </gpxtpx:TrackPointExtension>
     </extensions>
   </trkpt>
   <trkpt lat="-2.6698110" lon="-42.9837490">
    <ele>38.6</ele>
    <time>2026-06-15T11:42:35Z</time>
     <extensions>
      <gpxtpx:TrackPointExtension>
       <gpxtpx:hr>115</gpxtpx:hr>
      </gpxtpx:TrackPointExtension>
     </extensions>
   </trkpt>
   <trkpt lat="-2.6698120" lon="-42.9837440">
    <ele>38.6</ele>
    <time>2026-06-15T11:42:40Z</time>
     <extensions>
      <gpxtpx:TrackPointExtension>
       <gpxtpx:hr>117</gpxtpx:hr>
      </gpxtpx:TrackPointExtension>
     </extensions>
   </trkpt>
   <trkpt lat="-2.6698050" lon="-42.9837530">
    <ele>38.8</ele>
    <time>2026-06-15T11:42:45Z</time>
     <extensions>
      <gpxtpx:TrackPointExtension>
       <gpxtpx:hr>118</gpxtpx:hr>
      </gpxtpx:TrackPointExtension>
     </extensions>
   </trkpt>
   <trkpt lat="-2.6698040" lon="-42.9837550">
    <ele>38.8</ele>
    <time>2026-06-15T11:42:50Z</time>
     <extensions>
      <gpxtpx:TrackPointExtension>
       <gpxtpx:hr>122</gpxtpx:hr>
      </gpxtpx:TrackPointExtension>
     </extensions>
   </trkpt>
   <trkpt lat="-2.6698050" lon="-42.9837550">
    <ele>39.0</ele>
    <time>2026-06-15T11:42:55Z</time>
     <extensions>
      <gpxtpx:TrackPointExtension>
       <gpxtpx:hr>114</gpxtpx:hr>
      </gpxtpx:TrackPointExtension>
     </extensions>
   </trkpt>
   <trkpt lat="-2.6698120" lon="-42.9837660">
    <ele>39.2</ele>
    <time>2026-06-15T11:43:00Z</time>
     <extensions>
      <gpxtpx:TrackPointExtension>
       <gpxtpx:hr>114</gpxtpx:hr>
      </gpxtpx:TrackPointExtension>
     </extensions>
   </trkpt>
   <trkpt lat="-2.6698170" lon="-42.9837680">
    <ele>39.0</ele>
    <time>2026-06-15T11:43:05Z</time>
     <extensions>
      <gpxtpx:TrackPointExtension>
       <gpxtpx:hr>117</gpxtpx:hr>
      </gpxtpx:TrackPointExtension>
     </extensions>
   </trkpt>
   <trkpt lat="-2.6698120" lon="-42.9837710">
    <ele>38.8</ele>
    <time>2026-06-15T11:43:10Z</time>
     <extensions>
      <gpxtpx:TrackPointExtension>
       <gpxtpx:hr>115</gpxtpx:hr>
      </gpxtpx:TrackPointExtension>
     </extensions>
   </trkpt>
   <trkpt lat="-2.6697840" lon="-42.9837870">
    <ele>38.6</ele>
    <time>2026-06-15T11:43:15Z</time>
     <extensions>
      <gpxtpx:TrackPointExtension>
       <gpxtpx:hr>116</gpxtpx:hr>
      </gpxtpx:TrackPointExtension>
     </extensions>
   </trkpt>
   <trkpt lat="-2.6697600" lon="-42.9838050">
    <ele>38.2</ele>
    <time>2026-06-15T11:43:20Z</time>
     <extensions>
      <gpxtpx:TrackPointExtension>
       <gpxtpx:hr>117</gpxtpx:hr>
      </gpxtpx:TrackPointExtension>
     </extensions>
   </trkpt>
   <trkpt lat="-2.6697410" lon="-42.9838270">
    <ele>38.0</ele>
    <time>2026-06-15T11:43:25Z</time>
     <extensions>
      <gpxtpx:TrackPointExtension>
       <gpxtpx:hr>120</gpxtpx:hr>
      </gpxtpx:TrackPointExtension>
     </extensions>
   </trkpt>
   <trkpt lat="-2.6697250" lon="-42.9838470">
    <ele>37.6</ele>
    <time>2026-06-15T11:43:30Z</time>
     <extensions>
      <gpxtpx:TrackPointExtension>
       <gpxtpx:hr>121</gpxtpx:hr>
      </gpxtpx:TrackPointExtension>
     </extensions>
   </trkpt>
   <trkpt lat="-2.6697100" lon="-42.9838660">
    <ele>37.2</ele>
    <time>2026-06-15T11:43:35Z</time>
     <extensions>
      <gpxtpx:TrackPointExtension>
       <gpxtpx:hr>120</gpxtpx:hr>
      </gpxtpx:TrackPointExtension>
     </extensions>
   </trkpt>
   <trkpt lat="-2.6696930" lon="-42.9838900">
    <ele>36.6</ele>
    <time>2026-06-15T11:43:40Z</time>
     <extensions>
      <gpxtpx:TrackPointExtension>
       <gpxtpx:hr>123</gpxtpx:hr>
      </gpxtpx:TrackPointExtension>
     </extensions>
   </trkpt>
   <trkpt lat="-2.6696760" lon="-42.9839140">
    <ele>36.0</ele>
    <time>2026-06-15T11:43:45Z</time>
     <extensions>
      <gpxtpx:TrackPointExtension>
       <gpxtpx:hr>127</gpxtpx:hr>
      </gpxtpx:TrackPointExtension>
     </extensions>
   </trkpt>
   <trkpt lat="-2.6696560" lon="-42.9839360">
    <ele>35.2</ele>
    <time>2026-06-15T11:43:50Z</time>
     <extensions>
      <gpxtpx:TrackPointExtension>
       <gpxtpx:hr>125</gpxtpx:hr>
      </gpxtpx:TrackPointExtension>
     </extensions>
   </trkpt>
   <trkpt lat="-2.6696420" lon="-42.9839580">
    <ele>34.6</ele>
    <time>2026-06-15T11:43:55Z</time>
     <extensions>
      <gpxtpx:TrackPointExtension>
       <gpxtpx:hr>124</gpxtpx:hr>
      </gpxtpx:TrackPointExtension>
     </extensions>
   </trkpt>
   <trkpt lat="-2.6696290" lon="-42.9839820">
    <ele>34.0</ele>
    <time>2026-06-15T11:44:00Z</time>
     <extensions>
      <gpxtpx:TrackPointExtension>
       <gpxtpx:hr>127</gpxtpx:hr>
      </gpxtpx:TrackPointExtension>
     </extensions>
   </trkpt>
   <trkpt lat="-2.6696200" lon="-42.9840010">
    <ele>33.6</ele>
    <time>2026-06-15T11:44:05Z</time>
     <extensions>
      <gpxtpx:TrackPointExtension>
       <gpxtpx:hr>126</gpxtpx:hr>
      </gpxtpx:TrackPointExtension>
     </extensions>
   </trkpt>
   <trkpt lat="-2.6696160" lon="-42.9840130">
    <ele>33.4</ele>
    <time>2026-06-15T11:44:10Z</time>
     <extensions>
      <gpxtpx:TrackPointExtension>
       <gpxtpx:hr>127</gpxtpx:hr>
      </gpxtpx:TrackPointExtension>
     </extensions>
   </trkpt>
   <trkpt lat="-2.6696000" lon="-42.9840320">
    <ele>33.2</ele>
    <time>2026-06-15T11:44:15Z</time>
     <extensions>
      <gpxtpx:TrackPointExtension>
       <gpxtpx:hr>130</gpxtpx:hr>
      </gpxtpx:TrackPointExtension>
     </extensions>
   </trkpt>
   <trkpt lat="-2.6695850" lon="-42.9840560">
    <ele>32.6</ele>
    <time>2026-06-15T11:44:20Z</time>
     <extensions>
      <gpxtpx:TrackPointExtension>
       <gpxtpx:hr>129</gpxtpx:hr>
      </gpxtpx:TrackPointExtension>
     </extensions>
   </trkpt>
   <trkpt lat="-2.6695730" lon="-42.9840770">
    <ele>32.0</ele>
    <time>2026-06-15T11:44:25Z</time>
     <extensions>
      <gpxtpx:TrackPointExtension>
       <gpxtpx:hr>126</gpxtpx:hr>
      </gpxtpx:TrackPointExtension>
     </extensions>
   </trkpt>
   <trkpt lat="-2.6695490" lon="-42.9840960">
    <ele>32.6</ele>
    <time>2026-06-15T11:44:30Z</time>
     <extensions>
      <gpxtpx:TrackPointExtension>
       <gpxtpx:hr>130</gpxtpx:hr>
      </gpxtpx:TrackPointExtension>
     </extensions>
   </trkpt>
   <trkpt lat="-2.6695280" lon="-42.9841130">
    <ele>33.6</ele>
    <time>2026-06-15T11:44:35Z</time>
     <extensions>
      <gpxtpx:TrackPointExtension>
       <gpxtpx:hr>127</gpxtpx:hr>
      </gpxtpx:TrackPointExtension>
     </extensions>
   </trkpt>
   <trkpt lat="-2.6695180" lon="-42.9841210">
    <ele>34.8</ele>
    <time>2026-06-15T11:44:40Z</time>
     <extensions>
      <gpxtpx:TrackPointExtension>
       <gpxtpx:hr>126</gpxtpx:hr>
      </gpxtpx:TrackPointExtension>
     </extensions>
   </trkpt>
   <trkpt lat="-2.6695050" lon="-42.9841240">
    <ele>34.6</ele>
    <time>2026-06-15T11:44:45Z</time>
     <extensions>
      <gpxtpx:TrackPointExtension>
       <gpxtpx:hr>130</gpxtpx:hr>
      </gpxtpx:TrackPointExtension>
     </extensions>
   </trkpt>
   <trkpt lat="-2.6695070" lon="-42.9841210">
    <ele>34.2</ele>
    <time>2026-06-15T11:44:50Z</time>
     <extensions>
      <gpxtpx:TrackPointExtension>
       <gpxtpx:hr>128</gpxtpx:hr>
      </gpxtpx:TrackPointExtension>
     </extensions>
   </trkpt>
   <trkpt lat="-2.6695130" lon="-42.9841040">
    <ele>34.2</ele>
    <time>2026-06-15T11:45:09Z</time>
     <extensions>
      <gpxtpx:TrackPointExtension>
       <gpxtpx:hr>128</gpxtpx:hr>
      </gpxtpx:TrackPointExtension>
     </extensions>
   </trkpt>
   <trkpt lat="-2.6695130" lon="-42.9841050">
    <ele>33.0</ele>
    <time>2026-06-15T11:45:14Z</time>
     <extensions>
      <gpxtpx:TrackPointExtension>
       <gpxtpx:hr>127</gpxtpx:hr>
      </gpxtpx:TrackPointExtension>
     </extensions>
   </trkpt>
   <trkpt lat="-2.6694420" lon="-42.9840900">
    <ele>39.8</ele>
    <time>2026-06-15T11:48:02Z</time>
     <extensions>
      <gpxtpx:TrackPointExtension>
       <gpxtpx:hr>121</gpxtpx:hr>
      </gpxtpx:TrackPointExtension>
     </extensions>
   </trkpt>
   <trkpt lat="-2.6694180" lon="-42.9840910">
    <ele>38.0</ele>
    <time>2026-06-15T11:48:07Z</time>
     <extensions>
      <gpxtpx:TrackPointExtension>
       <gpxtpx:hr>149</gpxtpx:hr>
      </gpxtpx:TrackPointExtension>
     </extensions>
   </trkpt>
   <trkpt lat="-2.6693600" lon="-42.9840960">
    <ele>37.2</ele>
    <time>2026-06-15T11:48:12Z</time>
     <extensions>
      <gpxtpx:TrackPointExtension>
       <gpxtpx:hr>151</gpxtpx:hr>
      </gpxtpx:TrackPointExtension>
     </extensions>
   </trkpt>
   <trkpt lat="-2.6693000" lon="-42.9840960">
    <ele>37.0</ele>
    <time>2026-06-15T11:48:17Z</time>
     <extensions>
      <gpxtpx:TrackPointExtension>
       <gpxtpx:hr>142</gpxtpx:hr>
      </gpxtpx:TrackPointExtension>
     </extensions>
   </trkpt>
   <trkpt lat="-2.6692420" lon="-42.9840990">
    <ele>37.0</ele>
    <time>2026-06-15T11:48:22Z</time>
     <extensions>
      <gpxtpx:TrackPointExtension>
       <gpxtpx:hr>142</gpxtpx:hr>
      </gpxtpx:TrackPointExtension>
     </extensions>
   </trkpt>
   <trkpt lat="-2.6691910" lon="-42.9841100">
    <ele>37.2</ele>
    <time>2026-06-15T11:48:27Z</time>
     <extensions>
      <gpxtpx:TrackPointExtension>
       <gpxtpx:hr>138</gpxtpx:hr>
      </gpxtpx:TrackPointExtension>
     </extensions>
   </trkpt>
   <trkpt lat="-2.6691400" lon="-42.9841220">
    <ele>38.2</ele>
    <time>2026-06-15T11:48:32Z</time>
     <extensions>
      <gpxtpx:TrackPointExtension>
       <gpxtpx:hr>138</gpxtpx:hr>
      </gpxtpx:TrackPointExtension>
     </extensions>
   </trkpt>
   <trkpt lat="-2.6691030" lon="-42.9841510">
    <ele>39.2</ele>
    <time>2026-06-15T11:48:37Z</time>
     <extensions>
      <gpxtpx:TrackPointExtension>
       <gpxtpx:hr>140</gpxtpx:hr>
      </gpxtpx:TrackPointExtension>
     </extensions>
   </trkpt>
   <trkpt lat="-2.6690600" lon="-42.9841760">
    <ele>40.0</ele>
    <time>2026-06-15T11:48:42Z</time>
     <extensions>
      <gpxtpx:TrackPointExtension>
       <gpxtpx:hr>139</gpxtpx:hr>
      </gpxtpx:TrackPointExtension>
     </extensions>
   </trkpt>
   <trkpt lat="-2.6690150" lon="-42.9841990">
    <ele>40.6</ele>
    <time>2026-06-15T11:48:47Z</time>
     <extensions>
      <gpxtpx:TrackPointExtension>
       <gpxtpx:hr>139</gpxtpx:hr>
      </gpxtpx:TrackPointExtension>
     </extensions>
   </trkpt>
   <trkpt lat="-2.6689770" lon="-42.9842200">
    <ele>40.8</ele>
    <time>2026-06-15T11:48:52Z</time>
     <extensions>
      <gpxtpx:TrackPointExtension>
       <gpxtpx:hr>134</gpxtpx:hr>
      </gpxtpx:TrackPointExtension>
     </extensions>
   </trkpt>
   <trkpt lat="-2.6689380" lon="-42.9842530">
    <ele>41.0</ele>
    <time>2026-06-15T11:48:57Z</time>
     <extensions>
      <gpxtpx:TrackPointExtension>
       <gpxtpx:hr>131</gpxtpx:hr>
      </gpxtpx:TrackPointExtension>
     </extensions>
   </trkpt>
   <trkpt lat="-2.6689040" lon="-42.9842860">
    <ele>41.0</ele>
    <time>2026-06-15T11:49:02Z</time>
     <extensions>
      <gpxtpx:TrackPointExtension>
       <gpxtpx:hr>131</gpxtpx:hr>
      </gpxtpx:TrackPointExtension>
     </extensions>
   </trkpt>
   <trkpt lat="-2.6688730" lon="-42.9843080">
    <ele>41.0</ele>
    <time>2026-06-15T11:49:07Z</time>
     <extensions>
      <gpxtpx:TrackPointExtension>
       <gpxtpx:hr>130</gpxtpx:hr>
      </gpxtpx:TrackPointExtension>
     </extensions>
   </trkpt>
   <trkpt lat="-2.6688400" lon="-42.9843470">
    <ele>41.0</ele>
    <time>2026-06-15T11:49:12Z</time>
     <extensions>
      <gpxtpx:TrackPointExtension>
       <gpxtpx:hr>133</gpxtpx:hr>
      </gpxtpx:TrackPointExtension>
     </extensions>
   </trkpt>
   <trkpt lat="-2.6688090" lon="-42.9843900">
    <ele>41.0</ele>
    <time>2026-06-15T11:49:17Z</time>
     <extensions>
      <gpxtpx:TrackPointExtension>
       <gpxtpx:hr>129</gpxtpx:hr>
      </gpxtpx:TrackPointExtension>
     </extensions>
   </trkpt>
   <trkpt lat="-2.6687830" lon="-42.9844330">
    <ele>41.0</ele>
    <time>2026-06-15T11:49:22Z</time>
     <extensions>
      <gpxtpx:TrackPointExtension>
       <gpxtpx:hr>131</gpxtpx:hr>
      </gpxtpx:TrackPointExtension>
     </extensions>
   </trkpt>
   <trkpt lat="-2.6687610" lon="-42.9844810">
    <ele>41.0</ele>
    <time>2026-06-15T11:49:27Z</time>
     <extensions>
      <gpxtpx:TrackPointExtension>
       <gpxtpx:hr>131</gpxtpx:hr>
      </gpxtpx:TrackPointExtension>
     </extensions>
   </trkpt>
   <trkpt lat="-2.6687300" lon="-42.9845290">
    <ele>41.0</ele>
    <time>2026-06-15T11:49:32Z</time>
     <extensions>
      <gpxtpx:TrackPointExtension>
       <gpxtpx:hr>131</gpxtpx:hr>
      </gpxtpx:TrackPointExtension>
     </extensions>
   </trkpt>
   <trkpt lat="-2.6687070" lon="-42.9845780">
    <ele>41.2</ele>
    <time>2026-06-15T11:49:37Z</time>
     <extensions>
      <gpxtpx:TrackPointExtension>
       <gpxtpx:hr>131</gpxtpx:hr>
      </gpxtpx:TrackPointExtension>
     </extensions>
   </trkpt>
   <trkpt lat="-2.6686770" lon="-42.9846190">
    <ele>41.2</ele>
    <time>2026-06-15T11:49:42Z</time>
     <extensions>
      <gpxtpx:TrackPointExtension>
       <gpxtpx:hr>123</gpxtpx:hr>
      </gpxtpx:TrackPointExtension>
     </extensions>
   </trkpt>
   <trkpt lat="-2.6686530" lon="-42.9846580">
    <ele>41.2</ele>
    <time>2026-06-15T11:49:47Z</time>
     <extensions>
      <gpxtpx:TrackPointExtension>
       <gpxtpx:hr>123</gpxtpx:hr>
      </gpxtpx:TrackPointExtension>
     </extensions>
   </trkpt>
   <trkpt lat="-2.6686400" lon="-42.9847020">
    <ele>41.2</ele>
    <time>2026-06-15T11:49:52Z</time>
     <extensions>
      <gpxtpx:TrackPointExtension>
       <gpxtpx:hr>125</gpxtpx:hr>
      </gpxtpx:TrackPointExtension>
     </extensions>
   </trkpt>
   <trkpt lat="-2.6686170" lon="-42.9847450">
    <ele>41.2</ele>
    <time>2026-06-15T11:49:57Z</time>
     <extensions>
      <gpxtpx:TrackPointExtension>
       <gpxtpx:hr>125</gpxtpx:hr>
      </gpxtpx:TrackPointExtension>
     </extensions>
   </trkpt>
   <trkpt lat="-2.6685950" lon="-42.9847870">
    <ele>41.6</ele>
    <time>2026-06-15T11:50:02Z</time>
     <extensions>
      <gpxtpx:TrackPointExtension>
       <gpxtpx:hr>127</gpxtpx:hr>
      </gpxtpx:TrackPointExtension>
     </extensions>
   </trkpt>
   <trkpt lat="-2.6685870" lon="-42.9848270">
    <ele>42.2</ele>
    <time>2026-06-15T11:50:07Z</time>
     <extensions>
      <gpxtpx:TrackPointExtension>
       <gpxtpx:hr>127</gpxtpx:hr>
      </gpxtpx:TrackPointExtension>
     </extensions>
   </trkpt>
   <trkpt lat="-2.6685780" lon="-42.9848560">
    <ele>42.8</ele>
    <time>2026-06-15T11:50:12Z</time>
     <extensions>
      <gpxtpx:TrackPointExtension>
       <gpxtpx:hr>135</gpxtpx:hr>
      </gpxtpx:TrackPointExtension>
     </extensions>
   </trkpt>
   <trkpt lat="-2.6685690" lon="-42.9849060">
    <ele>43.6</ele>
    <time>2026-06-15T11:50:17Z</time>
     <extensions>
      <gpxtpx:TrackPointExtension>
       <gpxtpx:hr>141</gpxtpx:hr>
      </gpxtpx:TrackPointExtension>
     </extensions>
   </trkpt>
   <trkpt lat="-2.6685510" lon="-42.9849380">
    <ele>44.2</ele>
    <time>2026-06-15T11:50:22Z</time>
     <extensions>
      <gpxtpx:TrackPointExtension>
       <gpxtpx:hr>142</gpxtpx:hr>
      </gpxtpx:TrackPointExtension>
     </extensions>
   </trkpt>
   <trkpt lat="-2.6685330" lon="-42.9849770">
    <ele>45.0</ele>
    <time>2026-06-15T11:50:27Z</time>
     <extensions>
      <gpxtpx:TrackPointExtension>
       <gpxtpx:hr>147</gpxtpx:hr>
      </gpxtpx:TrackPointExtension>
     </extensions>
   </trkpt>
   <trkpt lat="-2.6685140" lon="-42.9850150">
    <ele>45.8</ele>
    <time>2026-06-15T11:50:32Z</time>
     <extensions>
      <gpxtpx:TrackPointExtension>
       <gpxtpx:hr>147</gpxtpx:hr>
      </gpxtpx:TrackPointExtension>
     </extensions>
   </trkpt>
   <trkpt lat="-2.6684830" lon="-42.9850520">
    <ele>46.6</ele>
    <time>2026-06-15T11:50:37Z</time>
     <extensions>
      <gpxtpx:TrackPointExtension>
       <gpxtpx:hr>152</gpxtpx:hr>
      </gpxtpx:TrackPointExtension>
     </extensions>
   </trkpt>
   <trkpt lat="-2.6684470" lon="-42.9850820">
    <ele>47.6</ele>
    <time>2026-06-15T11:50:42Z</time>
     <extensions>
      <gpxtpx:TrackPointExtension>
       <gpxtpx:hr>155</gpxtpx:hr>
      </gpxtpx:TrackPointExtension>
     </extensions>
   </trkpt>
   <trkpt lat="-2.6684050" lon="-42.9851080">
    <ele>48.2</ele>
    <time>2026-06-15T11:50:47Z</time>
     <extensions>
      <gpxtpx:TrackPointExtension>
       <gpxtpx:hr>155</gpxtpx:hr>
      </gpxtpx:TrackPointExtension>
     </extensions>
   </trkpt>
   <trkpt lat="-2.6683600" lon="-42.9851230">
    <ele>48.6</ele>
    <time>2026-06-15T11:50:52Z</time>
     <extensions>
      <gpxtpx:TrackPointExtension>
       <gpxtpx:hr>155</gpxtpx:hr>
      </gpxtpx:TrackPointExtension>
     </extensions>
   </trkpt>
   <trkpt lat="-2.6683150" lon="-42.9851410">
    <ele>49.4</ele>
    <time>2026-06-15T11:50:57Z</time>
     <extensions>
      <gpxtpx:TrackPointExtension>
       <gpxtpx:hr>155</gpxtpx:hr>
      </gpxtpx:TrackPointExtension>
     </extensions>
   </trkpt>
   <trkpt lat="-2.6683110" lon="-42.9851420">
    <ele>49.8</ele>
    <time>2026-06-15T11:51:02Z</time>
     <extensions>
      <gpxtpx:TrackPointExtension>
       <gpxtpx:hr>152</gpxtpx:hr>
      </gpxtpx:TrackPointExtension>
     </extensions>
   </trkpt>
   <trkpt lat="-2.6683110" lon="-42.9851440">
    <ele>50.4</ele>
    <time>2026-06-15T11:51:07Z</time>
     <extensions>
      <gpxtpx:TrackPointExtension>
       <gpxtpx:hr>152</gpxtpx:hr>
      </gpxtpx:TrackPointExtension>
     </extensions>
   </trkpt>
   <trkpt lat="-2.6683110" lon="-42.9851440">
    <ele>50.8</ele>
    <time>2026-06-15T11:51:12Z</time>
     <extensions>
      <gpxtpx:TrackPointExtension>
       <gpxtpx:hr>153</gpxtpx:hr>
      </gpxtpx:TrackPointExtension>
     </extensions>
   </trkpt>
   <trkpt lat="-2.6683040" lon="-42.9851430">
    <ele>51.0</ele>
    <time>2026-06-15T11:51:17Z</time>
     <extensions>
      <gpxtpx:TrackPointExtension>
       <gpxtpx:hr>148</gpxtpx:hr>
      </gpxtpx:TrackPointExtension>
     </extensions>
   </trkpt>
   <trkpt lat="-2.6682690" lon="-42.9851350">
    <ele>51.2</ele>
    <time>2026-06-15T11:51:22Z</time>
     <extensions>
      <gpxtpx:TrackPointExtension>
       <gpxtpx:hr>140</gpxtpx:hr>
      </gpxtpx:TrackPointExtension>
     </extensions>
   </trkpt>
   <trkpt lat="-2.6682670" lon="-42.9851290">
    <ele>51.2</ele>
    <time>2026-06-15T11:51:27Z</time>
     <extensions>
      <gpxtpx:TrackPointExtension>
       <gpxtpx:hr>140</gpxtpx:hr>
      </gpxtpx:TrackPointExtension>
     </extensions>
   </trkpt>
   <trkpt lat="-2.6682670" lon="-42.9851230">
    <ele>50.8</ele>
    <time>2026-06-15T11:51:32Z</time>
     <extensions>
      <gpxtpx:TrackPointExtension>
       <gpxtpx:hr>135</gpxtpx:hr>
      </gpxtpx:TrackPointExtension>
     </extensions>
   </trkpt>
   <trkpt lat="-2.6682340" lon="-42.9851110">
    <ele>50.2</ele>
    <time>2026-06-15T11:51:37Z</time>
     <extensions>
      <gpxtpx:TrackPointExtension>
       <gpxtpx:hr>142</gpxtpx:hr>
      </gpxtpx:TrackPointExtension>
     </extensions>
   </trkpt>
   <trkpt lat="-2.6681960" lon="-42.9850890">
    <ele>49.2</ele>
    <time>2026-06-15T11:51:42Z</time>
     <extensions>
      <gpxtpx:TrackPointExtension>
       <gpxtpx:hr>135</gpxtpx:hr>
      </gpxtpx:TrackPointExtension>
     </extensions>
   </trkpt>
   <trkpt lat="-2.6681490" lon="-42.9850830">
    <ele>48.2</ele>
    <time>2026-06-15T11:51:47Z</time>
     <extensions>
      <gpxtpx:TrackPointExtension>
       <gpxtpx:hr>135</gpxtpx:hr>
      </gpxtpx:TrackPointExtension>
     </extensions>
   </trkpt>
   <trkpt lat="-2.6681090" lon="-42.9850800">
    <ele>47.0</ele>
    <time>2026-06-15T11:51:52Z</time>
     <extensions>
      <gpxtpx:TrackPointExtension>
       <gpxtpx:hr>123</gpxtpx:hr>
      </gpxtpx:TrackPointExtension>
     </extensions>
   </trkpt>
   <trkpt lat="-2.6680550" lon="-42.9850830">
    <ele>45.8</ele>
    <time>2026-06-15T11:51:57Z</time>
     <extensions>
      <gpxtpx:TrackPointExtension>
       <gpxtpx:hr>114</gpxtpx:hr>
      </gpxtpx:TrackPointExtension>
     </extensions>
   </trkpt>
   <trkpt lat="-2.6680070" lon="-42.9850920">
    <ele>44.8</ele>
    <time>2026-06-15T11:52:02Z</time>
     <extensions>
      <gpxtpx:TrackPointExtension>
       <gpxtpx:hr>111</gpxtpx:hr>
      </gpxtpx:TrackPointExtension>
     </extensions>
   </trkpt>
   <trkpt lat="-2.6679560" lon="-42.9851070">
    <ele>44.0</ele>
    <time>2026-06-15T11:52:07Z</time>
     <extensions>
      <gpxtpx:TrackPointExtension>
       <gpxtpx:hr>111</gpxtpx:hr>
      </gpxtpx:TrackPointExtension>
     </extensions>
   </trkpt>
   <trkpt lat="-2.6679070" lon="-42.9851200">
    <ele>43.6</ele>
    <time>2026-06-15T11:52:12Z</time>
     <extensions>
      <gpxtpx:TrackPointExtension>
       <gpxtpx:hr>109</gpxtpx:hr>
      </gpxtpx:TrackPointExtension>
     </extensions>
   </trkpt>
   <trkpt lat="-2.6678750" lon="-42.9851250">
    <ele>43.4</ele>
    <time>2026-06-15T11:52:17Z</time>
     <extensions>
      <gpxtpx:TrackPointExtension>
       <gpxtpx:hr>109</gpxtpx:hr>
      </gpxtpx:TrackPointExtension>
     </extensions>
   </trkpt>
   <trkpt lat="-2.6678440" lon="-42.9851410">
    <ele>43.4</ele>
    <time>2026-06-15T11:52:22Z</time>
     <extensions>
      <gpxtpx:TrackPointExtension>
       <gpxtpx:hr>108</gpxtpx:hr>
      </gpxtpx:TrackPointExtension>
     </extensions>
   </trkpt>
   <trkpt lat="-2.6678100" lon="-42.9851570">
    <ele>43.4</ele>
    <time>2026-06-15T11:52:27Z</time>
     <extensions>
      <gpxtpx:TrackPointExtension>
       <gpxtpx:hr>114</gpxtpx:hr>
      </gpxtpx:TrackPointExtension>
     </extensions>
   </trkpt>
   <trkpt lat="-2.6677730" lon="-42.9851680">
    <ele>43.4</ele>
    <time>2026-06-15T11:52:32Z</time>
     <extensions>
      <gpxtpx:TrackPointExtension>
       <gpxtpx:hr>113</gpxtpx:hr>
      </gpxtpx:TrackPointExtension>
     </extensions>
   </trkpt>
   <trkpt lat="-2.6677530" lon="-42.9851730">
    <ele>43.4</ele>
    <time>2026-06-15T11:52:37Z</time>
     <extensions>
      <gpxtpx:TrackPointExtension>
       <gpxtpx:hr>113</gpxtpx:hr>
      </gpxtpx:TrackPointExtension>
     </extensions>
   </trkpt>
   <trkpt lat="-2.6677480" lon="-42.9851730">
    <ele>43.4</ele>
    <time>2026-06-15T11:52:42Z</time>
     <extensions>
      <gpxtpx:TrackPointExtension>
       <gpxtpx:hr>110</gpxtpx:hr>
      </gpxtpx:TrackPointExtension>
     </extensions>
   </trkpt>
   <trkpt lat="-2.6677070" lon="-42.9851870">
    <ele>43.4</ele>
    <time>2026-06-15T11:52:47Z</time>
     <extensions>
      <gpxtpx:TrackPointExtension>
       <gpxtpx:hr>118</gpxtpx:hr>
      </gpxtpx:TrackPointExtension>
     </extensions>
   </trkpt>
   <trkpt lat="-2.6676740" lon="-42.9852070">
    <ele>43.4</ele>
    <time>2026-06-15T11:52:52Z</time>
     <extensions>
      <gpxtpx:TrackPointExtension>
       <gpxtpx:hr>121</gpxtpx:hr>
      </gpxtpx:TrackPointExtension>
     </extensions>
   </trkpt>
   <trkpt lat="-2.6676430" lon="-42.9852460">
    <ele>43.6</ele>
    <time>2026-06-15T11:52:57Z</time>
     <extensions>
      <gpxtpx:TrackPointExtension>
       <gpxtpx:hr>115</gpxtpx:hr>
      </gpxtpx:TrackPointExtension>
     </extensions>
   </trkpt>
   <trkpt lat="-2.6676240" lon="-42.9852860">
    <ele>43.8</ele>
    <time>2026-06-15T11:53:02Z</time>
     <extensions>
      <gpxtpx:TrackPointExtension>
       <gpxtpx:hr>115</gpxtpx:hr>
      </gpxtpx:TrackPointExtension>
     </extensions>
   </trkpt>
   <trkpt lat="-2.6676060" lon="-42.9853330">
    <ele>44.0</ele>
    <time>2026-06-15T11:53:07Z</time>
     <extensions>
      <gpxtpx:TrackPointExtension>
       <gpxtpx:hr>113</gpxtpx:hr>
      </gpxtpx:TrackPointExtension>
     </extensions>
   </trkpt>
   <trkpt lat="-2.6675920" lon="-42.9853820">
    <ele>43.8</ele>
    <time>2026-06-15T11:53:12Z</time>
     <extensions>
      <gpxtpx:TrackPointExtension>
       <gpxtpx:hr>114</gpxtpx:hr>
      </gpxtpx:TrackPointExtension>
     </extensions>
   </trkpt>
   <trkpt lat="-2.6675720" lon="-42.9854280">
    <ele>43.6</ele>
    <time>2026-06-15T11:53:17Z</time>
     <extensions>
      <gpxtpx:TrackPointExtension>
       <gpxtpx:hr>115</gpxtpx:hr>
      </gpxtpx:TrackPointExtension>
     </extensions>
   </trkpt>
   <trkpt lat="-2.6675550" lon="-42.9854780">
    <ele>43.0</ele>
    <time>2026-06-15T11:53:22Z</time>
     <extensions>
      <gpxtpx:TrackPointExtension>
       <gpxtpx:hr>117</gpxtpx:hr>
      </gpxtpx:TrackPointExtension>
     </extensions>
   </trkpt>
   <trkpt lat="-2.6675440" lon="-42.9855270">
    <ele>42.6</ele>
    <time>2026-06-15T11:53:27Z</time>
     <extensions>
      <gpxtpx:TrackPointExtension>
       <gpxtpx:hr>121</gpxtpx:hr>
      </gpxtpx:TrackPointExtension>
     </extensions>
   </trkpt>
   <trkpt lat="-2.6675260" lon="-42.9855830">
    <ele>42.2</ele>
    <time>2026-06-15T11:53:32Z</time>
     <extensions>
      <gpxtpx:TrackPointExtension>
       <gpxtpx:hr>123</gpxtpx:hr>
      </gpxtpx:TrackPointExtension>
     </extensions>
   </trkpt>
   <trkpt lat="-2.6674940" lon="-42.9856310">
    <ele>42.0</ele>
    <time>2026-06-15T11:53:37Z</time>
     <extensions>
      <gpxtpx:TrackPointExtension>
       <gpxtpx:hr>120</gpxtpx:hr>
      </gpxtpx:TrackPointExtension>
     </extensions>
   </trkpt>
   <trkpt lat="-2.6674530" lon="-42.9856600">
    <ele>42.2</ele>
    <time>2026-06-15T11:53:42Z</time>
     <extensions>
      <gpxtpx:TrackPointExtension>
       <gpxtpx:hr>120</gpxtpx:hr>
      </gpxtpx:TrackPointExtension>
     </extensions>
   </trkpt>
   <trkpt lat="-2.6674060" lon="-42.9856710">
    <ele>42.4</ele>
    <time>2026-06-15T11:53:47Z</time>
     <extensions>
      <gpxtpx:TrackPointExtension>
       <gpxtpx:hr>116</gpxtpx:hr>
      </gpxtpx:TrackPointExtension>
     </extensions>
   </trkpt>
   <trkpt lat="-2.6673540" lon="-42.9856800">
    <ele>42.6</ele>
    <time>2026-06-15T11:53:52Z</time>
     <extensions>
      <gpxtpx:TrackPointExtension>
       <gpxtpx:hr>125</gpxtpx:hr>
      </gpxtpx:TrackPointExtension>
     </extensions>
   </trkpt>
   <trkpt lat="-2.6673110" lon="-42.9856900">
    <ele>42.8</ele>
    <time>2026-06-15T11:53:57Z</time>
     <extensions>
      <gpxtpx:TrackPointExtension>
       <gpxtpx:hr>125</gpxtpx:hr>
      </gpxtpx:TrackPointExtension>
     </extensions>
   </trkpt>
   <trkpt lat="-2.6672600" lon="-42.9857040">
    <ele>42.8</ele>
    <time>2026-06-15T11:54:02Z</time>
     <extensions>
      <gpxtpx:TrackPointExtension>
       <gpxtpx:hr>125</gpxtpx:hr>
      </gpxtpx:TrackPointExtension>
     </extensions>
   </trkpt>
   <trkpt lat="-2.6672150" lon="-42.9857170">
    <ele>42.8</ele>
    <time>2026-06-15T11:54:07Z</time>
     <extensions>
      <gpxtpx:TrackPointExtension>
       <gpxtpx:hr>123</gpxtpx:hr>
      </gpxtpx:TrackPointExtension>
     </extensions>
   </trkpt>
   <trkpt lat="-2.6671680" lon="-42.9857270">
    <ele>42.6</ele>
    <time>2026-06-15T11:54:12Z</time>
     <extensions>
      <gpxtpx:TrackPointExtension>
       <gpxtpx:hr>123</gpxtpx:hr>
      </gpxtpx:TrackPointExtension>
     </extensions>
   </trkpt>
   <trkpt lat="-2.6671150" lon="-42.9857410">
    <ele>42.6</ele>
    <time>2026-06-15T11:54:17Z</time>
     <extensions>
      <gpxtpx:TrackPointExtension>
       <gpxtpx:hr>123</gpxtpx:hr>
      </gpxtpx:TrackPointExtension>
     </extensions>
   </trkpt>
   <trkpt lat="-2.6670660" lon="-42.9857520">
    <ele>42.4</ele>
    <time>2026-06-15T11:54:22Z</time>
     <extensions>
      <gpxtpx:TrackPointExtension>
       <gpxtpx:hr>124</gpxtpx:hr>
      </gpxtpx:TrackPointExtension>
     </extensions>
   </trkpt>
   <trkpt lat="-2.6670200" lon="-42.9857650">
    <ele>42.2</ele>
    <time>2026-06-15T11:54:27Z</time>
     <extensions>
      <gpxtpx:TrackPointExtension>
       <gpxtpx:hr>123</gpxtpx:hr>
      </gpxtpx:TrackPointExtension>
     </extensions>
   </trkpt>
   <trkpt lat="-2.6669820" lon="-42.9857860">
    <ele>42.0</ele>
    <time>2026-06-15T11:54:32Z</time>
     <extensions>
      <gpxtpx:TrackPointExtension>
       <gpxtpx:hr>125</gpxtpx:hr>
      </gpxtpx:TrackPointExtension>
     </extensions>
   </trkpt>
   <trkpt lat="-2.6669410" lon="-42.9858050">
    <ele>41.4</ele>
    <time>2026-06-15T11:54:37Z</time>
     <extensions>
      <gpxtpx:TrackPointExtension>
       <gpxtpx:hr>125</gpxtpx:hr>
      </gpxtpx:TrackPointExtension>
     </extensions>
   </trkpt>
   <trkpt lat="-2.6669040" lon="-42.9858300">
    <ele>41.0</ele>
    <time>2026-06-15T11:54:42Z</time>
     <extensions>
      <gpxtpx:TrackPointExtension>
       <gpxtpx:hr>126</gpxtpx:hr>
      </gpxtpx:TrackPointExtension>
     </extensions>
   </trkpt>
   <trkpt lat="-2.6668730" lon="-42.9858660">
    <ele>40.6</ele>
    <time>2026-06-15T11:54:47Z</time>
     <extensions>
      <gpxtpx:TrackPointExtension>
       <gpxtpx:hr>126</gpxtpx:hr>
      </gpxtpx:TrackPointExtension>
     </extensions>
   </trkpt>
   <trkpt lat="-2.6668470" lon="-42.9859010">
    <ele>40.2</ele>
    <time>2026-06-15T11:54:52Z</time>
     <extensions>
      <gpxtpx:TrackPointExtension>
       <gpxtpx:hr>125</gpxtpx:hr>
      </gpxtpx:TrackPointExtension>
     </extensions>
   </trkpt>
   <trkpt lat="-2.6668280" lon="-42.9859390">
    <ele>39.8</ele>
    <time>2026-06-15T11:54:57Z</time>
     <extensions>
      <gpxtpx:TrackPointExtension>
       <gpxtpx:hr>125</gpxtpx:hr>
      </gpxtpx:TrackPointExtension>
     </extensions>
   </trkpt>
   <trkpt lat="-2.6668040" lon="-42.9859820">
    <ele>39.6</ele>
    <time>2026-06-15T11:55:02Z</time>
     <extensions>
      <gpxtpx:TrackPointExtension>
       <gpxtpx:hr>122</gpxtpx:hr>
      </gpxtpx:TrackPointExtension>
     </extensions>
   </trkpt>
   <trkpt lat="-2.6667800" lon="-42.9860300">
    <ele>39.4</ele>
    <time>2026-06-15T11:55:07Z</time>
     <extensions>
      <gpxtpx:TrackPointExtension>
       <gpxtpx:hr>124</gpxtpx:hr>
      </gpxtpx:TrackPointExtension>
     </extensions>
   </trkpt>
   <trkpt lat="-2.6667550" lon="-42.9860700">
    <ele>39.4</ele>
    <time>2026-06-15T11:55:12Z</time>
     <extensions>
      <gpxtpx:TrackPointExtension>
       <gpxtpx:hr>119</gpxtpx:hr>
      </gpxtpx:TrackPointExtension>
     </extensions>
   </trkpt>
   <trkpt lat="-2.6667290" lon="-42.9861110">
    <ele>39.6</ele>
    <time>2026-06-15T11:55:17Z</time>
     <extensions>
      <gpxtpx:TrackPointExtension>
       <gpxtpx:hr>119</gpxtpx:hr>
      </gpxtpx:TrackPointExtension>
     </extensions>
   </trkpt>
   <trkpt lat="-2.6667030" lon="-42.9861510">
    <ele>39.6</ele>
    <time>2026-06-15T11:55:22Z</time>
     <extensions>
      <gpxtpx:TrackPointExtension>
       <gpxtpx:hr>123</gpxtpx:hr>
      </gpxtpx:TrackPointExtension>
     </extensions>
   </trkpt>
   <trkpt lat="-2.6666770" lon="-42.9861850">
    <ele>39.8</ele>
    <time>2026-06-15T11:55:27Z</time>
     <extensions>
      <gpxtpx:TrackPointExtension>
       <gpxtpx:hr>123</gpxtpx:hr>
      </gpxtpx:TrackPointExtension>
     </extensions>
   </trkpt>
   <trkpt lat="-2.6666430" lon="-42.9862110">
    <ele>40.0</ele>
    <time>2026-06-15T11:55:32Z</time>
     <extensions>
      <gpxtpx:TrackPointExtension>
       <gpxtpx:hr>124</gpxtpx:hr>
      </gpxtpx:TrackPointExtension>
     </extensions>
   </trkpt>
   <trkpt lat="-2.6666100" lon="-42.9862430">
    <ele>40.2</ele>
    <time>2026-06-15T11:55:37Z</time>
     <extensions>
      <gpxtpx:TrackPointExtension>
       <gpxtpx:hr>124</gpxtpx:hr>
      </gpxtpx:TrackPointExtension>
     </extensions>
   </trkpt>
   <trkpt lat="-2.6665760" lon="-42.9862670">
    <ele>40.4</ele>
    <time>2026-06-15T11:55:42Z</time>
     <extensions>
      <gpxtpx:TrackPointExtension>
       <gpxtpx:hr>129</gpxtpx:hr>
      </gpxtpx:TrackPointExtension>
     </extensions>
   </trkpt>
   <trkpt lat="-2.6665350" lon="-42.9862950">
    <ele>40.6</ele>
    <time>2026-06-15T11:55:47Z</time>
     <extensions>
      <gpxtpx:TrackPointExtension>
       <gpxtpx:hr>129</gpxtpx:hr>
      </gpxtpx:TrackPointExtension>
     </extensions>
   </trkpt>
   <trkpt lat="-2.6664960" lon="-42.9863240">
    <ele>40.8</ele>
    <time>2026-06-15T11:55:52Z</time>
     <extensions>
      <gpxtpx:TrackPointExtension>
       <gpxtpx:hr>124</gpxtpx:hr>
      </gpxtpx:TrackPointExtension>
     </extensions>
   </trkpt>
   <trkpt lat="-2.6664560" lon="-42.9863530">
    <ele>41.0</ele>
    <time>2026-06-15T11:55:57Z</time>
     <extensions>
      <gpxtpx:TrackPointExtension>
       <gpxtpx:hr>124</gpxtpx:hr>
      </gpxtpx:TrackPointExtension>
     </extensions>
   </trkpt>
   <trkpt lat="-2.6664160" lon="-42.9863810">
    <ele>41.0</ele>
    <time>2026-06-15T11:56:02Z</time>
     <extensions>
      <gpxtpx:TrackPointExtension>
       <gpxtpx:hr>124</gpxtpx:hr>
      </gpxtpx:TrackPointExtension>
     </extensions>
   </trkpt>
   <trkpt lat="-2.6663830" lon="-42.9864200">
    <ele>41.0</ele>
    <time>2026-06-15T11:56:07Z</time>
     <extensions>
      <gpxtpx:TrackPointExtension>
       <gpxtpx:hr>124</gpxtpx:hr>
      </gpxtpx:TrackPointExtension>
     </extensions>
   </trkpt>
   <trkpt lat="-2.6663500" lon="-42.9864570">
    <ele>40.6</ele>
    <time>2026-06-15T11:56:12Z</time>
     <extensions>
      <gpxtpx:TrackPointExtension>
       <gpxtpx:hr>124</gpxtpx:hr>
      </gpxtpx:TrackPointExtension>
     </extensions>
   </trkpt>
   <trkpt lat="-2.6663200" lon="-42.9864970">
    <ele>40.4</ele>
    <time>2026-06-15T11:56:17Z</time>
     <extensions>
      <gpxtpx:TrackPointExtension>
       <gpxtpx:hr>122</gpxtpx:hr>
      </gpxtpx:TrackPointExtension>
     </extensions>
   </trkpt>
   <trkpt lat="-2.6662950" lon="-42.9865380">
    <ele>40.0</ele>
    <time>2026-06-15T11:56:22Z</time>
     <extensions>
      <gpxtpx:TrackPointExtension>
       <gpxtpx:hr>122</gpxtpx:hr>
      </gpxtpx:TrackPointExtension>
     </extensions>
   </trkpt>
   <trkpt lat="-2.6662660" lon="-42.9865810">
    <ele>39.4</ele>
    <time>2026-06-15T11:56:27Z</time>
     <extensions>
      <gpxtpx:TrackPointExtension>
       <gpxtpx:hr>127</gpxtpx:hr>
      </gpxtpx:TrackPointExtension>
     </extensions>
   </trkpt>
   <trkpt lat="-2.6662400" lon="-42.9866320">
    <ele>39.0</ele>
    <time>2026-06-15T11:56:32Z</time>
     <extensions>
      <gpxtpx:TrackPointExtension>
       <gpxtpx:hr>127</gpxtpx:hr>
      </gpxtpx:TrackPointExtension>
     </extensions>
   </trkpt>
   <trkpt lat="-2.6662140" lon="-42.9866750">
    <ele>38.6</ele>
    <time>2026-06-15T11:56:37Z</time>
     <extensions>
      <gpxtpx:TrackPointExtension>
       <gpxtpx:hr>127</gpxtpx:hr>
      </gpxtpx:TrackPointExtension>
     </extensions>
   </trkpt>
   <trkpt lat="-2.6661900" lon="-42.9867190">
    <ele>38.2</ele>
    <time>2026-06-15T11:56:42Z</time>
     <extensions>
      <gpxtpx:TrackPointExtension>
       <gpxtpx:hr>127</gpxtpx:hr>
      </gpxtpx:TrackPointExtension>
     </extensions>
   </trkpt>
   <trkpt lat="-2.6661700" lon="-42.9867670">
    <ele>37.8</ele>
    <time>2026-06-15T11:56:47Z</time>
     <extensions>
      <gpxtpx:TrackPointExtension>
       <gpxtpx:hr>128</gpxtpx:hr>
      </gpxtpx:TrackPointExtension>
     </extensions>
   </trkpt>
   <trkpt lat="-2.6661510" lon="-42.9868160">
    <ele>37.6</ele>
    <time>2026-06-15T11:56:52Z</time>
     <extensions>
      <gpxtpx:TrackPointExtension>
       <gpxtpx:hr>127</gpxtpx:hr>
      </gpxtpx:TrackPointExtension>
     </extensions>
   </trkpt>
   <trkpt lat="-2.6661320" lon="-42.9868650">
    <ele>37.6</ele>
    <time>2026-06-15T11:56:57Z</time>
     <extensions>
      <gpxtpx:TrackPointExtension>
       <gpxtpx:hr>122</gpxtpx:hr>
      </gpxtpx:TrackPointExtension>
     </extensions>
   </trkpt>
   <trkpt lat="-2.6661160" lon="-42.9869130">
    <ele>37.4</ele>
    <time>2026-06-15T11:57:02Z</time>
     <extensions>
      <gpxtpx:TrackPointExtension>
       <gpxtpx:hr>122</gpxtpx:hr>
      </gpxtpx:TrackPointExtension>
     </extensions>
   </trkpt>
   <trkpt lat="-2.6661040" lon="-42.9869620">
    <ele>37.2</ele>
    <time>2026-06-15T11:57:07Z</time>
     <extensions>
      <gpxtpx:TrackPointExtension>
       <gpxtpx:hr>129</gpxtpx:hr>
      </gpxtpx:TrackPointExtension>
     </extensions>
   </trkpt>
   <trkpt lat="-2.6660950" lon="-42.9870160">
    <ele>37.0</ele>
    <time>2026-06-15T11:57:12Z</time>
     <extensions>
      <gpxtpx:TrackPointExtension>
       <gpxtpx:hr>127</gpxtpx:hr>
      </gpxtpx:TrackPointExtension>
     </extensions>
   </trkpt>
   <trkpt lat="-2.6660860" lon="-42.9870710">
    <ele>36.8</ele>
    <time>2026-06-15T11:57:17Z</time>
     <extensions>
      <gpxtpx:TrackPointExtension>
       <gpxtpx:hr>123</gpxtpx:hr>
      </gpxtpx:TrackPointExtension>
     </extensions>
   </trkpt>
   <trkpt lat="-2.6660750" lon="-42.9871230">
    <ele>36.4</ele>
    <time>2026-06-15T11:57:22Z</time>
     <extensions>
      <gpxtpx:TrackPointExtension>
       <gpxtpx:hr>123</gpxtpx:hr>
      </gpxtpx:TrackPointExtension>
     </extensions>
   </trkpt>
   <trkpt lat="-2.6660610" lon="-42.9871730">
    <ele>36.2</ele>
    <time>2026-06-15T11:57:27Z</time>
     <extensions>
      <gpxtpx:TrackPointExtension>
       <gpxtpx:hr>123</gpxtpx:hr>
      </gpxtpx:TrackPointExtension>
     </extensions>
   </trkpt>
   <trkpt lat="-2.6660540" lon="-42.9872230">
    <ele>35.8</ele>
    <time>2026-06-15T11:57:32Z</time>
     <extensions>
      <gpxtpx:TrackPointExtension>
       <gpxtpx:hr>123</gpxtpx:hr>
      </gpxtpx:TrackPointExtension>
     </extensions>
   </trkpt>
   <trkpt lat="-2.6660460" lon="-42.9872720">
    <ele>35.4</ele>
    <time>2026-06-15T11:57:37Z</time>
     <extensions>
      <gpxtpx:TrackPointExtension>
       <gpxtpx:hr>122</gpxtpx:hr>
      </gpxtpx:TrackPointExtension>
     </extensions>
   </trkpt>
   <trkpt lat="-2.6660470" lon="-42.9873220">
    <ele>35.0</ele>
    <time>2026-06-15T11:57:42Z</time>
     <extensions>
      <gpxtpx:TrackPointExtension>
       <gpxtpx:hr>124</gpxtpx:hr>
      </gpxtpx:TrackPointExtension>
     </extensions>
   </trkpt>
   <trkpt lat="-2.6660480" lon="-42.9873780">
    <ele>34.6</ele>
    <time>2026-06-15T11:57:47Z</time>
     <extensions>
      <gpxtpx:TrackPointExtension>
       <gpxtpx:hr>124</gpxtpx:hr>
      </gpxtpx:TrackPointExtension>
     </extensions>
   </trkpt>
   <trkpt lat="-2.6660440" lon="-42.9874330">
    <ele>34.4</ele>
    <time>2026-06-15T11:57:52Z</time>
     <extensions>
      <gpxtpx:TrackPointExtension>
       <gpxtpx:hr>125</gpxtpx:hr>
      </gpxtpx:TrackPointExtension>
     </extensions>
   </trkpt>
   <trkpt lat="-2.6660340" lon="-42.9874850">
    <ele>34.0</ele>
    <time>2026-06-15T11:57:57Z</time>
     <extensions>
      <gpxtpx:TrackPointExtension>
       <gpxtpx:hr>126</gpxtpx:hr>
      </gpxtpx:TrackPointExtension>
     </extensions>
   </trkpt>
   <trkpt lat="-2.6660260" lon="-42.9875380">
    <ele>33.6</ele>
    <time>2026-06-15T11:58:02Z</time>
     <extensions>
      <gpxtpx:TrackPointExtension>
       <gpxtpx:hr>126</gpxtpx:hr>
      </gpxtpx:TrackPointExtension>
     </extensions>
   </trkpt>
   <trkpt lat="-2.6660200" lon="-42.9875890">
    <ele>32.8</ele>
    <time>2026-06-15T11:58:07Z</time>
     <extensions>
      <gpxtpx:TrackPointExtension>
       <gpxtpx:hr>127</gpxtpx:hr>
      </gpxtpx:TrackPointExtension>
     </extensions>
   </trkpt>
   <trkpt lat="-2.6660150" lon="-42.9876420">
    <ele>31.6</ele>
    <time>2026-06-15T11:58:12Z</time>
     <extensions>
      <gpxtpx:TrackPointExtension>
       <gpxtpx:hr>124</gpxtpx:hr>
      </gpxtpx:TrackPointExtension>
     </extensions>
   </trkpt>
   <trkpt lat="-2.6660180" lon="-42.9876920">
    <ele>30.8</ele>
    <time>2026-06-15T11:58:17Z</time>
     <extensions>
      <gpxtpx:TrackPointExtension>
       <gpxtpx:hr>121</gpxtpx:hr>
      </gpxtpx:TrackPointExtension>
     </extensions>
   </trkpt>
   <trkpt lat="-2.6660200" lon="-42.9877450">
    <ele>30.8</ele>
    <time>2026-06-15T11:58:22Z</time>
     <extensions>
      <gpxtpx:TrackPointExtension>
       <gpxtpx:hr>119</gpxtpx:hr>
      </gpxtpx:TrackPointExtension>
     </extensions>
   </trkpt>
   <trkpt lat="-2.6660220" lon="-42.9877950">
    <ele>30.6</ele>
    <time>2026-06-15T11:58:27Z</time>
     <extensions>
      <gpxtpx:TrackPointExtension>
       <gpxtpx:hr>121</gpxtpx:hr>
      </gpxtpx:TrackPointExtension>
     </extensions>
   </trkpt>
   <trkpt lat="-2.6660260" lon="-42.9878480">
    <ele>30.2</ele>
    <time>2026-06-15T11:58:32Z</time>
     <extensions>
      <gpxtpx:TrackPointExtension>
       <gpxtpx:hr>120</gpxtpx:hr>
      </gpxtpx:TrackPointExtension>
     </extensions>
   </trkpt>
   <trkpt lat="-2.6660270" lon="-42.9879020">
    <ele>29.6</ele>
    <time>2026-06-15T11:58:37Z</time>
     <extensions>
      <gpxtpx:TrackPointExtension>
       <gpxtpx:hr>120</gpxtpx:hr>
      </gpxtpx:TrackPointExtension>
     </extensions>
   </trkpt>
   <trkpt lat="-2.6660280" lon="-42.9879520">
    <ele>27.4</ele>
    <time>2026-06-15T11:58:42Z</time>
     <extensions>
      <gpxtpx:TrackPointExtension>
       <gpxtpx:hr>120</gpxtpx:hr>
      </gpxtpx:TrackPointExtension>
     </extensions>
   </trkpt>
   <trkpt lat="-2.6660230" lon="-42.9880090">
    <ele>24.2</ele>
    <time>2026-06-15T11:58:47Z</time>
     <extensions>
      <gpxtpx:TrackPointExtension>
       <gpxtpx:hr>121</gpxtpx:hr>
      </gpxtpx:TrackPointExtension>
     </extensions>
   </trkpt>
   <trkpt lat="-2.6660000" lon="-42.9881760">
    <ele>36.0</ele>
    <time>2026-06-15T11:59:16Z</time>
     <extensions>
      <gpxtpx:TrackPointExtension>
       <gpxtpx:hr>119</gpxtpx:hr>
      </gpxtpx:TrackPointExtension>
     </extensions>
   </trkpt>
   <trkpt lat="-2.6659920" lon="-42.9882290">
    <ele>35.2</ele>
    <time>2026-06-15T11:59:21Z</time>
     <extensions>
      <gpxtpx:TrackPointExtension>
       <gpxtpx:hr>119</gpxtpx:hr>
      </gpxtpx:TrackPointExtension>
     </extensions>
   </trkpt>
   <trkpt lat="-2.6659860" lon="-42.9882840">
    <ele>35.0</ele>
    <time>2026-06-15T11:59:26Z</time>
     <extensions>
      <gpxtpx:TrackPointExtension>
       <gpxtpx:hr>125</gpxtpx:hr>
      </gpxtpx:TrackPointExtension>
     </extensions>
   </trkpt>
   <trkpt lat="-2.6659820" lon="-42.9883370">
    <ele>34.8</ele>
    <time>2026-06-15T11:59:31Z</time>
     <extensions>
      <gpxtpx:TrackPointExtension>
       <gpxtpx:hr>124</gpxtpx:hr>
      </gpxtpx:TrackPointExtension>
     </extensions>
   </trkpt>
   <trkpt lat="-2.6659760" lon="-42.9883910">
    <ele>34.8</ele>
    <time>2026-06-15T11:59:36Z</time>
     <extensions>
      <gpxtpx:TrackPointExtension>
       <gpxtpx:hr>121</gpxtpx:hr>
      </gpxtpx:TrackPointExtension>
     </extensions>
   </trkpt>
   <trkpt lat="-2.6659700" lon="-42.9884410">
    <ele>34.6</ele>
    <time>2026-06-15T11:59:41Z</time>
     <extensions>
      <gpxtpx:TrackPointExtension>
       <gpxtpx:hr>120</gpxtpx:hr>
      </gpxtpx:TrackPointExtension>
     </extensions>
   </trkpt>
   <trkpt lat="-2.6659560" lon="-42.9884860">
    <ele>35.0</ele>
    <time>2026-06-15T11:59:46Z</time>
     <extensions>
      <gpxtpx:TrackPointExtension>
       <gpxtpx:hr>119</gpxtpx:hr>
      </gpxtpx:TrackPointExtension>
     </extensions>
   </trkpt>
   <trkpt lat="-2.6659440" lon="-42.9885170">
    <ele>37.8</ele>
    <time>2026-06-15T11:59:51Z</time>
     <extensions>
      <gpxtpx:TrackPointExtension>
       <gpxtpx:hr>119</gpxtpx:hr>
      </gpxtpx:TrackPointExtension>
     </extensions>
   </trkpt>
   <trkpt lat="-2.6659500" lon="-42.9885410">
    <ele>41.8</ele>
    <time>2026-06-15T11:59:56Z</time>
     <extensions>
      <gpxtpx:TrackPointExtension>
       <gpxtpx:hr>117</gpxtpx:hr>
      </gpxtpx:TrackPointExtension>
     </extensions>
   </trkpt>
   <trkpt lat="-2.6659580" lon="-42.9885390">
    <ele>42.8</ele>
    <time>2026-06-15T12:00:01Z</time>
     <extensions>
      <gpxtpx:TrackPointExtension>
       <gpxtpx:hr>118</gpxtpx:hr>
      </gpxtpx:TrackPointExtension>
     </extensions>
   </trkpt>
   <trkpt lat="-2.6659620" lon="-42.9885400">
    <ele>42.8</ele>
    <time>2026-06-15T12:00:07Z</time>
     <extensions>
      <gpxtpx:TrackPointExtension>
       <gpxtpx:hr>126</gpxtpx:hr>
      </gpxtpx:TrackPointExtension>
     </extensions>
   </trkpt>
   <trkpt lat="-2.6659620" lon="-42.9885390">
    <ele>43.0</ele>
    <time>2026-06-15T12:00:12Z</time>
     <extensions>
      <gpxtpx:TrackPointExtension>
       <gpxtpx:hr>125</gpxtpx:hr>
      </gpxtpx:TrackPointExtension>
     </extensions>
   </trkpt>
   <trkpt lat="-2.6659620" lon="-42.9885370">
    <ele>43.2</ele>
    <time>2026-06-15T12:00:17Z</time>
     <extensions>
      <gpxtpx:TrackPointExtension>
       <gpxtpx:hr>134</gpxtpx:hr>
      </gpxtpx:TrackPointExtension>
     </extensions>
   </trkpt>
   <trkpt lat="-2.6659600" lon="-42.9885340">
    <ele>43.0</ele>
    <time>2026-06-15T12:00:22Z</time>
     <extensions>
      <gpxtpx:TrackPointExtension>
       <gpxtpx:hr>134</gpxtpx:hr>
      </gpxtpx:TrackPointExtension>
     </extensions>
   </trkpt>
   <trkpt lat="-2.6659570" lon="-42.9885350">
    <ele>42.8</ele>
    <time>2026-06-15T12:00:27Z</time>
     <extensions>
      <gpxtpx:TrackPointExtension>
       <gpxtpx:hr>135</gpxtpx:hr>
      </gpxtpx:TrackPointExtension>
     </extensions>
   </trkpt>
   <trkpt lat="-2.6659530" lon="-42.9885380">
    <ele>42.6</ele>
    <time>2026-06-15T12:00:32Z</time>
     <extensions>
      <gpxtpx:TrackPointExtension>
       <gpxtpx:hr>122</gpxtpx:hr>
      </gpxtpx:TrackPointExtension>
     </extensions>
   </trkpt>
   <trkpt lat="-2.6659520" lon="-42.9885410">
    <ele>42.6</ele>
    <time>2026-06-15T12:00:37Z</time>
     <extensions>
      <gpxtpx:TrackPointExtension>
       <gpxtpx:hr>125</gpxtpx:hr>
      </gpxtpx:TrackPointExtension>
     </extensions>
   </trkpt>
   <trkpt lat="-2.6659480" lon="-42.9885430">
    <ele>43.0</ele>
    <time>2026-06-15T12:00:42Z</time>
     <extensions>
      <gpxtpx:TrackPointExtension>
       <gpxtpx:hr>117</gpxtpx:hr>
      </gpxtpx:TrackPointExtension>
     </extensions>
   </trkpt>
   <trkpt lat="-2.6659440" lon="-42.9885490">
    <ele>42.8</ele>
    <time>2026-06-15T12:00:47Z</time>
     <extensions>
      <gpxtpx:TrackPointExtension>
       <gpxtpx:hr>120</gpxtpx:hr>
      </gpxtpx:TrackPointExtension>
     </extensions>
   </trkpt>
   <trkpt lat="-2.6659420" lon="-42.9885560">
    <ele>42.8</ele>
    <time>2026-06-15T12:00:52Z</time>
     <extensions>
      <gpxtpx:TrackPointExtension>
       <gpxtpx:hr>120</gpxtpx:hr>
      </gpxtpx:TrackPointExtension>
     </extensions>
   </trkpt>
   <trkpt lat="-2.6659390" lon="-42.9885590">
    <ele>42.8</ele>
    <time>2026-06-15T12:00:57Z</time>
     <extensions>
      <gpxtpx:TrackPointExtension>
       <gpxtpx:hr>114</gpxtpx:hr>
      </gpxtpx:TrackPointExtension>
     </extensions>
   </trkpt>
   <trkpt lat="-2.6659380" lon="-42.9885610">
    <ele>43.0</ele>
    <time>2026-06-15T12:01:02Z</time>
     <extensions>
      <gpxtpx:TrackPointExtension>
       <gpxtpx:hr>114</gpxtpx:hr>
      </gpxtpx:TrackPointExtension>
     </extensions>
   </trkpt>
   <trkpt lat="-2.6659400" lon="-42.9885630">
    <ele>43.0</ele>
    <time>2026-06-15T12:01:07Z</time>
     <extensions>
      <gpxtpx:TrackPointExtension>
       <gpxtpx:hr>114</gpxtpx:hr>
      </gpxtpx:TrackPointExtension>
     </extensions>
   </trkpt>
   <trkpt lat="-2.6659390" lon="-42.9885610">
    <ele>42.8</ele>
    <time>2026-06-15T12:01:12Z</time>
     <extensions>
      <gpxtpx:TrackPointExtension>
       <gpxtpx:hr>107</gpxtpx:hr>
      </gpxtpx:TrackPointExtension>
     </extensions>
   </trkpt>
   <trkpt lat="-2.6659420" lon="-42.9885550">
    <ele>42.4</ele>
    <time>2026-06-15T12:01:17Z</time>
     <extensions>
      <gpxtpx:TrackPointExtension>
       <gpxtpx:hr>108</gpxtpx:hr>
      </gpxtpx:TrackPointExtension>
     </extensions>
   </trkpt>
   <trkpt lat="-2.6659430" lon="-42.9885520">
    <ele>41.6</ele>
    <time>2026-06-15T12:01:22Z</time>
     <extensions>
      <gpxtpx:TrackPointExtension>
       <gpxtpx:hr>110</gpxtpx:hr>
      </gpxtpx:TrackPointExtension>
     </extensions>
   </trkpt>
   <trkpt lat="-2.6659430" lon="-42.9885530">
    <ele>41.2</ele>
    <time>2026-06-15T12:01:27Z</time>
     <extensions>
      <gpxtpx:TrackPointExtension>
       <gpxtpx:hr>109</gpxtpx:hr>
      </gpxtpx:TrackPointExtension>
     </extensions>
   </trkpt>
   <trkpt lat="-2.6659420" lon="-42.9885540">
    <ele>41.4</ele>
    <time>2026-06-15T12:01:32Z</time>
     <extensions>
      <gpxtpx:TrackPointExtension>
       <gpxtpx:hr>106</gpxtpx:hr>
      </gpxtpx:TrackPointExtension>
     </extensions>
   </trkpt>
   <trkpt lat="-2.6659390" lon="-42.9885550">
    <ele>41.6</ele>
    <time>2026-06-15T12:01:37Z</time>
     <extensions>
      <gpxtpx:TrackPointExtension>
       <gpxtpx:hr>106</gpxtpx:hr>
      </gpxtpx:TrackPointExtension>
     </extensions>
   </trkpt>
   <trkpt lat="-2.6659380" lon="-42.9885550">
    <ele>42.2</ele>
    <time>2026-06-15T12:01:42Z</time>
     <extensions>
      <gpxtpx:TrackPointExtension>
       <gpxtpx:hr>110</gpxtpx:hr>
      </gpxtpx:TrackPointExtension>
     </extensions>
   </trkpt>
   <trkpt lat="-2.6659360" lon="-42.9885540">
    <ele>42.8</ele>
    <time>2026-06-15T12:01:47Z</time>
     <extensions>
      <gpxtpx:TrackPointExtension>
       <gpxtpx:hr>117</gpxtpx:hr>
      </gpxtpx:TrackPointExtension>
     </extensions>
   </trkpt>
   <trkpt lat="-2.6659320" lon="-42.9885540">
    <ele>42.8</ele>
    <time>2026-06-15T12:01:52Z</time>
     <extensions>
      <gpxtpx:TrackPointExtension>
       <gpxtpx:hr>107</gpxtpx:hr>
      </gpxtpx:TrackPointExtension>
     </extensions>
   </trkpt>
   <trkpt lat="-2.6659280" lon="-42.9885550">
    <ele>42.6</ele>
    <time>2026-06-15T12:01:57Z</time>
     <extensions>
      <gpxtpx:TrackPointExtension>
       <gpxtpx:hr>106</gpxtpx:hr>
      </gpxtpx:TrackPointExtension>
     </extensions>
   </trkpt>
   <trkpt lat="-2.6659250" lon="-42.9885580">
    <ele>42.6</ele>
    <time>2026-06-15T12:02:02Z</time>
     <extensions>
      <gpxtpx:TrackPointExtension>
       <gpxtpx:hr>105</gpxtpx:hr>
      </gpxtpx:TrackPointExtension>
     </extensions>
   </trkpt>
   <trkpt lat="-2.6659300" lon="-42.9885630">
    <ele>42.6</ele>
    <time>2026-06-15T12:02:07Z</time>
     <extensions>
      <gpxtpx:TrackPointExtension>
       <gpxtpx:hr>105</gpxtpx:hr>
      </gpxtpx:TrackPointExtension>
     </extensions>
   </trkpt>
   <trkpt lat="-2.6659350" lon="-42.9885640">
    <ele>42.6</ele>
    <time>2026-06-15T12:02:12Z</time>
     <extensions>
      <gpxtpx:TrackPointExtension>
       <gpxtpx:hr>114</gpxtpx:hr>
      </gpxtpx:TrackPointExtension>
     </extensions>
   </trkpt>
   <trkpt lat="-2.6659380" lon="-42.9885640">
    <ele>42.8</ele>
    <time>2026-06-15T12:02:17Z</time>
     <extensions>
      <gpxtpx:TrackPointExtension>
       <gpxtpx:hr>114</gpxtpx:hr>
      </gpxtpx:TrackPointExtension>
     </extensions>
   </trkpt>
   <trkpt lat="-2.6659390" lon="-42.9885640">
    <ele>43.0</ele>
    <time>2026-06-15T12:02:22Z</time>
     <extensions>
      <gpxtpx:TrackPointExtension>
       <gpxtpx:hr>106</gpxtpx:hr>
      </gpxtpx:TrackPointExtension>
     </extensions>
   </trkpt>
   <trkpt lat="-2.6659380" lon="-42.9885630">
    <ele>43.0</ele>
    <time>2026-06-15T12:02:27Z</time>
     <extensions>
      <gpxtpx:TrackPointExtension>
       <gpxtpx:hr>102</gpxtpx:hr>
      </gpxtpx:TrackPointExtension>
     </extensions>
   </trkpt>
   <trkpt lat="-2.6659360" lon="-42.9885600">
    <ele>43.0</ele>
    <time>2026-06-15T12:02:32Z</time>
     <extensions>
      <gpxtpx:TrackPointExtension>
       <gpxtpx:hr>102</gpxtpx:hr>
      </gpxtpx:TrackPointExtension>
     </extensions>
   </trkpt>
   <trkpt lat="-2.6659330" lon="-42.9885570">
    <ele>42.8</ele>
    <time>2026-06-15T12:02:37Z</time>
     <extensions>
      <gpxtpx:TrackPointExtension>
       <gpxtpx:hr>104</gpxtpx:hr>
      </gpxtpx:TrackPointExtension>
     </extensions>
   </trkpt>
   <trkpt lat="-2.6659320" lon="-42.9885570">
    <ele>42.6</ele>
    <time>2026-06-15T12:02:42Z</time>
     <extensions>
      <gpxtpx:TrackPointExtension>
       <gpxtpx:hr>110</gpxtpx:hr>
      </gpxtpx:TrackPointExtension>
     </extensions>
   </trkpt>
   <trkpt lat="-2.6659310" lon="-42.9885560">
    <ele>42.4</ele>
    <time>2026-06-15T12:02:47Z</time>
     <extensions>
      <gpxtpx:TrackPointExtension>
       <gpxtpx:hr>109</gpxtpx:hr>
      </gpxtpx:TrackPointExtension>
     </extensions>
   </trkpt>
   <trkpt lat="-2.6659260" lon="-42.9885540">
    <ele>42.4</ele>
    <time>2026-06-15T12:02:52Z</time>
     <extensions>
      <gpxtpx:TrackPointExtension>
       <gpxtpx:hr>109</gpxtpx:hr>
      </gpxtpx:TrackPointExtension>
     </extensions>
   </trkpt>
   <trkpt lat="-2.6659230" lon="-42.9885520">
    <ele>42.4</ele>
    <time>2026-06-15T12:02:57Z</time>
     <extensions>
      <gpxtpx:TrackPointExtension>
       <gpxtpx:hr>107</gpxtpx:hr>
      </gpxtpx:TrackPointExtension>
     </extensions>
   </trkpt>
   <trkpt lat="-2.6659250" lon="-42.9885470">
    <ele>42.8</ele>
    <time>2026-06-15T12:03:02Z</time>
     <extensions>
      <gpxtpx:TrackPointExtension>
       <gpxtpx:hr>107</gpxtpx:hr>
      </gpxtpx:TrackPointExtension>
     </extensions>
   </trkpt>
   <trkpt lat="-2.6659370" lon="-42.9885220">
    <ele>42.6</ele>
    <time>2026-06-15T12:03:07Z</time>
     <extensions>
      <gpxtpx:TrackPointExtension>
       <gpxtpx:hr>112</gpxtpx:hr>
      </gpxtpx:TrackPointExtension>
     </extensions>
   </trkpt>
   <trkpt lat="-2.6659410" lon="-42.9885100">
    <ele>42.4</ele>
    <time>2026-06-15T12:03:12Z</time>
     <extensions>
      <gpxtpx:TrackPointExtension>
       <gpxtpx:hr>112</gpxtpx:hr>
      </gpxtpx:TrackPointExtension>
     </extensions>
   </trkpt>
   <trkpt lat="-2.6659400" lon="-42.9885080">
    <ele>42.2</ele>
    <time>2026-06-15T12:03:17Z</time>
     <extensions>
      <gpxtpx:TrackPointExtension>
       <gpxtpx:hr>112</gpxtpx:hr>
      </gpxtpx:TrackPointExtension>
     </extensions>
   </trkpt>
   <trkpt lat="-2.6659390" lon="-42.9885130">
    <ele>42.6</ele>
    <time>2026-06-15T12:03:22Z</time>
     <extensions>
      <gpxtpx:TrackPointExtension>
       <gpxtpx:hr>111</gpxtpx:hr>
      </gpxtpx:TrackPointExtension>
     </extensions>
   </trkpt>
   <trkpt lat="-2.6659390" lon="-42.9885230">
    <ele>43.4</ele>
    <time>2026-06-15T12:03:27Z</time>
     <extensions>
      <gpxtpx:TrackPointExtension>
       <gpxtpx:hr>111</gpxtpx:hr>
      </gpxtpx:TrackPointExtension>
     </extensions>
   </trkpt>
   <trkpt lat="-2.6659370" lon="-42.9885260">
    <ele>43.8</ele>
    <time>2026-06-15T12:03:32Z</time>
     <extensions>
      <gpxtpx:TrackPointExtension>
       <gpxtpx:hr>107</gpxtpx:hr>
      </gpxtpx:TrackPointExtension>
     </extensions>
   </trkpt>
   <trkpt lat="-2.6659340" lon="-42.9885290">
    <ele>44.0</ele>
    <time>2026-06-15T12:03:37Z</time>
     <extensions>
      <gpxtpx:TrackPointExtension>
       <gpxtpx:hr>107</gpxtpx:hr>
      </gpxtpx:TrackPointExtension>
     </extensions>
   </trkpt>
   <trkpt lat="-2.6659300" lon="-42.9885350">
    <ele>43.8</ele>
    <time>2026-06-15T12:03:42Z</time>
     <extensions>
      <gpxtpx:TrackPointExtension>
       <gpxtpx:hr>111</gpxtpx:hr>
      </gpxtpx:TrackPointExtension>
     </extensions>
   </trkpt>
   <trkpt lat="-2.6659190" lon="-42.9885440">
    <ele>43.6</ele>
    <time>2026-06-15T12:03:47Z</time>
     <extensions>
      <gpxtpx:TrackPointExtension>
       <gpxtpx:hr>106</gpxtpx:hr>
      </gpxtpx:TrackPointExtension>
     </extensions>
   </trkpt>
   <trkpt lat="-2.6659130" lon="-42.9885520">
    <ele>42.4</ele>
    <time>2026-06-15T12:03:52Z</time>
     <extensions>
      <gpxtpx:TrackPointExtension>
       <gpxtpx:hr>106</gpxtpx:hr>
      </gpxtpx:TrackPointExtension>
     </extensions>
   </trkpt>
   <trkpt lat="-2.6659090" lon="-42.9885610">
    <ele>39.8</ele>
    <time>2026-06-15T12:03:57Z</time>
     <extensions>
      <gpxtpx:TrackPointExtension>
       <gpxtpx:hr>109</gpxtpx:hr>
      </gpxtpx:TrackPointExtension>
     </extensions>
   </trkpt>
   <trkpt lat="-2.6657200" lon="-42.9888080">
    <ele>42.4</ele>
    <time>2026-06-15T12:05:19Z</time>
     <extensions>
      <gpxtpx:TrackPointExtension>
       <gpxtpx:hr>126</gpxtpx:hr>
      </gpxtpx:TrackPointExtension>
     </extensions>
   </trkpt>
   <trkpt lat="-2.6657020" lon="-42.9888460">
    <ele>41.2</ele>
    <time>2026-06-15T12:05:24Z</time>
     <extensions>
      <gpxtpx:TrackPointExtension>
       <gpxtpx:hr>126</gpxtpx:hr>
      </gpxtpx:TrackPointExtension>
     </extensions>
   </trkpt>
   <trkpt lat="-2.6656810" lon="-42.9888820">
    <ele>41.2</ele>
    <time>2026-06-15T12:05:29Z</time>
     <extensions>
      <gpxtpx:TrackPointExtension>
       <gpxtpx:hr>129</gpxtpx:hr>
      </gpxtpx:TrackPointExtension>
     </extensions>
   </trkpt>
   <trkpt lat="-2.6656560" lon="-42.9889200">
    <ele>41.2</ele>
    <time>2026-06-15T12:05:34Z</time>
     <extensions>
      <gpxtpx:TrackPointExtension>
       <gpxtpx:hr>136</gpxtpx:hr>
      </gpxtpx:TrackPointExtension>
     </extensions>
   </trkpt>
   <trkpt lat="-2.6656330" lon="-42.9889600">
    <ele>41.6</ele>
    <time>2026-06-15T12:05:39Z</time>
     <extensions>
      <gpxtpx:TrackPointExtension>
       <gpxtpx:hr>142</gpxtpx:hr>
      </gpxtpx:TrackPointExtension>
     </extensions>
   </trkpt>
   <trkpt lat="-2.6656000" lon="-42.9890000">
    <ele>42.2</ele>
    <time>2026-06-15T12:05:44Z</time>
     <extensions>
      <gpxtpx:TrackPointExtension>
       <gpxtpx:hr>143</gpxtpx:hr>
      </gpxtpx:TrackPointExtension>
     </extensions>
   </trkpt>
   <trkpt lat="-2.6655730" lon="-42.9890420">
    <ele>43.2</ele>
    <time>2026-06-15T12:05:49Z</time>
     <extensions>
      <gpxtpx:TrackPointExtension>
       <gpxtpx:hr>144</gpxtpx:hr>
      </gpxtpx:TrackPointExtension>
     </extensions>
   </trkpt>
   <trkpt lat="-2.6655690" lon="-42.9890610">
    <ele>44.0</ele>
    <time>2026-06-15T12:05:54Z</time>
     <extensions>
      <gpxtpx:TrackPointExtension>
       <gpxtpx:hr>144</gpxtpx:hr>
      </gpxtpx:TrackPointExtension>
     </extensions>
   </trkpt>
   <trkpt lat="-2.6655720" lon="-42.9890630">
    <ele>44.6</ele>
    <time>2026-06-15T12:05:59Z</time>
     <extensions>
      <gpxtpx:TrackPointExtension>
       <gpxtpx:hr>141</gpxtpx:hr>
      </gpxtpx:TrackPointExtension>
     </extensions>
   </trkpt>
   <trkpt lat="-2.6655710" lon="-42.9890600">
    <ele>45.0</ele>
    <time>2026-06-15T12:06:04Z</time>
     <extensions>
      <gpxtpx:TrackPointExtension>
       <gpxtpx:hr>140</gpxtpx:hr>
      </gpxtpx:TrackPointExtension>
     </extensions>
   </trkpt>
   <trkpt lat="-2.6655710" lon="-42.9890510">
    <ele>45.0</ele>
    <time>2026-06-15T12:06:09Z</time>
     <extensions>
      <gpxtpx:TrackPointExtension>
       <gpxtpx:hr>140</gpxtpx:hr>
      </gpxtpx:TrackPointExtension>
     </extensions>
   </trkpt>
   <trkpt lat="-2.6655710" lon="-42.9890440">
    <ele>44.2</ele>
    <time>2026-06-15T12:06:14Z</time>
     <extensions>
      <gpxtpx:TrackPointExtension>
       <gpxtpx:hr>132</gpxtpx:hr>
      </gpxtpx:TrackPointExtension>
     </extensions>
   </trkpt>
   <trkpt lat="-2.6655700" lon="-42.9890570">
    <ele>41.4</ele>
    <time>2026-06-15T12:06:19Z</time>
     <extensions>
      <gpxtpx:TrackPointExtension>
       <gpxtpx:hr>132</gpxtpx:hr>
      </gpxtpx:TrackPointExtension>
     </extensions>
   </trkpt>
   <trkpt lat="-2.6651670" lon="-42.9893990">
    <ele>2.8</ele>
    <time>2026-06-15T12:09:58Z</time>
     <extensions>
      <gpxtpx:TrackPointExtension>
       <gpxtpx:hr>143</gpxtpx:hr>
      </gpxtpx:TrackPointExtension>
     </extensions>
   </trkpt>
   <trkpt lat="-2.6651620" lon="-42.9894160">
    <ele>1.8</ele>
    <time>2026-06-15T12:10:04Z</time>
     <extensions>
      <gpxtpx:TrackPointExtension>
       <gpxtpx:hr>143</gpxtpx:hr>
      </gpxtpx:TrackPointExtension>
     </extensions>
   </trkpt>
   <trkpt lat="-2.6651610" lon="-42.9894120">
    <ele>1.8</ele>
    <time>2026-06-15T12:10:09Z</time>
     <extensions>
      <gpxtpx:TrackPointExtension>
       <gpxtpx:hr>142</gpxtpx:hr>
      </gpxtpx:TrackPointExtension>
     </extensions>
   </trkpt>
   <trkpt lat="-2.6651630" lon="-42.9894080">
    <ele>2.0</ele>
    <time>2026-06-15T12:10:14Z</time>
     <extensions>
      <gpxtpx:TrackPointExtension>
       <gpxtpx:hr>146</gpxtpx:hr>
      </gpxtpx:TrackPointExtension>
     </extensions>
   </trkpt>
   <trkpt lat="-2.6651670" lon="-42.9894090">
    <ele>2.6</ele>
    <time>2026-06-15T12:10:19Z</time>
     <extensions>
      <gpxtpx:TrackPointExtension>
       <gpxtpx:hr>152</gpxtpx:hr>
      </gpxtpx:TrackPointExtension>
     </extensions>
   </trkpt>
   <trkpt lat="-2.6651780" lon="-42.9894140">
    <ele>3.8</ele>
    <time>2026-06-15T12:10:24Z</time>
     <extensions>
      <gpxtpx:TrackPointExtension>
       <gpxtpx:hr>152</gpxtpx:hr>
      </gpxtpx:TrackPointExtension>
     </extensions>
   </trkpt>
   <trkpt lat="-2.6651520" lon="-42.9894220">
    <ele>6.0</ele>
    <time>2026-06-15T12:10:29Z</time>
     <extensions>
      <gpxtpx:TrackPointExtension>
       <gpxtpx:hr>152</gpxtpx:hr>
      </gpxtpx:TrackPointExtension>
     </extensions>
   </trkpt>
   <trkpt lat="-2.6651620" lon="-42.9894750">
    <ele>9.0</ele>
    <time>2026-06-15T12:10:34Z</time>
     <extensions>
      <gpxtpx:TrackPointExtension>
       <gpxtpx:hr>161</gpxtpx:hr>
      </gpxtpx:TrackPointExtension>
     </extensions>
   </trkpt>
   <trkpt lat="-2.6651490" lon="-42.9895160">
    <ele>11.4</ele>
    <time>2026-06-15T12:10:39Z</time>
     <extensions>
      <gpxtpx:TrackPointExtension>
       <gpxtpx:hr>157</gpxtpx:hr>
      </gpxtpx:TrackPointExtension>
     </extensions>
   </trkpt>
   <trkpt lat="-2.6651170" lon="-42.9895400">
    <ele>13.2</ele>
    <time>2026-06-15T12:10:44Z</time>
     <extensions>
      <gpxtpx:TrackPointExtension>
       <gpxtpx:hr>152</gpxtpx:hr>
      </gpxtpx:TrackPointExtension>
     </extensions>
   </trkpt>
   <trkpt lat="-2.6650980" lon="-42.9895570">
    <ele>14.8</ele>
    <time>2026-06-15T12:10:49Z</time>
     <extensions>
      <gpxtpx:TrackPointExtension>
       <gpxtpx:hr>152</gpxtpx:hr>
      </gpxtpx:TrackPointExtension>
     </extensions>
   </trkpt>
   <trkpt lat="-2.6650800" lon="-42.9895870">
    <ele>16.8</ele>
    <time>2026-06-15T12:10:54Z</time>
     <extensions>
      <gpxtpx:TrackPointExtension>
       <gpxtpx:hr>147</gpxtpx:hr>
      </gpxtpx:TrackPointExtension>
     </extensions>
   </trkpt>
   <trkpt lat="-2.6650660" lon="-42.9896080">
    <ele>19.2</ele>
    <time>2026-06-15T12:10:59Z</time>
     <extensions>
      <gpxtpx:TrackPointExtension>
       <gpxtpx:hr>147</gpxtpx:hr>
      </gpxtpx:TrackPointExtension>
     </extensions>
   </trkpt>
   <trkpt lat="-2.6650540" lon="-42.9896350">
    <ele>22.0</ele>
    <time>2026-06-15T12:11:04Z</time>
     <extensions>
      <gpxtpx:TrackPointExtension>
       <gpxtpx:hr>150</gpxtpx:hr>
      </gpxtpx:TrackPointExtension>
     </extensions>
   </trkpt>
   <trkpt lat="-2.6650420" lon="-42.9896620">
    <ele>25.0</ele>
    <time>2026-06-15T12:11:09Z</time>
     <extensions>
      <gpxtpx:TrackPointExtension>
       <gpxtpx:hr>151</gpxtpx:hr>
      </gpxtpx:TrackPointExtension>
     </extensions>
   </trkpt>
   <trkpt lat="-2.6650320" lon="-42.9896910">
    <ele>28.2</ele>
    <time>2026-06-15T12:11:14Z</time>
     <extensions>
      <gpxtpx:TrackPointExtension>
       <gpxtpx:hr>151</gpxtpx:hr>
      </gpxtpx:TrackPointExtension>
     </extensions>
   </trkpt>
   <trkpt lat="-2.6650200" lon="-42.9897200">
    <ele>31.4</ele>
    <time>2026-06-15T12:11:19Z</time>
     <extensions>
      <gpxtpx:TrackPointExtension>
       <gpxtpx:hr>156</gpxtpx:hr>
      </gpxtpx:TrackPointExtension>
     </extensions>
   </trkpt>
   <trkpt lat="-2.6650080" lon="-42.9897460">
    <ele>34.2</ele>
    <time>2026-06-15T12:11:24Z</time>
     <extensions>
      <gpxtpx:TrackPointExtension>
       <gpxtpx:hr>157</gpxtpx:hr>
      </gpxtpx:TrackPointExtension>
     </extensions>
   </trkpt>
   <trkpt lat="-2.6649880" lon="-42.9897720">
    <ele>36.6</ele>
    <time>2026-06-15T12:11:29Z</time>
     <extensions>
      <gpxtpx:TrackPointExtension>
       <gpxtpx:hr>157</gpxtpx:hr>
      </gpxtpx:TrackPointExtension>
     </extensions>
   </trkpt>
   <trkpt lat="-2.6649700" lon="-42.9898080">
    <ele>38.8</ele>
    <time>2026-06-15T12:11:34Z</time>
     <extensions>
      <gpxtpx:TrackPointExtension>
       <gpxtpx:hr>160</gpxtpx:hr>
      </gpxtpx:TrackPointExtension>
     </extensions>
   </trkpt>
   <trkpt lat="-2.6649430" lon="-42.9898450">
    <ele>40.4</ele>
    <time>2026-06-15T12:11:39Z</time>
     <extensions>
      <gpxtpx:TrackPointExtension>
       <gpxtpx:hr>160</gpxtpx:hr>
      </gpxtpx:TrackPointExtension>
     </extensions>
   </trkpt>
   <trkpt lat="-2.6649140" lon="-42.9898860">
    <ele>42.0</ele>
    <time>2026-06-15T12:11:44Z</time>
     <extensions>
      <gpxtpx:TrackPointExtension>
       <gpxtpx:hr>160</gpxtpx:hr>
      </gpxtpx:TrackPointExtension>
     </extensions>
   </trkpt>
   <trkpt lat="-2.6648810" lon="-42.9899150">
    <ele>43.2</ele>
    <time>2026-06-15T12:11:49Z</time>
     <extensions>
      <gpxtpx:TrackPointExtension>
       <gpxtpx:hr>159</gpxtpx:hr>
      </gpxtpx:TrackPointExtension>
     </extensions>
   </trkpt>
   <trkpt lat="-2.6648440" lon="-42.9899530">
    <ele>43.8</ele>
    <time>2026-06-15T12:11:54Z</time>
     <extensions>
      <gpxtpx:TrackPointExtension>
       <gpxtpx:hr>159</gpxtpx:hr>
      </gpxtpx:TrackPointExtension>
     </extensions>
   </trkpt>
   <trkpt lat="-2.6648100" lon="-42.9899920">
    <ele>44.2</ele>
    <time>2026-06-15T12:11:59Z</time>
     <extensions>
      <gpxtpx:TrackPointExtension>
       <gpxtpx:hr>157</gpxtpx:hr>
      </gpxtpx:TrackPointExtension>
     </extensions>
   </trkpt>
   <trkpt lat="-2.6647780" lon="-42.9900180">
    <ele>44.4</ele>
    <time>2026-06-15T12:12:04Z</time>
     <extensions>
      <gpxtpx:TrackPointExtension>
       <gpxtpx:hr>156</gpxtpx:hr>
      </gpxtpx:TrackPointExtension>
     </extensions>
   </trkpt>
   <trkpt lat="-2.6647370" lon="-42.9900490">
    <ele>44.2</ele>
    <time>2026-06-15T12:12:09Z</time>
     <extensions>
      <gpxtpx:TrackPointExtension>
       <gpxtpx:hr>149</gpxtpx:hr>
      </gpxtpx:TrackPointExtension>
     </extensions>
   </trkpt>
   <trkpt lat="-2.6647080" lon="-42.9900790">
    <ele>43.8</ele>
    <time>2026-06-15T12:12:14Z</time>
     <extensions>
      <gpxtpx:TrackPointExtension>
       <gpxtpx:hr>149</gpxtpx:hr>
      </gpxtpx:TrackPointExtension>
     </extensions>
   </trkpt>
   <trkpt lat="-2.6646830" lon="-42.9901140">
    <ele>43.4</ele>
    <time>2026-06-15T12:12:19Z</time>
     <extensions>
      <gpxtpx:TrackPointExtension>
       <gpxtpx:hr>141</gpxtpx:hr>
      </gpxtpx:TrackPointExtension>
     </extensions>
   </trkpt>
   <trkpt lat="-2.6646620" lon="-42.9901540">
    <ele>43.2</ele>
    <time>2026-06-15T12:12:24Z</time>
     <extensions>
      <gpxtpx:TrackPointExtension>
       <gpxtpx:hr>133</gpxtpx:hr>
      </gpxtpx:TrackPointExtension>
     </extensions>
   </trkpt>
   <trkpt lat="-2.6646310" lon="-42.9901970">
    <ele>43.4</ele>
    <time>2026-06-15T12:12:29Z</time>
     <extensions>
      <gpxtpx:TrackPointExtension>
       <gpxtpx:hr>125</gpxtpx:hr>
      </gpxtpx:TrackPointExtension>
     </extensions>
   </trkpt>
   <trkpt lat="-2.6646130" lon="-42.9902390">
    <ele>43.8</ele>
    <time>2026-06-15T12:12:34Z</time>
     <extensions>
      <gpxtpx:TrackPointExtension>
       <gpxtpx:hr>125</gpxtpx:hr>
      </gpxtpx:TrackPointExtension>
     </extensions>
   </trkpt>
   <trkpt lat="-2.6645700" lon="-42.9902730">
    <ele>44.4</ele>
    <time>2026-06-15T12:12:39Z</time>
     <extensions>
      <gpxtpx:TrackPointExtension>
       <gpxtpx:hr>125</gpxtpx:hr>
      </gpxtpx:TrackPointExtension>
     </extensions>
   </trkpt>
   <trkpt lat="-2.6645230" lon="-42.9903150">
    <ele>44.8</ele>
    <time>2026-06-15T12:12:44Z</time>
     <extensions>
      <gpxtpx:TrackPointExtension>
       <gpxtpx:hr>129</gpxtpx:hr>
      </gpxtpx:TrackPointExtension>
     </extensions>
   </trkpt>
   <trkpt lat="-2.6644810" lon="-42.9903530">
    <ele>45.4</ele>
    <time>2026-06-15T12:12:49Z</time>
     <extensions>
      <gpxtpx:TrackPointExtension>
       <gpxtpx:hr>124</gpxtpx:hr>
      </gpxtpx:TrackPointExtension>
     </extensions>
   </trkpt>
   <trkpt lat="-2.6644410" lon="-42.9903890">
    <ele>45.8</ele>
    <time>2026-06-15T12:12:54Z</time>
     <extensions>
      <gpxtpx:TrackPointExtension>
       <gpxtpx:hr>125</gpxtpx:hr>
      </gpxtpx:TrackPointExtension>
     </extensions>
   </trkpt>
   <trkpt lat="-2.6644030" lon="-42.9904190">
    <ele>46.0</ele>
    <time>2026-06-15T12:12:59Z</time>
     <extensions>
      <gpxtpx:TrackPointExtension>
       <gpxtpx:hr>123</gpxtpx:hr>
      </gpxtpx:TrackPointExtension>
     </extensions>
   </trkpt>
   <trkpt lat="-2.6643630" lon="-42.9904490">
    <ele>46.4</ele>
    <time>2026-06-15T12:13:04Z</time>
     <extensions>
      <gpxtpx:TrackPointExtension>
       <gpxtpx:hr>123</gpxtpx:hr>
      </gpxtpx:TrackPointExtension>
     </extensions>
   </trkpt>
   <trkpt lat="-2.6643240" lon="-42.9904780">
    <ele>46.6</ele>
    <time>2026-06-15T12:13:09Z</time>
     <extensions>
      <gpxtpx:TrackPointExtension>
       <gpxtpx:hr>125</gpxtpx:hr>
      </gpxtpx:TrackPointExtension>
     </extensions>
   </trkpt>
   <trkpt lat="-2.6642820" lon="-42.9905060">
    <ele>47.0</ele>
    <time>2026-06-15T12:13:14Z</time>
     <extensions>
      <gpxtpx:TrackPointExtension>
       <gpxtpx:hr>128</gpxtpx:hr>
      </gpxtpx:TrackPointExtension>
     </extensions>
   </trkpt>
   <trkpt lat="-2.6642460" lon="-42.9905380">
    <ele>47.2</ele>
    <time>2026-06-15T12:13:19Z</time>
     <extensions>
      <gpxtpx:TrackPointExtension>
       <gpxtpx:hr>131</gpxtpx:hr>
      </gpxtpx:TrackPointExtension>
     </extensions>
   </trkpt>
   <trkpt lat="-2.6642140" lon="-42.9905690">
    <ele>47.2</ele>
    <time>2026-06-15T12:13:24Z</time>
     <extensions>
      <gpxtpx:TrackPointExtension>
       <gpxtpx:hr>131</gpxtpx:hr>
      </gpxtpx:TrackPointExtension>
     </extensions>
   </trkpt>
   <trkpt lat="-2.6641820" lon="-42.9906030">
    <ele>47.0</ele>
    <time>2026-06-15T12:13:29Z</time>
     <extensions>
      <gpxtpx:TrackPointExtension>
       <gpxtpx:hr>136</gpxtpx:hr>
      </gpxtpx:TrackPointExtension>
     </extensions>
   </trkpt>
   <trkpt lat="-2.6641410" lon="-42.9906370">
    <ele>46.2</ele>
    <time>2026-06-15T12:13:34Z</time>
     <extensions>
      <gpxtpx:TrackPointExtension>
       <gpxtpx:hr>137</gpxtpx:hr>
      </gpxtpx:TrackPointExtension>
     </extensions>
   </trkpt>
   <trkpt lat="-2.6641070" lon="-42.9906590">
    <ele>45.4</ele>
    <time>2026-06-15T12:13:39Z</time>
     <extensions>
      <gpxtpx:TrackPointExtension>
       <gpxtpx:hr>137</gpxtpx:hr>
      </gpxtpx:TrackPointExtension>
     </extensions>
   </trkpt>
   <trkpt lat="-2.6640690" lon="-42.9906930">
    <ele>44.4</ele>
    <time>2026-06-15T12:13:44Z</time>
     <extensions>
      <gpxtpx:TrackPointExtension>
       <gpxtpx:hr>132</gpxtpx:hr>
      </gpxtpx:TrackPointExtension>
     </extensions>
   </trkpt>
   <trkpt lat="-2.6640480" lon="-42.9907330">
    <ele>43.6</ele>
    <time>2026-06-15T12:13:49Z</time>
     <extensions>
      <gpxtpx:TrackPointExtension>
       <gpxtpx:hr>132</gpxtpx:hr>
      </gpxtpx:TrackPointExtension>
     </extensions>
   </trkpt>
   <trkpt lat="-2.6640370" lon="-42.9907740">
    <ele>42.8</ele>
    <time>2026-06-15T12:13:54Z</time>
     <extensions>
      <gpxtpx:TrackPointExtension>
       <gpxtpx:hr>123</gpxtpx:hr>
      </gpxtpx:TrackPointExtension>
     </extensions>
   </trkpt>
   <trkpt lat="-2.6640370" lon="-42.9907950">
    <ele>42.2</ele>
    <time>2026-06-15T12:13:59Z</time>
     <extensions>
      <gpxtpx:TrackPointExtension>
       <gpxtpx:hr>123</gpxtpx:hr>
      </gpxtpx:TrackPointExtension>
     </extensions>
   </trkpt>
   <trkpt lat="-2.6640350" lon="-42.9908110">
    <ele>41.6</ele>
    <time>2026-06-15T12:14:04Z</time>
     <extensions>
      <gpxtpx:TrackPointExtension>
       <gpxtpx:hr>122</gpxtpx:hr>
      </gpxtpx:TrackPointExtension>
     </extensions>
   </trkpt>
   <trkpt lat="-2.6640360" lon="-42.9908250">
    <ele>41.0</ele>
    <time>2026-06-15T12:14:09Z</time>
     <extensions>
      <gpxtpx:TrackPointExtension>
       <gpxtpx:hr>118</gpxtpx:hr>
      </gpxtpx:TrackPointExtension>
     </extensions>
   </trkpt>
   <trkpt lat="-2.6640380" lon="-42.9908490">
    <ele>40.6</ele>
    <time>2026-06-15T12:14:14Z</time>
     <extensions>
      <gpxtpx:TrackPointExtension>
       <gpxtpx:hr>115</gpxtpx:hr>
      </gpxtpx:TrackPointExtension>
     </extensions>
   </trkpt>
   <trkpt lat="-2.6640390" lon="-42.9908670">
    <ele>39.8</ele>
    <time>2026-06-15T12:14:19Z</time>
     <extensions>
      <gpxtpx:TrackPointExtension>
       <gpxtpx:hr>115</gpxtpx:hr>
      </gpxtpx:TrackPointExtension>
     </extensions>
   </trkpt>
   <trkpt lat="-2.6640450" lon="-42.9908920">
    <ele>39.0</ele>
    <time>2026-06-15T12:14:24Z</time>
     <extensions>
      <gpxtpx:TrackPointExtension>
       <gpxtpx:hr>132</gpxtpx:hr>
      </gpxtpx:TrackPointExtension>
     </extensions>
   </trkpt>
   <trkpt lat="-2.6640460" lon="-42.9909170">
    <ele>38.0</ele>
    <time>2026-06-15T12:14:29Z</time>
     <extensions>
      <gpxtpx:TrackPointExtension>
       <gpxtpx:hr>136</gpxtpx:hr>
      </gpxtpx:TrackPointExtension>
     </extensions>
   </trkpt>
   <trkpt lat="-2.6640230" lon="-42.9909620">
    <ele>36.8</ele>
    <time>2026-06-15T12:14:34Z</time>
     <extensions>
      <gpxtpx:TrackPointExtension>
       <gpxtpx:hr>136</gpxtpx:hr>
      </gpxtpx:TrackPointExtension>
     </extensions>
   </trkpt>
   <trkpt lat="-2.6640110" lon="-42.9910030">
    <ele>35.8</ele>
    <time>2026-06-15T12:14:39Z</time>
     <extensions>
      <gpxtpx:TrackPointExtension>
       <gpxtpx:hr>141</gpxtpx:hr>
      </gpxtpx:TrackPointExtension>
     </extensions>
   </trkpt>
   <trkpt lat="-2.6640090" lon="-42.9910610">
    <ele>35.0</ele>
    <time>2026-06-15T12:14:44Z</time>
     <extensions>
      <gpxtpx:TrackPointExtension>
       <gpxtpx:hr>141</gpxtpx:hr>
      </gpxtpx:TrackPointExtension>
     </extensions>
   </trkpt>
   <trkpt lat="-2.6639970" lon="-42.9911180">
    <ele>34.6</ele>
    <time>2026-06-15T12:14:49Z</time>
     <extensions>
      <gpxtpx:TrackPointExtension>
       <gpxtpx:hr>131</gpxtpx:hr>
      </gpxtpx:TrackPointExtension>
     </extensions>
   </trkpt>
   <trkpt lat="-2.6639840" lon="-42.9911710">
    <ele>34.4</ele>
    <time>2026-06-15T12:14:54Z</time>
     <extensions>
      <gpxtpx:TrackPointExtension>
       <gpxtpx:hr>132</gpxtpx:hr>
      </gpxtpx:TrackPointExtension>
     </extensions>
   </trkpt>
   <trkpt lat="-2.6639810" lon="-42.9912240">
    <ele>34.2</ele>
    <time>2026-06-15T12:14:59Z</time>
     <extensions>
      <gpxtpx:TrackPointExtension>
       <gpxtpx:hr>132</gpxtpx:hr>
      </gpxtpx:TrackPointExtension>
     </extensions>
   </trkpt>
   <trkpt lat="-2.6639720" lon="-42.9912730">
    <ele>34.0</ele>
    <time>2026-06-15T12:15:04Z</time>
     <extensions>
      <gpxtpx:TrackPointExtension>
       <gpxtpx:hr>132</gpxtpx:hr>
      </gpxtpx:TrackPointExtension>
     </extensions>
   </trkpt>
   <trkpt lat="-2.6639620" lon="-42.9913230">
    <ele>34.0</ele>
    <time>2026-06-15T12:15:09Z</time>
     <extensions>
      <gpxtpx:TrackPointExtension>
       <gpxtpx:hr>134</gpxtpx:hr>
      </gpxtpx:TrackPointExtension>
     </extensions>
   </trkpt>
   <trkpt lat="-2.6639610" lon="-42.9913720">
    <ele>34.2</ele>
    <time>2026-06-15T12:15:14Z</time>
     <extensions>
      <gpxtpx:TrackPointExtension>
       <gpxtpx:hr>134</gpxtpx:hr>
      </gpxtpx:TrackPointExtension>
     </extensions>
   </trkpt>
   <trkpt lat="-2.6639590" lon="-42.9914290">
    <ele>34.4</ele>
    <time>2026-06-15T12:15:19Z</time>
     <extensions>
      <gpxtpx:TrackPointExtension>
       <gpxtpx:hr>131</gpxtpx:hr>
      </gpxtpx:TrackPointExtension>
     </extensions>
   </trkpt>
   <trkpt lat="-2.6639650" lon="-42.9914820">
    <ele>34.6</ele>
    <time>2026-06-15T12:15:24Z</time>
     <extensions>
      <gpxtpx:TrackPointExtension>
       <gpxtpx:hr>129</gpxtpx:hr>
      </gpxtpx:TrackPointExtension>
     </extensions>
   </trkpt>
   <trkpt lat="-2.6639690" lon="-42.9915350">
    <ele>35.0</ele>
    <time>2026-06-15T12:15:29Z</time>
     <extensions>
      <gpxtpx:TrackPointExtension>
       <gpxtpx:hr>128</gpxtpx:hr>
      </gpxtpx:TrackPointExtension>
     </extensions>
   </trkpt>
   <trkpt lat="-2.6639750" lon="-42.9915960">
    <ele>35.2</ele>
    <time>2026-06-15T12:15:34Z</time>
     <extensions>
      <gpxtpx:TrackPointExtension>
       <gpxtpx:hr>128</gpxtpx:hr>
      </gpxtpx:TrackPointExtension>
     </extensions>
   </trkpt>
   <trkpt lat="-2.6639830" lon="-42.9916530">
    <ele>35.2</ele>
    <time>2026-06-15T12:15:39Z</time>
     <extensions>
      <gpxtpx:TrackPointExtension>
       <gpxtpx:hr>124</gpxtpx:hr>
      </gpxtpx:TrackPointExtension>
     </extensions>
   </trkpt>
   <trkpt lat="-2.6639880" lon="-42.9917080">
    <ele>35.0</ele>
    <time>2026-06-15T12:15:44Z</time>
     <extensions>
      <gpxtpx:TrackPointExtension>
       <gpxtpx:hr>124</gpxtpx:hr>
      </gpxtpx:TrackPointExtension>
     </extensions>
   </trkpt>
   <trkpt lat="-2.6639960" lon="-42.9917580">
    <ele>34.4</ele>
    <time>2026-06-15T12:15:49Z</time>
     <extensions>
      <gpxtpx:TrackPointExtension>
       <gpxtpx:hr>127</gpxtpx:hr>
      </gpxtpx:TrackPointExtension>
     </extensions>
   </trkpt>
   <trkpt lat="-2.6640110" lon="-42.9918100">
    <ele>33.8</ele>
    <time>2026-06-15T12:15:54Z</time>
     <extensions>
      <gpxtpx:TrackPointExtension>
       <gpxtpx:hr>127</gpxtpx:hr>
      </gpxtpx:TrackPointExtension>
     </extensions>
   </trkpt>
   <trkpt lat="-2.6640310" lon="-42.9918620">
    <ele>33.2</ele>
    <time>2026-06-15T12:15:59Z</time>
     <extensions>
      <gpxtpx:TrackPointExtension>
       <gpxtpx:hr>121</gpxtpx:hr>
      </gpxtpx:TrackPointExtension>
     </extensions>
   </trkpt>
   <trkpt lat="-2.6640400" lon="-42.9919100">
    <ele>32.4</ele>
    <time>2026-06-15T12:16:04Z</time>
     <extensions>
      <gpxtpx:TrackPointExtension>
       <gpxtpx:hr>121</gpxtpx:hr>
      </gpxtpx:TrackPointExtension>
     </extensions>
   </trkpt>
   <trkpt lat="-2.6640470" lon="-42.9919620">
    <ele>31.8</ele>
    <time>2026-06-15T12:16:09Z</time>
     <extensions>
      <gpxtpx:TrackPointExtension>
       <gpxtpx:hr>123</gpxtpx:hr>
      </gpxtpx:TrackPointExtension>
     </extensions>
   </trkpt>
   <trkpt lat="-2.6640500" lon="-42.9920120">
    <ele>31.4</ele>
    <time>2026-06-15T12:16:14Z</time>
     <extensions>
      <gpxtpx:TrackPointExtension>
       <gpxtpx:hr>123</gpxtpx:hr>
      </gpxtpx:TrackPointExtension>
     </extensions>
   </trkpt>
   <trkpt lat="-2.6640500" lon="-42.9920620">
    <ele>30.8</ele>
    <time>2026-06-15T12:16:19Z</time>
     <extensions>
      <gpxtpx:TrackPointExtension>
       <gpxtpx:hr>122</gpxtpx:hr>
      </gpxtpx:TrackPointExtension>
     </extensions>
   </trkpt>
   <trkpt lat="-2.6640330" lon="-42.9921040">
    <ele>30.4</ele>
    <time>2026-06-15T12:16:24Z</time>
     <extensions>
      <gpxtpx:TrackPointExtension>
       <gpxtpx:hr>122</gpxtpx:hr>
      </gpxtpx:TrackPointExtension>
     </extensions>
   </trkpt>
   <trkpt lat="-2.6639990" lon="-42.9921450">
    <ele>30.2</ele>
    <time>2026-06-15T12:16:29Z</time>
     <extensions>
      <gpxtpx:TrackPointExtension>
       <gpxtpx:hr>121</gpxtpx:hr>
      </gpxtpx:TrackPointExtension>
     </extensions>
   </trkpt>
   <trkpt lat="-2.6639690" lon="-42.9921700">
    <ele>30.2</ele>
    <time>2026-06-15T12:16:34Z</time>
     <extensions>
      <gpxtpx:TrackPointExtension>
       <gpxtpx:hr>121</gpxtpx:hr>
      </gpxtpx:TrackPointExtension>
     </extensions>
   </trkpt>
   <trkpt lat="-2.6639390" lon="-42.9921960">
    <ele>30.2</ele>
    <time>2026-06-15T12:16:39Z</time>
     <extensions>
      <gpxtpx:TrackPointExtension>
       <gpxtpx:hr>127</gpxtpx:hr>
      </gpxtpx:TrackPointExtension>
     </extensions>
   </trkpt>
   <trkpt lat="-2.6639010" lon="-42.9922240">
    <ele>30.2</ele>
    <time>2026-06-15T12:16:44Z</time>
     <extensions>
      <gpxtpx:TrackPointExtension>
       <gpxtpx:hr>130</gpxtpx:hr>
      </gpxtpx:TrackPointExtension>
     </extensions>
   </trkpt>
   <trkpt lat="-2.6638830" lon="-42.9922330">
    <ele>30.2</ele>
    <time>2026-06-15T12:16:49Z</time>
     <extensions>
      <gpxtpx:TrackPointExtension>
       <gpxtpx:hr>130</gpxtpx:hr>
      </gpxtpx:TrackPointExtension>
     </extensions>
   </trkpt>
   <trkpt lat="-2.6638730" lon="-42.9922440">
    <ele>30.0</ele>
    <time>2026-06-15T12:16:54Z</time>
     <extensions>
      <gpxtpx:TrackPointExtension>
       <gpxtpx:hr>127</gpxtpx:hr>
      </gpxtpx:TrackPointExtension>
     </extensions>
   </trkpt>
   <trkpt lat="-2.6638730" lon="-42.9922520">
    <ele>30.4</ele>
    <time>2026-06-15T12:16:59Z</time>
     <extensions>
      <gpxtpx:TrackPointExtension>
       <gpxtpx:hr>125</gpxtpx:hr>
      </gpxtpx:TrackPointExtension>
     </extensions>
   </trkpt>
   <trkpt lat="-2.6638730" lon="-42.9922570">
    <ele>31.4</ele>
    <time>2026-06-15T12:17:04Z</time>
     <extensions>
      <gpxtpx:TrackPointExtension>
       <gpxtpx:hr>130</gpxtpx:hr>
      </gpxtpx:TrackPointExtension>
     </extensions>
   </trkpt>
   <trkpt lat="-2.6638730" lon="-42.9922610">
    <ele>32.6</ele>
    <time>2026-06-15T12:17:09Z</time>
     <extensions>
      <gpxtpx:TrackPointExtension>
       <gpxtpx:hr>130</gpxtpx:hr>
      </gpxtpx:TrackPointExtension>
     </extensions>
   </trkpt>
   <trkpt lat="-2.6638710" lon="-42.9922620">
    <ele>33.8</ele>
    <time>2026-06-15T12:17:14Z</time>
     <extensions>
      <gpxtpx:TrackPointExtension>
       <gpxtpx:hr>125</gpxtpx:hr>
      </gpxtpx:TrackPointExtension>
     </extensions>
   </trkpt>
   <trkpt lat="-2.6638480" lon="-42.9922690">
    <ele>33.0</ele>
    <time>2026-06-15T12:17:19Z</time>
     <extensions>
      <gpxtpx:TrackPointExtension>
       <gpxtpx:hr>126</gpxtpx:hr>
      </gpxtpx:TrackPointExtension>
     </extensions>
   </trkpt>
   <trkpt lat="-2.6638320" lon="-42.9922770">
    <ele>31.0</ele>
    <time>2026-06-15T12:17:24Z</time>
     <extensions>
      <gpxtpx:TrackPointExtension>
       <gpxtpx:hr>122</gpxtpx:hr>
      </gpxtpx:TrackPointExtension>
     </extensions>
   </trkpt>
   <trkpt lat="-2.6637780" lon="-42.9922560">
    <ele>2.4</ele>
    <time>2026-06-15T12:17:58Z</time>
     <extensions>
      <gpxtpx:TrackPointExtension>
       <gpxtpx:hr>119</gpxtpx:hr>
      </gpxtpx:TrackPointExtension>
     </extensions>
   </trkpt>
   <trkpt lat="-2.6637540" lon="-42.9922770">
    <ele>1.8</ele>
    <time>2026-06-15T12:18:03Z</time>
     <extensions>
      <gpxtpx:TrackPointExtension>
       <gpxtpx:hr>119</gpxtpx:hr>
      </gpxtpx:TrackPointExtension>
     </extensions>
   </trkpt>
   <trkpt lat="-2.6637010" lon="-42.9923120">
    <ele>1.8</ele>
    <time>2026-06-15T12:18:08Z</time>
     <extensions>
      <gpxtpx:TrackPointExtension>
       <gpxtpx:hr>120</gpxtpx:hr>
      </gpxtpx:TrackPointExtension>
     </extensions>
   </trkpt>
   <trkpt lat="-2.6636610" lon="-42.9923430">
    <ele>2.0</ele>
    <time>2026-06-15T12:18:13Z</time>
     <extensions>
      <gpxtpx:TrackPointExtension>
       <gpxtpx:hr>120</gpxtpx:hr>
      </gpxtpx:TrackPointExtension>
     </extensions>
   </trkpt>
   <trkpt lat="-2.6636270" lon="-42.9923690">
    <ele>2.6</ele>
    <time>2026-06-15T12:18:18Z</time>
     <extensions>
      <gpxtpx:TrackPointExtension>
       <gpxtpx:hr>117</gpxtpx:hr>
      </gpxtpx:TrackPointExtension>
     </extensions>
   </trkpt>
   <trkpt lat="-2.6635970" lon="-42.9923960">
    <ele>3.6</ele>
    <time>2026-06-15T12:18:23Z</time>
     <extensions>
      <gpxtpx:TrackPointExtension>
       <gpxtpx:hr>115</gpxtpx:hr>
      </gpxtpx:TrackPointExtension>
     </extensions>
   </trkpt>
   <trkpt lat="-2.6635670" lon="-42.9924260">
    <ele>5.2</ele>
    <time>2026-06-15T12:18:28Z</time>
     <extensions>
      <gpxtpx:TrackPointExtension>
       <gpxtpx:hr>120</gpxtpx:hr>
      </gpxtpx:TrackPointExtension>
     </extensions>
   </trkpt>
   <trkpt lat="-2.6635420" lon="-42.9924570">
    <ele>6.6</ele>
    <time>2026-06-15T12:18:33Z</time>
     <extensions>
      <gpxtpx:TrackPointExtension>
       <gpxtpx:hr>123</gpxtpx:hr>
      </gpxtpx:TrackPointExtension>
     </extensions>
   </trkpt>
   <trkpt lat="-2.6635190" lon="-42.9924860">
    <ele>7.4</ele>
    <time>2026-06-15T12:18:38Z</time>
     <extensions>
      <gpxtpx:TrackPointExtension>
       <gpxtpx:hr>124</gpxtpx:hr>
      </gpxtpx:TrackPointExtension>
     </extensions>
   </trkpt>
   <trkpt lat="-2.6635060" lon="-42.9925100">
    <ele>7.8</ele>
    <time>2026-06-15T12:18:43Z</time>
     <extensions>
      <gpxtpx:TrackPointExtension>
       <gpxtpx:hr>124</gpxtpx:hr>
      </gpxtpx:TrackPointExtension>
     </extensions>
   </trkpt>
   <trkpt lat="-2.6634900" lon="-42.9925370">
    <ele>7.6</ele>
    <time>2026-06-15T12:18:48Z</time>
     <extensions>
      <gpxtpx:TrackPointExtension>
       <gpxtpx:hr>140</gpxtpx:hr>
      </gpxtpx:TrackPointExtension>
     </extensions>
   </trkpt>
   <trkpt lat="-2.6634760" lon="-42.9925600">
    <ele>7.4</ele>
    <time>2026-06-15T12:18:53Z</time>
     <extensions>
      <gpxtpx:TrackPointExtension>
       <gpxtpx:hr>148</gpxtpx:hr>
      </gpxtpx:TrackPointExtension>
     </extensions>
   </trkpt>
   <trkpt lat="-2.6634670" lon="-42.9925820">
    <ele>6.8</ele>
    <time>2026-06-15T12:18:58Z</time>
     <extensions>
      <gpxtpx:TrackPointExtension>
       <gpxtpx:hr>154</gpxtpx:hr>
      </gpxtpx:TrackPointExtension>
     </extensions>
   </trkpt>
   <trkpt lat="-2.6634430" lon="-42.9926010">
    <ele>6.4</ele>
    <time>2026-06-15T12:19:03Z</time>
     <extensions>
      <gpxtpx:TrackPointExtension>
       <gpxtpx:hr>153</gpxtpx:hr>
      </gpxtpx:TrackPointExtension>
     </extensions>
   </trkpt>
   <trkpt lat="-2.6634250" lon="-42.9926220">
    <ele>6.0</ele>
    <time>2026-06-15T12:19:08Z</time>
     <extensions>
      <gpxtpx:TrackPointExtension>
       <gpxtpx:hr>150</gpxtpx:hr>
      </gpxtpx:TrackPointExtension>
     </extensions>
   </trkpt>
   <trkpt lat="-2.6634030" lon="-42.9926420">
    <ele>6.0</ele>
    <time>2026-06-15T12:19:13Z</time>
     <extensions>
      <gpxtpx:TrackPointExtension>
       <gpxtpx:hr>150</gpxtpx:hr>
      </gpxtpx:TrackPointExtension>
     </extensions>
   </trkpt>
   <trkpt lat="-2.6633850" lon="-42.9926700">
    <ele>6.2</ele>
    <time>2026-06-15T12:19:18Z</time>
     <extensions>
      <gpxtpx:TrackPointExtension>
       <gpxtpx:hr>148</gpxtpx:hr>
      </gpxtpx:TrackPointExtension>
     </extensions>
   </trkpt>
   <trkpt lat="-2.6633600" lon="-42.9926980">
    <ele>6.2</ele>
    <time>2026-06-15T12:19:23Z</time>
     <extensions>
      <gpxtpx:TrackPointExtension>
       <gpxtpx:hr>148</gpxtpx:hr>
      </gpxtpx:TrackPointExtension>
     </extensions>
   </trkpt>
   <trkpt lat="-2.6633330" lon="-42.9927240">
    <ele>6.0</ele>
    <time>2026-06-15T12:19:28Z</time>
     <extensions>
      <gpxtpx:TrackPointExtension>
       <gpxtpx:hr>146</gpxtpx:hr>
      </gpxtpx:TrackPointExtension>
     </extensions>
   </trkpt>
   <trkpt lat="-2.6633020" lon="-42.9927510">
    <ele>6.0</ele>
    <time>2026-06-15T12:19:33Z</time>
     <extensions>
      <gpxtpx:TrackPointExtension>
       <gpxtpx:hr>148</gpxtpx:hr>
      </gpxtpx:TrackPointExtension>
     </extensions>
   </trkpt>
   <trkpt lat="-2.6632810" lon="-42.9927820">
    <ele>5.8</ele>
    <time>2026-06-15T12:19:38Z</time>
     <extensions>
      <gpxtpx:TrackPointExtension>
       <gpxtpx:hr>149</gpxtpx:hr>
      </gpxtpx:TrackPointExtension>
     </extensions>
   </trkpt>
   <trkpt lat="-2.6632570" lon="-42.9928120">
    <ele>5.6</ele>
    <time>2026-06-15T12:19:43Z</time>
     <extensions>
      <gpxtpx:TrackPointExtension>
       <gpxtpx:hr>149</gpxtpx:hr>
      </gpxtpx:TrackPointExtension>
     </extensions>
   </trkpt>
   <trkpt lat="-2.6632310" lon="-42.9928480">
    <ele>5.8</ele>
    <time>2026-06-15T12:19:48Z</time>
     <extensions>
      <gpxtpx:TrackPointExtension>
       <gpxtpx:hr>150</gpxtpx:hr>
      </gpxtpx:TrackPointExtension>
     </extensions>
   </trkpt>
   <trkpt lat="-2.6632020" lon="-42.9928860">
    <ele>5.8</ele>
    <time>2026-06-15T12:19:53Z</time>
     <extensions>
      <gpxtpx:TrackPointExtension>
       <gpxtpx:hr>152</gpxtpx:hr>
      </gpxtpx:TrackPointExtension>
     </extensions>
   </trkpt>
   <trkpt lat="-2.6631720" lon="-42.9929330">
    <ele>6.2</ele>
    <time>2026-06-15T12:19:58Z</time>
     <extensions>
      <gpxtpx:TrackPointExtension>
       <gpxtpx:hr>152</gpxtpx:hr>
      </gpxtpx:TrackPointExtension>
     </extensions>
   </trkpt>
   <trkpt lat="-2.6631400" lon="-42.9929760">
    <ele>6.2</ele>
    <time>2026-06-15T12:20:03Z</time>
     <extensions>
      <gpxtpx:TrackPointExtension>
       <gpxtpx:hr>152</gpxtpx:hr>
      </gpxtpx:TrackPointExtension>
     </extensions>
   </trkpt>
   <trkpt lat="-2.6631090" lon="-42.9930160">
    <ele>6.4</ele>
    <time>2026-06-15T12:20:08Z</time>
     <extensions>
      <gpxtpx:TrackPointExtension>
       <gpxtpx:hr>152</gpxtpx:hr>
      </gpxtpx:TrackPointExtension>
     </extensions>
   </trkpt>
   <trkpt lat="-2.6630750" lon="-42.9930530">
    <ele>6.4</ele>
    <time>2026-06-15T12:20:13Z</time>
     <extensions>
      <gpxtpx:TrackPointExtension>
       <gpxtpx:hr>149</gpxtpx:hr>
      </gpxtpx:TrackPointExtension>
     </extensions>
   </trkpt>
   <trkpt lat="-2.6630480" lon="-42.9930950">
    <ele>6.6</ele>
    <time>2026-06-15T12:20:18Z</time>
     <extensions>
      <gpxtpx:TrackPointExtension>
       <gpxtpx:hr>147</gpxtpx:hr>
      </gpxtpx:TrackPointExtension>
     </extensions>
   </trkpt>
   <trkpt lat="-2.6630120" lon="-42.9931330">
    <ele>6.8</ele>
    <time>2026-06-15T12:20:23Z</time>
     <extensions>
      <gpxtpx:TrackPointExtension>
       <gpxtpx:hr>144</gpxtpx:hr>
      </gpxtpx:TrackPointExtension>
     </extensions>
   </trkpt>
   <trkpt lat="-2.6629770" lon="-42.9931670">
    <ele>7.0</ele>
    <time>2026-06-15T12:20:28Z</time>
     <extensions>
      <gpxtpx:TrackPointExtension>
       <gpxtpx:hr>144</gpxtpx:hr>
      </gpxtpx:TrackPointExtension>
     </extensions>
   </trkpt>
   <trkpt lat="-2.6629430" lon="-42.9931980">
    <ele>7.0</ele>
    <time>2026-06-15T12:20:33Z</time>
     <extensions>
      <gpxtpx:TrackPointExtension>
       <gpxtpx:hr>135</gpxtpx:hr>
      </gpxtpx:TrackPointExtension>
     </extensions>
   </trkpt>
   <trkpt lat="-2.6629050" lon="-42.9932230">
    <ele>7.0</ele>
    <time>2026-06-15T12:20:38Z</time>
     <extensions>
      <gpxtpx:TrackPointExtension>
       <gpxtpx:hr>138</gpxtpx:hr>
      </gpxtpx:TrackPointExtension>
     </extensions>
   </trkpt>
   <trkpt lat="-2.6628630" lon="-42.9932530">
    <ele>7.4</ele>
    <time>2026-06-15T12:20:43Z</time>
     <extensions>
      <gpxtpx:TrackPointExtension>
       <gpxtpx:hr>138</gpxtpx:hr>
      </gpxtpx:TrackPointExtension>
     </extensions>
   </trkpt>
   <trkpt lat="-2.6628240" lon="-42.9932800">
    <ele>7.6</ele>
    <time>2026-06-15T12:20:48Z</time>
     <extensions>
      <gpxtpx:TrackPointExtension>
       <gpxtpx:hr>130</gpxtpx:hr>
      </gpxtpx:TrackPointExtension>
     </extensions>
   </trkpt>
   <trkpt lat="-2.6627770" lon="-42.9932950">
    <ele>7.8</ele>
    <time>2026-06-15T12:20:53Z</time>
     <extensions>
      <gpxtpx:TrackPointExtension>
       <gpxtpx:hr>130</gpxtpx:hr>
      </gpxtpx:TrackPointExtension>
     </extensions>
   </trkpt>
   <trkpt lat="-2.6627290" lon="-42.9932990">
    <ele>7.8</ele>
    <time>2026-06-15T12:20:58Z</time>
     <extensions>
      <gpxtpx:TrackPointExtension>
       <gpxtpx:hr>123</gpxtpx:hr>
      </gpxtpx:TrackPointExtension>
     </extensions>
   </trkpt>
   <trkpt lat="-2.6626820" lon="-42.9933010">
    <ele>7.6</ele>
    <time>2026-06-15T12:21:03Z</time>
     <extensions>
      <gpxtpx:TrackPointExtension>
       <gpxtpx:hr>123</gpxtpx:hr>
      </gpxtpx:TrackPointExtension>
     </extensions>
   </trkpt>
   <trkpt lat="-2.6626380" lon="-42.9933000">
    <ele>7.4</ele>
    <time>2026-06-15T12:21:08Z</time>
     <extensions>
      <gpxtpx:TrackPointExtension>
       <gpxtpx:hr>122</gpxtpx:hr>
      </gpxtpx:TrackPointExtension>
     </extensions>
   </trkpt>
   <trkpt lat="-2.6625830" lon="-42.9932870">
    <ele>7.2</ele>
    <time>2026-06-15T12:21:13Z</time>
     <extensions>
      <gpxtpx:TrackPointExtension>
       <gpxtpx:hr>120</gpxtpx:hr>
      </gpxtpx:TrackPointExtension>
     </extensions>
   </trkpt>
   <trkpt lat="-2.6625340" lon="-42.9932800">
    <ele>7.0</ele>
    <time>2026-06-15T12:21:18Z</time>
     <extensions>
      <gpxtpx:TrackPointExtension>
       <gpxtpx:hr>123</gpxtpx:hr>
      </gpxtpx:TrackPointExtension>
     </extensions>
   </trkpt>
   <trkpt lat="-2.6624870" lon="-42.9932870">
    <ele>6.8</ele>
    <time>2026-06-15T12:21:23Z</time>
     <extensions>
      <gpxtpx:TrackPointExtension>
       <gpxtpx:hr>118</gpxtpx:hr>
      </gpxtpx:TrackPointExtension>
     </extensions>
   </trkpt>
   <trkpt lat="-2.6624460" lon="-42.9933010">
    <ele>6.6</ele>
    <time>2026-06-15T12:21:28Z</time>
     <extensions>
      <gpxtpx:TrackPointExtension>
       <gpxtpx:hr>122</gpxtpx:hr>
      </gpxtpx:TrackPointExtension>
     </extensions>
   </trkpt>
   <trkpt lat="-2.6624000" lon="-42.9933170">
    <ele>6.4</ele>
    <time>2026-06-15T12:21:33Z</time>
     <extensions>
      <gpxtpx:TrackPointExtension>
       <gpxtpx:hr>120</gpxtpx:hr>
      </gpxtpx:TrackPointExtension>
     </extensions>
   </trkpt>
   <trkpt lat="-2.6623550" lon="-42.9933370">
    <ele>6.2</ele>
    <time>2026-06-15T12:21:38Z</time>
     <extensions>
      <gpxtpx:TrackPointExtension>
       <gpxtpx:hr>124</gpxtpx:hr>
      </gpxtpx:TrackPointExtension>
     </extensions>
   </trkpt>
   <trkpt lat="-2.6623140" lon="-42.9933680">
    <ele>6.0</ele>
    <time>2026-06-15T12:21:43Z</time>
     <extensions>
      <gpxtpx:TrackPointExtension>
       <gpxtpx:hr>124</gpxtpx:hr>
      </gpxtpx:TrackPointExtension>
     </extensions>
   </trkpt>
   <trkpt lat="-2.6622720" lon="-42.9934170">
    <ele>5.8</ele>
    <time>2026-06-15T12:21:48Z</time>
     <extensions>
      <gpxtpx:TrackPointExtension>
       <gpxtpx:hr>124</gpxtpx:hr>
      </gpxtpx:TrackPointExtension>
     </extensions>
   </trkpt>
   <trkpt lat="-2.6622370" lon="-42.9934630">
    <ele>5.4</ele>
    <time>2026-06-15T12:21:53Z</time>
     <extensions>
      <gpxtpx:TrackPointExtension>
       <gpxtpx:hr>122</gpxtpx:hr>
      </gpxtpx:TrackPointExtension>
     </extensions>
   </trkpt>
   <trkpt lat="-2.6622130" lon="-42.9935110">
    <ele>5.2</ele>
    <time>2026-06-15T12:21:58Z</time>
     <extensions>
      <gpxtpx:TrackPointExtension>
       <gpxtpx:hr>122</gpxtpx:hr>
      </gpxtpx:TrackPointExtension>
     </extensions>
   </trkpt>
   <trkpt lat="-2.6622010" lon="-42.9935590">
    <ele>5.2</ele>
    <time>2026-06-15T12:22:03Z</time>
     <extensions>
      <gpxtpx:TrackPointExtension>
       <gpxtpx:hr>114</gpxtpx:hr>
      </gpxtpx:TrackPointExtension>
     </extensions>
   </trkpt>
   <trkpt lat="-2.6621860" lon="-42.9936110">
    <ele>5.2</ele>
    <time>2026-06-15T12:22:08Z</time>
     <extensions>
      <gpxtpx:TrackPointExtension>
       <gpxtpx:hr>121</gpxtpx:hr>
      </gpxtpx:TrackPointExtension>
     </extensions>
   </trkpt>
   <trkpt lat="-2.6621680" lon="-42.9936650">
    <ele>5.2</ele>
    <time>2026-06-15T12:22:13Z</time>
     <extensions>
      <gpxtpx:TrackPointExtension>
       <gpxtpx:hr>121</gpxtpx:hr>
      </gpxtpx:TrackPointExtension>
     </extensions>
   </trkpt>
   <trkpt lat="-2.6621510" lon="-42.9937080">
    <ele>5.2</ele>
    <time>2026-06-15T12:22:18Z</time>
     <extensions>
      <gpxtpx:TrackPointExtension>
       <gpxtpx:hr>123</gpxtpx:hr>
      </gpxtpx:TrackPointExtension>
     </extensions>
   </trkpt>
   <trkpt lat="-2.6621410" lon="-42.9937440">
    <ele>5.2</ele>
    <time>2026-06-15T12:22:23Z</time>
     <extensions>
      <gpxtpx:TrackPointExtension>
       <gpxtpx:hr>123</gpxtpx:hr>
      </gpxtpx:TrackPointExtension>
     </extensions>
   </trkpt>
   <trkpt lat="-2.6621330" lon="-42.9937750">
    <ele>5.0</ele>
    <time>2026-06-15T12:22:28Z</time>
     <extensions>
      <gpxtpx:TrackPointExtension>
       <gpxtpx:hr>123</gpxtpx:hr>
      </gpxtpx:TrackPointExtension>
     </extensions>
   </trkpt>
   <trkpt lat="-2.6621240" lon="-42.9938040">
    <ele>5.0</ele>
    <time>2026-06-15T12:22:33Z</time>
     <extensions>
      <gpxtpx:TrackPointExtension>
       <gpxtpx:hr>122</gpxtpx:hr>
      </gpxtpx:TrackPointExtension>
     </extensions>
   </trkpt>
   <trkpt lat="-2.6621100" lon="-42.9938340">
    <ele>5.0</ele>
    <time>2026-06-15T12:22:38Z</time>
     <extensions>
      <gpxtpx:TrackPointExtension>
       <gpxtpx:hr>125</gpxtpx:hr>
      </gpxtpx:TrackPointExtension>
     </extensions>
   </trkpt>
   <trkpt lat="-2.6620920" lon="-42.9938620">
    <ele>5.2</ele>
    <time>2026-06-15T12:22:43Z</time>
     <extensions>
      <gpxtpx:TrackPointExtension>
       <gpxtpx:hr>125</gpxtpx:hr>
      </gpxtpx:TrackPointExtension>
     </extensions>
   </trkpt>
   <trkpt lat="-2.6620740" lon="-42.9938910">
    <ele>5.4</ele>
    <time>2026-06-15T12:22:48Z</time>
     <extensions>
      <gpxtpx:TrackPointExtension>
       <gpxtpx:hr>136</gpxtpx:hr>
      </gpxtpx:TrackPointExtension>
     </extensions>
   </trkpt>
   <trkpt lat="-2.6620500" lon="-42.9939190">
    <ele>5.8</ele>
    <time>2026-06-15T12:22:53Z</time>
     <extensions>
      <gpxtpx:TrackPointExtension>
       <gpxtpx:hr>138</gpxtpx:hr>
      </gpxtpx:TrackPointExtension>
     </extensions>
   </trkpt>
   <trkpt lat="-2.6620330" lon="-42.9939470">
    <ele>6.0</ele>
    <time>2026-06-15T12:22:58Z</time>
     <extensions>
      <gpxtpx:TrackPointExtension>
       <gpxtpx:hr>142</gpxtpx:hr>
      </gpxtpx:TrackPointExtension>
     </extensions>
   </trkpt>
   <trkpt lat="-2.6620160" lon="-42.9939680">
    <ele>6.0</ele>
    <time>2026-06-15T12:23:03Z</time>
     <extensions>
      <gpxtpx:TrackPointExtension>
       <gpxtpx:hr>142</gpxtpx:hr>
      </gpxtpx:TrackPointExtension>
     </extensions>
   </trkpt>
   <trkpt lat="-2.6619920" lon="-42.9939880">
    <ele>5.8</ele>
    <time>2026-06-15T12:23:08Z</time>
     <extensions>
      <gpxtpx:TrackPointExtension>
       <gpxtpx:hr>148</gpxtpx:hr>
      </gpxtpx:TrackPointExtension>
     </extensions>
   </trkpt>
   <trkpt lat="-2.6619630" lon="-42.9940150">
    <ele>5.8</ele>
    <time>2026-06-15T12:23:13Z</time>
     <extensions>
      <gpxtpx:TrackPointExtension>
       <gpxtpx:hr>152</gpxtpx:hr>
      </gpxtpx:TrackPointExtension>
     </extensions>
   </trkpt>
   <trkpt lat="-2.6619380" lon="-42.9940570">
    <ele>5.8</ele>
    <time>2026-06-15T12:23:18Z</time>
     <extensions>
      <gpxtpx:TrackPointExtension>
       <gpxtpx:hr>153</gpxtpx:hr>
      </gpxtpx:TrackPointExtension>
     </extensions>
   </trkpt>
   <trkpt lat="-2.6619060" lon="-42.9941020">
    <ele>5.8</ele>
    <time>2026-06-15T12:23:23Z</time>
     <extensions>
      <gpxtpx:TrackPointExtension>
       <gpxtpx:hr>153</gpxtpx:hr>
      </gpxtpx:TrackPointExtension>
     </extensions>
   </trkpt>
   <trkpt lat="-2.6618720" lon="-42.9941400">
    <ele>5.8</ele>
    <time>2026-06-15T12:23:28Z</time>
     <extensions>
      <gpxtpx:TrackPointExtension>
       <gpxtpx:hr>160</gpxtpx:hr>
      </gpxtpx:TrackPointExtension>
     </extensions>
   </trkpt>
   <trkpt lat="-2.6618440" lon="-42.9941780">
    <ele>5.8</ele>
    <time>2026-06-15T12:23:33Z</time>
     <extensions>
      <gpxtpx:TrackPointExtension>
       <gpxtpx:hr>162</gpxtpx:hr>
      </gpxtpx:TrackPointExtension>
     </extensions>
   </trkpt>
   <trkpt lat="-2.6618230" lon="-42.9942190">
    <ele>5.8</ele>
    <time>2026-06-15T12:23:38Z</time>
     <extensions>
      <gpxtpx:TrackPointExtension>
       <gpxtpx:hr>162</gpxtpx:hr>
      </gpxtpx:TrackPointExtension>
     </extensions>
   </trkpt>
   <trkpt lat="-2.6618020" lon="-42.9942620">
    <ele>6.0</ele>
    <time>2026-06-15T12:23:43Z</time>
     <extensions>
      <gpxtpx:TrackPointExtension>
       <gpxtpx:hr>158</gpxtpx:hr>
      </gpxtpx:TrackPointExtension>
     </extensions>
   </trkpt>
   <trkpt lat="-2.6617820" lon="-42.9942990">
    <ele>6.2</ele>
    <time>2026-06-15T12:23:48Z</time>
     <extensions>
      <gpxtpx:TrackPointExtension>
       <gpxtpx:hr>152</gpxtpx:hr>
      </gpxtpx:TrackPointExtension>
     </extensions>
   </trkpt>
   <trkpt lat="-2.6617630" lon="-42.9943410">
    <ele>6.4</ele>
    <time>2026-06-15T12:23:53Z</time>
     <extensions>
      <gpxtpx:TrackPointExtension>
       <gpxtpx:hr>147</gpxtpx:hr>
      </gpxtpx:TrackPointExtension>
     </extensions>
   </trkpt>
   <trkpt lat="-2.6617370" lon="-42.9943790">
    <ele>6.4</ele>
    <time>2026-06-15T12:23:58Z</time>
     <extensions>
      <gpxtpx:TrackPointExtension>
       <gpxtpx:hr>142</gpxtpx:hr>
      </gpxtpx:TrackPointExtension>
     </extensions>
   </trkpt>
   <trkpt lat="-2.6617170" lon="-42.9944080">
    <ele>6.4</ele>
    <time>2026-06-15T12:24:03Z</time>
     <extensions>
      <gpxtpx:TrackPointExtension>
       <gpxtpx:hr>142</gpxtpx:hr>
      </gpxtpx:TrackPointExtension>
     </extensions>
   </trkpt>
   <trkpt lat="-2.6617030" lon="-42.9944310">
    <ele>6.4</ele>
    <time>2026-06-15T12:24:08Z</time>
     <extensions>
      <gpxtpx:TrackPointExtension>
       <gpxtpx:hr>133</gpxtpx:hr>
      </gpxtpx:TrackPointExtension>
     </extensions>
   </trkpt>
   <trkpt lat="-2.6616920" lon="-42.9944640">
    <ele>6.6</ele>
    <time>2026-06-15T12:24:13Z</time>
     <extensions>
      <gpxtpx:TrackPointExtension>
       <gpxtpx:hr>129</gpxtpx:hr>
      </gpxtpx:TrackPointExtension>
     </extensions>
   </trkpt>
   <trkpt lat="-2.6616820" lon="-42.9944980">
    <ele>6.8</ele>
    <time>2026-06-15T12:24:18Z</time>
     <extensions>
      <gpxtpx:TrackPointExtension>
       <gpxtpx:hr>129</gpxtpx:hr>
      </gpxtpx:TrackPointExtension>
     </extensions>
   </trkpt>
   <trkpt lat="-2.6616680" lon="-42.9945270">
    <ele>6.8</ele>
    <time>2026-06-15T12:24:23Z</time>
     <extensions>
      <gpxtpx:TrackPointExtension>
       <gpxtpx:hr>127</gpxtpx:hr>
      </gpxtpx:TrackPointExtension>
     </extensions>
   </trkpt>
   <trkpt lat="-2.6616370" lon="-42.9945670">
    <ele>7.0</ele>
    <time>2026-06-15T12:24:28Z</time>
     <extensions>
      <gpxtpx:TrackPointExtension>
       <gpxtpx:hr>130</gpxtpx:hr>
      </gpxtpx:TrackPointExtension>
     </extensions>
   </trkpt>
   <trkpt lat="-2.6616190" lon="-42.9946000">
    <ele>7.2</ele>
    <time>2026-06-15T12:24:33Z</time>
     <extensions>
      <gpxtpx:TrackPointExtension>
       <gpxtpx:hr>130</gpxtpx:hr>
      </gpxtpx:TrackPointExtension>
     </extensions>
   </trkpt>
   <trkpt lat="-2.6615970" lon="-42.9946320">
    <ele>7.4</ele>
    <time>2026-06-15T12:24:38Z</time>
     <extensions>
      <gpxtpx:TrackPointExtension>
       <gpxtpx:hr>129</gpxtpx:hr>
      </gpxtpx:TrackPointExtension>
     </extensions>
   </trkpt>
   <trkpt lat="-2.6615760" lon="-42.9946750">
    <ele>7.4</ele>
    <time>2026-06-15T12:24:43Z</time>
     <extensions>
      <gpxtpx:TrackPointExtension>
       <gpxtpx:hr>124</gpxtpx:hr>
      </gpxtpx:TrackPointExtension>
     </extensions>
   </trkpt>
   <trkpt lat="-2.6615530" lon="-42.9947060">
    <ele>7.0</ele>
    <time>2026-06-15T12:24:48Z</time>
     <extensions>
      <gpxtpx:TrackPointExtension>
       <gpxtpx:hr>131</gpxtpx:hr>
      </gpxtpx:TrackPointExtension>
     </extensions>
   </trkpt>
   <trkpt lat="-2.6615410" lon="-42.9947140">
    <ele>6.6</ele>
    <time>2026-06-15T12:24:53Z</time>
     <extensions>
      <gpxtpx:TrackPointExtension>
       <gpxtpx:hr>131</gpxtpx:hr>
      </gpxtpx:TrackPointExtension>
     </extensions>
   </trkpt>
   <trkpt lat="-2.6615490" lon="-42.9947110">
    <ele>6.4</ele>
    <time>2026-06-15T12:24:58Z</time>
     <extensions>
      <gpxtpx:TrackPointExtension>
       <gpxtpx:hr>129</gpxtpx:hr>
      </gpxtpx:TrackPointExtension>
     </extensions>
   </trkpt>
   <trkpt lat="-2.6615530" lon="-42.9947190">
    <ele>6.6</ele>
    <time>2026-06-15T12:25:03Z</time>
     <extensions>
      <gpxtpx:TrackPointExtension>
       <gpxtpx:hr>126</gpxtpx:hr>
      </gpxtpx:TrackPointExtension>
     </extensions>
   </trkpt>
   <trkpt lat="-2.6615430" lon="-42.9947570">
    <ele>6.8</ele>
    <time>2026-06-15T12:25:08Z</time>
     <extensions>
      <gpxtpx:TrackPointExtension>
       <gpxtpx:hr>123</gpxtpx:hr>
      </gpxtpx:TrackPointExtension>
     </extensions>
   </trkpt>
   <trkpt lat="-2.6615350" lon="-42.9947970">
    <ele>7.0</ele>
    <time>2026-06-15T12:25:13Z</time>
     <extensions>
      <gpxtpx:TrackPointExtension>
       <gpxtpx:hr>120</gpxtpx:hr>
      </gpxtpx:TrackPointExtension>
     </extensions>
   </trkpt>
   <trkpt lat="-2.6615200" lon="-42.9948300">
    <ele>7.2</ele>
    <time>2026-06-15T12:25:18Z</time>
     <extensions>
      <gpxtpx:TrackPointExtension>
       <gpxtpx:hr>123</gpxtpx:hr>
      </gpxtpx:TrackPointExtension>
     </extensions>
   </trkpt>
   <trkpt lat="-2.6615110" lon="-42.9948500">
    <ele>7.4</ele>
    <time>2026-06-15T12:25:23Z</time>
     <extensions>
      <gpxtpx:TrackPointExtension>
       <gpxtpx:hr>123</gpxtpx:hr>
      </gpxtpx:TrackPointExtension>
     </extensions>
   </trkpt>
   <trkpt lat="-2.6614980" lon="-42.9948650">
    <ele>8.0</ele>
    <time>2026-06-15T12:25:28Z</time>
     <extensions>
      <gpxtpx:TrackPointExtension>
       <gpxtpx:hr>122</gpxtpx:hr>
      </gpxtpx:TrackPointExtension>
     </extensions>
   </trkpt>
   <trkpt lat="-2.6614810" lon="-42.9948750">
    <ele>8.8</ele>
    <time>2026-06-15T12:25:33Z</time>
     <extensions>
      <gpxtpx:TrackPointExtension>
       <gpxtpx:hr>122</gpxtpx:hr>
      </gpxtpx:TrackPointExtension>
     </extensions>
   </trkpt>
   <trkpt lat="-2.6614720" lon="-42.9948950">
    <ele>9.2</ele>
    <time>2026-06-15T12:25:38Z</time>
     <extensions>
      <gpxtpx:TrackPointExtension>
       <gpxtpx:hr>133</gpxtpx:hr>
      </gpxtpx:TrackPointExtension>
     </extensions>
   </trkpt>
   <trkpt lat="-2.6614670" lon="-42.9949180">
    <ele>9.2</ele>
    <time>2026-06-15T12:25:43Z</time>
     <extensions>
      <gpxtpx:TrackPointExtension>
       <gpxtpx:hr>138</gpxtpx:hr>
      </gpxtpx:TrackPointExtension>
     </extensions>
   </trkpt>
   <trkpt lat="-2.6614680" lon="-42.9949430">
    <ele>8.8</ele>
    <time>2026-06-15T12:25:48Z</time>
     <extensions>
      <gpxtpx:TrackPointExtension>
       <gpxtpx:hr>138</gpxtpx:hr>
      </gpxtpx:TrackPointExtension>
     </extensions>
   </trkpt>
   <trkpt lat="-2.6614780" lon="-42.9949680">
    <ele>8.4</ele>
    <time>2026-06-15T12:25:53Z</time>
     <extensions>
      <gpxtpx:TrackPointExtension>
       <gpxtpx:hr>139</gpxtpx:hr>
      </gpxtpx:TrackPointExtension>
     </extensions>
   </trkpt>
   <trkpt lat="-2.6614900" lon="-42.9949980">
    <ele>8.0</ele>
    <time>2026-06-15T12:25:58Z</time>
     <extensions>
      <gpxtpx:TrackPointExtension>
       <gpxtpx:hr>139</gpxtpx:hr>
      </gpxtpx:TrackPointExtension>
     </extensions>
   </trkpt>
   <trkpt lat="-2.6615010" lon="-42.9950220">
    <ele>7.6</ele>
    <time>2026-06-15T12:26:03Z</time>
     <extensions>
      <gpxtpx:TrackPointExtension>
       <gpxtpx:hr>145</gpxtpx:hr>
      </gpxtpx:TrackPointExtension>
     </extensions>
   </trkpt>
   <trkpt lat="-2.6615110" lon="-42.9950440">
    <ele>7.4</ele>
    <time>2026-06-15T12:26:08Z</time>
     <extensions>
      <gpxtpx:TrackPointExtension>
       <gpxtpx:hr>146</gpxtpx:hr>
      </gpxtpx:TrackPointExtension>
     </extensions>
   </trkpt>
   <trkpt lat="-2.6615230" lon="-42.9950720">
    <ele>7.4</ele>
    <time>2026-06-15T12:26:13Z</time>
     <extensions>
      <gpxtpx:TrackPointExtension>
       <gpxtpx:hr>145</gpxtpx:hr>
      </gpxtpx:TrackPointExtension>
     </extensions>
   </trkpt>
   <trkpt lat="-2.6615320" lon="-42.9950930">
    <ele>7.2</ele>
    <time>2026-06-15T12:26:18Z</time>
     <extensions>
      <gpxtpx:TrackPointExtension>
       <gpxtpx:hr>150</gpxtpx:hr>
      </gpxtpx:TrackPointExtension>
     </extensions>
   </trkpt>
   <trkpt lat="-2.6615410" lon="-42.9951180">
    <ele>7.2</ele>
    <time>2026-06-15T12:26:23Z</time>
     <extensions>
      <gpxtpx:TrackPointExtension>
       <gpxtpx:hr>149</gpxtpx:hr>
      </gpxtpx:TrackPointExtension>
     </extensions>
   </trkpt>
   <trkpt lat="-2.6615430" lon="-42.9951440">
    <ele>7.4</ele>
    <time>2026-06-15T12:26:28Z</time>
     <extensions>
      <gpxtpx:TrackPointExtension>
       <gpxtpx:hr>151</gpxtpx:hr>
      </gpxtpx:TrackPointExtension>
     </extensions>
   </trkpt>
   <trkpt lat="-2.6615410" lon="-42.9951670">
    <ele>7.4</ele>
    <time>2026-06-15T12:26:33Z</time>
     <extensions>
      <gpxtpx:TrackPointExtension>
       <gpxtpx:hr>151</gpxtpx:hr>
      </gpxtpx:TrackPointExtension>
     </extensions>
   </trkpt>
   <trkpt lat="-2.6615430" lon="-42.9951880">
    <ele>7.4</ele>
    <time>2026-06-15T12:26:38Z</time>
     <extensions>
      <gpxtpx:TrackPointExtension>
       <gpxtpx:hr>153</gpxtpx:hr>
      </gpxtpx:TrackPointExtension>
     </extensions>
   </trkpt>
   <trkpt lat="-2.6615410" lon="-42.9952080">
    <ele>7.4</ele>
    <time>2026-06-15T12:26:43Z</time>
     <extensions>
      <gpxtpx:TrackPointExtension>
       <gpxtpx:hr>154</gpxtpx:hr>
      </gpxtpx:TrackPointExtension>
     </extensions>
   </trkpt>
   <trkpt lat="-2.6615380" lon="-42.9952310">
    <ele>7.4</ele>
    <time>2026-06-15T12:26:48Z</time>
     <extensions>
      <gpxtpx:TrackPointExtension>
       <gpxtpx:hr>154</gpxtpx:hr>
      </gpxtpx:TrackPointExtension>
     </extensions>
   </trkpt>
   <trkpt lat="-2.6615330" lon="-42.9952590">
    <ele>7.6</ele>
    <time>2026-06-15T12:26:53Z</time>
     <extensions>
      <gpxtpx:TrackPointExtension>
       <gpxtpx:hr>153</gpxtpx:hr>
      </gpxtpx:TrackPointExtension>
     </extensions>
   </trkpt>
   <trkpt lat="-2.6615210" lon="-42.9952900">
    <ele>7.2</ele>
    <time>2026-06-15T12:26:58Z</time>
     <extensions>
      <gpxtpx:TrackPointExtension>
       <gpxtpx:hr>153</gpxtpx:hr>
      </gpxtpx:TrackPointExtension>
     </extensions>
   </trkpt>
   <trkpt lat="-2.6614920" lon="-42.9953200">
    <ele>6.2</ele>
    <time>2026-06-15T12:27:03Z</time>
     <extensions>
      <gpxtpx:TrackPointExtension>
       <gpxtpx:hr>151</gpxtpx:hr>
      </gpxtpx:TrackPointExtension>
     </extensions>
   </trkpt>
   <trkpt lat="-2.6614430" lon="-42.9953580">
    <ele>5.0</ele>
    <time>2026-06-15T12:27:08Z</time>
     <extensions>
      <gpxtpx:TrackPointExtension>
       <gpxtpx:hr>154</gpxtpx:hr>
      </gpxtpx:TrackPointExtension>
     </extensions>
   </trkpt>
   <trkpt lat="-2.6614010" lon="-42.9953860">
    <ele>3.8</ele>
    <time>2026-06-15T12:27:13Z</time>
     <extensions>
      <gpxtpx:TrackPointExtension>
       <gpxtpx:hr>154</gpxtpx:hr>
      </gpxtpx:TrackPointExtension>
     </extensions>
   </trkpt>
   <trkpt lat="-2.6613540" lon="-42.9954170">
    <ele>1.4</ele>
    <time>2026-06-15T12:27:18Z</time>
     <extensions>
      <gpxtpx:TrackPointExtension>
       <gpxtpx:hr>157</gpxtpx:hr>
      </gpxtpx:TrackPointExtension>
     </extensions>
   </trkpt>
   <trkpt lat="-2.6610570" lon="-42.9953650">
    <ele>3.8</ele>
    <time>2026-06-15T12:28:16Z</time>
     <extensions>
      <gpxtpx:TrackPointExtension>
       <gpxtpx:hr>154</gpxtpx:hr>
      </gpxtpx:TrackPointExtension>
     </extensions>
   </trkpt>
   <trkpt lat="-2.6610580" lon="-42.9953650">
    <ele>2.0</ele>
    <time>2026-06-15T12:28:21Z</time>
     <extensions>
      <gpxtpx:TrackPointExtension>
       <gpxtpx:hr>130</gpxtpx:hr>
      </gpxtpx:TrackPointExtension>
     </extensions>
   </trkpt>
   <trkpt lat="-2.6610550" lon="-42.9953670">
    <ele>0.8</ele>
    <time>2026-06-15T12:28:26Z</time>
     <extensions>
      <gpxtpx:TrackPointExtension>
       <gpxtpx:hr>132</gpxtpx:hr>
      </gpxtpx:TrackPointExtension>
     </extensions>
   </trkpt>
   <trkpt lat="-2.6609950" lon="-42.9953980">
    <ele>3.8</ele>
    <time>2026-06-15T12:28:53Z</time>
     <extensions>
      <gpxtpx:TrackPointExtension>
       <gpxtpx:hr>132</gpxtpx:hr>
      </gpxtpx:TrackPointExtension>
     </extensions>
   </trkpt>
   <trkpt lat="-2.6609730" lon="-42.9954200">
    <ele>2.0</ele>
    <time>2026-06-15T12:28:58Z</time>
     <extensions>
      <gpxtpx:TrackPointExtension>
       <gpxtpx:hr>132</gpxtpx:hr>
      </gpxtpx:TrackPointExtension>
     </extensions>
   </trkpt>
   <trkpt lat="-2.6609430" lon="-42.9954570">
    <ele>1.4</ele>
    <time>2026-06-15T12:29:03Z</time>
     <extensions>
      <gpxtpx:TrackPointExtension>
       <gpxtpx:hr>119</gpxtpx:hr>
      </gpxtpx:TrackPointExtension>
     </extensions>
   </trkpt>
   <trkpt lat="-2.6609150" lon="-42.9954970">
    <ele>1.4</ele>
    <time>2026-06-15T12:29:08Z</time>
     <extensions>
      <gpxtpx:TrackPointExtension>
       <gpxtpx:hr>119</gpxtpx:hr>
      </gpxtpx:TrackPointExtension>
     </extensions>
   </trkpt>
   <trkpt lat="-2.6608940" lon="-42.9955340">
    <ele>1.6</ele>
    <time>2026-06-15T12:29:13Z</time>
     <extensions>
      <gpxtpx:TrackPointExtension>
       <gpxtpx:hr>119</gpxtpx:hr>
      </gpxtpx:TrackPointExtension>
     </extensions>
   </trkpt>
   <trkpt lat="-2.6608700" lon="-42.9955620">
    <ele>1.8</ele>
    <time>2026-06-15T12:29:18Z</time>
     <extensions>
      <gpxtpx:TrackPointExtension>
       <gpxtpx:hr>122</gpxtpx:hr>
      </gpxtpx:TrackPointExtension>
     </extensions>
   </trkpt>
   <trkpt lat="-2.6608420" lon="-42.9955890">
    <ele>2.2</ele>
    <time>2026-06-15T12:29:23Z</time>
     <extensions>
      <gpxtpx:TrackPointExtension>
       <gpxtpx:hr>122</gpxtpx:hr>
      </gpxtpx:TrackPointExtension>
     </extensions>
   </trkpt>
   <trkpt lat="-2.6608130" lon="-42.9956130">
    <ele>2.8</ele>
    <time>2026-06-15T12:29:28Z</time>
     <extensions>
      <gpxtpx:TrackPointExtension>
       <gpxtpx:hr>132</gpxtpx:hr>
      </gpxtpx:TrackPointExtension>
     </extensions>
   </trkpt>
   <trkpt lat="-2.6607980" lon="-42.9956360">
    <ele>3.4</ele>
    <time>2026-06-15T12:29:33Z</time>
     <extensions>
      <gpxtpx:TrackPointExtension>
       <gpxtpx:hr>132</gpxtpx:hr>
      </gpxtpx:TrackPointExtension>
     </extensions>
   </trkpt>
   <trkpt lat="-2.6607760" lon="-42.9956750">
    <ele>3.8</ele>
    <time>2026-06-15T12:29:38Z</time>
     <extensions>
      <gpxtpx:TrackPointExtension>
       <gpxtpx:hr>136</gpxtpx:hr>
      </gpxtpx:TrackPointExtension>
     </extensions>
   </trkpt>
   <trkpt lat="-2.6607600" lon="-42.9957210">
    <ele>4.2</ele>
    <time>2026-06-15T12:29:43Z</time>
     <extensions>
      <gpxtpx:TrackPointExtension>
       <gpxtpx:hr>136</gpxtpx:hr>
      </gpxtpx:TrackPointExtension>
     </extensions>
   </trkpt>
   <trkpt lat="-2.6607650" lon="-42.9957730">
    <ele>4.6</ele>
    <time>2026-06-15T12:29:48Z</time>
     <extensions>
      <gpxtpx:TrackPointExtension>
       <gpxtpx:hr>136</gpxtpx:hr>
      </gpxtpx:TrackPointExtension>
     </extensions>
   </trkpt>
   <trkpt lat="-2.6607690" lon="-42.9958170">
    <ele>5.0</ele>
    <time>2026-06-15T12:29:53Z</time>
     <extensions>
      <gpxtpx:TrackPointExtension>
       <gpxtpx:hr>117</gpxtpx:hr>
      </gpxtpx:TrackPointExtension>
     </extensions>
   </trkpt>
   <trkpt lat="-2.6607690" lon="-42.9958580">
    <ele>5.2</ele>
    <time>2026-06-15T12:29:58Z</time>
     <extensions>
      <gpxtpx:TrackPointExtension>
       <gpxtpx:hr>118</gpxtpx:hr>
      </gpxtpx:TrackPointExtension>
     </extensions>
   </trkpt>
   <trkpt lat="-2.6607780" lon="-42.9959120">
    <ele>5.4</ele>
    <time>2026-06-15T12:30:03Z</time>
     <extensions>
      <gpxtpx:TrackPointExtension>
       <gpxtpx:hr>120</gpxtpx:hr>
      </gpxtpx:TrackPointExtension>
     </extensions>
   </trkpt>
   <trkpt lat="-2.6607730" lon="-42.9959640">
    <ele>5.4</ele>
    <time>2026-06-15T12:30:08Z</time>
     <extensions>
      <gpxtpx:TrackPointExtension>
       <gpxtpx:hr>123</gpxtpx:hr>
      </gpxtpx:TrackPointExtension>
     </extensions>
   </trkpt>
   <trkpt lat="-2.6607710" lon="-42.9960170">
    <ele>5.6</ele>
    <time>2026-06-15T12:30:13Z</time>
     <extensions>
      <gpxtpx:TrackPointExtension>
       <gpxtpx:hr>123</gpxtpx:hr>
      </gpxtpx:TrackPointExtension>
     </extensions>
   </trkpt>
   <trkpt lat="-2.6607780" lon="-42.9960630">
    <ele>5.8</ele>
    <time>2026-06-15T12:30:18Z</time>
     <extensions>
      <gpxtpx:TrackPointExtension>
       <gpxtpx:hr>123</gpxtpx:hr>
      </gpxtpx:TrackPointExtension>
     </extensions>
   </trkpt>
   <trkpt lat="-2.6607950" lon="-42.9961080">
    <ele>5.8</ele>
    <time>2026-06-15T12:30:23Z</time>
     <extensions>
      <gpxtpx:TrackPointExtension>
       <gpxtpx:hr>122</gpxtpx:hr>
      </gpxtpx:TrackPointExtension>
     </extensions>
   </trkpt>
   <trkpt lat="-2.6608120" lon="-42.9961550">
    <ele>6.0</ele>
    <time>2026-06-15T12:30:28Z</time>
     <extensions>
      <gpxtpx:TrackPointExtension>
       <gpxtpx:hr>127</gpxtpx:hr>
      </gpxtpx:TrackPointExtension>
     </extensions>
   </trkpt>
   <trkpt lat="-2.6608250" lon="-42.9961770">
    <ele>6.0</ele>
    <time>2026-06-15T12:30:33Z</time>
     <extensions>
      <gpxtpx:TrackPointExtension>
       <gpxtpx:hr>127</gpxtpx:hr>
      </gpxtpx:TrackPointExtension>
     </extensions>
   </trkpt>
   <trkpt lat="-2.6608450" lon="-42.9961700">
    <ele>6.0</ele>
    <time>2026-06-15T12:30:38Z</time>
     <extensions>
      <gpxtpx:TrackPointExtension>
       <gpxtpx:hr>121</gpxtpx:hr>
      </gpxtpx:TrackPointExtension>
     </extensions>
   </trkpt>
   <trkpt lat="-2.6608520" lon="-42.9961640">
    <ele>6.0</ele>
    <time>2026-06-15T12:30:43Z</time>
     <extensions>
      <gpxtpx:TrackPointExtension>
       <gpxtpx:hr>121</gpxtpx:hr>
      </gpxtpx:TrackPointExtension>
     </extensions>
   </trkpt>
   <trkpt lat="-2.6608620" lon="-42.9961670">
    <ele>5.8</ele>
    <time>2026-06-15T12:30:48Z</time>
     <extensions>
      <gpxtpx:TrackPointExtension>
       <gpxtpx:hr>121</gpxtpx:hr>
      </gpxtpx:TrackPointExtension>
     </extensions>
   </trkpt>
   <trkpt lat="-2.6608680" lon="-42.9961690">
    <ele>5.6</ele>
    <time>2026-06-15T12:30:53Z</time>
     <extensions>
      <gpxtpx:TrackPointExtension>
       <gpxtpx:hr>127</gpxtpx:hr>
      </gpxtpx:TrackPointExtension>
     </extensions>
   </trkpt>
   <trkpt lat="-2.6608770" lon="-42.9961700">
    <ele>5.8</ele>
    <time>2026-06-15T12:30:58Z</time>
     <extensions>
      <gpxtpx:TrackPointExtension>
       <gpxtpx:hr>127</gpxtpx:hr>
      </gpxtpx:TrackPointExtension>
     </extensions>
   </trkpt>
   <trkpt lat="-2.6608960" lon="-42.9961820">
    <ele>6.2</ele>
    <time>2026-06-15T12:31:03Z</time>
     <extensions>
      <gpxtpx:TrackPointExtension>
       <gpxtpx:hr>117</gpxtpx:hr>
      </gpxtpx:TrackPointExtension>
     </extensions>
   </trkpt>
   <trkpt lat="-2.6609090" lon="-42.9962150">
    <ele>6.6</ele>
    <time>2026-06-15T12:31:08Z</time>
     <extensions>
      <gpxtpx:TrackPointExtension>
       <gpxtpx:hr>117</gpxtpx:hr>
      </gpxtpx:TrackPointExtension>
     </extensions>
   </trkpt>
   <trkpt lat="-2.6608990" lon="-42.9962130">
    <ele>6.8</ele>
    <time>2026-06-15T12:31:13Z</time>
     <extensions>
      <gpxtpx:TrackPointExtension>
       <gpxtpx:hr>122</gpxtpx:hr>
      </gpxtpx:TrackPointExtension>
     </extensions>
   </trkpt>
   <trkpt lat="-2.6608910" lon="-42.9962140">
    <ele>6.8</ele>
    <time>2026-06-15T12:31:18Z</time>
     <extensions>
      <gpxtpx:TrackPointExtension>
       <gpxtpx:hr>120</gpxtpx:hr>
      </gpxtpx:TrackPointExtension>
     </extensions>
   </trkpt>
   <trkpt lat="-2.6608790" lon="-42.9962250">
    <ele>6.0</ele>
    <time>2026-06-15T12:31:23Z</time>
     <extensions>
      <gpxtpx:TrackPointExtension>
       <gpxtpx:hr>122</gpxtpx:hr>
      </gpxtpx:TrackPointExtension>
     </extensions>
   </trkpt>
   <trkpt lat="-2.6608680" lon="-42.9962300">
    <ele>3.8</ele>
    <time>2026-06-15T12:31:28Z</time>
     <extensions>
      <gpxtpx:TrackPointExtension>
       <gpxtpx:hr>122</gpxtpx:hr>
      </gpxtpx:TrackPointExtension>
     </extensions>
   </trkpt>
   <trkpt lat="-2.6606600" lon="-42.9967140">
    <ele>49.8</ele>
    <time>2026-06-15T13:05:34Z</time>
     <extensions>
      <gpxtpx:TrackPointExtension>
       <gpxtpx:hr>114</gpxtpx:hr>
      </gpxtpx:TrackPointExtension>
     </extensions>
   </trkpt>
   <trkpt lat="-2.6606510" lon="-42.9967720">
    <ele>49.6</ele>
    <time>2026-06-15T13:05:40Z</time>
     <extensions>
      <gpxtpx:TrackPointExtension>
       <gpxtpx:hr>145</gpxtpx:hr>
      </gpxtpx:TrackPointExtension>
     </extensions>
   </trkpt>
   <trkpt lat="-2.6606220" lon="-42.9968160">
    <ele>49.0</ele>
    <time>2026-06-15T13:05:45Z</time>
     <extensions>
      <gpxtpx:TrackPointExtension>
       <gpxtpx:hr>145</gpxtpx:hr>
      </gpxtpx:TrackPointExtension>
     </extensions>
   </trkpt>
   <trkpt lat="-2.6605840" lon="-42.9968780">
    <ele>48.2</ele>
    <time>2026-06-15T13:05:50Z</time>
     <extensions>
      <gpxtpx:TrackPointExtension>
       <gpxtpx:hr>145</gpxtpx:hr>
      </gpxtpx:TrackPointExtension>
     </extensions>
   </trkpt>
   <trkpt lat="-2.6605670" lon="-42.9969180">
    <ele>48.0</ele>
    <time>2026-06-15T13:05:55Z</time>
     <extensions>
      <gpxtpx:TrackPointExtension>
       <gpxtpx:hr>140</gpxtpx:hr>
      </gpxtpx:TrackPointExtension>
     </extensions>
   </trkpt>
   <trkpt lat="-2.6605550" lon="-42.9969590">
    <ele>48.6</ele>
    <time>2026-06-15T13:06:00Z</time>
     <extensions>
      <gpxtpx:TrackPointExtension>
       <gpxtpx:hr>135</gpxtpx:hr>
      </gpxtpx:TrackPointExtension>
     </extensions>
   </trkpt>
   <trkpt lat="-2.6605440" lon="-42.9970040">
    <ele>50.0</ele>
    <time>2026-06-15T13:06:06Z</time>
     <extensions>
      <gpxtpx:TrackPointExtension>
       <gpxtpx:hr>132</gpxtpx:hr>
      </gpxtpx:TrackPointExtension>
     </extensions>
   </trkpt>
   <trkpt lat="-2.6605340" lon="-42.9970500">
    <ele>51.2</ele>
    <time>2026-06-15T13:06:11Z</time>
     <extensions>
      <gpxtpx:TrackPointExtension>
       <gpxtpx:hr>132</gpxtpx:hr>
      </gpxtpx:TrackPointExtension>
     </extensions>
   </trkpt>
   <trkpt lat="-2.6605140" lon="-42.9970920">
    <ele>52.2</ele>
    <time>2026-06-15T13:06:16Z</time>
     <extensions>
      <gpxtpx:TrackPointExtension>
       <gpxtpx:hr>132</gpxtpx:hr>
      </gpxtpx:TrackPointExtension>
     </extensions>
   </trkpt>
   <trkpt lat="-2.6604960" lon="-42.9971310">
    <ele>52.6</ele>
    <time>2026-06-15T13:06:21Z</time>
     <extensions>
      <gpxtpx:TrackPointExtension>
       <gpxtpx:hr>133</gpxtpx:hr>
      </gpxtpx:TrackPointExtension>
     </extensions>
   </trkpt>
   <trkpt lat="-2.6604700" lon="-42.9971690">
    <ele>52.8</ele>
    <time>2026-06-15T13:06:26Z</time>
     <extensions>
      <gpxtpx:TrackPointExtension>
       <gpxtpx:hr>130</gpxtpx:hr>
      </gpxtpx:TrackPointExtension>
     </extensions>
   </trkpt>
   <trkpt lat="-2.6604470" lon="-42.9972080">
    <ele>52.8</ele>
    <time>2026-06-15T13:06:31Z</time>
     <extensions>
      <gpxtpx:TrackPointExtension>
       <gpxtpx:hr>124</gpxtpx:hr>
      </gpxtpx:TrackPointExtension>
     </extensions>
   </trkpt>
   <trkpt lat="-2.6604190" lon="-42.9972460">
    <ele>52.6</ele>
    <time>2026-06-15T13:06:36Z</time>
     <extensions>
      <gpxtpx:TrackPointExtension>
       <gpxtpx:hr>124</gpxtpx:hr>
      </gpxtpx:TrackPointExtension>
     </extensions>
   </trkpt>
   <trkpt lat="-2.6603920" lon="-42.9972960">
    <ele>52.6</ele>
    <time>2026-06-15T13:06:41Z</time>
     <extensions>
      <gpxtpx:TrackPointExtension>
       <gpxtpx:hr>123</gpxtpx:hr>
      </gpxtpx:TrackPointExtension>
     </extensions>
   </trkpt>
   <trkpt lat="-2.6603730" lon="-42.9973410">
    <ele>52.6</ele>
    <time>2026-06-15T13:06:46Z</time>
     <extensions>
      <gpxtpx:TrackPointExtension>
       <gpxtpx:hr>123</gpxtpx:hr>
      </gpxtpx:TrackPointExtension>
     </extensions>
   </trkpt>
   <trkpt lat="-2.6603530" lon="-42.9973880">
    <ele>52.8</ele>
    <time>2026-06-15T13:06:51Z</time>
     <extensions>
      <gpxtpx:TrackPointExtension>
       <gpxtpx:hr>116</gpxtpx:hr>
      </gpxtpx:TrackPointExtension>
     </extensions>
   </trkpt>
   <trkpt lat="-2.6603220" lon="-42.9974270">
    <ele>53.2</ele>
    <time>2026-06-15T13:06:56Z</time>
     <extensions>
      <gpxtpx:TrackPointExtension>
       <gpxtpx:hr>119</gpxtpx:hr>
      </gpxtpx:TrackPointExtension>
     </extensions>
   </trkpt>
   <trkpt lat="-2.6602890" lon="-42.9974600">
    <ele>53.2</ele>
    <time>2026-06-15T13:07:01Z</time>
     <extensions>
      <gpxtpx:TrackPointExtension>
       <gpxtpx:hr>117</gpxtpx:hr>
      </gpxtpx:TrackPointExtension>
     </extensions>
   </trkpt>
   <trkpt lat="-2.6602610" lon="-42.9974970">
    <ele>53.4</ele>
    <time>2026-06-15T13:07:06Z</time>
     <extensions>
      <gpxtpx:TrackPointExtension>
       <gpxtpx:hr>117</gpxtpx:hr>
      </gpxtpx:TrackPointExtension>
     </extensions>
   </trkpt>
   <trkpt lat="-2.6602380" lon="-42.9975400">
    <ele>53.6</ele>
    <time>2026-06-15T13:07:11Z</time>
     <extensions>
      <gpxtpx:TrackPointExtension>
       <gpxtpx:hr>117</gpxtpx:hr>
      </gpxtpx:TrackPointExtension>
     </extensions>
   </trkpt>
   <trkpt lat="-2.6602210" lon="-42.9975810">
    <ele>53.8</ele>
    <time>2026-06-15T13:07:16Z</time>
     <extensions>
      <gpxtpx:TrackPointExtension>
       <gpxtpx:hr>120</gpxtpx:hr>
      </gpxtpx:TrackPointExtension>
     </extensions>
   </trkpt>
   <trkpt lat="-2.6602020" lon="-42.9976220">
    <ele>54.0</ele>
    <time>2026-06-15T13:07:21Z</time>
     <extensions>
      <gpxtpx:TrackPointExtension>
       <gpxtpx:hr>124</gpxtpx:hr>
      </gpxtpx:TrackPointExtension>
     </extensions>
   </trkpt>
   <trkpt lat="-2.6601800" lon="-42.9976600">
    <ele>54.0</ele>
    <time>2026-06-15T13:07:26Z</time>
     <extensions>
      <gpxtpx:TrackPointExtension>
       <gpxtpx:hr>117</gpxtpx:hr>
      </gpxtpx:TrackPointExtension>
     </extensions>
   </trkpt>
   <trkpt lat="-2.6601580" lon="-42.9976980">
    <ele>54.0</ele>
    <time>2026-06-15T13:07:31Z</time>
     <extensions>
      <gpxtpx:TrackPointExtension>
       <gpxtpx:hr>117</gpxtpx:hr>
      </gpxtpx:TrackPointExtension>
     </extensions>
   </trkpt>
   <trkpt lat="-2.6601410" lon="-42.9977370">
    <ele>53.8</ele>
    <time>2026-06-15T13:07:36Z</time>
     <extensions>
      <gpxtpx:TrackPointExtension>
       <gpxtpx:hr>119</gpxtpx:hr>
      </gpxtpx:TrackPointExtension>
     </extensions>
   </trkpt>
   <trkpt lat="-2.6601260" lon="-42.9977760">
    <ele>53.2</ele>
    <time>2026-06-15T13:07:41Z</time>
     <extensions>
      <gpxtpx:TrackPointExtension>
       <gpxtpx:hr>120</gpxtpx:hr>
      </gpxtpx:TrackPointExtension>
     </extensions>
   </trkpt>
   <trkpt lat="-2.6601080" lon="-42.9978130">
    <ele>52.8</ele>
    <time>2026-06-15T13:07:46Z</time>
     <extensions>
      <gpxtpx:TrackPointExtension>
       <gpxtpx:hr>120</gpxtpx:hr>
      </gpxtpx:TrackPointExtension>
     </extensions>
   </trkpt>
   <trkpt lat="-2.6600980" lon="-42.9978550">
    <ele>52.2</ele>
    <time>2026-06-15T13:07:51Z</time>
     <extensions>
      <gpxtpx:TrackPointExtension>
       <gpxtpx:hr>121</gpxtpx:hr>
      </gpxtpx:TrackPointExtension>
     </extensions>
   </trkpt>
   <trkpt lat="-2.6600940" lon="-42.9978980">
    <ele>51.6</ele>
    <time>2026-06-15T13:07:56Z</time>
     <extensions>
      <gpxtpx:TrackPointExtension>
       <gpxtpx:hr>120</gpxtpx:hr>
      </gpxtpx:TrackPointExtension>
     </extensions>
   </trkpt>
   <trkpt lat="-2.6601000" lon="-42.9979430">
    <ele>51.2</ele>
    <time>2026-06-15T13:08:01Z</time>
     <extensions>
      <gpxtpx:TrackPointExtension>
       <gpxtpx:hr>115</gpxtpx:hr>
      </gpxtpx:TrackPointExtension>
     </extensions>
   </trkpt>
   <trkpt lat="-2.6601020" lon="-42.9979840">
    <ele>50.6</ele>
    <time>2026-06-15T13:08:06Z</time>
     <extensions>
      <gpxtpx:TrackPointExtension>
       <gpxtpx:hr>121</gpxtpx:hr>
      </gpxtpx:TrackPointExtension>
     </extensions>
   </trkpt>
   <trkpt lat="-2.6601010" lon="-42.9980180">
    <ele>50.2</ele>
    <time>2026-06-15T13:08:11Z</time>
     <extensions>
      <gpxtpx:TrackPointExtension>
       <gpxtpx:hr>117</gpxtpx:hr>
      </gpxtpx:TrackPointExtension>
     </extensions>
   </trkpt>
   <trkpt lat="-2.6600960" lon="-42.9980460">
    <ele>49.8</ele>
    <time>2026-06-15T13:08:16Z</time>
     <extensions>
      <gpxtpx:TrackPointExtension>
       <gpxtpx:hr>117</gpxtpx:hr>
      </gpxtpx:TrackPointExtension>
     </extensions>
   </trkpt>
   <trkpt lat="-2.6600940" lon="-42.9980700">
    <ele>49.2</ele>
    <time>2026-06-15T13:08:21Z</time>
     <extensions>
      <gpxtpx:TrackPointExtension>
       <gpxtpx:hr>117</gpxtpx:hr>
      </gpxtpx:TrackPointExtension>
     </extensions>
   </trkpt>
   <trkpt lat="-2.6600950" lon="-42.9980930">
    <ele>48.6</ele>
    <time>2026-06-15T13:08:26Z</time>
     <extensions>
      <gpxtpx:TrackPointExtension>
       <gpxtpx:hr>122</gpxtpx:hr>
      </gpxtpx:TrackPointExtension>
     </extensions>
   </trkpt>
   <trkpt lat="-2.6600980" lon="-42.9981150">
    <ele>47.8</ele>
    <time>2026-06-15T13:08:31Z</time>
     <extensions>
      <gpxtpx:TrackPointExtension>
       <gpxtpx:hr>122</gpxtpx:hr>
      </gpxtpx:TrackPointExtension>
     </extensions>
   </trkpt>
   <trkpt lat="-2.6601020" lon="-42.9981680">
    <ele>47.2</ele>
    <time>2026-06-15T13:08:36Z</time>
     <extensions>
      <gpxtpx:TrackPointExtension>
       <gpxtpx:hr>125</gpxtpx:hr>
      </gpxtpx:TrackPointExtension>
     </extensions>
   </trkpt>
   <trkpt lat="-2.6601040" lon="-42.9982250">
    <ele>46.8</ele>
    <time>2026-06-15T13:08:41Z</time>
     <extensions>
      <gpxtpx:TrackPointExtension>
       <gpxtpx:hr>125</gpxtpx:hr>
      </gpxtpx:TrackPointExtension>
     </extensions>
   </trkpt>
   <trkpt lat="-2.6601020" lon="-42.9982820">
    <ele>46.4</ele>
    <time>2026-06-15T13:08:46Z</time>
     <extensions>
      <gpxtpx:TrackPointExtension>
       <gpxtpx:hr>122</gpxtpx:hr>
      </gpxtpx:TrackPointExtension>
     </extensions>
   </trkpt>
   <trkpt lat="-2.6601090" lon="-42.9983290">
    <ele>46.2</ele>
    <time>2026-06-15T13:08:51Z</time>
     <extensions>
      <gpxtpx:TrackPointExtension>
       <gpxtpx:hr>121</gpxtpx:hr>
      </gpxtpx:TrackPointExtension>
     </extensions>
   </trkpt>
   <trkpt lat="-2.6601120" lon="-42.9983800">
    <ele>46.0</ele>
    <time>2026-06-15T13:08:56Z</time>
     <extensions>
      <gpxtpx:TrackPointExtension>
       <gpxtpx:hr>122</gpxtpx:hr>
      </gpxtpx:TrackPointExtension>
     </extensions>
   </trkpt>
   <trkpt lat="-2.6601160" lon="-42.9984340">
    <ele>45.8</ele>
    <time>2026-06-15T13:09:01Z</time>
     <extensions>
      <gpxtpx:TrackPointExtension>
       <gpxtpx:hr>122</gpxtpx:hr>
      </gpxtpx:TrackPointExtension>
     </extensions>
   </trkpt>
   <trkpt lat="-2.6601250" lon="-42.9984960">
    <ele>45.8</ele>
    <time>2026-06-15T13:09:06Z</time>
     <extensions>
      <gpxtpx:TrackPointExtension>
       <gpxtpx:hr>121</gpxtpx:hr>
      </gpxtpx:TrackPointExtension>
     </extensions>
   </trkpt>
   <trkpt lat="-2.6601270" lon="-42.9985550">
    <ele>45.8</ele>
    <time>2026-06-15T13:09:11Z</time>
     <extensions>
      <gpxtpx:TrackPointExtension>
       <gpxtpx:hr>125</gpxtpx:hr>
      </gpxtpx:TrackPointExtension>
     </extensions>
   </trkpt>
   <trkpt lat="-2.6601290" lon="-42.9986120">
    <ele>45.8</ele>
    <time>2026-06-15T13:09:16Z</time>
     <extensions>
      <gpxtpx:TrackPointExtension>
       <gpxtpx:hr>125</gpxtpx:hr>
      </gpxtpx:TrackPointExtension>
     </extensions>
   </trkpt>
   <trkpt lat="-2.6601180" lon="-42.9986670">
    <ele>45.8</ele>
    <time>2026-06-15T13:09:21Z</time>
     <extensions>
      <gpxtpx:TrackPointExtension>
       <gpxtpx:hr>123</gpxtpx:hr>
      </gpxtpx:TrackPointExtension>
     </extensions>
   </trkpt>
   <trkpt lat="-2.6601180" lon="-42.9987110">
    <ele>45.8</ele>
    <time>2026-06-15T13:09:26Z</time>
     <extensions>
      <gpxtpx:TrackPointExtension>
       <gpxtpx:hr>120</gpxtpx:hr>
      </gpxtpx:TrackPointExtension>
     </extensions>
   </trkpt>
   <trkpt lat="-2.6601190" lon="-42.9987540">
    <ele>45.6</ele>
    <time>2026-06-15T13:09:31Z</time>
     <extensions>
      <gpxtpx:TrackPointExtension>
       <gpxtpx:hr>120</gpxtpx:hr>
      </gpxtpx:TrackPointExtension>
     </extensions>
   </trkpt>
   <trkpt lat="-2.6601190" lon="-42.9987930">
    <ele>45.4</ele>
    <time>2026-06-15T13:09:36Z</time>
     <extensions>
      <gpxtpx:TrackPointExtension>
       <gpxtpx:hr>120</gpxtpx:hr>
      </gpxtpx:TrackPointExtension>
     </extensions>
   </trkpt>
   <trkpt lat="-2.6601130" lon="-42.9988350">
    <ele>45.0</ele>
    <time>2026-06-15T13:09:41Z</time>
     <extensions>
      <gpxtpx:TrackPointExtension>
       <gpxtpx:hr>115</gpxtpx:hr>
      </gpxtpx:TrackPointExtension>
     </extensions>
   </trkpt>
   <trkpt lat="-2.6601120" lon="-42.9988910">
    <ele>44.6</ele>
    <time>2026-06-15T13:09:46Z</time>
     <extensions>
      <gpxtpx:TrackPointExtension>
       <gpxtpx:hr>119</gpxtpx:hr>
      </gpxtpx:TrackPointExtension>
     </extensions>
   </trkpt>
   <trkpt lat="-2.6601120" lon="-42.9989360">
    <ele>44.2</ele>
    <time>2026-06-15T13:09:51Z</time>
     <extensions>
      <gpxtpx:TrackPointExtension>
       <gpxtpx:hr>119</gpxtpx:hr>
      </gpxtpx:TrackPointExtension>
     </extensions>
   </trkpt>
   <trkpt lat="-2.6601070" lon="-42.9989790">
    <ele>43.8</ele>
    <time>2026-06-15T13:09:56Z</time>
     <extensions>
      <gpxtpx:TrackPointExtension>
       <gpxtpx:hr>117</gpxtpx:hr>
      </gpxtpx:TrackPointExtension>
     </extensions>
   </trkpt>
   <trkpt lat="-2.6600970" lon="-42.9990270">
    <ele>43.0</ele>
    <time>2026-06-15T13:10:01Z</time>
     <extensions>
      <gpxtpx:TrackPointExtension>
       <gpxtpx:hr>117</gpxtpx:hr>
      </gpxtpx:TrackPointExtension>
     </extensions>
   </trkpt>
   <trkpt lat="-2.6600860" lon="-42.9990750">
    <ele>42.0</ele>
    <time>2026-06-15T13:10:06Z</time>
     <extensions>
      <gpxtpx:TrackPointExtension>
       <gpxtpx:hr>122</gpxtpx:hr>
      </gpxtpx:TrackPointExtension>
     </extensions>
   </trkpt>
   <trkpt lat="-2.6600750" lon="-42.9991180">
    <ele>40.4</ele>
    <time>2026-06-15T13:10:11Z</time>
     <extensions>
      <gpxtpx:TrackPointExtension>
       <gpxtpx:hr>122</gpxtpx:hr>
      </gpxtpx:TrackPointExtension>
     </extensions>
   </trkpt>
   <trkpt lat="-2.6600700" lon="-42.9991620">
    <ele>38.6</ele>
    <time>2026-06-15T13:10:16Z</time>
     <extensions>
      <gpxtpx:TrackPointExtension>
       <gpxtpx:hr>121</gpxtpx:hr>
      </gpxtpx:TrackPointExtension>
     </extensions>
   </trkpt>
   <trkpt lat="-2.6600680" lon="-42.9991850">
    <ele>36.8</ele>
    <time>2026-06-15T13:10:21Z</time>
     <extensions>
      <gpxtpx:TrackPointExtension>
       <gpxtpx:hr>119</gpxtpx:hr>
      </gpxtpx:TrackPointExtension>
     </extensions>
   </trkpt>
   <trkpt lat="-2.6600620" lon="-42.9992180">
    <ele>35.6</ele>
    <time>2026-06-15T13:10:26Z</time>
     <extensions>
      <gpxtpx:TrackPointExtension>
       <gpxtpx:hr>119</gpxtpx:hr>
      </gpxtpx:TrackPointExtension>
     </extensions>
   </trkpt>
   <trkpt lat="-2.6600460" lon="-42.9992570">
    <ele>35.4</ele>
    <time>2026-06-15T13:10:31Z</time>
     <extensions>
      <gpxtpx:TrackPointExtension>
       <gpxtpx:hr>120</gpxtpx:hr>
      </gpxtpx:TrackPointExtension>
     </extensions>
   </trkpt>
   <trkpt lat="-2.6600200" lon="-42.9992950">
    <ele>35.4</ele>
    <time>2026-06-15T13:10:36Z</time>
     <extensions>
      <gpxtpx:TrackPointExtension>
       <gpxtpx:hr>125</gpxtpx:hr>
      </gpxtpx:TrackPointExtension>
     </extensions>
   </trkpt>
   <trkpt lat="-2.6599900" lon="-42.9993360">
    <ele>35.8</ele>
    <time>2026-06-15T13:10:41Z</time>
     <extensions>
      <gpxtpx:TrackPointExtension>
       <gpxtpx:hr>125</gpxtpx:hr>
      </gpxtpx:TrackPointExtension>
     </extensions>
   </trkpt>
   <trkpt lat="-2.6599550" lon="-42.9993750">
    <ele>36.0</ele>
    <time>2026-06-15T13:10:46Z</time>
     <extensions>
      <gpxtpx:TrackPointExtension>
       <gpxtpx:hr>126</gpxtpx:hr>
      </gpxtpx:TrackPointExtension>
     </extensions>
   </trkpt>
   <trkpt lat="-2.6599230" lon="-42.9994180">
    <ele>36.4</ele>
    <time>2026-06-15T13:10:51Z</time>
     <extensions>
      <gpxtpx:TrackPointExtension>
       <gpxtpx:hr>127</gpxtpx:hr>
      </gpxtpx:TrackPointExtension>
     </extensions>
   </trkpt>
   <trkpt lat="-2.6598900" lon="-42.9994520">
    <ele>36.6</ele>
    <time>2026-06-15T13:10:56Z</time>
     <extensions>
      <gpxtpx:TrackPointExtension>
       <gpxtpx:hr>127</gpxtpx:hr>
      </gpxtpx:TrackPointExtension>
     </extensions>
   </trkpt>
   <trkpt lat="-2.6598580" lon="-42.9994890">
    <ele>37.0</ele>
    <time>2026-06-15T13:11:01Z</time>
     <extensions>
      <gpxtpx:TrackPointExtension>
       <gpxtpx:hr>123</gpxtpx:hr>
      </gpxtpx:TrackPointExtension>
     </extensions>
   </trkpt>
   <trkpt lat="-2.6598300" lon="-42.9995270">
    <ele>37.6</ele>
    <time>2026-06-15T13:11:06Z</time>
     <extensions>
      <gpxtpx:TrackPointExtension>
       <gpxtpx:hr>122</gpxtpx:hr>
      </gpxtpx:TrackPointExtension>
     </extensions>
   </trkpt>
   <trkpt lat="-2.6598040" lon="-42.9995670">
    <ele>38.0</ele>
    <time>2026-06-15T13:11:11Z</time>
     <extensions>
      <gpxtpx:TrackPointExtension>
       <gpxtpx:hr>122</gpxtpx:hr>
      </gpxtpx:TrackPointExtension>
     </extensions>
   </trkpt>
   <trkpt lat="-2.6597780" lon="-42.9996010">
    <ele>38.4</ele>
    <time>2026-06-15T13:11:16Z</time>
     <extensions>
      <gpxtpx:TrackPointExtension>
       <gpxtpx:hr>122</gpxtpx:hr>
      </gpxtpx:TrackPointExtension>
     </extensions>
   </trkpt>
   <trkpt lat="-2.6597440" lon="-42.9996250">
    <ele>38.6</ele>
    <time>2026-06-15T13:11:21Z</time>
     <extensions>
      <gpxtpx:TrackPointExtension>
       <gpxtpx:hr>122</gpxtpx:hr>
      </gpxtpx:TrackPointExtension>
     </extensions>
   </trkpt>
   <trkpt lat="-2.6597070" lon="-42.9996480">
    <ele>38.8</ele>
    <time>2026-06-15T13:11:26Z</time>
     <extensions>
      <gpxtpx:TrackPointExtension>
       <gpxtpx:hr>121</gpxtpx:hr>
      </gpxtpx:TrackPointExtension>
     </extensions>
   </trkpt>
   <trkpt lat="-2.6596750" lon="-42.9996700">
    <ele>39.0</ele>
    <time>2026-06-15T13:11:31Z</time>
     <extensions>
      <gpxtpx:TrackPointExtension>
       <gpxtpx:hr>118</gpxtpx:hr>
      </gpxtpx:TrackPointExtension>
     </extensions>
   </trkpt>
   <trkpt lat="-2.6596390" lon="-42.9996980">
    <ele>39.0</ele>
    <time>2026-06-15T13:11:36Z</time>
     <extensions>
      <gpxtpx:TrackPointExtension>
       <gpxtpx:hr>116</gpxtpx:hr>
      </gpxtpx:TrackPointExtension>
     </extensions>
   </trkpt>
   <trkpt lat="-2.6596020" lon="-42.9997280">
    <ele>39.2</ele>
    <time>2026-06-15T13:11:41Z</time>
     <extensions>
      <gpxtpx:TrackPointExtension>
       <gpxtpx:hr>120</gpxtpx:hr>
      </gpxtpx:TrackPointExtension>
     </extensions>
   </trkpt>
   <trkpt lat="-2.6595730" lon="-42.9997590">
    <ele>39.4</ele>
    <time>2026-06-15T13:11:46Z</time>
     <extensions>
      <gpxtpx:TrackPointExtension>
       <gpxtpx:hr>122</gpxtpx:hr>
      </gpxtpx:TrackPointExtension>
     </extensions>
   </trkpt>
   <trkpt lat="-2.6595440" lon="-42.9997880">
    <ele>39.6</ele>
    <time>2026-06-15T13:11:51Z</time>
     <extensions>
      <gpxtpx:TrackPointExtension>
       <gpxtpx:hr>123</gpxtpx:hr>
      </gpxtpx:TrackPointExtension>
     </extensions>
   </trkpt>
   <trkpt lat="-2.6595120" lon="-42.9998150">
    <ele>40.0</ele>
    <time>2026-06-15T13:11:56Z</time>
     <extensions>
      <gpxtpx:TrackPointExtension>
       <gpxtpx:hr>123</gpxtpx:hr>
      </gpxtpx:TrackPointExtension>
     </extensions>
   </trkpt>
   <trkpt lat="-2.6594810" lon="-42.9998350">
    <ele>40.2</ele>
    <time>2026-06-15T13:12:01Z</time>
     <extensions>
      <gpxtpx:TrackPointExtension>
       <gpxtpx:hr>123</gpxtpx:hr>
      </gpxtpx:TrackPointExtension>
     </extensions>
   </trkpt>
   <trkpt lat="-2.6594480" lon="-42.9998700">
    <ele>40.6</ele>
    <time>2026-06-15T13:12:06Z</time>
     <extensions>
      <gpxtpx:TrackPointExtension>
       <gpxtpx:hr>124</gpxtpx:hr>
      </gpxtpx:TrackPointExtension>
     </extensions>
   </trkpt>
   <trkpt lat="-2.6594100" lon="-42.9999050">
    <ele>40.8</ele>
    <time>2026-06-15T13:12:11Z</time>
     <extensions>
      <gpxtpx:TrackPointExtension>
       <gpxtpx:hr>127</gpxtpx:hr>
      </gpxtpx:TrackPointExtension>
     </extensions>
   </trkpt>
   <trkpt lat="-2.6593730" lon="-42.9999390">
    <ele>41.0</ele>
    <time>2026-06-15T13:12:16Z</time>
     <extensions>
      <gpxtpx:TrackPointExtension>
       <gpxtpx:hr>127</gpxtpx:hr>
      </gpxtpx:TrackPointExtension>
     </extensions>
   </trkpt>
   <trkpt lat="-2.6593340" lon="-42.9999690">
    <ele>41.2</ele>
    <time>2026-06-15T13:12:21Z</time>
     <extensions>
      <gpxtpx:TrackPointExtension>
       <gpxtpx:hr>123</gpxtpx:hr>
      </gpxtpx:TrackPointExtension>
     </extensions>
   </trkpt>
   <trkpt lat="-2.6592940" lon="-42.9999940">
    <ele>41.2</ele>
    <time>2026-06-15T13:12:26Z</time>
     <extensions>
      <gpxtpx:TrackPointExtension>
       <gpxtpx:hr>122</gpxtpx:hr>
      </gpxtpx:TrackPointExtension>
     </extensions>
   </trkpt>
   <trkpt lat="-2.6592510" lon="-43.0000170">
    <ele>41.2</ele>
    <time>2026-06-15T13:12:31Z</time>
     <extensions>
      <gpxtpx:TrackPointExtension>
       <gpxtpx:hr>122</gpxtpx:hr>
      </gpxtpx:TrackPointExtension>
     </extensions>
   </trkpt>
   <trkpt lat="-2.6592090" lon="-43.0000430">
    <ele>41.0</ele>
    <time>2026-06-15T13:12:36Z</time>
     <extensions>
      <gpxtpx:TrackPointExtension>
       <gpxtpx:hr>119</gpxtpx:hr>
      </gpxtpx:TrackPointExtension>
     </extensions>
   </trkpt>
   <trkpt lat="-2.6591720" lon="-43.0000740">
    <ele>40.8</ele>
    <time>2026-06-15T13:12:41Z</time>
     <extensions>
      <gpxtpx:TrackPointExtension>
       <gpxtpx:hr>123</gpxtpx:hr>
      </gpxtpx:TrackPointExtension>
     </extensions>
   </trkpt>
   <trkpt lat="-2.6591350" lon="-43.0001000">
    <ele>40.4</ele>
    <time>2026-06-15T13:12:46Z</time>
     <extensions>
      <gpxtpx:TrackPointExtension>
       <gpxtpx:hr>123</gpxtpx:hr>
      </gpxtpx:TrackPointExtension>
     </extensions>
   </trkpt>
   <trkpt lat="-2.6590990" lon="-43.0001290">
    <ele>40.0</ele>
    <time>2026-06-15T13:12:51Z</time>
     <extensions>
      <gpxtpx:TrackPointExtension>
       <gpxtpx:hr>127</gpxtpx:hr>
      </gpxtpx:TrackPointExtension>
     </extensions>
   </trkpt>
   <trkpt lat="-2.6590620" lon="-43.0001580">
    <ele>39.6</ele>
    <time>2026-06-15T13:12:56Z</time>
     <extensions>
      <gpxtpx:TrackPointExtension>
       <gpxtpx:hr>130</gpxtpx:hr>
      </gpxtpx:TrackPointExtension>
     </extensions>
   </trkpt>
   <trkpt lat="-2.6590320" lon="-43.0001900">
    <ele>39.0</ele>
    <time>2026-06-15T13:13:01Z</time>
     <extensions>
      <gpxtpx:TrackPointExtension>
       <gpxtpx:hr>130</gpxtpx:hr>
      </gpxtpx:TrackPointExtension>
     </extensions>
   </trkpt>
   <trkpt lat="-2.6590070" lon="-43.0002220">
    <ele>38.4</ele>
    <time>2026-06-15T13:13:06Z</time>
     <extensions>
      <gpxtpx:TrackPointExtension>
       <gpxtpx:hr>135</gpxtpx:hr>
      </gpxtpx:TrackPointExtension>
     </extensions>
   </trkpt>
   <trkpt lat="-2.6589830" lon="-43.0002540">
    <ele>37.8</ele>
    <time>2026-06-15T13:13:11Z</time>
     <extensions>
      <gpxtpx:TrackPointExtension>
       <gpxtpx:hr>136</gpxtpx:hr>
      </gpxtpx:TrackPointExtension>
     </extensions>
   </trkpt>
   <trkpt lat="-2.6589660" lon="-43.0002860">
    <ele>37.0</ele>
    <time>2026-06-15T13:13:16Z</time>
     <extensions>
      <gpxtpx:TrackPointExtension>
       <gpxtpx:hr>136</gpxtpx:hr>
      </gpxtpx:TrackPointExtension>
     </extensions>
   </trkpt>
   <trkpt lat="-2.6589460" lon="-43.0003230">
    <ele>36.2</ele>
    <time>2026-06-15T13:13:21Z</time>
     <extensions>
      <gpxtpx:TrackPointExtension>
       <gpxtpx:hr>137</gpxtpx:hr>
      </gpxtpx:TrackPointExtension>
     </extensions>
   </trkpt>
   <trkpt lat="-2.6589240" lon="-43.0003570">
    <ele>35.2</ele>
    <time>2026-06-15T13:13:26Z</time>
     <extensions>
      <gpxtpx:TrackPointExtension>
       <gpxtpx:hr>137</gpxtpx:hr>
      </gpxtpx:TrackPointExtension>
     </extensions>
   </trkpt>
   <trkpt lat="-2.6589020" lon="-43.0003900">
    <ele>34.0</ele>
    <time>2026-06-15T13:13:31Z</time>
     <extensions>
      <gpxtpx:TrackPointExtension>
       <gpxtpx:hr>138</gpxtpx:hr>
      </gpxtpx:TrackPointExtension>
     </extensions>
   </trkpt>
   <trkpt lat="-2.6588770" lon="-43.0004260">
    <ele>33.0</ele>
    <time>2026-06-15T13:13:36Z</time>
     <extensions>
      <gpxtpx:TrackPointExtension>
       <gpxtpx:hr>138</gpxtpx:hr>
      </gpxtpx:TrackPointExtension>
     </extensions>
   </trkpt>
   <trkpt lat="-2.6588490" lon="-43.0004590">
    <ele>32.0</ele>
    <time>2026-06-15T13:13:41Z</time>
     <extensions>
      <gpxtpx:TrackPointExtension>
       <gpxtpx:hr>139</gpxtpx:hr>
      </gpxtpx:TrackPointExtension>
     </extensions>
   </trkpt>
   <trkpt lat="-2.6588210" lon="-43.0005020">
    <ele>30.8</ele>
    <time>2026-06-15T13:13:46Z</time>
     <extensions>
      <gpxtpx:TrackPointExtension>
       <gpxtpx:hr>139</gpxtpx:hr>
      </gpxtpx:TrackPointExtension>
     </extensions>
   </trkpt>
   <trkpt lat="-2.6588040" lon="-43.0005430">
    <ele>29.8</ele>
    <time>2026-06-15T13:13:51Z</time>
     <extensions>
      <gpxtpx:TrackPointExtension>
       <gpxtpx:hr>138</gpxtpx:hr>
      </gpxtpx:TrackPointExtension>
     </extensions>
   </trkpt>
   <trkpt lat="-2.6587890" lon="-43.0005880">
    <ele>28.8</ele>
    <time>2026-06-15T13:13:56Z</time>
     <extensions>
      <gpxtpx:TrackPointExtension>
       <gpxtpx:hr>139</gpxtpx:hr>
      </gpxtpx:TrackPointExtension>
     </extensions>
   </trkpt>
   <trkpt lat="-2.6587640" lon="-43.0006250">
    <ele>27.6</ele>
    <time>2026-06-15T13:14:01Z</time>
     <extensions>
      <gpxtpx:TrackPointExtension>
       <gpxtpx:hr>141</gpxtpx:hr>
      </gpxtpx:TrackPointExtension>
     </extensions>
   </trkpt>
   <trkpt lat="-2.6587370" lon="-43.0006620">
    <ele>26.0</ele>
    <time>2026-06-15T13:14:06Z</time>
     <extensions>
      <gpxtpx:TrackPointExtension>
       <gpxtpx:hr>141</gpxtpx:hr>
      </gpxtpx:TrackPointExtension>
     </extensions>
   </trkpt>
   <trkpt lat="-2.6587120" lon="-43.0007010">
    <ele>24.2</ele>
    <time>2026-06-15T13:14:11Z</time>
     <extensions>
      <gpxtpx:TrackPointExtension>
       <gpxtpx:hr>140</gpxtpx:hr>
      </gpxtpx:TrackPointExtension>
     </extensions>
   </trkpt>
   <trkpt lat="-2.6586920" lon="-43.0007340">
    <ele>22.4</ele>
    <time>2026-06-15T13:14:16Z</time>
     <extensions>
      <gpxtpx:TrackPointExtension>
       <gpxtpx:hr>139</gpxtpx:hr>
      </gpxtpx:TrackPointExtension>
     </extensions>
   </trkpt>
   <trkpt lat="-2.6586710" lon="-43.0007590">
    <ele>20.6</ele>
    <time>2026-06-15T13:14:21Z</time>
     <extensions>
      <gpxtpx:TrackPointExtension>
       <gpxtpx:hr>135</gpxtpx:hr>
      </gpxtpx:TrackPointExtension>
     </extensions>
   </trkpt>
   <trkpt lat="-2.6586470" lon="-43.0007900">
    <ele>19.0</ele>
    <time>2026-06-15T13:14:26Z</time>
     <extensions>
      <gpxtpx:TrackPointExtension>
       <gpxtpx:hr>137</gpxtpx:hr>
      </gpxtpx:TrackPointExtension>
     </extensions>
   </trkpt>
   <trkpt lat="-2.6586270" lon="-43.0008310">
    <ele>17.2</ele>
    <time>2026-06-15T13:14:31Z</time>
     <extensions>
      <gpxtpx:TrackPointExtension>
       <gpxtpx:hr>137</gpxtpx:hr>
      </gpxtpx:TrackPointExtension>
     </extensions>
   </trkpt>
   <trkpt lat="-2.6586080" lon="-43.0008750">
    <ele>15.8</ele>
    <time>2026-06-15T13:14:36Z</time>
     <extensions>
      <gpxtpx:TrackPointExtension>
       <gpxtpx:hr>139</gpxtpx:hr>
      </gpxtpx:TrackPointExtension>
     </extensions>
   </trkpt>
   <trkpt lat="-2.6585940" lon="-43.0009230">
    <ele>14.6</ele>
    <time>2026-06-15T13:14:41Z</time>
     <extensions>
      <gpxtpx:TrackPointExtension>
       <gpxtpx:hr>139</gpxtpx:hr>
      </gpxtpx:TrackPointExtension>
     </extensions>
   </trkpt>
   <trkpt lat="-2.6585840" lon="-43.0009640">
    <ele>13.6</ele>
    <time>2026-06-15T13:14:46Z</time>
     <extensions>
      <gpxtpx:TrackPointExtension>
       <gpxtpx:hr>136</gpxtpx:hr>
      </gpxtpx:TrackPointExtension>
     </extensions>
   </trkpt>
   <trkpt lat="-2.6585810" lon="-43.0010070">
    <ele>12.8</ele>
    <time>2026-06-15T13:14:51Z</time>
     <extensions>
      <gpxtpx:TrackPointExtension>
       <gpxtpx:hr>138</gpxtpx:hr>
      </gpxtpx:TrackPointExtension>
     </extensions>
   </trkpt>
   <trkpt lat="-2.6585790" lon="-43.0010490">
    <ele>12.0</ele>
    <time>2026-06-15T13:14:56Z</time>
     <extensions>
      <gpxtpx:TrackPointExtension>
       <gpxtpx:hr>138</gpxtpx:hr>
      </gpxtpx:TrackPointExtension>
     </extensions>
   </trkpt>
   <trkpt lat="-2.6585820" lon="-43.0010980">
    <ele>11.4</ele>
    <time>2026-06-15T13:15:01Z</time>
     <extensions>
      <gpxtpx:TrackPointExtension>
       <gpxtpx:hr>137</gpxtpx:hr>
      </gpxtpx:TrackPointExtension>
     </extensions>
   </trkpt>
   <trkpt lat="-2.6585840" lon="-43.0011500">
    <ele>11.0</ele>
    <time>2026-06-15T13:15:06Z</time>
     <extensions>
      <gpxtpx:TrackPointExtension>
       <gpxtpx:hr>136</gpxtpx:hr>
      </gpxtpx:TrackPointExtension>
     </extensions>
   </trkpt>
   <trkpt lat="-2.6585820" lon="-43.0012030">
    <ele>10.6</ele>
    <time>2026-06-15T13:15:11Z</time>
     <extensions>
      <gpxtpx:TrackPointExtension>
       <gpxtpx:hr>135</gpxtpx:hr>
      </gpxtpx:TrackPointExtension>
     </extensions>
   </trkpt>
   <trkpt lat="-2.6585910" lon="-43.0012480">
    <ele>10.4</ele>
    <time>2026-06-15T13:15:16Z</time>
     <extensions>
      <gpxtpx:TrackPointExtension>
       <gpxtpx:hr>135</gpxtpx:hr>
      </gpxtpx:TrackPointExtension>
     </extensions>
   </trkpt>
   <trkpt lat="-2.6586080" lon="-43.0012920">
    <ele>10.2</ele>
    <time>2026-06-15T13:15:21Z</time>
     <extensions>
      <gpxtpx:TrackPointExtension>
       <gpxtpx:hr>133</gpxtpx:hr>
      </gpxtpx:TrackPointExtension>
     </extensions>
   </trkpt>
   <trkpt lat="-2.6586250" lon="-43.0013340">
    <ele>10.0</ele>
    <time>2026-06-15T13:15:26Z</time>
     <extensions>
      <gpxtpx:TrackPointExtension>
       <gpxtpx:hr>135</gpxtpx:hr>
      </gpxtpx:TrackPointExtension>
     </extensions>
   </trkpt>
   <trkpt lat="-2.6586390" lon="-43.0013780">
    <ele>9.8</ele>
    <time>2026-06-15T13:15:31Z</time>
     <extensions>
      <gpxtpx:TrackPointExtension>
       <gpxtpx:hr>135</gpxtpx:hr>
      </gpxtpx:TrackPointExtension>
     </extensions>
   </trkpt>
   <trkpt lat="-2.6586530" lon="-43.0014230">
    <ele>9.6</ele>
    <time>2026-06-15T13:15:36Z</time>
     <extensions>
      <gpxtpx:TrackPointExtension>
       <gpxtpx:hr>135</gpxtpx:hr>
      </gpxtpx:TrackPointExtension>
     </extensions>
   </trkpt>
   <trkpt lat="-2.6586640" lon="-43.0014700">
    <ele>9.4</ele>
    <time>2026-06-15T13:15:41Z</time>
     <extensions>
      <gpxtpx:TrackPointExtension>
       <gpxtpx:hr>135</gpxtpx:hr>
      </gpxtpx:TrackPointExtension>
     </extensions>
   </trkpt>
   <trkpt lat="-2.6586760" lon="-43.0015190">
    <ele>9.4</ele>
    <time>2026-06-15T13:15:46Z</time>
     <extensions>
      <gpxtpx:TrackPointExtension>
       <gpxtpx:hr>135</gpxtpx:hr>
      </gpxtpx:TrackPointExtension>
     </extensions>
   </trkpt>
   <trkpt lat="-2.6586830" lon="-43.0015700">
    <ele>9.4</ele>
    <time>2026-06-15T13:15:51Z</time>
     <extensions>
      <gpxtpx:TrackPointExtension>
       <gpxtpx:hr>135</gpxtpx:hr>
      </gpxtpx:TrackPointExtension>
     </extensions>
   </trkpt>
   <trkpt lat="-2.6586860" lon="-43.0016200">
    <ele>9.2</ele>
    <time>2026-06-15T13:15:56Z</time>
     <extensions>
      <gpxtpx:TrackPointExtension>
       <gpxtpx:hr>135</gpxtpx:hr>
      </gpxtpx:TrackPointExtension>
     </extensions>
   </trkpt>
   <trkpt lat="-2.6586870" lon="-43.0016660">
    <ele>9.2</ele>
    <time>2026-06-15T13:16:01Z</time>
     <extensions>
      <gpxtpx:TrackPointExtension>
       <gpxtpx:hr>129</gpxtpx:hr>
      </gpxtpx:TrackPointExtension>
     </extensions>
   </trkpt>
   <trkpt lat="-2.6586870" lon="-43.0017100">
    <ele>9.2</ele>
    <time>2026-06-15T13:16:06Z</time>
     <extensions>
      <gpxtpx:TrackPointExtension>
       <gpxtpx:hr>129</gpxtpx:hr>
      </gpxtpx:TrackPointExtension>
     </extensions>
   </trkpt>
   <trkpt lat="-2.6586900" lon="-43.0017540">
    <ele>9.2</ele>
    <time>2026-06-15T13:16:11Z</time>
     <extensions>
      <gpxtpx:TrackPointExtension>
       <gpxtpx:hr>127</gpxtpx:hr>
      </gpxtpx:TrackPointExtension>
     </extensions>
   </trkpt>
   <trkpt lat="-2.6586920" lon="-43.0017990">
    <ele>9.2</ele>
    <time>2026-06-15T13:16:16Z</time>
     <extensions>
      <gpxtpx:TrackPointExtension>
       <gpxtpx:hr>127</gpxtpx:hr>
      </gpxtpx:TrackPointExtension>
     </extensions>
   </trkpt>
   <trkpt lat="-2.6586980" lon="-43.0018480">
    <ele>9.4</ele>
    <time>2026-06-15T13:16:21Z</time>
     <extensions>
      <gpxtpx:TrackPointExtension>
       <gpxtpx:hr>130</gpxtpx:hr>
      </gpxtpx:TrackPointExtension>
     </extensions>
   </trkpt>
   <trkpt lat="-2.6587070" lon="-43.0018960">
    <ele>9.4</ele>
    <time>2026-06-15T13:16:26Z</time>
     <extensions>
      <gpxtpx:TrackPointExtension>
       <gpxtpx:hr>134</gpxtpx:hr>
      </gpxtpx:TrackPointExtension>
     </extensions>
   </trkpt>
   <trkpt lat="-2.6587130" lon="-43.0019460">
    <ele>9.4</ele>
    <time>2026-06-15T13:16:31Z</time>
     <extensions>
      <gpxtpx:TrackPointExtension>
       <gpxtpx:hr>134</gpxtpx:hr>
      </gpxtpx:TrackPointExtension>
     </extensions>
   </trkpt>
   <trkpt lat="-2.6587280" lon="-43.0019970">
    <ele>9.4</ele>
    <time>2026-06-15T13:16:36Z</time>
     <extensions>
      <gpxtpx:TrackPointExtension>
       <gpxtpx:hr>134</gpxtpx:hr>
      </gpxtpx:TrackPointExtension>
     </extensions>
   </trkpt>
   <trkpt lat="-2.6587440" lon="-43.0020450">
    <ele>9.4</ele>
    <time>2026-06-15T13:16:41Z</time>
     <extensions>
      <gpxtpx:TrackPointExtension>
       <gpxtpx:hr>130</gpxtpx:hr>
      </gpxtpx:TrackPointExtension>
     </extensions>
   </trkpt>
   <trkpt lat="-2.6587550" lon="-43.0020920">
    <ele>9.4</ele>
    <time>2026-06-15T13:16:46Z</time>
     <extensions>
      <gpxtpx:TrackPointExtension>
       <gpxtpx:hr>130</gpxtpx:hr>
      </gpxtpx:TrackPointExtension>
     </extensions>
   </trkpt>
   <trkpt lat="-2.6587620" lon="-43.0021350">
    <ele>9.6</ele>
    <time>2026-06-15T13:16:51Z</time>
     <extensions>
      <gpxtpx:TrackPointExtension>
       <gpxtpx:hr>127</gpxtpx:hr>
      </gpxtpx:TrackPointExtension>
     </extensions>
   </trkpt>
   <trkpt lat="-2.6587660" lon="-43.0021790">
    <ele>9.6</ele>
    <time>2026-06-15T13:16:56Z</time>
     <extensions>
      <gpxtpx:TrackPointExtension>
       <gpxtpx:hr>127</gpxtpx:hr>
      </gpxtpx:TrackPointExtension>
     </extensions>
   </trkpt>
   <trkpt lat="-2.6587770" lon="-43.0022240">
    <ele>9.6</ele>
    <time>2026-06-15T13:17:01Z</time>
     <extensions>
      <gpxtpx:TrackPointExtension>
       <gpxtpx:hr>122</gpxtpx:hr>
      </gpxtpx:TrackPointExtension>
     </extensions>
   </trkpt>
   <trkpt lat="-2.6587960" lon="-43.0022750">
    <ele>9.8</ele>
    <time>2026-06-15T13:17:06Z</time>
     <extensions>
      <gpxtpx:TrackPointExtension>
       <gpxtpx:hr>124</gpxtpx:hr>
      </gpxtpx:TrackPointExtension>
     </extensions>
   </trkpt>
   <trkpt lat="-2.6588030" lon="-43.0023130">
    <ele>10.0</ele>
    <time>2026-06-15T13:17:11Z</time>
     <extensions>
      <gpxtpx:TrackPointExtension>
       <gpxtpx:hr>124</gpxtpx:hr>
      </gpxtpx:TrackPointExtension>
     </extensions>
   </trkpt>
   <trkpt lat="-2.6588150" lon="-43.0023420">
    <ele>10.2</ele>
    <time>2026-06-15T13:17:16Z</time>
     <extensions>
      <gpxtpx:TrackPointExtension>
       <gpxtpx:hr>124</gpxtpx:hr>
      </gpxtpx:TrackPointExtension>
     </extensions>
   </trkpt>
   <trkpt lat="-2.6588350" lon="-43.0023630">
    <ele>10.4</ele>
    <time>2026-06-15T13:17:21Z</time>
     <extensions>
      <gpxtpx:TrackPointExtension>
       <gpxtpx:hr>121</gpxtpx:hr>
      </gpxtpx:TrackPointExtension>
     </extensions>
   </trkpt>
   <trkpt lat="-2.6588530" lon="-43.0023870">
    <ele>10.6</ele>
    <time>2026-06-15T13:17:26Z</time>
     <extensions>
      <gpxtpx:TrackPointExtension>
       <gpxtpx:hr>121</gpxtpx:hr>
      </gpxtpx:TrackPointExtension>
     </extensions>
   </trkpt>
   <trkpt lat="-2.6588750" lon="-43.0024480">
    <ele>10.6</ele>
    <time>2026-06-15T13:17:31Z</time>
     <extensions>
      <gpxtpx:TrackPointExtension>
       <gpxtpx:hr>124</gpxtpx:hr>
      </gpxtpx:TrackPointExtension>
     </extensions>
   </trkpt>
   <trkpt lat="-2.6589040" lon="-43.0024900">
    <ele>10.8</ele>
    <time>2026-06-15T13:17:36Z</time>
     <extensions>
      <gpxtpx:TrackPointExtension>
       <gpxtpx:hr>122</gpxtpx:hr>
      </gpxtpx:TrackPointExtension>
     </extensions>
   </trkpt>
   <trkpt lat="-2.6589290" lon="-43.0025360">
    <ele>11.0</ele>
    <time>2026-06-15T13:17:41Z</time>
     <extensions>
      <gpxtpx:TrackPointExtension>
       <gpxtpx:hr>112</gpxtpx:hr>
      </gpxtpx:TrackPointExtension>
     </extensions>
   </trkpt>
   <trkpt lat="-2.6589590" lon="-43.0025910">
    <ele>11.4</ele>
    <time>2026-06-15T13:17:46Z</time>
     <extensions>
      <gpxtpx:TrackPointExtension>
       <gpxtpx:hr>112</gpxtpx:hr>
      </gpxtpx:TrackPointExtension>
     </extensions>
   </trkpt>
   <trkpt lat="-2.6589920" lon="-43.0026370">
    <ele>11.8</ele>
    <time>2026-06-15T13:17:51Z</time>
     <extensions>
      <gpxtpx:TrackPointExtension>
       <gpxtpx:hr>121</gpxtpx:hr>
      </gpxtpx:TrackPointExtension>
     </extensions>
   </trkpt>
   <trkpt lat="-2.6590130" lon="-43.0026630">
    <ele>12.4</ele>
    <time>2026-06-15T13:17:56Z</time>
     <extensions>
      <gpxtpx:TrackPointExtension>
       <gpxtpx:hr>117</gpxtpx:hr>
      </gpxtpx:TrackPointExtension>
     </extensions>
   </trkpt>
   <trkpt lat="-2.6590010" lon="-43.0026650">
    <ele>12.6</ele>
    <time>2026-06-15T13:18:01Z</time>
     <extensions>
      <gpxtpx:TrackPointExtension>
       <gpxtpx:hr>117</gpxtpx:hr>
      </gpxtpx:TrackPointExtension>
     </extensions>
   </trkpt>
   <trkpt lat="-2.6590010" lon="-43.0026650">
    <ele>12.6</ele>
    <time>2026-06-15T13:18:06Z</time>
     <extensions>
      <gpxtpx:TrackPointExtension>
       <gpxtpx:hr>118</gpxtpx:hr>
      </gpxtpx:TrackPointExtension>
     </extensions>
   </trkpt>
   <trkpt lat="-2.6590070" lon="-43.0026720">
    <ele>12.2</ele>
    <time>2026-06-15T13:18:11Z</time>
     <extensions>
      <gpxtpx:TrackPointExtension>
       <gpxtpx:hr>117</gpxtpx:hr>
      </gpxtpx:TrackPointExtension>
     </extensions>
   </trkpt>
   <trkpt lat="-2.6590060" lon="-43.0026990">
    <ele>11.8</ele>
    <time>2026-06-15T13:18:16Z</time>
     <extensions>
      <gpxtpx:TrackPointExtension>
       <gpxtpx:hr>117</gpxtpx:hr>
      </gpxtpx:TrackPointExtension>
     </extensions>
   </trkpt>
   <trkpt lat="-2.6590070" lon="-43.0027290">
    <ele>11.4</ele>
    <time>2026-06-15T13:18:21Z</time>
     <extensions>
      <gpxtpx:TrackPointExtension>
       <gpxtpx:hr>124</gpxtpx:hr>
      </gpxtpx:TrackPointExtension>
     </extensions>
   </trkpt>
   <trkpt lat="-2.6590180" lon="-43.0027410">
    <ele>11.0</ele>
    <time>2026-06-15T13:18:26Z</time>
     <extensions>
      <gpxtpx:TrackPointExtension>
       <gpxtpx:hr>124</gpxtpx:hr>
      </gpxtpx:TrackPointExtension>
     </extensions>
   </trkpt>
   <trkpt lat="-2.6590340" lon="-43.0027480">
    <ele>10.8</ele>
    <time>2026-06-15T13:18:31Z</time>
     <extensions>
      <gpxtpx:TrackPointExtension>
       <gpxtpx:hr>120</gpxtpx:hr>
      </gpxtpx:TrackPointExtension>
     </extensions>
   </trkpt>
   <trkpt lat="-2.6590550" lon="-43.0027490">
    <ele>10.4</ele>
    <time>2026-06-15T13:18:36Z</time>
     <extensions>
      <gpxtpx:TrackPointExtension>
       <gpxtpx:hr>120</gpxtpx:hr>
      </gpxtpx:TrackPointExtension>
     </extensions>
   </trkpt>
   <trkpt lat="-2.6590620" lon="-43.0027420">
    <ele>9.8</ele>
    <time>2026-06-15T13:18:41Z</time>
     <extensions>
      <gpxtpx:TrackPointExtension>
       <gpxtpx:hr>120</gpxtpx:hr>
      </gpxtpx:TrackPointExtension>
     </extensions>
   </trkpt>
   <trkpt lat="-2.6590670" lon="-43.0027380">
    <ele>9.2</ele>
    <time>2026-06-15T13:18:46Z</time>
     <extensions>
      <gpxtpx:TrackPointExtension>
       <gpxtpx:hr>124</gpxtpx:hr>
      </gpxtpx:TrackPointExtension>
     </extensions>
   </trkpt>
   <trkpt lat="-2.6590690" lon="-43.0027350">
    <ele>9.0</ele>
    <time>2026-06-15T13:18:51Z</time>
     <extensions>
      <gpxtpx:TrackPointExtension>
       <gpxtpx:hr>128</gpxtpx:hr>
      </gpxtpx:TrackPointExtension>
     </extensions>
   </trkpt>
   <trkpt lat="-2.6590690" lon="-43.0027360">
    <ele>9.2</ele>
    <time>2026-06-15T13:18:56Z</time>
     <extensions>
      <gpxtpx:TrackPointExtension>
       <gpxtpx:hr>121</gpxtpx:hr>
      </gpxtpx:TrackPointExtension>
     </extensions>
   </trkpt>
   <trkpt lat="-2.6590690" lon="-43.0027380">
    <ele>8.4</ele>
    <time>2026-06-15T13:19:01Z</time>
     <extensions>
      <gpxtpx:TrackPointExtension>
       <gpxtpx:hr>121</gpxtpx:hr>
      </gpxtpx:TrackPointExtension>
     </extensions>
   </trkpt>
   <trkpt lat="-2.6590700" lon="-43.0027410">
    <ele>6.2</ele>
    <time>2026-06-15T13:19:06Z</time>
     <extensions>
      <gpxtpx:TrackPointExtension>
       <gpxtpx:hr>121</gpxtpx:hr>
      </gpxtpx:TrackPointExtension>
     </extensions>
   </trkpt>
   <trkpt lat="-2.6590470" lon="-43.0027440">
    <ele>5.8</ele>
    <time>2026-06-15T13:19:38Z</time>
     <extensions>
      <gpxtpx:TrackPointExtension>
       <gpxtpx:hr>116</gpxtpx:hr>
      </gpxtpx:TrackPointExtension>
     </extensions>
   </trkpt>
   <trkpt lat="-2.6590400" lon="-43.0027640">
    <ele>4.8</ele>
    <time>2026-06-15T13:19:43Z</time>
     <extensions>
      <gpxtpx:TrackPointExtension>
       <gpxtpx:hr>111</gpxtpx:hr>
      </gpxtpx:TrackPointExtension>
     </extensions>
   </trkpt>
   <trkpt lat="-2.6590200" lon="-43.0028090">
    <ele>4.8</ele>
    <time>2026-06-15T13:19:48Z</time>
     <extensions>
      <gpxtpx:TrackPointExtension>
       <gpxtpx:hr>111</gpxtpx:hr>
      </gpxtpx:TrackPointExtension>
     </extensions>
   </trkpt>
   <trkpt lat="-2.6589980" lon="-43.0028600">
    <ele>5.0</ele>
    <time>2026-06-15T13:19:53Z</time>
     <extensions>
      <gpxtpx:TrackPointExtension>
       <gpxtpx:hr>113</gpxtpx:hr>
      </gpxtpx:TrackPointExtension>
     </extensions>
   </trkpt>
   <trkpt lat="-2.6589840" lon="-43.0029120">
    <ele>5.6</ele>
    <time>2026-06-15T13:19:58Z</time>
     <extensions>
      <gpxtpx:TrackPointExtension>
       <gpxtpx:hr>113</gpxtpx:hr>
      </gpxtpx:TrackPointExtension>
     </extensions>
   </trkpt>
   <trkpt lat="-2.6589620" lon="-43.0029580">
    <ele>7.2</ele>
    <time>2026-06-15T13:20:03Z</time>
     <extensions>
      <gpxtpx:TrackPointExtension>
       <gpxtpx:hr>113</gpxtpx:hr>
      </gpxtpx:TrackPointExtension>
     </extensions>
   </trkpt>
   <trkpt lat="-2.6589470" lon="-43.0030090">
    <ele>9.6</ele>
    <time>2026-06-15T13:20:08Z</time>
     <extensions>
      <gpxtpx:TrackPointExtension>
       <gpxtpx:hr>120</gpxtpx:hr>
      </gpxtpx:TrackPointExtension>
     </extensions>
   </trkpt>
   <trkpt lat="-2.6589360" lon="-43.0030540">
    <ele>11.6</ele>
    <time>2026-06-15T13:20:13Z</time>
     <extensions>
      <gpxtpx:TrackPointExtension>
       <gpxtpx:hr>120</gpxtpx:hr>
      </gpxtpx:TrackPointExtension>
     </extensions>
   </trkpt>
   <trkpt lat="-2.6589290" lon="-43.0030990">
    <ele>13.0</ele>
    <time>2026-06-15T13:20:18Z</time>
     <extensions>
      <gpxtpx:TrackPointExtension>
       <gpxtpx:hr>119</gpxtpx:hr>
      </gpxtpx:TrackPointExtension>
     </extensions>
   </trkpt>
   <trkpt lat="-2.6589220" lon="-43.0031460">
    <ele>13.6</ele>
    <time>2026-06-15T13:20:23Z</time>
     <extensions>
      <gpxtpx:TrackPointExtension>
       <gpxtpx:hr>121</gpxtpx:hr>
      </gpxtpx:TrackPointExtension>
     </extensions>
   </trkpt>
   <trkpt lat="-2.6589140" lon="-43.0031950">
    <ele>14.0</ele>
    <time>2026-06-15T13:20:28Z</time>
     <extensions>
      <gpxtpx:TrackPointExtension>
       <gpxtpx:hr>118</gpxtpx:hr>
      </gpxtpx:TrackPointExtension>
     </extensions>
   </trkpt>
   <trkpt lat="-2.6589130" lon="-43.0032430">
    <ele>14.2</ele>
    <time>2026-06-15T13:20:33Z</time>
     <extensions>
      <gpxtpx:TrackPointExtension>
       <gpxtpx:hr>122</gpxtpx:hr>
      </gpxtpx:TrackPointExtension>
     </extensions>
   </trkpt>
   <trkpt lat="-2.6589060" lon="-43.0032950">
    <ele>14.4</ele>
    <time>2026-06-15T13:20:38Z</time>
     <extensions>
      <gpxtpx:TrackPointExtension>
       <gpxtpx:hr>123</gpxtpx:hr>
      </gpxtpx:TrackPointExtension>
     </extensions>
   </trkpt>
   <trkpt lat="-2.6589000" lon="-43.0033430">
    <ele>14.6</ele>
    <time>2026-06-15T13:20:43Z</time>
     <extensions>
      <gpxtpx:TrackPointExtension>
       <gpxtpx:hr>123</gpxtpx:hr>
      </gpxtpx:TrackPointExtension>
     </extensions>
   </trkpt>
   <trkpt lat="-2.6588940" lon="-43.0033840">
    <ele>15.0</ele>
    <time>2026-06-15T13:20:48Z</time>
     <extensions>
      <gpxtpx:TrackPointExtension>
       <gpxtpx:hr>126</gpxtpx:hr>
      </gpxtpx:TrackPointExtension>
     </extensions>
   </trkpt>
   <trkpt lat="-2.6588960" lon="-43.0034380">
    <ele>15.4</ele>
    <time>2026-06-15T13:20:53Z</time>
     <extensions>
      <gpxtpx:TrackPointExtension>
       <gpxtpx:hr>122</gpxtpx:hr>
      </gpxtpx:TrackPointExtension>
     </extensions>
   </trkpt>
   <trkpt lat="-2.6589000" lon="-43.0034890">
    <ele>16.2</ele>
    <time>2026-06-15T13:20:58Z</time>
     <extensions>
      <gpxtpx:TrackPointExtension>
       <gpxtpx:hr>125</gpxtpx:hr>
      </gpxtpx:TrackPointExtension>
     </extensions>
   </trkpt>
   <trkpt lat="-2.6589050" lon="-43.0035410">
    <ele>17.0</ele>
    <time>2026-06-15T13:21:03Z</time>
     <extensions>
      <gpxtpx:TrackPointExtension>
       <gpxtpx:hr>126</gpxtpx:hr>
      </gpxtpx:TrackPointExtension>
     </extensions>
   </trkpt>
   <trkpt lat="-2.6589060" lon="-43.0035920">
    <ele>18.2</ele>
    <time>2026-06-15T13:21:08Z</time>
     <extensions>
      <gpxtpx:TrackPointExtension>
       <gpxtpx:hr>122</gpxtpx:hr>
      </gpxtpx:TrackPointExtension>
     </extensions>
   </trkpt>
   <trkpt lat="-2.6588990" lon="-43.0036490">
    <ele>19.6</ele>
    <time>2026-06-15T13:21:13Z</time>
     <extensions>
      <gpxtpx:TrackPointExtension>
       <gpxtpx:hr>122</gpxtpx:hr>
      </gpxtpx:TrackPointExtension>
     </extensions>
   </trkpt>
   <trkpt lat="-2.6588950" lon="-43.0036990">
    <ele>21.4</ele>
    <time>2026-06-15T13:21:18Z</time>
     <extensions>
      <gpxtpx:TrackPointExtension>
       <gpxtpx:hr>123</gpxtpx:hr>
      </gpxtpx:TrackPointExtension>
     </extensions>
   </trkpt>
   <trkpt lat="-2.6588900" lon="-43.0037450">
    <ele>23.4</ele>
    <time>2026-06-15T13:21:23Z</time>
     <extensions>
      <gpxtpx:TrackPointExtension>
       <gpxtpx:hr>126</gpxtpx:hr>
      </gpxtpx:TrackPointExtension>
     </extensions>
   </trkpt>
   <trkpt lat="-2.6588810" lon="-43.0037820">
    <ele>25.6</ele>
    <time>2026-06-15T13:21:28Z</time>
     <extensions>
      <gpxtpx:TrackPointExtension>
       <gpxtpx:hr>126</gpxtpx:hr>
      </gpxtpx:TrackPointExtension>
     </extensions>
   </trkpt>
   <trkpt lat="-2.6588720" lon="-43.0037800">
    <ele>27.6</ele>
    <time>2026-06-15T13:21:33Z</time>
     <extensions>
      <gpxtpx:TrackPointExtension>
       <gpxtpx:hr>124</gpxtpx:hr>
      </gpxtpx:TrackPointExtension>
     </extensions>
   </trkpt>
   <trkpt lat="-2.6588690" lon="-43.0037770">
    <ele>29.6</ele>
    <time>2026-06-15T13:21:38Z</time>
     <extensions>
      <gpxtpx:TrackPointExtension>
       <gpxtpx:hr>128</gpxtpx:hr>
      </gpxtpx:TrackPointExtension>
     </extensions>
   </trkpt>
   <trkpt lat="-2.6588650" lon="-43.0037750">
    <ele>31.2</ele>
    <time>2026-06-15T13:21:43Z</time>
     <extensions>
      <gpxtpx:TrackPointExtension>
       <gpxtpx:hr>128</gpxtpx:hr>
      </gpxtpx:TrackPointExtension>
     </extensions>
   </trkpt>
   <trkpt lat="-2.6588650" lon="-43.0037790">
    <ele>32.6</ele>
    <time>2026-06-15T13:21:48Z</time>
     <extensions>
      <gpxtpx:TrackPointExtension>
       <gpxtpx:hr>127</gpxtpx:hr>
      </gpxtpx:TrackPointExtension>
     </extensions>
   </trkpt>
   <trkpt lat="-2.6588760" lon="-43.0037880">
    <ele>34.0</ele>
    <time>2026-06-15T13:21:53Z</time>
     <extensions>
      <gpxtpx:TrackPointExtension>
       <gpxtpx:hr>127</gpxtpx:hr>
      </gpxtpx:TrackPointExtension>
     </extensions>
   </trkpt>
   <trkpt lat="-2.6588750" lon="-43.0037860">
    <ele>35.4</ele>
    <time>2026-06-15T13:21:58Z</time>
     <extensions>
      <gpxtpx:TrackPointExtension>
       <gpxtpx:hr>127</gpxtpx:hr>
      </gpxtpx:TrackPointExtension>
     </extensions>
   </trkpt>
   <trkpt lat="-2.6588690" lon="-43.0037850">
    <ele>36.8</ele>
    <time>2026-06-15T13:22:03Z</time>
     <extensions>
      <gpxtpx:TrackPointExtension>
       <gpxtpx:hr>113</gpxtpx:hr>
      </gpxtpx:TrackPointExtension>
     </extensions>
   </trkpt>
   <trkpt lat="-2.6588600" lon="-43.0038080">
    <ele>37.8</ele>
    <time>2026-06-15T13:22:08Z</time>
     <extensions>
      <gpxtpx:TrackPointExtension>
       <gpxtpx:hr>114</gpxtpx:hr>
      </gpxtpx:TrackPointExtension>
     </extensions>
   </trkpt>
   <trkpt lat="-2.6588520" lon="-43.0038490">
    <ele>38.6</ele>
    <time>2026-06-15T13:22:13Z</time>
     <extensions>
      <gpxtpx:TrackPointExtension>
       <gpxtpx:hr>114</gpxtpx:hr>
      </gpxtpx:TrackPointExtension>
     </extensions>
   </trkpt>
   <trkpt lat="-2.6588500" lon="-43.0038920">
    <ele>39.2</ele>
    <time>2026-06-15T13:22:18Z</time>
     <extensions>
      <gpxtpx:TrackPointExtension>
       <gpxtpx:hr>118</gpxtpx:hr>
      </gpxtpx:TrackPointExtension>
     </extensions>
   </trkpt>
   <trkpt lat="-2.6588310" lon="-43.0039390">
    <ele>39.6</ele>
    <time>2026-06-15T13:22:23Z</time>
     <extensions>
      <gpxtpx:TrackPointExtension>
       <gpxtpx:hr>124</gpxtpx:hr>
      </gpxtpx:TrackPointExtension>
     </extensions>
   </trkpt>
   <trkpt lat="-2.6588090" lon="-43.0039840">
    <ele>39.8</ele>
    <time>2026-06-15T13:22:29Z</time>
     <extensions>
      <gpxtpx:TrackPointExtension>
       <gpxtpx:hr>121</gpxtpx:hr>
      </gpxtpx:TrackPointExtension>
     </extensions>
   </trkpt>
   <trkpt lat="-2.6587810" lon="-43.0040290">
    <ele>40.2</ele>
    <time>2026-06-15T13:22:34Z</time>
     <extensions>
      <gpxtpx:TrackPointExtension>
       <gpxtpx:hr>122</gpxtpx:hr>
      </gpxtpx:TrackPointExtension>
     </extensions>
   </trkpt>
   <trkpt lat="-2.6587360" lon="-43.0040690">
    <ele>40.4</ele>
    <time>2026-06-15T13:22:39Z</time>
     <extensions>
      <gpxtpx:TrackPointExtension>
       <gpxtpx:hr>122</gpxtpx:hr>
      </gpxtpx:TrackPointExtension>
     </extensions>
   </trkpt>
   <trkpt lat="-2.6586920" lon="-43.0040940">
    <ele>40.4</ele>
    <time>2026-06-15T13:22:44Z</time>
     <extensions>
      <gpxtpx:TrackPointExtension>
       <gpxtpx:hr>124</gpxtpx:hr>
      </gpxtpx:TrackPointExtension>
     </extensions>
   </trkpt>
   <trkpt lat="-2.6586430" lon="-43.0041100">
    <ele>40.4</ele>
    <time>2026-06-15T13:22:49Z</time>
     <extensions>
      <gpxtpx:TrackPointExtension>
       <gpxtpx:hr>123</gpxtpx:hr>
      </gpxtpx:TrackPointExtension>
     </extensions>
   </trkpt>
   <trkpt lat="-2.6585940" lon="-43.0041230">
    <ele>40.4</ele>
    <time>2026-06-15T13:22:54Z</time>
     <extensions>
      <gpxtpx:TrackPointExtension>
       <gpxtpx:hr>122</gpxtpx:hr>
      </gpxtpx:TrackPointExtension>
     </extensions>
   </trkpt>
   <trkpt lat="-2.6585510" lon="-43.0041470">
    <ele>40.4</ele>
    <time>2026-06-15T13:22:59Z</time>
     <extensions>
      <gpxtpx:TrackPointExtension>
       <gpxtpx:hr>122</gpxtpx:hr>
      </gpxtpx:TrackPointExtension>
     </extensions>
   </trkpt>
   <trkpt lat="-2.6585070" lon="-43.0041780">
    <ele>40.6</ele>
    <time>2026-06-15T13:23:04Z</time>
     <extensions>
      <gpxtpx:TrackPointExtension>
       <gpxtpx:hr>121</gpxtpx:hr>
      </gpxtpx:TrackPointExtension>
     </extensions>
   </trkpt>
   <trkpt lat="-2.6584710" lon="-43.0042050">
    <ele>40.8</ele>
    <time>2026-06-15T13:23:09Z</time>
     <extensions>
      <gpxtpx:TrackPointExtension>
       <gpxtpx:hr>120</gpxtpx:hr>
      </gpxtpx:TrackPointExtension>
     </extensions>
   </trkpt>
   <trkpt lat="-2.6584440" lon="-43.0042440">
    <ele>41.0</ele>
    <time>2026-06-15T13:23:14Z</time>
     <extensions>
      <gpxtpx:TrackPointExtension>
       <gpxtpx:hr>121</gpxtpx:hr>
      </gpxtpx:TrackPointExtension>
     </extensions>
   </trkpt>
   <trkpt lat="-2.6584280" lon="-43.0042880">
    <ele>41.2</ele>
    <time>2026-06-15T13:23:19Z</time>
     <extensions>
      <gpxtpx:TrackPointExtension>
       <gpxtpx:hr>121</gpxtpx:hr>
      </gpxtpx:TrackPointExtension>
     </extensions>
   </trkpt>
   <trkpt lat="-2.6584110" lon="-43.0043290">
    <ele>41.6</ele>
    <time>2026-06-15T13:23:24Z</time>
     <extensions>
      <gpxtpx:TrackPointExtension>
       <gpxtpx:hr>121</gpxtpx:hr>
      </gpxtpx:TrackPointExtension>
     </extensions>
   </trkpt>
   <trkpt lat="-2.6583930" lon="-43.0043680">
    <ele>41.8</ele>
    <time>2026-06-15T13:23:29Z</time>
     <extensions>
      <gpxtpx:TrackPointExtension>
       <gpxtpx:hr>115</gpxtpx:hr>
      </gpxtpx:TrackPointExtension>
     </extensions>
   </trkpt>
   <trkpt lat="-2.6583750" lon="-43.0044110">
    <ele>42.2</ele>
    <time>2026-06-15T13:23:34Z</time>
     <extensions>
      <gpxtpx:TrackPointExtension>
       <gpxtpx:hr>125</gpxtpx:hr>
      </gpxtpx:TrackPointExtension>
     </extensions>
   </trkpt>
   <trkpt lat="-2.6583590" lon="-43.0044520">
    <ele>42.4</ele>
    <time>2026-06-15T13:23:39Z</time>
     <extensions>
      <gpxtpx:TrackPointExtension>
       <gpxtpx:hr>123</gpxtpx:hr>
      </gpxtpx:TrackPointExtension>
     </extensions>
   </trkpt>
   <trkpt lat="-2.6583440" lon="-43.0044960">
    <ele>42.6</ele>
    <time>2026-06-15T13:23:44Z</time>
     <extensions>
      <gpxtpx:TrackPointExtension>
       <gpxtpx:hr>124</gpxtpx:hr>
      </gpxtpx:TrackPointExtension>
     </extensions>
   </trkpt>
   <trkpt lat="-2.6583340" lon="-43.0045380">
    <ele>42.8</ele>
    <time>2026-06-15T13:23:49Z</time>
     <extensions>
      <gpxtpx:TrackPointExtension>
       <gpxtpx:hr>124</gpxtpx:hr>
      </gpxtpx:TrackPointExtension>
     </extensions>
   </trkpt>
   <trkpt lat="-2.6583280" lon="-43.0045870">
    <ele>42.6</ele>
    <time>2026-06-15T13:23:54Z</time>
     <extensions>
      <gpxtpx:TrackPointExtension>
       <gpxtpx:hr>121</gpxtpx:hr>
      </gpxtpx:TrackPointExtension>
     </extensions>
   </trkpt>
   <trkpt lat="-2.6583220" lon="-43.0046390">
    <ele>42.6</ele>
    <time>2026-06-15T13:23:59Z</time>
     <extensions>
      <gpxtpx:TrackPointExtension>
       <gpxtpx:hr>121</gpxtpx:hr>
      </gpxtpx:TrackPointExtension>
     </extensions>
   </trkpt>
   <trkpt lat="-2.6583190" lon="-43.0046880">
    <ele>42.4</ele>
    <time>2026-06-15T13:24:04Z</time>
     <extensions>
      <gpxtpx:TrackPointExtension>
       <gpxtpx:hr>121</gpxtpx:hr>
      </gpxtpx:TrackPointExtension>
     </extensions>
   </trkpt>
   <trkpt lat="-2.6583220" lon="-43.0047390">
    <ele>42.4</ele>
    <time>2026-06-15T13:24:09Z</time>
     <extensions>
      <gpxtpx:TrackPointExtension>
       <gpxtpx:hr>120</gpxtpx:hr>
      </gpxtpx:TrackPointExtension>
     </extensions>
   </trkpt>
   <trkpt lat="-2.6583220" lon="-43.0047880">
    <ele>42.2</ele>
    <time>2026-06-15T13:24:14Z</time>
     <extensions>
      <gpxtpx:TrackPointExtension>
       <gpxtpx:hr>118</gpxtpx:hr>
      </gpxtpx:TrackPointExtension>
     </extensions>
   </trkpt>
   <trkpt lat="-2.6583260" lon="-43.0048360">
    <ele>42.0</ele>
    <time>2026-06-15T13:24:19Z</time>
     <extensions>
      <gpxtpx:TrackPointExtension>
       <gpxtpx:hr>120</gpxtpx:hr>
      </gpxtpx:TrackPointExtension>
     </extensions>
   </trkpt>
   <trkpt lat="-2.6583370" lon="-43.0048820">
    <ele>41.6</ele>
    <time>2026-06-15T13:24:24Z</time>
     <extensions>
      <gpxtpx:TrackPointExtension>
       <gpxtpx:hr>122</gpxtpx:hr>
      </gpxtpx:TrackPointExtension>
     </extensions>
   </trkpt>
   <trkpt lat="-2.6583530" lon="-43.0049260">
    <ele>41.4</ele>
    <time>2026-06-15T13:24:29Z</time>
     <extensions>
      <gpxtpx:TrackPointExtension>
       <gpxtpx:hr>118</gpxtpx:hr>
      </gpxtpx:TrackPointExtension>
     </extensions>
   </trkpt>
   <trkpt lat="-2.6583660" lon="-43.0049720">
    <ele>41.2</ele>
    <time>2026-06-15T13:24:35Z</time>
     <extensions>
      <gpxtpx:TrackPointExtension>
       <gpxtpx:hr>122</gpxtpx:hr>
      </gpxtpx:TrackPointExtension>
     </extensions>
   </trkpt>
   <trkpt lat="-2.6583680" lon="-43.0050170">
    <ele>41.0</ele>
    <time>2026-06-15T13:24:40Z</time>
     <extensions>
      <gpxtpx:TrackPointExtension>
       <gpxtpx:hr>121</gpxtpx:hr>
      </gpxtpx:TrackPointExtension>
     </extensions>
   </trkpt>
   <trkpt lat="-2.6583430" lon="-43.0050580">
    <ele>40.6</ele>
    <time>2026-06-15T13:24:45Z</time>
     <extensions>
      <gpxtpx:TrackPointExtension>
       <gpxtpx:hr>121</gpxtpx:hr>
      </gpxtpx:TrackPointExtension>
     </extensions>
   </trkpt>
   <trkpt lat="-2.6583100" lon="-43.0050950">
    <ele>40.4</ele>
    <time>2026-06-15T13:24:50Z</time>
     <extensions>
      <gpxtpx:TrackPointExtension>
       <gpxtpx:hr>122</gpxtpx:hr>
      </gpxtpx:TrackPointExtension>
     </extensions>
   </trkpt>
   <trkpt lat="-2.6582880" lon="-43.0051400">
    <ele>40.0</ele>
    <time>2026-06-15T13:24:55Z</time>
     <extensions>
      <gpxtpx:TrackPointExtension>
       <gpxtpx:hr>123</gpxtpx:hr>
      </gpxtpx:TrackPointExtension>
     </extensions>
   </trkpt>
   <trkpt lat="-2.6582670" lon="-43.0051810">
    <ele>39.8</ele>
    <time>2026-06-15T13:25:00Z</time>
     <extensions>
      <gpxtpx:TrackPointExtension>
       <gpxtpx:hr>124</gpxtpx:hr>
      </gpxtpx:TrackPointExtension>
     </extensions>
   </trkpt>
   <trkpt lat="-2.6582460" lon="-43.0052140">
    <ele>39.6</ele>
    <time>2026-06-15T13:25:05Z</time>
     <extensions>
      <gpxtpx:TrackPointExtension>
       <gpxtpx:hr>119</gpxtpx:hr>
      </gpxtpx:TrackPointExtension>
     </extensions>
   </trkpt>
   <trkpt lat="-2.6582170" lon="-43.0052440">
    <ele>39.2</ele>
    <time>2026-06-15T13:25:10Z</time>
     <extensions>
      <gpxtpx:TrackPointExtension>
       <gpxtpx:hr>119</gpxtpx:hr>
      </gpxtpx:TrackPointExtension>
     </extensions>
   </trkpt>
   <trkpt lat="-2.6581920" lon="-43.0052700">
    <ele>39.0</ele>
    <time>2026-06-15T13:25:15Z</time>
     <extensions>
      <gpxtpx:TrackPointExtension>
       <gpxtpx:hr>121</gpxtpx:hr>
      </gpxtpx:TrackPointExtension>
     </extensions>
   </trkpt>
   <trkpt lat="-2.6581870" lon="-43.0053130">
    <ele>38.8</ele>
    <time>2026-06-15T13:25:20Z</time>
     <extensions>
      <gpxtpx:TrackPointExtension>
       <gpxtpx:hr>122</gpxtpx:hr>
      </gpxtpx:TrackPointExtension>
     </extensions>
   </trkpt>
   <trkpt lat="-2.6581770" lon="-43.0053610">
    <ele>38.8</ele>
    <time>2026-06-15T13:25:25Z</time>
     <extensions>
      <gpxtpx:TrackPointExtension>
       <gpxtpx:hr>118</gpxtpx:hr>
      </gpxtpx:TrackPointExtension>
     </extensions>
   </trkpt>
   <trkpt lat="-2.6581630" lon="-43.0054080">
    <ele>38.8</ele>
    <time>2026-06-15T13:25:30Z</time>
     <extensions>
      <gpxtpx:TrackPointExtension>
       <gpxtpx:hr>120</gpxtpx:hr>
      </gpxtpx:TrackPointExtension>
     </extensions>
   </trkpt>
   <trkpt lat="-2.6581440" lon="-43.0054510">
    <ele>38.8</ele>
    <time>2026-06-15T13:25:35Z</time>
     <extensions>
      <gpxtpx:TrackPointExtension>
       <gpxtpx:hr>124</gpxtpx:hr>
      </gpxtpx:TrackPointExtension>
     </extensions>
   </trkpt>
   <trkpt lat="-2.6581120" lon="-43.0054870">
    <ele>38.8</ele>
    <time>2026-06-15T13:25:40Z</time>
     <extensions>
      <gpxtpx:TrackPointExtension>
       <gpxtpx:hr>125</gpxtpx:hr>
      </gpxtpx:TrackPointExtension>
     </extensions>
   </trkpt>
   <trkpt lat="-2.6580760" lon="-43.0055140">
    <ele>39.0</ele>
    <time>2026-06-15T13:25:45Z</time>
     <extensions>
      <gpxtpx:TrackPointExtension>
       <gpxtpx:hr>117</gpxtpx:hr>
      </gpxtpx:TrackPointExtension>
     </extensions>
   </trkpt>
   <trkpt lat="-2.6580380" lon="-43.0055450">
    <ele>39.2</ele>
    <time>2026-06-15T13:25:50Z</time>
     <extensions>
      <gpxtpx:TrackPointExtension>
       <gpxtpx:hr>117</gpxtpx:hr>
      </gpxtpx:TrackPointExtension>
     </extensions>
   </trkpt>
   <trkpt lat="-2.6580000" lon="-43.0055680">
    <ele>39.4</ele>
    <time>2026-06-15T13:25:55Z</time>
     <extensions>
      <gpxtpx:TrackPointExtension>
       <gpxtpx:hr>124</gpxtpx:hr>
      </gpxtpx:TrackPointExtension>
     </extensions>
   </trkpt>
   <trkpt lat="-2.6579700" lon="-43.0055900">
    <ele>39.6</ele>
    <time>2026-06-15T13:26:00Z</time>
     <extensions>
      <gpxtpx:TrackPointExtension>
       <gpxtpx:hr>125</gpxtpx:hr>
      </gpxtpx:TrackPointExtension>
     </extensions>
   </trkpt>
   <trkpt lat="-2.6579400" lon="-43.0056190">
    <ele>39.6</ele>
    <time>2026-06-15T13:26:05Z</time>
     <extensions>
      <gpxtpx:TrackPointExtension>
       <gpxtpx:hr>119</gpxtpx:hr>
      </gpxtpx:TrackPointExtension>
     </extensions>
   </trkpt>
   <trkpt lat="-2.6579180" lon="-43.0056320">
    <ele>39.8</ele>
    <time>2026-06-15T13:26:10Z</time>
     <extensions>
      <gpxtpx:TrackPointExtension>
       <gpxtpx:hr>127</gpxtpx:hr>
      </gpxtpx:TrackPointExtension>
     </extensions>
   </trkpt>
   <trkpt lat="-2.6579050" lon="-43.0056520">
    <ele>40.0</ele>
    <time>2026-06-15T13:26:15Z</time>
     <extensions>
      <gpxtpx:TrackPointExtension>
       <gpxtpx:hr>123</gpxtpx:hr>
      </gpxtpx:TrackPointExtension>
     </extensions>
   </trkpt>
   <trkpt lat="-2.6579010" lon="-43.0056820">
    <ele>40.4</ele>
    <time>2026-06-15T13:26:20Z</time>
     <extensions>
      <gpxtpx:TrackPointExtension>
       <gpxtpx:hr>124</gpxtpx:hr>
      </gpxtpx:TrackPointExtension>
     </extensions>
   </trkpt>
   <trkpt lat="-2.6578920" lon="-43.0057190">
    <ele>40.8</ele>
    <time>2026-06-15T13:26:25Z</time>
     <extensions>
      <gpxtpx:TrackPointExtension>
       <gpxtpx:hr>123</gpxtpx:hr>
      </gpxtpx:TrackPointExtension>
     </extensions>
   </trkpt>
   <trkpt lat="-2.6578720" lon="-43.0057530">
    <ele>41.6</ele>
    <time>2026-06-15T13:26:30Z</time>
     <extensions>
      <gpxtpx:TrackPointExtension>
       <gpxtpx:hr>132</gpxtpx:hr>
      </gpxtpx:TrackPointExtension>
     </extensions>
   </trkpt>
   <trkpt lat="-2.6578530" lon="-43.0057800">
    <ele>42.2</ele>
    <time>2026-06-15T13:26:35Z</time>
     <extensions>
      <gpxtpx:TrackPointExtension>
       <gpxtpx:hr>133</gpxtpx:hr>
      </gpxtpx:TrackPointExtension>
     </extensions>
   </trkpt>
   <trkpt lat="-2.6578330" lon="-43.0058110">
    <ele>42.8</ele>
    <time>2026-06-15T13:26:40Z</time>
     <extensions>
      <gpxtpx:TrackPointExtension>
       <gpxtpx:hr>136</gpxtpx:hr>
      </gpxtpx:TrackPointExtension>
     </extensions>
   </trkpt>
   <trkpt lat="-2.6578100" lon="-43.0058380">
    <ele>43.4</ele>
    <time>2026-06-15T13:26:45Z</time>
     <extensions>
      <gpxtpx:TrackPointExtension>
       <gpxtpx:hr>141</gpxtpx:hr>
      </gpxtpx:TrackPointExtension>
     </extensions>
   </trkpt>
   <trkpt lat="-2.6577870" lon="-43.0058660">
    <ele>43.8</ele>
    <time>2026-06-15T13:26:50Z</time>
     <extensions>
      <gpxtpx:TrackPointExtension>
       <gpxtpx:hr>146</gpxtpx:hr>
      </gpxtpx:TrackPointExtension>
     </extensions>
   </trkpt>
   <trkpt lat="-2.6577650" lon="-43.0058890">
    <ele>44.4</ele>
    <time>2026-06-15T13:26:55Z</time>
     <extensions>
      <gpxtpx:TrackPointExtension>
       <gpxtpx:hr>143</gpxtpx:hr>
      </gpxtpx:TrackPointExtension>
     </extensions>
   </trkpt>
   <trkpt lat="-2.6577480" lon="-43.0059190">
    <ele>44.8</ele>
    <time>2026-06-15T13:27:00Z</time>
     <extensions>
      <gpxtpx:TrackPointExtension>
       <gpxtpx:hr>150</gpxtpx:hr>
      </gpxtpx:TrackPointExtension>
     </extensions>
   </trkpt>
   <trkpt lat="-2.6577240" lon="-43.0059380">
    <ele>45.4</ele>
    <time>2026-06-15T13:27:05Z</time>
     <extensions>
      <gpxtpx:TrackPointExtension>
       <gpxtpx:hr>152</gpxtpx:hr>
      </gpxtpx:TrackPointExtension>
     </extensions>
   </trkpt>
   <trkpt lat="-2.6576990" lon="-43.0059630">
    <ele>45.8</ele>
    <time>2026-06-15T13:27:10Z</time>
     <extensions>
      <gpxtpx:TrackPointExtension>
       <gpxtpx:hr>154</gpxtpx:hr>
      </gpxtpx:TrackPointExtension>
     </extensions>
   </trkpt>
   <trkpt lat="-2.6576810" lon="-43.0059860">
    <ele>46.4</ele>
    <time>2026-06-15T13:27:15Z</time>
     <extensions>
      <gpxtpx:TrackPointExtension>
       <gpxtpx:hr>155</gpxtpx:hr>
      </gpxtpx:TrackPointExtension>
     </extensions>
   </trkpt>
   <trkpt lat="-2.6576720" lon="-43.0060120">
    <ele>47.0</ele>
    <time>2026-06-15T13:27:20Z</time>
     <extensions>
      <gpxtpx:TrackPointExtension>
       <gpxtpx:hr>154</gpxtpx:hr>
      </gpxtpx:TrackPointExtension>
     </extensions>
   </trkpt>
   <trkpt lat="-2.6576680" lon="-43.0060380">
    <ele>47.6</ele>
    <time>2026-06-15T13:27:25Z</time>
     <extensions>
      <gpxtpx:TrackPointExtension>
       <gpxtpx:hr>155</gpxtpx:hr>
      </gpxtpx:TrackPointExtension>
     </extensions>
   </trkpt>
   <trkpt lat="-2.6576690" lon="-43.0060640">
    <ele>48.0</ele>
    <time>2026-06-15T13:27:30Z</time>
     <extensions>
      <gpxtpx:TrackPointExtension>
       <gpxtpx:hr>157</gpxtpx:hr>
      </gpxtpx:TrackPointExtension>
     </extensions>
   </trkpt>
   <trkpt lat="-2.6576650" lon="-43.0060890">
    <ele>48.6</ele>
    <time>2026-06-15T13:27:35Z</time>
     <extensions>
      <gpxtpx:TrackPointExtension>
       <gpxtpx:hr>160</gpxtpx:hr>
      </gpxtpx:TrackPointExtension>
     </extensions>
   </trkpt>
   <trkpt lat="-2.6576600" lon="-43.0061140">
    <ele>49.0</ele>
    <time>2026-06-15T13:27:40Z</time>
     <extensions>
      <gpxtpx:TrackPointExtension>
       <gpxtpx:hr>163</gpxtpx:hr>
      </gpxtpx:TrackPointExtension>
     </extensions>
   </trkpt>
   <trkpt lat="-2.6576560" lon="-43.0061380">
    <ele>49.6</ele>
    <time>2026-06-15T13:27:45Z</time>
     <extensions>
      <gpxtpx:TrackPointExtension>
       <gpxtpx:hr>162</gpxtpx:hr>
      </gpxtpx:TrackPointExtension>
     </extensions>
   </trkpt>
   <trkpt lat="-2.6576520" lon="-43.0061610">
    <ele>50.4</ele>
    <time>2026-06-15T13:27:50Z</time>
     <extensions>
      <gpxtpx:TrackPointExtension>
       <gpxtpx:hr>162</gpxtpx:hr>
      </gpxtpx:TrackPointExtension>
     </extensions>
   </trkpt>
   <trkpt lat="-2.6576500" lon="-43.0061880">
    <ele>51.0</ele>
    <time>2026-06-15T13:27:55Z</time>
     <extensions>
      <gpxtpx:TrackPointExtension>
       <gpxtpx:hr>159</gpxtpx:hr>
      </gpxtpx:TrackPointExtension>
     </extensions>
   </trkpt>
   <trkpt lat="-2.6576490" lon="-43.0062100">
    <ele>51.6</ele>
    <time>2026-06-15T13:28:00Z</time>
     <extensions>
      <gpxtpx:TrackPointExtension>
       <gpxtpx:hr>157</gpxtpx:hr>
      </gpxtpx:TrackPointExtension>
     </extensions>
   </trkpt>
   <trkpt lat="-2.6576350" lon="-43.0062360">
    <ele>52.2</ele>
    <time>2026-06-15T13:28:05Z</time>
     <extensions>
      <gpxtpx:TrackPointExtension>
       <gpxtpx:hr>155</gpxtpx:hr>
      </gpxtpx:TrackPointExtension>
     </extensions>
   </trkpt>
   <trkpt lat="-2.6576120" lon="-43.0062560">
    <ele>52.8</ele>
    <time>2026-06-15T13:28:10Z</time>
     <extensions>
      <gpxtpx:TrackPointExtension>
       <gpxtpx:hr>145</gpxtpx:hr>
      </gpxtpx:TrackPointExtension>
     </extensions>
   </trkpt>
   <trkpt lat="-2.6575940" lon="-43.0062780">
    <ele>53.2</ele>
    <time>2026-06-15T13:28:15Z</time>
     <extensions>
      <gpxtpx:TrackPointExtension>
       <gpxtpx:hr>147</gpxtpx:hr>
      </gpxtpx:TrackPointExtension>
     </extensions>
   </trkpt>
   <trkpt lat="-2.6575740" lon="-43.0063070">
    <ele>53.6</ele>
    <time>2026-06-15T13:28:20Z</time>
     <extensions>
      <gpxtpx:TrackPointExtension>
       <gpxtpx:hr>151</gpxtpx:hr>
      </gpxtpx:TrackPointExtension>
     </extensions>
   </trkpt>
   <trkpt lat="-2.6575510" lon="-43.0063490">
    <ele>53.8</ele>
    <time>2026-06-15T13:28:25Z</time>
     <extensions>
      <gpxtpx:TrackPointExtension>
       <gpxtpx:hr>145</gpxtpx:hr>
      </gpxtpx:TrackPointExtension>
     </extensions>
   </trkpt>
   <trkpt lat="-2.6575210" lon="-43.0063890">
    <ele>53.8</ele>
    <time>2026-06-15T13:28:30Z</time>
     <extensions>
      <gpxtpx:TrackPointExtension>
       <gpxtpx:hr>148</gpxtpx:hr>
      </gpxtpx:TrackPointExtension>
     </extensions>
   </trkpt>
   <trkpt lat="-2.6574920" lon="-43.0064310">
    <ele>53.6</ele>
    <time>2026-06-15T13:28:35Z</time>
     <extensions>
      <gpxtpx:TrackPointExtension>
       <gpxtpx:hr>153</gpxtpx:hr>
      </gpxtpx:TrackPointExtension>
     </extensions>
   </trkpt>
   <trkpt lat="-2.6574700" lon="-43.0064730">
    <ele>53.4</ele>
    <time>2026-06-15T13:28:40Z</time>
     <extensions>
      <gpxtpx:TrackPointExtension>
       <gpxtpx:hr>152</gpxtpx:hr>
      </gpxtpx:TrackPointExtension>
     </extensions>
   </trkpt>
   <trkpt lat="-2.6574580" lon="-43.0065150">
    <ele>53.2</ele>
    <time>2026-06-15T13:28:45Z</time>
     <extensions>
      <gpxtpx:TrackPointExtension>
       <gpxtpx:hr>151</gpxtpx:hr>
      </gpxtpx:TrackPointExtension>
     </extensions>
   </trkpt>
   <trkpt lat="-2.6574450" lon="-43.0065600">
    <ele>52.8</ele>
    <time>2026-06-15T13:28:50Z</time>
     <extensions>
      <gpxtpx:TrackPointExtension>
       <gpxtpx:hr>149</gpxtpx:hr>
      </gpxtpx:TrackPointExtension>
     </extensions>
   </trkpt>
   <trkpt lat="-2.6574220" lon="-43.0066040">
    <ele>52.6</ele>
    <time>2026-06-15T13:28:55Z</time>
     <extensions>
      <gpxtpx:TrackPointExtension>
       <gpxtpx:hr>146</gpxtpx:hr>
      </gpxtpx:TrackPointExtension>
     </extensions>
   </trkpt>
   <trkpt lat="-2.6574000" lon="-43.0066500">
    <ele>52.2</ele>
    <time>2026-06-15T13:29:00Z</time>
     <extensions>
      <gpxtpx:TrackPointExtension>
       <gpxtpx:hr>146</gpxtpx:hr>
      </gpxtpx:TrackPointExtension>
     </extensions>
   </trkpt>
   <trkpt lat="-2.6573770" lon="-43.0066950">
    <ele>51.8</ele>
    <time>2026-06-15T13:29:05Z</time>
     <extensions>
      <gpxtpx:TrackPointExtension>
       <gpxtpx:hr>142</gpxtpx:hr>
      </gpxtpx:TrackPointExtension>
     </extensions>
   </trkpt>
   <trkpt lat="-2.6573530" lon="-43.0067390">
    <ele>51.6</ele>
    <time>2026-06-15T13:29:10Z</time>
     <extensions>
      <gpxtpx:TrackPointExtension>
       <gpxtpx:hr>137</gpxtpx:hr>
      </gpxtpx:TrackPointExtension>
     </extensions>
   </trkpt>
   <trkpt lat="-2.6573320" lon="-43.0067860">
    <ele>51.4</ele>
    <time>2026-06-15T13:29:15Z</time>
     <extensions>
      <gpxtpx:TrackPointExtension>
       <gpxtpx:hr>137</gpxtpx:hr>
      </gpxtpx:TrackPointExtension>
     </extensions>
   </trkpt>
   <trkpt lat="-2.6573160" lon="-43.0068140">
    <ele>51.2</ele>
    <time>2026-06-15T13:29:20Z</time>
     <extensions>
      <gpxtpx:TrackPointExtension>
       <gpxtpx:hr>128</gpxtpx:hr>
      </gpxtpx:TrackPointExtension>
     </extensions>
   </trkpt>
   <trkpt lat="-2.6573010" lon="-43.0068560">
    <ele>51.2</ele>
    <time>2026-06-15T13:29:25Z</time>
     <extensions>
      <gpxtpx:TrackPointExtension>
       <gpxtpx:hr>128</gpxtpx:hr>
      </gpxtpx:TrackPointExtension>
     </extensions>
   </trkpt>
   <trkpt lat="-2.6572820" lon="-43.0068970">
    <ele>50.8</ele>
    <time>2026-06-15T13:29:30Z</time>
     <extensions>
      <gpxtpx:TrackPointExtension>
       <gpxtpx:hr>130</gpxtpx:hr>
      </gpxtpx:TrackPointExtension>
     </extensions>
   </trkpt>
   <trkpt lat="-2.6572590" lon="-43.0069380">
    <ele>50.4</ele>
    <time>2026-06-15T13:29:35Z</time>
     <extensions>
      <gpxtpx:TrackPointExtension>
       <gpxtpx:hr>123</gpxtpx:hr>
      </gpxtpx:TrackPointExtension>
     </extensions>
   </trkpt>
   <trkpt lat="-2.6572290" lon="-43.0069790">
    <ele>49.6</ele>
    <time>2026-06-15T13:29:40Z</time>
     <extensions>
      <gpxtpx:TrackPointExtension>
       <gpxtpx:hr>120</gpxtpx:hr>
      </gpxtpx:TrackPointExtension>
     </extensions>
   </trkpt>
   <trkpt lat="-2.6571960" lon="-43.0070180">
    <ele>49.0</ele>
    <time>2026-06-15T13:29:45Z</time>
     <extensions>
      <gpxtpx:TrackPointExtension>
       <gpxtpx:hr>118</gpxtpx:hr>
      </gpxtpx:TrackPointExtension>
     </extensions>
   </trkpt>
   <trkpt lat="-2.6571680" lon="-43.0070630">
    <ele>48.2</ele>
    <time>2026-06-15T13:29:50Z</time>
     <extensions>
      <gpxtpx:TrackPointExtension>
       <gpxtpx:hr>123</gpxtpx:hr>
      </gpxtpx:TrackPointExtension>
     </extensions>
   </trkpt>
   <trkpt lat="-2.6571430" lon="-43.0071040">
    <ele>47.4</ele>
    <time>2026-06-15T13:29:55Z</time>
     <extensions>
      <gpxtpx:TrackPointExtension>
       <gpxtpx:hr>114</gpxtpx:hr>
      </gpxtpx:TrackPointExtension>
     </extensions>
   </trkpt>
   <trkpt lat="-2.6571170" lon="-43.0071560">
    <ele>46.6</ele>
    <time>2026-06-15T13:30:00Z</time>
     <extensions>
      <gpxtpx:TrackPointExtension>
       <gpxtpx:hr>116</gpxtpx:hr>
      </gpxtpx:TrackPointExtension>
     </extensions>
   </trkpt>
   <trkpt lat="-2.6570880" lon="-43.0072050">
    <ele>46.0</ele>
    <time>2026-06-15T13:30:05Z</time>
     <extensions>
      <gpxtpx:TrackPointExtension>
       <gpxtpx:hr>117</gpxtpx:hr>
      </gpxtpx:TrackPointExtension>
     </extensions>
   </trkpt>
   <trkpt lat="-2.6570580" lon="-43.0072480">
    <ele>45.2</ele>
    <time>2026-06-15T13:30:10Z</time>
     <extensions>
      <gpxtpx:TrackPointExtension>
       <gpxtpx:hr>117</gpxtpx:hr>
      </gpxtpx:TrackPointExtension>
     </extensions>
   </trkpt>
   <trkpt lat="-2.6570330" lon="-43.0072950">
    <ele>44.2</ele>
    <time>2026-06-15T13:30:15Z</time>
     <extensions>
      <gpxtpx:TrackPointExtension>
       <gpxtpx:hr>115</gpxtpx:hr>
      </gpxtpx:TrackPointExtension>
     </extensions>
   </trkpt>
   <trkpt lat="-2.6570020" lon="-43.0073450">
    <ele>43.6</ele>
    <time>2026-06-15T13:30:20Z</time>
     <extensions>
      <gpxtpx:TrackPointExtension>
       <gpxtpx:hr>115</gpxtpx:hr>
      </gpxtpx:TrackPointExtension>
     </extensions>
   </trkpt>
   <trkpt lat="-2.6569680" lon="-43.0073900">
    <ele>42.8</ele>
    <time>2026-06-15T13:30:25Z</time>
     <extensions>
      <gpxtpx:TrackPointExtension>
       <gpxtpx:hr>115</gpxtpx:hr>
      </gpxtpx:TrackPointExtension>
     </extensions>
   </trkpt>
   <trkpt lat="-2.6569280" lon="-43.0074290">
    <ele>42.4</ele>
    <time>2026-06-15T13:30:30Z</time>
     <extensions>
      <gpxtpx:TrackPointExtension>
       <gpxtpx:hr>114</gpxtpx:hr>
      </gpxtpx:TrackPointExtension>
     </extensions>
   </trkpt>
   <trkpt lat="-2.6568990" lon="-43.0074590">
    <ele>41.8</ele>
    <time>2026-06-15T13:30:35Z</time>
     <extensions>
      <gpxtpx:TrackPointExtension>
       <gpxtpx:hr>112</gpxtpx:hr>
      </gpxtpx:TrackPointExtension>
     </extensions>
   </trkpt>
   <trkpt lat="-2.6568910" lon="-43.0074750">
    <ele>41.4</ele>
    <time>2026-06-15T13:30:40Z</time>
     <extensions>
      <gpxtpx:TrackPointExtension>
       <gpxtpx:hr>114</gpxtpx:hr>
      </gpxtpx:TrackPointExtension>
     </extensions>
   </trkpt>
   <trkpt lat="-2.6568860" lon="-43.0074870">
    <ele>40.6</ele>
    <time>2026-06-15T13:30:45Z</time>
     <extensions>
      <gpxtpx:TrackPointExtension>
       <gpxtpx:hr>114</gpxtpx:hr>
      </gpxtpx:TrackPointExtension>
     </extensions>
   </trkpt>
   <trkpt lat="-2.6568800" lon="-43.0075030">
    <ele>40.0</ele>
    <time>2026-06-15T13:30:50Z</time>
     <extensions>
      <gpxtpx:TrackPointExtension>
       <gpxtpx:hr>123</gpxtpx:hr>
      </gpxtpx:TrackPointExtension>
     </extensions>
   </trkpt>
   <trkpt lat="-2.6568590" lon="-43.0075310">
    <ele>39.4</ele>
    <time>2026-06-15T13:30:55Z</time>
     <extensions>
      <gpxtpx:TrackPointExtension>
       <gpxtpx:hr>124</gpxtpx:hr>
      </gpxtpx:TrackPointExtension>
     </extensions>
   </trkpt>
   <trkpt lat="-2.6568380" lon="-43.0075550">
    <ele>39.0</ele>
    <time>2026-06-15T13:31:00Z</time>
     <extensions>
      <gpxtpx:TrackPointExtension>
       <gpxtpx:hr>125</gpxtpx:hr>
      </gpxtpx:TrackPointExtension>
     </extensions>
   </trkpt>
   <trkpt lat="-2.6568260" lon="-43.0075810">
    <ele>38.8</ele>
    <time>2026-06-15T13:31:05Z</time>
     <extensions>
      <gpxtpx:TrackPointExtension>
       <gpxtpx:hr>124</gpxtpx:hr>
      </gpxtpx:TrackPointExtension>
     </extensions>
   </trkpt>
   <trkpt lat="-2.6568090" lon="-43.0076170">
    <ele>38.6</ele>
    <time>2026-06-15T13:31:10Z</time>
     <extensions>
      <gpxtpx:TrackPointExtension>
       <gpxtpx:hr>125</gpxtpx:hr>
      </gpxtpx:TrackPointExtension>
     </extensions>
   </trkpt>
   <trkpt lat="-2.6567990" lon="-43.0076310">
    <ele>38.6</ele>
    <time>2026-06-15T13:31:15Z</time>
     <extensions>
      <gpxtpx:TrackPointExtension>
       <gpxtpx:hr>125</gpxtpx:hr>
      </gpxtpx:TrackPointExtension>
     </extensions>
   </trkpt>
   <trkpt lat="-2.6568000" lon="-43.0076310">
    <ele>38.4</ele>
    <time>2026-06-15T13:31:20Z</time>
     <extensions>
      <gpxtpx:TrackPointExtension>
       <gpxtpx:hr>126</gpxtpx:hr>
      </gpxtpx:TrackPointExtension>
     </extensions>
   </trkpt>
   <trkpt lat="-2.6568080" lon="-43.0076290">
    <ele>38.2</ele>
    <time>2026-06-15T13:31:25Z</time>
     <extensions>
      <gpxtpx:TrackPointExtension>
       <gpxtpx:hr>127</gpxtpx:hr>
      </gpxtpx:TrackPointExtension>
     </extensions>
   </trkpt>
   <trkpt lat="-2.6568180" lon="-43.0076340">
    <ele>38.0</ele>
    <time>2026-06-15T13:31:30Z</time>
     <extensions>
      <gpxtpx:TrackPointExtension>
       <gpxtpx:hr>125</gpxtpx:hr>
      </gpxtpx:TrackPointExtension>
     </extensions>
   </trkpt>
   <trkpt lat="-2.6568220" lon="-43.0076420">
    <ele>37.8</ele>
    <time>2026-06-15T13:31:35Z</time>
     <extensions>
      <gpxtpx:TrackPointExtension>
       <gpxtpx:hr>119</gpxtpx:hr>
      </gpxtpx:TrackPointExtension>
     </extensions>
   </trkpt>
   <trkpt lat="-2.6568220" lon="-43.0076480">
    <ele>37.6</ele>
    <time>2026-06-15T13:31:40Z</time>
     <extensions>
      <gpxtpx:TrackPointExtension>
       <gpxtpx:hr>119</gpxtpx:hr>
      </gpxtpx:TrackPointExtension>
     </extensions>
   </trkpt>
   <trkpt lat="-2.6568250" lon="-43.0076490">
    <ele>36.8</ele>
    <time>2026-06-15T13:31:45Z</time>
     <extensions>
      <gpxtpx:TrackPointExtension>
       <gpxtpx:hr>118</gpxtpx:hr>
      </gpxtpx:TrackPointExtension>
     </extensions>
   </trkpt>
   <trkpt lat="-2.6568220" lon="-43.0076510">
    <ele>35.4</ele>
    <time>2026-06-15T13:31:50Z</time>
     <extensions>
      <gpxtpx:TrackPointExtension>
       <gpxtpx:hr>120</gpxtpx:hr>
      </gpxtpx:TrackPointExtension>
     </extensions>
   </trkpt>
   <trkpt lat="-2.6568110" lon="-43.0076520">
    <ele>34.6</ele>
    <time>2026-06-15T13:31:55Z</time>
     <extensions>
      <gpxtpx:TrackPointExtension>
       <gpxtpx:hr>120</gpxtpx:hr>
      </gpxtpx:TrackPointExtension>
     </extensions>
   </trkpt>
   <trkpt lat="-2.6567940" lon="-43.0076510">
    <ele>35.2</ele>
    <time>2026-06-15T13:32:00Z</time>
     <extensions>
      <gpxtpx:TrackPointExtension>
       <gpxtpx:hr>120</gpxtpx:hr>
      </gpxtpx:TrackPointExtension>
     </extensions>
   </trkpt>
   <trkpt lat="-2.6567940" lon="-43.0076570">
    <ele>36.2</ele>
    <time>2026-06-15T13:32:05Z</time>
     <extensions>
      <gpxtpx:TrackPointExtension>
       <gpxtpx:hr>125</gpxtpx:hr>
      </gpxtpx:TrackPointExtension>
     </extensions>
   </trkpt>
   <trkpt lat="-2.6567930" lon="-43.0076590">
    <ele>36.8</ele>
    <time>2026-06-15T13:32:10Z</time>
     <extensions>
      <gpxtpx:TrackPointExtension>
       <gpxtpx:hr>130</gpxtpx:hr>
      </gpxtpx:TrackPointExtension>
     </extensions>
   </trkpt>
   <trkpt lat="-2.6567760" lon="-43.0076900">
    <ele>37.6</ele>
    <time>2026-06-15T13:32:15Z</time>
     <extensions>
      <gpxtpx:TrackPointExtension>
       <gpxtpx:hr>130</gpxtpx:hr>
      </gpxtpx:TrackPointExtension>
     </extensions>
   </trkpt>
   <trkpt lat="-2.6567600" lon="-43.0077150">
    <ele>38.2</ele>
    <time>2026-06-15T13:32:20Z</time>
     <extensions>
      <gpxtpx:TrackPointExtension>
       <gpxtpx:hr>123</gpxtpx:hr>
      </gpxtpx:TrackPointExtension>
     </extensions>
   </trkpt>
   <trkpt lat="-2.6567530" lon="-43.0077170">
    <ele>38.8</ele>
    <time>2026-06-15T13:32:25Z</time>
     <extensions>
      <gpxtpx:TrackPointExtension>
       <gpxtpx:hr>126</gpxtpx:hr>
      </gpxtpx:TrackPointExtension>
     </extensions>
   </trkpt>
   <trkpt lat="-2.6567520" lon="-43.0077330">
    <ele>39.2</ele>
    <time>2026-06-15T13:32:30Z</time>
     <extensions>
      <gpxtpx:TrackPointExtension>
       <gpxtpx:hr>127</gpxtpx:hr>
      </gpxtpx:TrackPointExtension>
     </extensions>
   </trkpt>
   <trkpt lat="-2.6567430" lon="-43.0077480">
    <ele>38.6</ele>
    <time>2026-06-15T13:32:35Z</time>
     <extensions>
      <gpxtpx:TrackPointExtension>
       <gpxtpx:hr>124</gpxtpx:hr>
      </gpxtpx:TrackPointExtension>
     </extensions>
   </trkpt>
   <trkpt lat="-2.6567370" lon="-43.0077460">
    <ele>35.4</ele>
    <time>2026-06-15T13:32:40Z</time>
     <extensions>
      <gpxtpx:TrackPointExtension>
       <gpxtpx:hr>125</gpxtpx:hr>
      </gpxtpx:TrackPointExtension>
     </extensions>
   </trkpt>
   <trkpt lat="-2.6567380" lon="-43.0077420">
    <ele>30.4</ele>
    <time>2026-06-15T13:32:59Z</time>
     <extensions>
      <gpxtpx:TrackPointExtension>
       <gpxtpx:hr>125</gpxtpx:hr>
      </gpxtpx:TrackPointExtension>
     </extensions>
   </trkpt>
   <trkpt lat="-2.6567470" lon="-43.0077520">
    <ele>5.0</ele>
    <time>2026-06-15T13:33:04Z</time>
     <extensions>
      <gpxtpx:TrackPointExtension>
       <gpxtpx:hr>123</gpxtpx:hr>
      </gpxtpx:TrackPointExtension>
     </extensions>
   </trkpt>
   <trkpt lat="-2.6567410" lon="-43.0077630">
    <ele>4.2</ele>
    <time>2026-06-15T13:33:09Z</time>
     <extensions>
      <gpxtpx:TrackPointExtension>
       <gpxtpx:hr>133</gpxtpx:hr>
      </gpxtpx:TrackPointExtension>
     </extensions>
   </trkpt>
   <trkpt lat="-2.6567330" lon="-43.0077750">
    <ele>4.4</ele>
    <time>2026-06-15T13:33:14Z</time>
     <extensions>
      <gpxtpx:TrackPointExtension>
       <gpxtpx:hr>131</gpxtpx:hr>
      </gpxtpx:TrackPointExtension>
     </extensions>
   </trkpt>
   <trkpt lat="-2.6567100" lon="-43.0077880">
    <ele>4.8</ele>
    <time>2026-06-15T13:33:19Z</time>
     <extensions>
      <gpxtpx:TrackPointExtension>
       <gpxtpx:hr>131</gpxtpx:hr>
      </gpxtpx:TrackPointExtension>
     </extensions>
   </trkpt>
   <trkpt lat="-2.6567050" lon="-43.0078200">
    <ele>5.2</ele>
    <time>2026-06-15T13:33:24Z</time>
     <extensions>
      <gpxtpx:TrackPointExtension>
       <gpxtpx:hr>131</gpxtpx:hr>
      </gpxtpx:TrackPointExtension>
     </extensions>
   </trkpt>
   <trkpt lat="-2.6567040" lon="-43.0078440">
    <ele>6.2</ele>
    <time>2026-06-15T13:33:29Z</time>
     <extensions>
      <gpxtpx:TrackPointExtension>
       <gpxtpx:hr>122</gpxtpx:hr>
      </gpxtpx:TrackPointExtension>
     </extensions>
   </trkpt>
   <trkpt lat="-2.6566800" lon="-43.0078860">
    <ele>7.6</ele>
    <time>2026-06-15T13:33:34Z</time>
     <extensions>
      <gpxtpx:TrackPointExtension>
       <gpxtpx:hr>131</gpxtpx:hr>
      </gpxtpx:TrackPointExtension>
     </extensions>
   </trkpt>
   <trkpt lat="-2.6566600" lon="-43.0079430">
    <ele>8.4</ele>
    <time>2026-06-15T13:33:39Z</time>
     <extensions>
      <gpxtpx:TrackPointExtension>
       <gpxtpx:hr>120</gpxtpx:hr>
      </gpxtpx:TrackPointExtension>
     </extensions>
   </trkpt>
   <trkpt lat="-2.6566430" lon="-43.0079860">
    <ele>9.0</ele>
    <time>2026-06-15T13:33:44Z</time>
     <extensions>
      <gpxtpx:TrackPointExtension>
       <gpxtpx:hr>120</gpxtpx:hr>
      </gpxtpx:TrackPointExtension>
     </extensions>
   </trkpt>
   <trkpt lat="-2.6566320" lon="-43.0080280">
    <ele>9.2</ele>
    <time>2026-06-15T13:33:49Z</time>
     <extensions>
      <gpxtpx:TrackPointExtension>
       <gpxtpx:hr>129</gpxtpx:hr>
      </gpxtpx:TrackPointExtension>
     </extensions>
   </trkpt>
   <trkpt lat="-2.6566170" lon="-43.0080610">
    <ele>9.4</ele>
    <time>2026-06-15T13:33:54Z</time>
     <extensions>
      <gpxtpx:TrackPointExtension>
       <gpxtpx:hr>130</gpxtpx:hr>
      </gpxtpx:TrackPointExtension>
     </extensions>
   </trkpt>
   <trkpt lat="-2.6566040" lon="-43.0080990">
    <ele>9.4</ele>
    <time>2026-06-15T13:33:59Z</time>
     <extensions>
      <gpxtpx:TrackPointExtension>
       <gpxtpx:hr>130</gpxtpx:hr>
      </gpxtpx:TrackPointExtension>
     </extensions>
   </trkpt>
   <trkpt lat="-2.6565940" lon="-43.0081360">
    <ele>9.4</ele>
    <time>2026-06-15T13:34:04Z</time>
     <extensions>
      <gpxtpx:TrackPointExtension>
       <gpxtpx:hr>123</gpxtpx:hr>
      </gpxtpx:TrackPointExtension>
     </extensions>
   </trkpt>
   <trkpt lat="-2.6565860" lon="-43.0081770">
    <ele>9.6</ele>
    <time>2026-06-15T13:34:09Z</time>
     <extensions>
      <gpxtpx:TrackPointExtension>
       <gpxtpx:hr>121</gpxtpx:hr>
      </gpxtpx:TrackPointExtension>
     </extensions>
   </trkpt>
   <trkpt lat="-2.6565750" lon="-43.0082120">
    <ele>9.6</ele>
    <time>2026-06-15T13:34:14Z</time>
     <extensions>
      <gpxtpx:TrackPointExtension>
       <gpxtpx:hr>121</gpxtpx:hr>
      </gpxtpx:TrackPointExtension>
     </extensions>
   </trkpt>
   <trkpt lat="-2.6565630" lon="-43.0082470">
    <ele>9.6</ele>
    <time>2026-06-15T13:34:19Z</time>
     <extensions>
      <gpxtpx:TrackPointExtension>
       <gpxtpx:hr>127</gpxtpx:hr>
      </gpxtpx:TrackPointExtension>
     </extensions>
   </trkpt>
   <trkpt lat="-2.6565550" lon="-43.0082750">
    <ele>9.6</ele>
    <time>2026-06-15T13:34:24Z</time>
     <extensions>
      <gpxtpx:TrackPointExtension>
       <gpxtpx:hr>133</gpxtpx:hr>
      </gpxtpx:TrackPointExtension>
     </extensions>
   </trkpt>
   <trkpt lat="-2.6565470" lon="-43.0083000">
    <ele>9.6</ele>
    <time>2026-06-15T13:34:29Z</time>
     <extensions>
      <gpxtpx:TrackPointExtension>
       <gpxtpx:hr>135</gpxtpx:hr>
      </gpxtpx:TrackPointExtension>
     </extensions>
   </trkpt>
   <trkpt lat="-2.6565460" lon="-43.0082990">
    <ele>9.8</ele>
    <time>2026-06-15T13:34:34Z</time>
     <extensions>
      <gpxtpx:TrackPointExtension>
       <gpxtpx:hr>138</gpxtpx:hr>
      </gpxtpx:TrackPointExtension>
     </extensions>
   </trkpt>
   <trkpt lat="-2.6565430" lon="-43.0083120">
    <ele>10.0</ele>
    <time>2026-06-15T13:34:39Z</time>
     <extensions>
      <gpxtpx:TrackPointExtension>
       <gpxtpx:hr>140</gpxtpx:hr>
      </gpxtpx:TrackPointExtension>
     </extensions>
   </trkpt>
   <trkpt lat="-2.6565400" lon="-43.0083510">
    <ele>10.4</ele>
    <time>2026-06-15T13:34:44Z</time>
     <extensions>
      <gpxtpx:TrackPointExtension>
       <gpxtpx:hr>131</gpxtpx:hr>
      </gpxtpx:TrackPointExtension>
     </extensions>
   </trkpt>
   <trkpt lat="-2.6565290" lon="-43.0084050">
    <ele>10.8</ele>
    <time>2026-06-15T13:34:49Z</time>
     <extensions>
      <gpxtpx:TrackPointExtension>
       <gpxtpx:hr>129</gpxtpx:hr>
      </gpxtpx:TrackPointExtension>
     </extensions>
   </trkpt>
   <trkpt lat="-2.6565100" lon="-43.0084520">
    <ele>11.2</ele>
    <time>2026-06-15T13:34:54Z</time>
     <extensions>
      <gpxtpx:TrackPointExtension>
       <gpxtpx:hr>135</gpxtpx:hr>
      </gpxtpx:TrackPointExtension>
     </extensions>
   </trkpt>
   <trkpt lat="-2.6564860" lon="-43.0085090">
    <ele>11.4</ele>
    <time>2026-06-15T13:34:59Z</time>
     <extensions>
      <gpxtpx:TrackPointExtension>
       <gpxtpx:hr>137</gpxtpx:hr>
      </gpxtpx:TrackPointExtension>
     </extensions>
   </trkpt>
   <trkpt lat="-2.6564660" lon="-43.0085530">
    <ele>11.8</ele>
    <time>2026-06-15T13:35:04Z</time>
     <extensions>
      <gpxtpx:TrackPointExtension>
       <gpxtpx:hr>137</gpxtpx:hr>
      </gpxtpx:TrackPointExtension>
     </extensions>
   </trkpt>
   <trkpt lat="-2.6564420" lon="-43.0085950">
    <ele>12.2</ele>
    <time>2026-06-15T13:35:09Z</time>
     <extensions>
      <gpxtpx:TrackPointExtension>
       <gpxtpx:hr>130</gpxtpx:hr>
      </gpxtpx:TrackPointExtension>
     </extensions>
   </trkpt>
   <trkpt lat="-2.6564150" lon="-43.0086350">
    <ele>12.6</ele>
    <time>2026-06-15T13:35:14Z</time>
     <extensions>
      <gpxtpx:TrackPointExtension>
       <gpxtpx:hr>130</gpxtpx:hr>
      </gpxtpx:TrackPointExtension>
     </extensions>
   </trkpt>
   <trkpt lat="-2.6563980" lon="-43.0086620">
    <ele>13.0</ele>
    <time>2026-06-15T13:35:19Z</time>
     <extensions>
      <gpxtpx:TrackPointExtension>
       <gpxtpx:hr>130</gpxtpx:hr>
      </gpxtpx:TrackPointExtension>
     </extensions>
   </trkpt>
   <trkpt lat="-2.6563830" lon="-43.0087000">
    <ele>13.4</ele>
    <time>2026-06-15T13:35:24Z</time>
     <extensions>
      <gpxtpx:TrackPointExtension>
       <gpxtpx:hr>133</gpxtpx:hr>
      </gpxtpx:TrackPointExtension>
     </extensions>
   </trkpt>
   <trkpt lat="-2.6563520" lon="-43.0087450">
    <ele>14.0</ele>
    <time>2026-06-15T13:35:29Z</time>
     <extensions>
      <gpxtpx:TrackPointExtension>
       <gpxtpx:hr>132</gpxtpx:hr>
      </gpxtpx:TrackPointExtension>
     </extensions>
   </trkpt>
   <trkpt lat="-2.6563210" lon="-43.0087980">
    <ele>14.6</ele>
    <time>2026-06-15T13:35:34Z</time>
     <extensions>
      <gpxtpx:TrackPointExtension>
       <gpxtpx:hr>127</gpxtpx:hr>
      </gpxtpx:TrackPointExtension>
     </extensions>
   </trkpt>
   <trkpt lat="-2.6562940" lon="-43.0088480">
    <ele>15.4</ele>
    <time>2026-06-15T13:35:39Z</time>
     <extensions>
      <gpxtpx:TrackPointExtension>
       <gpxtpx:hr>127</gpxtpx:hr>
      </gpxtpx:TrackPointExtension>
     </extensions>
   </trkpt>
   <trkpt lat="-2.6562660" lon="-43.0088960">
    <ele>16.2</ele>
    <time>2026-06-15T13:35:44Z</time>
     <extensions>
      <gpxtpx:TrackPointExtension>
       <gpxtpx:hr>127</gpxtpx:hr>
      </gpxtpx:TrackPointExtension>
     </extensions>
   </trkpt>
   <trkpt lat="-2.6562430" lon="-43.0089330">
    <ele>17.0</ele>
    <time>2026-06-15T13:35:49Z</time>
     <extensions>
      <gpxtpx:TrackPointExtension>
       <gpxtpx:hr>127</gpxtpx:hr>
      </gpxtpx:TrackPointExtension>
     </extensions>
   </trkpt>
   <trkpt lat="-2.6562220" lon="-43.0089730">
    <ele>17.8</ele>
    <time>2026-06-15T13:35:54Z</time>
     <extensions>
      <gpxtpx:TrackPointExtension>
       <gpxtpx:hr>120</gpxtpx:hr>
      </gpxtpx:TrackPointExtension>
     </extensions>
   </trkpt>
   <trkpt lat="-2.6561960" lon="-43.0090170">
    <ele>18.4</ele>
    <time>2026-06-15T13:35:59Z</time>
     <extensions>
      <gpxtpx:TrackPointExtension>
       <gpxtpx:hr>125</gpxtpx:hr>
      </gpxtpx:TrackPointExtension>
     </extensions>
   </trkpt>
   <trkpt lat="-2.6561720" lon="-43.0090640">
    <ele>19.0</ele>
    <time>2026-06-15T13:36:04Z</time>
     <extensions>
      <gpxtpx:TrackPointExtension>
       <gpxtpx:hr>126</gpxtpx:hr>
      </gpxtpx:TrackPointExtension>
     </extensions>
   </trkpt>
   <trkpt lat="-2.6561490" lon="-43.0091080">
    <ele>19.4</ele>
    <time>2026-06-15T13:36:09Z</time>
     <extensions>
      <gpxtpx:TrackPointExtension>
       <gpxtpx:hr>126</gpxtpx:hr>
      </gpxtpx:TrackPointExtension>
     </extensions>
   </trkpt>
   <trkpt lat="-2.6561240" lon="-43.0091490">
    <ele>19.4</ele>
    <time>2026-06-15T13:36:14Z</time>
     <extensions>
      <gpxtpx:TrackPointExtension>
       <gpxtpx:hr>136</gpxtpx:hr>
      </gpxtpx:TrackPointExtension>
     </extensions>
   </trkpt>
   <trkpt lat="-2.6561030" lon="-43.0091820">
    <ele>19.2</ele>
    <time>2026-06-15T13:36:19Z</time>
     <extensions>
      <gpxtpx:TrackPointExtension>
       <gpxtpx:hr>142</gpxtpx:hr>
      </gpxtpx:TrackPointExtension>
     </extensions>
   </trkpt>
   <trkpt lat="-2.6560860" lon="-43.0092110">
    <ele>18.6</ele>
    <time>2026-06-15T13:36:24Z</time>
     <extensions>
      <gpxtpx:TrackPointExtension>
       <gpxtpx:hr>142</gpxtpx:hr>
      </gpxtpx:TrackPointExtension>
     </extensions>
   </trkpt>
   <trkpt lat="-2.6560730" lon="-43.0092570">
    <ele>17.8</ele>
    <time>2026-06-15T13:36:29Z</time>
     <extensions>
      <gpxtpx:TrackPointExtension>
       <gpxtpx:hr>143</gpxtpx:hr>
      </gpxtpx:TrackPointExtension>
     </extensions>
   </trkpt>
   <trkpt lat="-2.6560560" lon="-43.0092970">
    <ele>16.8</ele>
    <time>2026-06-15T13:36:34Z</time>
     <extensions>
      <gpxtpx:TrackPointExtension>
       <gpxtpx:hr>146</gpxtpx:hr>
      </gpxtpx:TrackPointExtension>
     </extensions>
   </trkpt>
   <trkpt lat="-2.6560400" lon="-43.0093310">
    <ele>15.8</ele>
    <time>2026-06-15T13:36:39Z</time>
     <extensions>
      <gpxtpx:TrackPointExtension>
       <gpxtpx:hr>147</gpxtpx:hr>
      </gpxtpx:TrackPointExtension>
     </extensions>
   </trkpt>
   <trkpt lat="-2.6560310" lon="-43.0093730">
    <ele>15.0</ele>
    <time>2026-06-15T13:36:44Z</time>
     <extensions>
      <gpxtpx:TrackPointExtension>
       <gpxtpx:hr>146</gpxtpx:hr>
      </gpxtpx:TrackPointExtension>
     </extensions>
   </trkpt>
   <trkpt lat="-2.6560350" lon="-43.0094150">
    <ele>14.0</ele>
    <time>2026-06-15T13:36:49Z</time>
     <extensions>
      <gpxtpx:TrackPointExtension>
       <gpxtpx:hr>142</gpxtpx:hr>
      </gpxtpx:TrackPointExtension>
     </extensions>
   </trkpt>
   <trkpt lat="-2.6560430" lon="-43.0094560">
    <ele>13.2</ele>
    <time>2026-06-15T13:36:54Z</time>
     <extensions>
      <gpxtpx:TrackPointExtension>
       <gpxtpx:hr>142</gpxtpx:hr>
      </gpxtpx:TrackPointExtension>
     </extensions>
   </trkpt>
   <trkpt lat="-2.6560620" lon="-43.0095060">
    <ele>12.6</ele>
    <time>2026-06-15T13:36:59Z</time>
     <extensions>
      <gpxtpx:TrackPointExtension>
       <gpxtpx:hr>133</gpxtpx:hr>
      </gpxtpx:TrackPointExtension>
     </extensions>
   </trkpt>
   <trkpt lat="-2.6560700" lon="-43.0095450">
    <ele>12.0</ele>
    <time>2026-06-15T13:37:04Z</time>
     <extensions>
      <gpxtpx:TrackPointExtension>
       <gpxtpx:hr>132</gpxtpx:hr>
      </gpxtpx:TrackPointExtension>
     </extensions>
   </trkpt>
   <trkpt lat="-2.6560880" lon="-43.0095880">
    <ele>11.6</ele>
    <time>2026-06-15T13:37:09Z</time>
     <extensions>
      <gpxtpx:TrackPointExtension>
       <gpxtpx:hr>133</gpxtpx:hr>
      </gpxtpx:TrackPointExtension>
     </extensions>
   </trkpt>
   <trkpt lat="-2.6561060" lon="-43.0096290">
    <ele>11.4</ele>
    <time>2026-06-15T13:37:14Z</time>
     <extensions>
      <gpxtpx:TrackPointExtension>
       <gpxtpx:hr>135</gpxtpx:hr>
      </gpxtpx:TrackPointExtension>
     </extensions>
   </trkpt>
   <trkpt lat="-2.6561220" lon="-43.0096580">
    <ele>11.2</ele>
    <time>2026-06-15T13:37:19Z</time>
     <extensions>
      <gpxtpx:TrackPointExtension>
       <gpxtpx:hr>135</gpxtpx:hr>
      </gpxtpx:TrackPointExtension>
     </extensions>
   </trkpt>
   <trkpt lat="-2.6561230" lon="-43.0096910">
    <ele>11.0</ele>
    <time>2026-06-15T13:37:24Z</time>
     <extensions>
      <gpxtpx:TrackPointExtension>
       <gpxtpx:hr>135</gpxtpx:hr>
      </gpxtpx:TrackPointExtension>
     </extensions>
   </trkpt>
   <trkpt lat="-2.6561230" lon="-43.0097240">
    <ele>10.6</ele>
    <time>2026-06-15T13:37:29Z</time>
     <extensions>
      <gpxtpx:TrackPointExtension>
       <gpxtpx:hr>134</gpxtpx:hr>
      </gpxtpx:TrackPointExtension>
     </extensions>
   </trkpt>
   <trkpt lat="-2.6561220" lon="-43.0097590">
    <ele>10.2</ele>
    <time>2026-06-15T13:37:34Z</time>
     <extensions>
      <gpxtpx:TrackPointExtension>
       <gpxtpx:hr>127</gpxtpx:hr>
      </gpxtpx:TrackPointExtension>
     </extensions>
   </trkpt>
   <trkpt lat="-2.6561130" lon="-43.0098000">
    <ele>10.0</ele>
    <time>2026-06-15T13:37:39Z</time>
     <extensions>
      <gpxtpx:TrackPointExtension>
       <gpxtpx:hr>128</gpxtpx:hr>
      </gpxtpx:TrackPointExtension>
     </extensions>
   </trkpt>
   <trkpt lat="-2.6560940" lon="-43.0098460">
    <ele>9.8</ele>
    <time>2026-06-15T13:37:44Z</time>
     <extensions>
      <gpxtpx:TrackPointExtension>
       <gpxtpx:hr>134</gpxtpx:hr>
      </gpxtpx:TrackPointExtension>
     </extensions>
   </trkpt>
   <trkpt lat="-2.6560650" lon="-43.0098950">
    <ele>9.6</ele>
    <time>2026-06-15T13:37:49Z</time>
     <extensions>
      <gpxtpx:TrackPointExtension>
       <gpxtpx:hr>134</gpxtpx:hr>
      </gpxtpx:TrackPointExtension>
     </extensions>
   </trkpt>
   <trkpt lat="-2.6560420" lon="-43.0099370">
    <ele>9.6</ele>
    <time>2026-06-15T13:37:54Z</time>
     <extensions>
      <gpxtpx:TrackPointExtension>
       <gpxtpx:hr>127</gpxtpx:hr>
      </gpxtpx:TrackPointExtension>
     </extensions>
   </trkpt>
   <trkpt lat="-2.6560140" lon="-43.0099700">
    <ele>9.6</ele>
    <time>2026-06-15T13:37:59Z</time>
     <extensions>
      <gpxtpx:TrackPointExtension>
       <gpxtpx:hr>124</gpxtpx:hr>
      </gpxtpx:TrackPointExtension>
     </extensions>
   </trkpt>
   <trkpt lat="-2.6559960" lon="-43.0100130">
    <ele>9.6</ele>
    <time>2026-06-15T13:38:04Z</time>
     <extensions>
      <gpxtpx:TrackPointExtension>
       <gpxtpx:hr>123</gpxtpx:hr>
      </gpxtpx:TrackPointExtension>
     </extensions>
   </trkpt>
   <trkpt lat="-2.6559620" lon="-43.0100400">
    <ele>9.6</ele>
    <time>2026-06-15T13:38:09Z</time>
     <extensions>
      <gpxtpx:TrackPointExtension>
       <gpxtpx:hr>121</gpxtpx:hr>
      </gpxtpx:TrackPointExtension>
     </extensions>
   </trkpt>
   <trkpt lat="-2.6559330" lon="-43.0100690">
    <ele>9.6</ele>
    <time>2026-06-15T13:38:14Z</time>
     <extensions>
      <gpxtpx:TrackPointExtension>
       <gpxtpx:hr>123</gpxtpx:hr>
      </gpxtpx:TrackPointExtension>
     </extensions>
   </trkpt>
   <trkpt lat="-2.6559090" lon="-43.0100990">
    <ele>9.6</ele>
    <time>2026-06-15T13:38:19Z</time>
     <extensions>
      <gpxtpx:TrackPointExtension>
       <gpxtpx:hr>123</gpxtpx:hr>
      </gpxtpx:TrackPointExtension>
     </extensions>
   </trkpt>
   <trkpt lat="-2.6558820" lon="-43.0101290">
    <ele>9.6</ele>
    <time>2026-06-15T13:38:24Z</time>
     <extensions>
      <gpxtpx:TrackPointExtension>
       <gpxtpx:hr>129</gpxtpx:hr>
      </gpxtpx:TrackPointExtension>
     </extensions>
   </trkpt>
   <trkpt lat="-2.6558650" lon="-43.0101570">
    <ele>9.8</ele>
    <time>2026-06-15T13:38:29Z</time>
     <extensions>
      <gpxtpx:TrackPointExtension>
       <gpxtpx:hr>118</gpxtpx:hr>
      </gpxtpx:TrackPointExtension>
     </extensions>
   </trkpt>
   <trkpt lat="-2.6558530" lon="-43.0101770">
    <ele>10.0</ele>
    <time>2026-06-15T13:38:34Z</time>
     <extensions>
      <gpxtpx:TrackPointExtension>
       <gpxtpx:hr>121</gpxtpx:hr>
      </gpxtpx:TrackPointExtension>
     </extensions>
   </trkpt>
   <trkpt lat="-2.6558450" lon="-43.0101920">
    <ele>10.4</ele>
    <time>2026-06-15T13:38:39Z</time>
     <extensions>
      <gpxtpx:TrackPointExtension>
       <gpxtpx:hr>128</gpxtpx:hr>
      </gpxtpx:TrackPointExtension>
     </extensions>
   </trkpt>
   <trkpt lat="-2.6558210" lon="-43.0102230">
    <ele>10.8</ele>
    <time>2026-06-15T13:38:44Z</time>
     <extensions>
      <gpxtpx:TrackPointExtension>
       <gpxtpx:hr>136</gpxtpx:hr>
      </gpxtpx:TrackPointExtension>
     </extensions>
   </trkpt>
   <trkpt lat="-2.6557810" lon="-43.0102430">
    <ele>11.4</ele>
    <time>2026-06-15T13:38:49Z</time>
     <extensions>
      <gpxtpx:TrackPointExtension>
       <gpxtpx:hr>136</gpxtpx:hr>
      </gpxtpx:TrackPointExtension>
     </extensions>
   </trkpt>
   <trkpt lat="-2.6557370" lon="-43.0102590">
    <ele>12.0</ele>
    <time>2026-06-15T13:38:54Z</time>
     <extensions>
      <gpxtpx:TrackPointExtension>
       <gpxtpx:hr>122</gpxtpx:hr>
      </gpxtpx:TrackPointExtension>
     </extensions>
   </trkpt>
   <trkpt lat="-2.6556980" lon="-43.0102780">
    <ele>12.6</ele>
    <time>2026-06-15T13:38:59Z</time>
     <extensions>
      <gpxtpx:TrackPointExtension>
       <gpxtpx:hr>123</gpxtpx:hr>
      </gpxtpx:TrackPointExtension>
     </extensions>
   </trkpt>
   <trkpt lat="-2.6556660" lon="-43.0103060">
    <ele>14.0</ele>
    <time>2026-06-15T13:39:04Z</time>
     <extensions>
      <gpxtpx:TrackPointExtension>
       <gpxtpx:hr>123</gpxtpx:hr>
      </gpxtpx:TrackPointExtension>
     </extensions>
   </trkpt>
   <trkpt lat="-2.6556470" lon="-43.0103360">
    <ele>16.6</ele>
    <time>2026-06-15T13:39:09Z</time>
     <extensions>
      <gpxtpx:TrackPointExtension>
       <gpxtpx:hr>117</gpxtpx:hr>
      </gpxtpx:TrackPointExtension>
     </extensions>
   </trkpt>
   <trkpt lat="-2.6556310" lon="-43.0103410">
    <ele>16.6</ele>
    <time>2026-06-15T13:39:14Z</time>
     <extensions>
      <gpxtpx:TrackPointExtension>
       <gpxtpx:hr>117</gpxtpx:hr>
      </gpxtpx:TrackPointExtension>
     </extensions>
   </trkpt>
   <trkpt lat="-2.6556210" lon="-43.0103410">
    <ele>15.2</ele>
    <time>2026-06-15T13:39:20Z</time>
     <extensions>
      <gpxtpx:TrackPointExtension>
       <gpxtpx:hr>126</gpxtpx:hr>
      </gpxtpx:TrackPointExtension>
     </extensions>
   </trkpt>
   <trkpt lat="-2.6556180" lon="-43.0103380">
    <ele>19.8</ele>
    <time>2026-06-15T13:39:49Z</time>
     <extensions>
      <gpxtpx:TrackPointExtension>
       <gpxtpx:hr>129</gpxtpx:hr>
      </gpxtpx:TrackPointExtension>
     </extensions>
   </trkpt>
   <trkpt lat="-2.6556060" lon="-43.0103510">
    <ele>19.8</ele>
    <time>2026-06-15T13:39:54Z</time>
     <extensions>
      <gpxtpx:TrackPointExtension>
       <gpxtpx:hr>122</gpxtpx:hr>
      </gpxtpx:TrackPointExtension>
     </extensions>
   </trkpt>
   <trkpt lat="-2.6555840" lon="-43.0103710">
    <ele>20.2</ele>
    <time>2026-06-15T13:39:59Z</time>
     <extensions>
      <gpxtpx:TrackPointExtension>
       <gpxtpx:hr>120</gpxtpx:hr>
      </gpxtpx:TrackPointExtension>
     </extensions>
   </trkpt>
   <trkpt lat="-2.6555720" lon="-43.0103960">
    <ele>21.0</ele>
    <time>2026-06-15T13:40:04Z</time>
     <extensions>
      <gpxtpx:TrackPointExtension>
       <gpxtpx:hr>119</gpxtpx:hr>
      </gpxtpx:TrackPointExtension>
     </extensions>
   </trkpt>
   <trkpt lat="-2.6555720" lon="-43.0104030">
    <ele>22.0</ele>
    <time>2026-06-15T13:40:09Z</time>
     <extensions>
      <gpxtpx:TrackPointExtension>
       <gpxtpx:hr>118</gpxtpx:hr>
      </gpxtpx:TrackPointExtension>
     </extensions>
   </trkpt>
   <trkpt lat="-2.6555710" lon="-43.0104080">
    <ele>23.6</ele>
    <time>2026-06-15T13:40:14Z</time>
     <extensions>
      <gpxtpx:TrackPointExtension>
       <gpxtpx:hr>125</gpxtpx:hr>
      </gpxtpx:TrackPointExtension>
     </extensions>
   </trkpt>
   <trkpt lat="-2.6555660" lon="-43.0104230">
    <ele>25.2</ele>
    <time>2026-06-15T13:40:19Z</time>
     <extensions>
      <gpxtpx:TrackPointExtension>
       <gpxtpx:hr>126</gpxtpx:hr>
      </gpxtpx:TrackPointExtension>
     </extensions>
   </trkpt>
   <trkpt lat="-2.6555460" lon="-43.0104570">
    <ele>26.6</ele>
    <time>2026-06-15T13:40:24Z</time>
     <extensions>
      <gpxtpx:TrackPointExtension>
       <gpxtpx:hr>126</gpxtpx:hr>
      </gpxtpx:TrackPointExtension>
     </extensions>
   </trkpt>
   <trkpt lat="-2.6555310" lon="-43.0104800">
    <ele>27.6</ele>
    <time>2026-06-15T13:40:29Z</time>
     <extensions>
      <gpxtpx:TrackPointExtension>
       <gpxtpx:hr>118</gpxtpx:hr>
      </gpxtpx:TrackPointExtension>
     </extensions>
   </trkpt>
   <trkpt lat="-2.6555160" lon="-43.0105060">
    <ele>28.0</ele>
    <time>2026-06-15T13:40:34Z</time>
     <extensions>
      <gpxtpx:TrackPointExtension>
       <gpxtpx:hr>127</gpxtpx:hr>
      </gpxtpx:TrackPointExtension>
     </extensions>
   </trkpt>
   <trkpt lat="-2.6555080" lon="-43.0105240">
    <ele>28.4</ele>
    <time>2026-06-15T13:40:39Z</time>
     <extensions>
      <gpxtpx:TrackPointExtension>
       <gpxtpx:hr>129</gpxtpx:hr>
      </gpxtpx:TrackPointExtension>
     </extensions>
   </trkpt>
   <trkpt lat="-2.6554960" lon="-43.0105510">
    <ele>28.6</ele>
    <time>2026-06-15T13:40:44Z</time>
     <extensions>
      <gpxtpx:TrackPointExtension>
       <gpxtpx:hr>136</gpxtpx:hr>
      </gpxtpx:TrackPointExtension>
     </extensions>
   </trkpt>
   <trkpt lat="-2.6554860" lon="-43.0105790">
    <ele>28.8</ele>
    <time>2026-06-15T13:40:49Z</time>
     <extensions>
      <gpxtpx:TrackPointExtension>
       <gpxtpx:hr>136</gpxtpx:hr>
      </gpxtpx:TrackPointExtension>
     </extensions>
   </trkpt>
   <trkpt lat="-2.6554750" lon="-43.0106040">
    <ele>29.0</ele>
    <time>2026-06-15T13:40:54Z</time>
     <extensions>
      <gpxtpx:TrackPointExtension>
       <gpxtpx:hr>136</gpxtpx:hr>
      </gpxtpx:TrackPointExtension>
     </extensions>
   </trkpt>
   <trkpt lat="-2.6554630" lon="-43.0106230">
    <ele>29.0</ele>
    <time>2026-06-15T13:40:59Z</time>
     <extensions>
      <gpxtpx:TrackPointExtension>
       <gpxtpx:hr>141</gpxtpx:hr>
      </gpxtpx:TrackPointExtension>
     </extensions>
   </trkpt>
   <trkpt lat="-2.6554530" lon="-43.0106430">
    <ele>29.2</ele>
    <time>2026-06-15T13:41:04Z</time>
     <extensions>
      <gpxtpx:TrackPointExtension>
       <gpxtpx:hr>144</gpxtpx:hr>
      </gpxtpx:TrackPointExtension>
     </extensions>
   </trkpt>
   <trkpt lat="-2.6554460" lon="-43.0106580">
    <ele>29.4</ele>
    <time>2026-06-15T13:41:09Z</time>
     <extensions>
      <gpxtpx:TrackPointExtension>
       <gpxtpx:hr>146</gpxtpx:hr>
      </gpxtpx:TrackPointExtension>
     </extensions>
   </trkpt>
   <trkpt lat="-2.6554460" lon="-43.0106660">
    <ele>29.6</ele>
    <time>2026-06-15T13:41:14Z</time>
     <extensions>
      <gpxtpx:TrackPointExtension>
       <gpxtpx:hr>147</gpxtpx:hr>
      </gpxtpx:TrackPointExtension>
     </extensions>
   </trkpt>
   <trkpt lat="-2.6554460" lon="-43.0106850">
    <ele>29.8</ele>
    <time>2026-06-15T13:41:19Z</time>
     <extensions>
      <gpxtpx:TrackPointExtension>
       <gpxtpx:hr>151</gpxtpx:hr>
      </gpxtpx:TrackPointExtension>
     </extensions>
   </trkpt>
   <trkpt lat="-2.6554510" lon="-43.0107060">
    <ele>29.8</ele>
    <time>2026-06-15T13:41:24Z</time>
     <extensions>
      <gpxtpx:TrackPointExtension>
       <gpxtpx:hr>149</gpxtpx:hr>
      </gpxtpx:TrackPointExtension>
     </extensions>
   </trkpt>
   <trkpt lat="-2.6554540" lon="-43.0107260">
    <ele>30.0</ele>
    <time>2026-06-15T13:41:29Z</time>
     <extensions>
      <gpxtpx:TrackPointExtension>
       <gpxtpx:hr>149</gpxtpx:hr>
      </gpxtpx:TrackPointExtension>
     </extensions>
   </trkpt>
   <trkpt lat="-2.6554570" lon="-43.0107350">
    <ele>30.2</ele>
    <time>2026-06-15T13:41:34Z</time>
     <extensions>
      <gpxtpx:TrackPointExtension>
       <gpxtpx:hr>147</gpxtpx:hr>
      </gpxtpx:TrackPointExtension>
     </extensions>
   </trkpt>
   <trkpt lat="-2.6554590" lon="-43.0107320">
    <ele>30.4</ele>
    <time>2026-06-15T13:41:39Z</time>
     <extensions>
      <gpxtpx:TrackPointExtension>
       <gpxtpx:hr>147</gpxtpx:hr>
      </gpxtpx:TrackPointExtension>
     </extensions>
   </trkpt>
   <trkpt lat="-2.6554610" lon="-43.0107280">
    <ele>30.6</ele>
    <time>2026-06-15T13:41:44Z</time>
     <extensions>
      <gpxtpx:TrackPointExtension>
       <gpxtpx:hr>145</gpxtpx:hr>
      </gpxtpx:TrackPointExtension>
     </extensions>
   </trkpt>
   <trkpt lat="-2.6554610" lon="-43.0107290">
    <ele>30.8</ele>
    <time>2026-06-15T13:41:49Z</time>
     <extensions>
      <gpxtpx:TrackPointExtension>
       <gpxtpx:hr>145</gpxtpx:hr>
      </gpxtpx:TrackPointExtension>
     </extensions>
   </trkpt>
   <trkpt lat="-2.6554630" lon="-43.0107390">
    <ele>31.0</ele>
    <time>2026-06-15T13:41:54Z</time>
     <extensions>
      <gpxtpx:TrackPointExtension>
       <gpxtpx:hr>131</gpxtpx:hr>
      </gpxtpx:TrackPointExtension>
     </extensions>
   </trkpt>
   <trkpt lat="-2.6554520" lon="-43.0107620">
    <ele>31.2</ele>
    <time>2026-06-15T13:41:59Z</time>
     <extensions>
      <gpxtpx:TrackPointExtension>
       <gpxtpx:hr>129</gpxtpx:hr>
      </gpxtpx:TrackPointExtension>
     </extensions>
   </trkpt>
   <trkpt lat="-2.6554410" lon="-43.0107810">
    <ele>31.2</ele>
    <time>2026-06-15T13:42:04Z</time>
     <extensions>
      <gpxtpx:TrackPointExtension>
       <gpxtpx:hr>137</gpxtpx:hr>
      </gpxtpx:TrackPointExtension>
     </extensions>
   </trkpt>
   <trkpt lat="-2.6554290" lon="-43.0107980">
    <ele>31.4</ele>
    <time>2026-06-15T13:42:09Z</time>
     <extensions>
      <gpxtpx:TrackPointExtension>
       <gpxtpx:hr>140</gpxtpx:hr>
      </gpxtpx:TrackPointExtension>
     </extensions>
   </trkpt>
   <trkpt lat="-2.6554180" lon="-43.0108150">
    <ele>31.6</ele>
    <time>2026-06-15T13:42:14Z</time>
     <extensions>
      <gpxtpx:TrackPointExtension>
       <gpxtpx:hr>142</gpxtpx:hr>
      </gpxtpx:TrackPointExtension>
     </extensions>
   </trkpt>
   <trkpt lat="-2.6554100" lon="-43.0108320">
    <ele>31.6</ele>
    <time>2026-06-15T13:42:19Z</time>
     <extensions>
      <gpxtpx:TrackPointExtension>
       <gpxtpx:hr>143</gpxtpx:hr>
      </gpxtpx:TrackPointExtension>
     </extensions>
   </trkpt>
   <trkpt lat="-2.6554060" lon="-43.0108520">
    <ele>31.8</ele>
    <time>2026-06-15T13:42:24Z</time>
     <extensions>
      <gpxtpx:TrackPointExtension>
       <gpxtpx:hr>147</gpxtpx:hr>
      </gpxtpx:TrackPointExtension>
     </extensions>
   </trkpt>
   <trkpt lat="-2.6554040" lon="-43.0108720">
    <ele>32.0</ele>
    <time>2026-06-15T13:42:29Z</time>
     <extensions>
      <gpxtpx:TrackPointExtension>
       <gpxtpx:hr>148</gpxtpx:hr>
      </gpxtpx:TrackPointExtension>
     </extensions>
   </trkpt>
   <trkpt lat="-2.6553970" lon="-43.0108900">
    <ele>32.0</ele>
    <time>2026-06-15T13:42:34Z</time>
     <extensions>
      <gpxtpx:TrackPointExtension>
       <gpxtpx:hr>146</gpxtpx:hr>
      </gpxtpx:TrackPointExtension>
     </extensions>
   </trkpt>
   <trkpt lat="-2.6553880" lon="-43.0109100">
    <ele>32.2</ele>
    <time>2026-06-15T13:42:39Z</time>
     <extensions>
      <gpxtpx:TrackPointExtension>
       <gpxtpx:hr>149</gpxtpx:hr>
      </gpxtpx:TrackPointExtension>
     </extensions>
   </trkpt>
   <trkpt lat="-2.6553740" lon="-43.0109270">
    <ele>32.2</ele>
    <time>2026-06-15T13:42:44Z</time>
     <extensions>
      <gpxtpx:TrackPointExtension>
       <gpxtpx:hr>149</gpxtpx:hr>
      </gpxtpx:TrackPointExtension>
     </extensions>
   </trkpt>
   <trkpt lat="-2.6553700" lon="-43.0109480">
    <ele>32.4</ele>
    <time>2026-06-15T13:42:49Z</time>
     <extensions>
      <gpxtpx:TrackPointExtension>
       <gpxtpx:hr>151</gpxtpx:hr>
      </gpxtpx:TrackPointExtension>
     </extensions>
   </trkpt>
   <trkpt lat="-2.6553710" lon="-43.0109710">
    <ele>32.2</ele>
    <time>2026-06-15T13:42:54Z</time>
     <extensions>
      <gpxtpx:TrackPointExtension>
       <gpxtpx:hr>153</gpxtpx:hr>
      </gpxtpx:TrackPointExtension>
     </extensions>
   </trkpt>
   <trkpt lat="-2.6553680" lon="-43.0109950">
    <ele>32.2</ele>
    <time>2026-06-15T13:42:59Z</time>
     <extensions>
      <gpxtpx:TrackPointExtension>
       <gpxtpx:hr>153</gpxtpx:hr>
      </gpxtpx:TrackPointExtension>
     </extensions>
   </trkpt>
   <trkpt lat="-2.6553680" lon="-43.0110190">
    <ele>32.2</ele>
    <time>2026-06-15T13:43:04Z</time>
     <extensions>
      <gpxtpx:TrackPointExtension>
       <gpxtpx:hr>152</gpxtpx:hr>
      </gpxtpx:TrackPointExtension>
     </extensions>
   </trkpt>
   <trkpt lat="-2.6553710" lon="-43.0110450">
    <ele>32.2</ele>
    <time>2026-06-15T13:43:09Z</time>
     <extensions>
      <gpxtpx:TrackPointExtension>
       <gpxtpx:hr>156</gpxtpx:hr>
      </gpxtpx:TrackPointExtension>
     </extensions>
   </trkpt>
   <trkpt lat="-2.6553790" lon="-43.0110760">
    <ele>32.2</ele>
    <time>2026-06-15T13:43:14Z</time>
     <extensions>
      <gpxtpx:TrackPointExtension>
       <gpxtpx:hr>156</gpxtpx:hr>
      </gpxtpx:TrackPointExtension>
     </extensions>
   </trkpt>
   <trkpt lat="-2.6553650" lon="-43.0111060">
    <ele>32.4</ele>
    <time>2026-06-15T13:43:19Z</time>
     <extensions>
      <gpxtpx:TrackPointExtension>
       <gpxtpx:hr>157</gpxtpx:hr>
      </gpxtpx:TrackPointExtension>
     </extensions>
   </trkpt>
   <trkpt lat="-2.6553290" lon="-43.0111430">
    <ele>32.8</ele>
    <time>2026-06-15T13:43:24Z</time>
     <extensions>
      <gpxtpx:TrackPointExtension>
       <gpxtpx:hr>156</gpxtpx:hr>
      </gpxtpx:TrackPointExtension>
     </extensions>
   </trkpt>
   <trkpt lat="-2.6552930" lon="-43.0111730">
    <ele>33.2</ele>
    <time>2026-06-15T13:43:30Z</time>
     <extensions>
      <gpxtpx:TrackPointExtension>
       <gpxtpx:hr>156</gpxtpx:hr>
      </gpxtpx:TrackPointExtension>
     </extensions>
   </trkpt>
   <trkpt lat="-2.6552580" lon="-43.0112020">
    <ele>33.8</ele>
    <time>2026-06-15T13:43:35Z</time>
     <extensions>
      <gpxtpx:TrackPointExtension>
       <gpxtpx:hr>161</gpxtpx:hr>
      </gpxtpx:TrackPointExtension>
     </extensions>
   </trkpt>
   <trkpt lat="-2.6552280" lon="-43.0112170">
    <ele>34.4</ele>
    <time>2026-06-15T13:43:40Z</time>
     <extensions>
      <gpxtpx:TrackPointExtension>
       <gpxtpx:hr>161</gpxtpx:hr>
      </gpxtpx:TrackPointExtension>
     </extensions>
   </trkpt>
   <trkpt lat="-2.6551890" lon="-43.0112340">
    <ele>34.8</ele>
    <time>2026-06-15T13:43:45Z</time>
     <extensions>
      <gpxtpx:TrackPointExtension>
       <gpxtpx:hr>161</gpxtpx:hr>
      </gpxtpx:TrackPointExtension>
     </extensions>
   </trkpt>
   <trkpt lat="-2.6551540" lon="-43.0112540">
    <ele>35.4</ele>
    <time>2026-06-15T13:43:50Z</time>
     <extensions>
      <gpxtpx:TrackPointExtension>
       <gpxtpx:hr>162</gpxtpx:hr>
      </gpxtpx:TrackPointExtension>
     </extensions>
   </trkpt>
   <trkpt lat="-2.6551140" lon="-43.0112710">
    <ele>36.0</ele>
    <time>2026-06-15T13:43:55Z</time>
     <extensions>
      <gpxtpx:TrackPointExtension>
       <gpxtpx:hr>162</gpxtpx:hr>
      </gpxtpx:TrackPointExtension>
     </extensions>
   </trkpt>
   <trkpt lat="-2.6550760" lon="-43.0112920">
    <ele>36.6</ele>
    <time>2026-06-15T13:44:00Z</time>
     <extensions>
      <gpxtpx:TrackPointExtension>
       <gpxtpx:hr>161</gpxtpx:hr>
      </gpxtpx:TrackPointExtension>
     </extensions>
   </trkpt>
   <trkpt lat="-2.6550320" lon="-43.0113250">
    <ele>37.4</ele>
    <time>2026-06-15T13:44:05Z</time>
     <extensions>
      <gpxtpx:TrackPointExtension>
       <gpxtpx:hr>159</gpxtpx:hr>
      </gpxtpx:TrackPointExtension>
     </extensions>
   </trkpt>
   <trkpt lat="-2.6549910" lon="-43.0113620">
    <ele>38.2</ele>
    <time>2026-06-15T13:44:10Z</time>
     <extensions>
      <gpxtpx:TrackPointExtension>
       <gpxtpx:hr>158</gpxtpx:hr>
      </gpxtpx:TrackPointExtension>
     </extensions>
   </trkpt>
   <trkpt lat="-2.6549600" lon="-43.0114070">
    <ele>39.0</ele>
    <time>2026-06-15T13:44:15Z</time>
     <extensions>
      <gpxtpx:TrackPointExtension>
       <gpxtpx:hr>155</gpxtpx:hr>
      </gpxtpx:TrackPointExtension>
     </extensions>
   </trkpt>
   <trkpt lat="-2.6549370" lon="-43.0114410">
    <ele>39.8</ele>
    <time>2026-06-15T13:44:20Z</time>
     <extensions>
      <gpxtpx:TrackPointExtension>
       <gpxtpx:hr>154</gpxtpx:hr>
      </gpxtpx:TrackPointExtension>
     </extensions>
   </trkpt>
   <trkpt lat="-2.6549130" lon="-43.0114880">
    <ele>40.0</ele>
    <time>2026-06-15T13:44:25Z</time>
     <extensions>
      <gpxtpx:TrackPointExtension>
       <gpxtpx:hr>153</gpxtpx:hr>
      </gpxtpx:TrackPointExtension>
     </extensions>
   </trkpt>
   <trkpt lat="-2.6548860" lon="-43.0115310">
    <ele>40.2</ele>
    <time>2026-06-15T13:44:30Z</time>
     <extensions>
      <gpxtpx:TrackPointExtension>
       <gpxtpx:hr>150</gpxtpx:hr>
      </gpxtpx:TrackPointExtension>
     </extensions>
   </trkpt>
   <trkpt lat="-2.6548650" lon="-43.0115650">
    <ele>40.2</ele>
    <time>2026-06-15T13:44:35Z</time>
     <extensions>
      <gpxtpx:TrackPointExtension>
       <gpxtpx:hr>144</gpxtpx:hr>
      </gpxtpx:TrackPointExtension>
     </extensions>
   </trkpt>
   <trkpt lat="-2.6548360" lon="-43.0116070">
    <ele>40.2</ele>
    <time>2026-06-15T13:44:40Z</time>
     <extensions>
      <gpxtpx:TrackPointExtension>
       <gpxtpx:hr>140</gpxtpx:hr>
      </gpxtpx:TrackPointExtension>
     </extensions>
   </trkpt>
   <trkpt lat="-2.6548130" lon="-43.0116500">
    <ele>40.2</ele>
    <time>2026-06-15T13:44:45Z</time>
     <extensions>
      <gpxtpx:TrackPointExtension>
       <gpxtpx:hr>141</gpxtpx:hr>
      </gpxtpx:TrackPointExtension>
     </extensions>
   </trkpt>
   <trkpt lat="-2.6547970" lon="-43.0116930">
    <ele>40.2</ele>
    <time>2026-06-15T13:44:50Z</time>
     <extensions>
      <gpxtpx:TrackPointExtension>
       <gpxtpx:hr>135</gpxtpx:hr>
      </gpxtpx:TrackPointExtension>
     </extensions>
   </trkpt>
   <trkpt lat="-2.6547810" lon="-43.0117360">
    <ele>40.2</ele>
    <time>2026-06-15T13:44:55Z</time>
     <extensions>
      <gpxtpx:TrackPointExtension>
       <gpxtpx:hr>135</gpxtpx:hr>
      </gpxtpx:TrackPointExtension>
     </extensions>
   </trkpt>
   <trkpt lat="-2.6547710" lon="-43.0117750">
    <ele>40.4</ele>
    <time>2026-06-15T13:45:00Z</time>
     <extensions>
      <gpxtpx:TrackPointExtension>
       <gpxtpx:hr>134</gpxtpx:hr>
      </gpxtpx:TrackPointExtension>
     </extensions>
   </trkpt>
   <trkpt lat="-2.6547730" lon="-43.0117940">
    <ele>40.2</ele>
    <time>2026-06-15T13:45:05Z</time>
     <extensions>
      <gpxtpx:TrackPointExtension>
       <gpxtpx:hr>129</gpxtpx:hr>
      </gpxtpx:TrackPointExtension>
     </extensions>
   </trkpt>
   <trkpt lat="-2.6547760" lon="-43.0118040">
    <ele>40.0</ele>
    <time>2026-06-15T13:45:10Z</time>
     <extensions>
      <gpxtpx:TrackPointExtension>
       <gpxtpx:hr>126</gpxtpx:hr>
      </gpxtpx:TrackPointExtension>
     </extensions>
   </trkpt>
   <trkpt lat="-2.6547820" lon="-43.0118170">
    <ele>39.6</ele>
    <time>2026-06-15T13:45:15Z</time>
     <extensions>
      <gpxtpx:TrackPointExtension>
       <gpxtpx:hr>125</gpxtpx:hr>
      </gpxtpx:TrackPointExtension>
     </extensions>
   </trkpt>
   <trkpt lat="-2.6547940" lon="-43.0118280">
    <ele>39.2</ele>
    <time>2026-06-15T13:45:20Z</time>
     <extensions>
      <gpxtpx:TrackPointExtension>
       <gpxtpx:hr>127</gpxtpx:hr>
      </gpxtpx:TrackPointExtension>
     </extensions>
   </trkpt>
   <trkpt lat="-2.6548040" lon="-43.0118300">
    <ele>39.0</ele>
    <time>2026-06-15T13:45:25Z</time>
     <extensions>
      <gpxtpx:TrackPointExtension>
       <gpxtpx:hr>133</gpxtpx:hr>
      </gpxtpx:TrackPointExtension>
     </extensions>
   </trkpt>
   <trkpt lat="-2.6548100" lon="-43.0118380">
    <ele>38.6</ele>
    <time>2026-06-15T13:45:30Z</time>
     <extensions>
      <gpxtpx:TrackPointExtension>
       <gpxtpx:hr>132</gpxtpx:hr>
      </gpxtpx:TrackPointExtension>
     </extensions>
   </trkpt>
   <trkpt lat="-2.6548210" lon="-43.0118670">
    <ele>38.2</ele>
    <time>2026-06-15T13:45:35Z</time>
     <extensions>
      <gpxtpx:TrackPointExtension>
       <gpxtpx:hr>133</gpxtpx:hr>
      </gpxtpx:TrackPointExtension>
     </extensions>
   </trkpt>
   <trkpt lat="-2.6548310" lon="-43.0118870">
    <ele>38.0</ele>
    <time>2026-06-15T13:45:40Z</time>
     <extensions>
      <gpxtpx:TrackPointExtension>
       <gpxtpx:hr>131</gpxtpx:hr>
      </gpxtpx:TrackPointExtension>
     </extensions>
   </trkpt>
   <trkpt lat="-2.6548430" lon="-43.0119310">
    <ele>37.6</ele>
    <time>2026-06-15T13:45:45Z</time>
     <extensions>
      <gpxtpx:TrackPointExtension>
       <gpxtpx:hr>134</gpxtpx:hr>
      </gpxtpx:TrackPointExtension>
     </extensions>
   </trkpt>
   <trkpt lat="-2.6548420" lon="-43.0119870">
    <ele>37.4</ele>
    <time>2026-06-15T13:45:50Z</time>
     <extensions>
      <gpxtpx:TrackPointExtension>
       <gpxtpx:hr>135</gpxtpx:hr>
      </gpxtpx:TrackPointExtension>
     </extensions>
   </trkpt>
   <trkpt lat="-2.6548310" lon="-43.0120360">
    <ele>37.2</ele>
    <time>2026-06-15T13:45:55Z</time>
     <extensions>
      <gpxtpx:TrackPointExtension>
       <gpxtpx:hr>139</gpxtpx:hr>
      </gpxtpx:TrackPointExtension>
     </extensions>
   </trkpt>
   <trkpt lat="-2.6548330" lon="-43.0120810">
    <ele>36.8</ele>
    <time>2026-06-15T13:46:00Z</time>
     <extensions>
      <gpxtpx:TrackPointExtension>
       <gpxtpx:hr>140</gpxtpx:hr>
      </gpxtpx:TrackPointExtension>
     </extensions>
   </trkpt>
   <trkpt lat="-2.6548480" lon="-43.0121170">
    <ele>36.2</ele>
    <time>2026-06-15T13:46:05Z</time>
     <extensions>
      <gpxtpx:TrackPointExtension>
       <gpxtpx:hr>131</gpxtpx:hr>
      </gpxtpx:TrackPointExtension>
     </extensions>
   </trkpt>
   <trkpt lat="-2.6548500" lon="-43.0121650">
    <ele>35.6</ele>
    <time>2026-06-15T13:46:10Z</time>
     <extensions>
      <gpxtpx:TrackPointExtension>
       <gpxtpx:hr>130</gpxtpx:hr>
      </gpxtpx:TrackPointExtension>
     </extensions>
   </trkpt>
   <trkpt lat="-2.6548460" lon="-43.0122080">
    <ele>35.0</ele>
    <time>2026-06-15T13:46:15Z</time>
     <extensions>
      <gpxtpx:TrackPointExtension>
       <gpxtpx:hr>136</gpxtpx:hr>
      </gpxtpx:TrackPointExtension>
     </extensions>
   </trkpt>
   <trkpt lat="-2.6548320" lon="-43.0122530">
    <ele>34.4</ele>
    <time>2026-06-15T13:46:20Z</time>
     <extensions>
      <gpxtpx:TrackPointExtension>
       <gpxtpx:hr>131</gpxtpx:hr>
      </gpxtpx:TrackPointExtension>
     </extensions>
   </trkpt>
   <trkpt lat="-2.6548160" lon="-43.0122950">
    <ele>33.8</ele>
    <time>2026-06-15T13:46:25Z</time>
     <extensions>
      <gpxtpx:TrackPointExtension>
       <gpxtpx:hr>135</gpxtpx:hr>
      </gpxtpx:TrackPointExtension>
     </extensions>
   </trkpt>
   <trkpt lat="-2.6547960" lon="-43.0123400">
    <ele>33.2</ele>
    <time>2026-06-15T13:46:30Z</time>
     <extensions>
      <gpxtpx:TrackPointExtension>
       <gpxtpx:hr>136</gpxtpx:hr>
      </gpxtpx:TrackPointExtension>
     </extensions>
   </trkpt>
   <trkpt lat="-2.6547770" lon="-43.0123860">
    <ele>32.8</ele>
    <time>2026-06-15T13:46:35Z</time>
     <extensions>
      <gpxtpx:TrackPointExtension>
       <gpxtpx:hr>133</gpxtpx:hr>
      </gpxtpx:TrackPointExtension>
     </extensions>
   </trkpt>
   <trkpt lat="-2.6547460" lon="-43.0124230">
    <ele>32.4</ele>
    <time>2026-06-15T13:46:40Z</time>
     <extensions>
      <gpxtpx:TrackPointExtension>
       <gpxtpx:hr>135</gpxtpx:hr>
      </gpxtpx:TrackPointExtension>
     </extensions>
   </trkpt>
   <trkpt lat="-2.6547170" lon="-43.0124490">
    <ele>31.8</ele>
    <time>2026-06-15T13:46:45Z</time>
     <extensions>
      <gpxtpx:TrackPointExtension>
       <gpxtpx:hr>136</gpxtpx:hr>
      </gpxtpx:TrackPointExtension>
     </extensions>
   </trkpt>
   <trkpt lat="-2.6546870" lon="-43.0124700">
    <ele>31.4</ele>
    <time>2026-06-15T13:46:50Z</time>
     <extensions>
      <gpxtpx:TrackPointExtension>
       <gpxtpx:hr>137</gpxtpx:hr>
      </gpxtpx:TrackPointExtension>
     </extensions>
   </trkpt>
   <trkpt lat="-2.6546670" lon="-43.0124770">
    <ele>31.0</ele>
    <time>2026-06-15T13:46:55Z</time>
     <extensions>
      <gpxtpx:TrackPointExtension>
       <gpxtpx:hr>125</gpxtpx:hr>
      </gpxtpx:TrackPointExtension>
     </extensions>
   </trkpt>
   <trkpt lat="-2.6546390" lon="-43.0124910">
    <ele>31.0</ele>
    <time>2026-06-15T13:47:00Z</time>
     <extensions>
      <gpxtpx:TrackPointExtension>
       <gpxtpx:hr>130</gpxtpx:hr>
      </gpxtpx:TrackPointExtension>
     </extensions>
   </trkpt>
   <trkpt lat="-2.6546100" lon="-43.0125200">
    <ele>31.0</ele>
    <time>2026-06-15T13:47:05Z</time>
     <extensions>
      <gpxtpx:TrackPointExtension>
       <gpxtpx:hr>123</gpxtpx:hr>
      </gpxtpx:TrackPointExtension>
     </extensions>
   </trkpt>
   <trkpt lat="-2.6545790" lon="-43.0125520">
    <ele>31.0</ele>
    <time>2026-06-15T13:47:10Z</time>
     <extensions>
      <gpxtpx:TrackPointExtension>
       <gpxtpx:hr>122</gpxtpx:hr>
      </gpxtpx:TrackPointExtension>
     </extensions>
   </trkpt>
   <trkpt lat="-2.6545390" lon="-43.0125810">
    <ele>31.0</ele>
    <time>2026-06-15T13:47:15Z</time>
     <extensions>
      <gpxtpx:TrackPointExtension>
       <gpxtpx:hr>122</gpxtpx:hr>
      </gpxtpx:TrackPointExtension>
     </extensions>
   </trkpt>
   <trkpt lat="-2.6545020" lon="-43.0126070">
    <ele>31.2</ele>
    <time>2026-06-15T13:47:20Z</time>
     <extensions>
      <gpxtpx:TrackPointExtension>
       <gpxtpx:hr>130</gpxtpx:hr>
      </gpxtpx:TrackPointExtension>
     </extensions>
   </trkpt>
   <trkpt lat="-2.6544640" lon="-43.0126350">
    <ele>31.2</ele>
    <time>2026-06-15T13:47:25Z</time>
     <extensions>
      <gpxtpx:TrackPointExtension>
       <gpxtpx:hr>132</gpxtpx:hr>
      </gpxtpx:TrackPointExtension>
     </extensions>
   </trkpt>
   <trkpt lat="-2.6544240" lon="-43.0126550">
    <ele>31.2</ele>
    <time>2026-06-15T13:47:30Z</time>
     <extensions>
      <gpxtpx:TrackPointExtension>
       <gpxtpx:hr>130</gpxtpx:hr>
      </gpxtpx:TrackPointExtension>
     </extensions>
   </trkpt>
   <trkpt lat="-2.6543810" lon="-43.0126700">
    <ele>31.0</ele>
    <time>2026-06-15T13:47:35Z</time>
     <extensions>
      <gpxtpx:TrackPointExtension>
       <gpxtpx:hr>129</gpxtpx:hr>
      </gpxtpx:TrackPointExtension>
     </extensions>
   </trkpt>
   <trkpt lat="-2.6543350" lon="-43.0126880">
    <ele>30.8</ele>
    <time>2026-06-15T13:47:40Z</time>
     <extensions>
      <gpxtpx:TrackPointExtension>
       <gpxtpx:hr>129</gpxtpx:hr>
      </gpxtpx:TrackPointExtension>
     </extensions>
   </trkpt>
   <trkpt lat="-2.6542880" lon="-43.0127140">
    <ele>30.4</ele>
    <time>2026-06-15T13:47:45Z</time>
     <extensions>
      <gpxtpx:TrackPointExtension>
       <gpxtpx:hr>131</gpxtpx:hr>
      </gpxtpx:TrackPointExtension>
     </extensions>
   </trkpt>
   <trkpt lat="-2.6542520" lon="-43.0127440">
    <ele>30.0</ele>
    <time>2026-06-15T13:47:50Z</time>
     <extensions>
      <gpxtpx:TrackPointExtension>
       <gpxtpx:hr>129</gpxtpx:hr>
      </gpxtpx:TrackPointExtension>
     </extensions>
   </trkpt>
   <trkpt lat="-2.6542200" lon="-43.0127670">
    <ele>29.6</ele>
    <time>2026-06-15T13:47:55Z</time>
     <extensions>
      <gpxtpx:TrackPointExtension>
       <gpxtpx:hr>130</gpxtpx:hr>
      </gpxtpx:TrackPointExtension>
     </extensions>
   </trkpt>
   <trkpt lat="-2.6541880" lon="-43.0127920">
    <ele>29.4</ele>
    <time>2026-06-15T13:48:00Z</time>
     <extensions>
      <gpxtpx:TrackPointExtension>
       <gpxtpx:hr>127</gpxtpx:hr>
      </gpxtpx:TrackPointExtension>
     </extensions>
   </trkpt>
   <trkpt lat="-2.6541610" lon="-43.0128150">
    <ele>29.2</ele>
    <time>2026-06-15T13:48:05Z</time>
     <extensions>
      <gpxtpx:TrackPointExtension>
       <gpxtpx:hr>126</gpxtpx:hr>
      </gpxtpx:TrackPointExtension>
     </extensions>
   </trkpt>
   <trkpt lat="-2.6541440" lon="-43.0128350">
    <ele>29.4</ele>
    <time>2026-06-15T13:48:10Z</time>
     <extensions>
      <gpxtpx:TrackPointExtension>
       <gpxtpx:hr>130</gpxtpx:hr>
      </gpxtpx:TrackPointExtension>
     </extensions>
   </trkpt>
   <trkpt lat="-2.6541390" lon="-43.0128680">
    <ele>29.4</ele>
    <time>2026-06-15T13:48:15Z</time>
     <extensions>
      <gpxtpx:TrackPointExtension>
       <gpxtpx:hr>126</gpxtpx:hr>
      </gpxtpx:TrackPointExtension>
     </extensions>
   </trkpt>
   <trkpt lat="-2.6541230" lon="-43.0129030">
    <ele>29.6</ele>
    <time>2026-06-15T13:48:20Z</time>
     <extensions>
      <gpxtpx:TrackPointExtension>
       <gpxtpx:hr>131</gpxtpx:hr>
      </gpxtpx:TrackPointExtension>
     </extensions>
   </trkpt>
   <trkpt lat="-2.6540990" lon="-43.0129260">
    <ele>29.6</ele>
    <time>2026-06-15T13:48:25Z</time>
     <extensions>
      <gpxtpx:TrackPointExtension>
       <gpxtpx:hr>122</gpxtpx:hr>
      </gpxtpx:TrackPointExtension>
     </extensions>
   </trkpt>
   <trkpt lat="-2.6540760" lon="-43.0129550">
    <ele>29.8</ele>
    <time>2026-06-15T13:48:30Z</time>
     <extensions>
      <gpxtpx:TrackPointExtension>
       <gpxtpx:hr>124</gpxtpx:hr>
      </gpxtpx:TrackPointExtension>
     </extensions>
   </trkpt>
   <trkpt lat="-2.6540520" lon="-43.0129950">
    <ele>29.8</ele>
    <time>2026-06-15T13:48:35Z</time>
     <extensions>
      <gpxtpx:TrackPointExtension>
       <gpxtpx:hr>133</gpxtpx:hr>
      </gpxtpx:TrackPointExtension>
     </extensions>
   </trkpt>
   <trkpt lat="-2.6540430" lon="-43.0130340">
    <ele>29.8</ele>
    <time>2026-06-15T13:48:40Z</time>
     <extensions>
      <gpxtpx:TrackPointExtension>
       <gpxtpx:hr>132</gpxtpx:hr>
      </gpxtpx:TrackPointExtension>
     </extensions>
   </trkpt>
   <trkpt lat="-2.6540140" lon="-43.0130740">
    <ele>29.8</ele>
    <time>2026-06-15T13:48:45Z</time>
     <extensions>
      <gpxtpx:TrackPointExtension>
       <gpxtpx:hr>132</gpxtpx:hr>
      </gpxtpx:TrackPointExtension>
     </extensions>
   </trkpt>
   <trkpt lat="-2.6539820" lon="-43.0130890">
    <ele>29.8</ele>
    <time>2026-06-15T13:48:50Z</time>
     <extensions>
      <gpxtpx:TrackPointExtension>
       <gpxtpx:hr>132</gpxtpx:hr>
      </gpxtpx:TrackPointExtension>
     </extensions>
   </trkpt>
   <trkpt lat="-2.6539550" lon="-43.0131040">
    <ele>29.8</ele>
    <time>2026-06-15T13:48:55Z</time>
     <extensions>
      <gpxtpx:TrackPointExtension>
       <gpxtpx:hr>134</gpxtpx:hr>
      </gpxtpx:TrackPointExtension>
     </extensions>
   </trkpt>
   <trkpt lat="-2.6539340" lon="-43.0131270">
    <ele>30.0</ele>
    <time>2026-06-15T13:49:00Z</time>
     <extensions>
      <gpxtpx:TrackPointExtension>
       <gpxtpx:hr>133</gpxtpx:hr>
      </gpxtpx:TrackPointExtension>
     </extensions>
   </trkpt>
   <trkpt lat="-2.6539140" lon="-43.0131490">
    <ele>30.2</ele>
    <time>2026-06-15T13:49:05Z</time>
     <extensions>
      <gpxtpx:TrackPointExtension>
       <gpxtpx:hr>129</gpxtpx:hr>
      </gpxtpx:TrackPointExtension>
     </extensions>
   </trkpt>
   <trkpt lat="-2.6538910" lon="-43.0131710">
    <ele>30.6</ele>
    <time>2026-06-15T13:49:10Z</time>
     <extensions>
      <gpxtpx:TrackPointExtension>
       <gpxtpx:hr>129</gpxtpx:hr>
      </gpxtpx:TrackPointExtension>
     </extensions>
   </trkpt>
   <trkpt lat="-2.6538700" lon="-43.0132000">
    <ele>30.8</ele>
    <time>2026-06-15T13:49:15Z</time>
     <extensions>
      <gpxtpx:TrackPointExtension>
       <gpxtpx:hr>135</gpxtpx:hr>
      </gpxtpx:TrackPointExtension>
     </extensions>
   </trkpt>
   <trkpt lat="-2.6538540" lon="-43.0132070">
    <ele>31.0</ele>
    <time>2026-06-15T13:49:20Z</time>
     <extensions>
      <gpxtpx:TrackPointExtension>
       <gpxtpx:hr>135</gpxtpx:hr>
      </gpxtpx:TrackPointExtension>
     </extensions>
   </trkpt>
   <trkpt lat="-2.6538250" lon="-43.0132290">
    <ele>31.2</ele>
    <time>2026-06-15T13:49:25Z</time>
     <extensions>
      <gpxtpx:TrackPointExtension>
       <gpxtpx:hr>131</gpxtpx:hr>
      </gpxtpx:TrackPointExtension>
     </extensions>
   </trkpt>
   <trkpt lat="-2.6537980" lon="-43.0132540">
    <ele>31.4</ele>
    <time>2026-06-15T13:49:30Z</time>
     <extensions>
      <gpxtpx:TrackPointExtension>
       <gpxtpx:hr>132</gpxtpx:hr>
      </gpxtpx:TrackPointExtension>
     </extensions>
   </trkpt>
   <trkpt lat="-2.6537720" lon="-43.0132810">
    <ele>31.6</ele>
    <time>2026-06-15T13:49:35Z</time>
     <extensions>
      <gpxtpx:TrackPointExtension>
       <gpxtpx:hr>131</gpxtpx:hr>
      </gpxtpx:TrackPointExtension>
     </extensions>
   </trkpt>
   <trkpt lat="-2.6537380" lon="-43.0133000">
    <ele>32.0</ele>
    <time>2026-06-15T13:49:40Z</time>
     <extensions>
      <gpxtpx:TrackPointExtension>
       <gpxtpx:hr>134</gpxtpx:hr>
      </gpxtpx:TrackPointExtension>
     </extensions>
   </trkpt>
   <trkpt lat="-2.6537100" lon="-43.0133330">
    <ele>32.4</ele>
    <time>2026-06-15T13:49:45Z</time>
     <extensions>
      <gpxtpx:TrackPointExtension>
       <gpxtpx:hr>134</gpxtpx:hr>
      </gpxtpx:TrackPointExtension>
     </extensions>
   </trkpt>
   <trkpt lat="-2.6536720" lon="-43.0133550">
    <ele>32.8</ele>
    <time>2026-06-15T13:49:50Z</time>
     <extensions>
      <gpxtpx:TrackPointExtension>
       <gpxtpx:hr>132</gpxtpx:hr>
      </gpxtpx:TrackPointExtension>
     </extensions>
   </trkpt>
   <trkpt lat="-2.6536350" lon="-43.0133760">
    <ele>33.2</ele>
    <time>2026-06-15T13:49:55Z</time>
     <extensions>
      <gpxtpx:TrackPointExtension>
       <gpxtpx:hr>136</gpxtpx:hr>
      </gpxtpx:TrackPointExtension>
     </extensions>
   </trkpt>
   <trkpt lat="-2.6536280" lon="-43.0133850">
    <ele>33.6</ele>
    <time>2026-06-15T13:50:00Z</time>
     <extensions>
      <gpxtpx:TrackPointExtension>
       <gpxtpx:hr>136</gpxtpx:hr>
      </gpxtpx:TrackPointExtension>
     </extensions>
   </trkpt>
   <trkpt lat="-2.6536260" lon="-43.0133860">
    <ele>34.0</ele>
    <time>2026-06-15T13:50:05Z</time>
     <extensions>
      <gpxtpx:TrackPointExtension>
       <gpxtpx:hr>134</gpxtpx:hr>
      </gpxtpx:TrackPointExtension>
     </extensions>
   </trkpt>
   <trkpt lat="-2.6536220" lon="-43.0133900">
    <ele>34.4</ele>
    <time>2026-06-15T13:50:10Z</time>
     <extensions>
      <gpxtpx:TrackPointExtension>
       <gpxtpx:hr>142</gpxtpx:hr>
      </gpxtpx:TrackPointExtension>
     </extensions>
   </trkpt>
   <trkpt lat="-2.6535970" lon="-43.0134090">
    <ele>34.8</ele>
    <time>2026-06-15T13:50:15Z</time>
     <extensions>
      <gpxtpx:TrackPointExtension>
       <gpxtpx:hr>139</gpxtpx:hr>
      </gpxtpx:TrackPointExtension>
     </extensions>
   </trkpt>
   <trkpt lat="-2.6535610" lon="-43.0134380">
    <ele>35.2</ele>
    <time>2026-06-15T13:50:20Z</time>
     <extensions>
      <gpxtpx:TrackPointExtension>
       <gpxtpx:hr>139</gpxtpx:hr>
      </gpxtpx:TrackPointExtension>
     </extensions>
   </trkpt>
   <trkpt lat="-2.6535290" lon="-43.0134750">
    <ele>35.6</ele>
    <time>2026-06-15T13:50:25Z</time>
     <extensions>
      <gpxtpx:TrackPointExtension>
       <gpxtpx:hr>122</gpxtpx:hr>
      </gpxtpx:TrackPointExtension>
     </extensions>
   </trkpt>
   <trkpt lat="-2.6534940" lon="-43.0135140">
    <ele>35.8</ele>
    <time>2026-06-15T13:50:30Z</time>
     <extensions>
      <gpxtpx:TrackPointExtension>
       <gpxtpx:hr>127</gpxtpx:hr>
      </gpxtpx:TrackPointExtension>
     </extensions>
   </trkpt>
   <trkpt lat="-2.6534670" lon="-43.0135540">
    <ele>36.0</ele>
    <time>2026-06-15T13:50:35Z</time>
     <extensions>
      <gpxtpx:TrackPointExtension>
       <gpxtpx:hr>127</gpxtpx:hr>
      </gpxtpx:TrackPointExtension>
     </extensions>
   </trkpt>
   <trkpt lat="-2.6534440" lon="-43.0135970">
    <ele>36.2</ele>
    <time>2026-06-15T13:50:40Z</time>
     <extensions>
      <gpxtpx:TrackPointExtension>
       <gpxtpx:hr>127</gpxtpx:hr>
      </gpxtpx:TrackPointExtension>
     </extensions>
   </trkpt>
   <trkpt lat="-2.6534280" lon="-43.0136410">
    <ele>36.2</ele>
    <time>2026-06-15T13:50:45Z</time>
     <extensions>
      <gpxtpx:TrackPointExtension>
       <gpxtpx:hr>131</gpxtpx:hr>
      </gpxtpx:TrackPointExtension>
     </extensions>
   </trkpt>
   <trkpt lat="-2.6534110" lon="-43.0136850">
    <ele>36.0</ele>
    <time>2026-06-15T13:50:50Z</time>
     <extensions>
      <gpxtpx:TrackPointExtension>
       <gpxtpx:hr>131</gpxtpx:hr>
      </gpxtpx:TrackPointExtension>
     </extensions>
   </trkpt>
   <trkpt lat="-2.6533920" lon="-43.0137290">
    <ele>35.8</ele>
    <time>2026-06-15T13:50:55Z</time>
     <extensions>
      <gpxtpx:TrackPointExtension>
       <gpxtpx:hr>133</gpxtpx:hr>
      </gpxtpx:TrackPointExtension>
     </extensions>
   </trkpt>
   <trkpt lat="-2.6533770" lon="-43.0137750">
    <ele>35.6</ele>
    <time>2026-06-15T13:51:00Z</time>
     <extensions>
      <gpxtpx:TrackPointExtension>
       <gpxtpx:hr>135</gpxtpx:hr>
      </gpxtpx:TrackPointExtension>
     </extensions>
   </trkpt>
   <trkpt lat="-2.6533680" lon="-43.0138230">
    <ele>35.6</ele>
    <time>2026-06-15T13:51:05Z</time>
     <extensions>
      <gpxtpx:TrackPointExtension>
       <gpxtpx:hr>134</gpxtpx:hr>
      </gpxtpx:TrackPointExtension>
     </extensions>
   </trkpt>
   <trkpt lat="-2.6533620" lon="-43.0138710">
    <ele>35.8</ele>
    <time>2026-06-15T13:51:10Z</time>
     <extensions>
      <gpxtpx:TrackPointExtension>
       <gpxtpx:hr>126</gpxtpx:hr>
      </gpxtpx:TrackPointExtension>
     </extensions>
   </trkpt>
   <trkpt lat="-2.6533620" lon="-43.0139230">
    <ele>36.2</ele>
    <time>2026-06-15T13:51:15Z</time>
     <extensions>
      <gpxtpx:TrackPointExtension>
       <gpxtpx:hr>124</gpxtpx:hr>
      </gpxtpx:TrackPointExtension>
     </extensions>
   </trkpt>
   <trkpt lat="-2.6533640" lon="-43.0139750">
    <ele>36.6</ele>
    <time>2026-06-15T13:51:20Z</time>
     <extensions>
      <gpxtpx:TrackPointExtension>
       <gpxtpx:hr>124</gpxtpx:hr>
      </gpxtpx:TrackPointExtension>
     </extensions>
   </trkpt>
   <trkpt lat="-2.6533670" lon="-43.0140290">
    <ele>37.4</ele>
    <time>2026-06-15T13:51:25Z</time>
     <extensions>
      <gpxtpx:TrackPointExtension>
       <gpxtpx:hr>126</gpxtpx:hr>
      </gpxtpx:TrackPointExtension>
     </extensions>
   </trkpt>
   <trkpt lat="-2.6533760" lon="-43.0140830">
    <ele>38.2</ele>
    <time>2026-06-15T13:51:30Z</time>
     <extensions>
      <gpxtpx:TrackPointExtension>
       <gpxtpx:hr>129</gpxtpx:hr>
      </gpxtpx:TrackPointExtension>
     </extensions>
   </trkpt>
   <trkpt lat="-2.6533860" lon="-43.0141330">
    <ele>38.8</ele>
    <time>2026-06-15T13:51:35Z</time>
     <extensions>
      <gpxtpx:TrackPointExtension>
       <gpxtpx:hr>130</gpxtpx:hr>
      </gpxtpx:TrackPointExtension>
     </extensions>
   </trkpt>
   <trkpt lat="-2.6533950" lon="-43.0141800">
    <ele>39.6</ele>
    <time>2026-06-15T13:51:40Z</time>
     <extensions>
      <gpxtpx:TrackPointExtension>
       <gpxtpx:hr>128</gpxtpx:hr>
      </gpxtpx:TrackPointExtension>
     </extensions>
   </trkpt>
   <trkpt lat="-2.6534050" lon="-43.0142210">
    <ele>40.0</ele>
    <time>2026-06-15T13:51:45Z</time>
     <extensions>
      <gpxtpx:TrackPointExtension>
       <gpxtpx:hr>132</gpxtpx:hr>
      </gpxtpx:TrackPointExtension>
     </extensions>
   </trkpt>
   <trkpt lat="-2.6534120" lon="-43.0142470">
    <ele>40.4</ele>
    <time>2026-06-15T13:51:50Z</time>
     <extensions>
      <gpxtpx:TrackPointExtension>
       <gpxtpx:hr>134</gpxtpx:hr>
      </gpxtpx:TrackPointExtension>
     </extensions>
   </trkpt>
   <trkpt lat="-2.6534040" lon="-43.0142970">
    <ele>40.6</ele>
    <time>2026-06-15T13:51:55Z</time>
     <extensions>
      <gpxtpx:TrackPointExtension>
       <gpxtpx:hr>136</gpxtpx:hr>
      </gpxtpx:TrackPointExtension>
     </extensions>
   </trkpt>
   <trkpt lat="-2.6533860" lon="-43.0143480">
    <ele>40.6</ele>
    <time>2026-06-15T13:52:00Z</time>
     <extensions>
      <gpxtpx:TrackPointExtension>
       <gpxtpx:hr>137</gpxtpx:hr>
      </gpxtpx:TrackPointExtension>
     </extensions>
   </trkpt>
   <trkpt lat="-2.6533690" lon="-43.0143880">
    <ele>40.6</ele>
    <time>2026-06-15T13:52:05Z</time>
     <extensions>
      <gpxtpx:TrackPointExtension>
       <gpxtpx:hr>136</gpxtpx:hr>
      </gpxtpx:TrackPointExtension>
     </extensions>
   </trkpt>
   <trkpt lat="-2.6533480" lon="-43.0144210">
    <ele>40.6</ele>
    <time>2026-06-15T13:52:10Z</time>
     <extensions>
      <gpxtpx:TrackPointExtension>
       <gpxtpx:hr>134</gpxtpx:hr>
      </gpxtpx:TrackPointExtension>
     </extensions>
   </trkpt>
   <trkpt lat="-2.6533220" lon="-43.0144510">
    <ele>40.6</ele>
    <time>2026-06-15T13:52:15Z</time>
     <extensions>
      <gpxtpx:TrackPointExtension>
       <gpxtpx:hr>134</gpxtpx:hr>
      </gpxtpx:TrackPointExtension>
     </extensions>
   </trkpt>
   <trkpt lat="-2.6533080" lon="-43.0144840">
    <ele>40.8</ele>
    <time>2026-06-15T13:52:20Z</time>
     <extensions>
      <gpxtpx:TrackPointExtension>
       <gpxtpx:hr>130</gpxtpx:hr>
      </gpxtpx:TrackPointExtension>
     </extensions>
   </trkpt>
   <trkpt lat="-2.6532930" lon="-43.0145200">
    <ele>41.0</ele>
    <time>2026-06-15T13:52:25Z</time>
     <extensions>
      <gpxtpx:TrackPointExtension>
       <gpxtpx:hr>134</gpxtpx:hr>
      </gpxtpx:TrackPointExtension>
     </extensions>
   </trkpt>
   <trkpt lat="-2.6532850" lon="-43.0145540">
    <ele>41.2</ele>
    <time>2026-06-15T13:52:30Z</time>
     <extensions>
      <gpxtpx:TrackPointExtension>
       <gpxtpx:hr>133</gpxtpx:hr>
      </gpxtpx:TrackPointExtension>
     </extensions>
   </trkpt>
   <trkpt lat="-2.6532660" lon="-43.0145790">
    <ele>41.4</ele>
    <time>2026-06-15T13:52:35Z</time>
     <extensions>
      <gpxtpx:TrackPointExtension>
       <gpxtpx:hr>126</gpxtpx:hr>
      </gpxtpx:TrackPointExtension>
     </extensions>
   </trkpt>
   <trkpt lat="-2.6532480" lon="-43.0146060">
    <ele>41.4</ele>
    <time>2026-06-15T13:52:40Z</time>
     <extensions>
      <gpxtpx:TrackPointExtension>
       <gpxtpx:hr>126</gpxtpx:hr>
      </gpxtpx:TrackPointExtension>
     </extensions>
   </trkpt>
   <trkpt lat="-2.6532340" lon="-43.0146380">
    <ele>41.6</ele>
    <time>2026-06-15T13:52:45Z</time>
     <extensions>
      <gpxtpx:TrackPointExtension>
       <gpxtpx:hr>125</gpxtpx:hr>
      </gpxtpx:TrackPointExtension>
     </extensions>
   </trkpt>
   <trkpt lat="-2.6532200" lon="-43.0146750">
    <ele>41.6</ele>
    <time>2026-06-15T13:52:50Z</time>
     <extensions>
      <gpxtpx:TrackPointExtension>
       <gpxtpx:hr>125</gpxtpx:hr>
      </gpxtpx:TrackPointExtension>
     </extensions>
   </trkpt>
   <trkpt lat="-2.6532030" lon="-43.0147110">
    <ele>41.6</ele>
    <time>2026-06-15T13:52:55Z</time>
     <extensions>
      <gpxtpx:TrackPointExtension>
       <gpxtpx:hr>125</gpxtpx:hr>
      </gpxtpx:TrackPointExtension>
     </extensions>
   </trkpt>
   <trkpt lat="-2.6531810" lon="-43.0147380">
    <ele>41.8</ele>
    <time>2026-06-15T13:53:00Z</time>
     <extensions>
      <gpxtpx:TrackPointExtension>
       <gpxtpx:hr>126</gpxtpx:hr>
      </gpxtpx:TrackPointExtension>
     </extensions>
   </trkpt>
   <trkpt lat="-2.6531630" lon="-43.0147670">
    <ele>41.8</ele>
    <time>2026-06-15T13:53:05Z</time>
     <extensions>
      <gpxtpx:TrackPointExtension>
       <gpxtpx:hr>127</gpxtpx:hr>
      </gpxtpx:TrackPointExtension>
     </extensions>
   </trkpt>
   <trkpt lat="-2.6531450" lon="-43.0147980">
    <ele>42.0</ele>
    <time>2026-06-15T13:53:10Z</time>
     <extensions>
      <gpxtpx:TrackPointExtension>
       <gpxtpx:hr>121</gpxtpx:hr>
      </gpxtpx:TrackPointExtension>
     </extensions>
   </trkpt>
   <trkpt lat="-2.6531210" lon="-43.0148270">
    <ele>42.4</ele>
    <time>2026-06-15T13:53:15Z</time>
     <extensions>
      <gpxtpx:TrackPointExtension>
       <gpxtpx:hr>123</gpxtpx:hr>
      </gpxtpx:TrackPointExtension>
     </extensions>
   </trkpt>
   <trkpt lat="-2.6530980" lon="-43.0148620">
    <ele>42.6</ele>
    <time>2026-06-15T13:53:20Z</time>
     <extensions>
      <gpxtpx:TrackPointExtension>
       <gpxtpx:hr>122</gpxtpx:hr>
      </gpxtpx:TrackPointExtension>
     </extensions>
   </trkpt>
   <trkpt lat="-2.6530790" lon="-43.0149000">
    <ele>43.0</ele>
    <time>2026-06-15T13:53:25Z</time>
     <extensions>
      <gpxtpx:TrackPointExtension>
       <gpxtpx:hr>124</gpxtpx:hr>
      </gpxtpx:TrackPointExtension>
     </extensions>
   </trkpt>
   <trkpt lat="-2.6530550" lon="-43.0149370">
    <ele>43.2</ele>
    <time>2026-06-15T13:53:30Z</time>
     <extensions>
      <gpxtpx:TrackPointExtension>
       <gpxtpx:hr>120</gpxtpx:hr>
      </gpxtpx:TrackPointExtension>
     </extensions>
   </trkpt>
   <trkpt lat="-2.6530260" lon="-43.0149680">
    <ele>43.6</ele>
    <time>2026-06-15T13:53:35Z</time>
     <extensions>
      <gpxtpx:TrackPointExtension>
       <gpxtpx:hr>124</gpxtpx:hr>
      </gpxtpx:TrackPointExtension>
     </extensions>
   </trkpt>
   <trkpt lat="-2.6530020" lon="-43.0150060">
    <ele>43.8</ele>
    <time>2026-06-15T13:53:40Z</time>
     <extensions>
      <gpxtpx:TrackPointExtension>
       <gpxtpx:hr>119</gpxtpx:hr>
      </gpxtpx:TrackPointExtension>
     </extensions>
   </trkpt>
   <trkpt lat="-2.6529760" lon="-43.0150440">
    <ele>44.0</ele>
    <time>2026-06-15T13:53:45Z</time>
     <extensions>
      <gpxtpx:TrackPointExtension>
       <gpxtpx:hr>123</gpxtpx:hr>
      </gpxtpx:TrackPointExtension>
     </extensions>
   </trkpt>
   <trkpt lat="-2.6529520" lon="-43.0150860">
    <ele>44.0</ele>
    <time>2026-06-15T13:53:50Z</time>
     <extensions>
      <gpxtpx:TrackPointExtension>
       <gpxtpx:hr>122</gpxtpx:hr>
      </gpxtpx:TrackPointExtension>
     </extensions>
   </trkpt>
   <trkpt lat="-2.6529240" lon="-43.0151230">
    <ele>43.8</ele>
    <time>2026-06-15T13:53:55Z</time>
     <extensions>
      <gpxtpx:TrackPointExtension>
       <gpxtpx:hr>125</gpxtpx:hr>
      </gpxtpx:TrackPointExtension>
     </extensions>
   </trkpt>
   <trkpt lat="-2.6529040" lon="-43.0151640">
    <ele>43.6</ele>
    <time>2026-06-15T13:54:00Z</time>
     <extensions>
      <gpxtpx:TrackPointExtension>
       <gpxtpx:hr>131</gpxtpx:hr>
      </gpxtpx:TrackPointExtension>
     </extensions>
   </trkpt>
   <trkpt lat="-2.6528780" lon="-43.0152130">
    <ele>43.4</ele>
    <time>2026-06-15T13:54:05Z</time>
     <extensions>
      <gpxtpx:TrackPointExtension>
       <gpxtpx:hr>135</gpxtpx:hr>
      </gpxtpx:TrackPointExtension>
     </extensions>
   </trkpt>
   <trkpt lat="-2.6528590" lon="-43.0152610">
    <ele>43.2</ele>
    <time>2026-06-15T13:54:10Z</time>
     <extensions>
      <gpxtpx:TrackPointExtension>
       <gpxtpx:hr>135</gpxtpx:hr>
      </gpxtpx:TrackPointExtension>
     </extensions>
   </trkpt>
   <trkpt lat="-2.6528330" lon="-43.0153020">
    <ele>42.8</ele>
    <time>2026-06-15T13:54:16Z</time>
     <extensions>
      <gpxtpx:TrackPointExtension>
       <gpxtpx:hr>131</gpxtpx:hr>
      </gpxtpx:TrackPointExtension>
     </extensions>
   </trkpt>
   <trkpt lat="-2.6528070" lon="-43.0153390">
    <ele>42.6</ele>
    <time>2026-06-15T13:54:21Z</time>
     <extensions>
      <gpxtpx:TrackPointExtension>
       <gpxtpx:hr>131</gpxtpx:hr>
      </gpxtpx:TrackPointExtension>
     </extensions>
   </trkpt>
   <trkpt lat="-2.6527820" lon="-43.0153800">
    <ele>42.4</ele>
    <time>2026-06-15T13:54:26Z</time>
     <extensions>
      <gpxtpx:TrackPointExtension>
       <gpxtpx:hr>128</gpxtpx:hr>
      </gpxtpx:TrackPointExtension>
     </extensions>
   </trkpt>
   <trkpt lat="-2.6527590" lon="-43.0154190">
    <ele>42.2</ele>
    <time>2026-06-15T13:54:31Z</time>
     <extensions>
      <gpxtpx:TrackPointExtension>
       <gpxtpx:hr>127</gpxtpx:hr>
      </gpxtpx:TrackPointExtension>
     </extensions>
   </trkpt>
   <trkpt lat="-2.6527400" lon="-43.0154490">
    <ele>42.0</ele>
    <time>2026-06-15T13:54:36Z</time>
     <extensions>
      <gpxtpx:TrackPointExtension>
       <gpxtpx:hr>128</gpxtpx:hr>
      </gpxtpx:TrackPointExtension>
     </extensions>
   </trkpt>
   <trkpt lat="-2.6527200" lon="-43.0154670">
    <ele>41.8</ele>
    <time>2026-06-15T13:54:41Z</time>
     <extensions>
      <gpxtpx:TrackPointExtension>
       <gpxtpx:hr>125</gpxtpx:hr>
      </gpxtpx:TrackPointExtension>
     </extensions>
   </trkpt>
   <trkpt lat="-2.6527050" lon="-43.0154800">
    <ele>41.6</ele>
    <time>2026-06-15T13:54:46Z</time>
     <extensions>
      <gpxtpx:TrackPointExtension>
       <gpxtpx:hr>131</gpxtpx:hr>
      </gpxtpx:TrackPointExtension>
     </extensions>
   </trkpt>
   <trkpt lat="-2.6526880" lon="-43.0155000">
    <ele>41.4</ele>
    <time>2026-06-15T13:54:51Z</time>
     <extensions>
      <gpxtpx:TrackPointExtension>
       <gpxtpx:hr>130</gpxtpx:hr>
      </gpxtpx:TrackPointExtension>
     </extensions>
   </trkpt>
   <trkpt lat="-2.6526850" lon="-43.0155030">
    <ele>41.4</ele>
    <time>2026-06-15T13:54:56Z</time>
     <extensions>
      <gpxtpx:TrackPointExtension>
       <gpxtpx:hr>127</gpxtpx:hr>
      </gpxtpx:TrackPointExtension>
     </extensions>
   </trkpt>
   <trkpt lat="-2.6526800" lon="-43.0155130">
    <ele>41.4</ele>
    <time>2026-06-15T13:55:01Z</time>
     <extensions>
      <gpxtpx:TrackPointExtension>
       <gpxtpx:hr>127</gpxtpx:hr>
      </gpxtpx:TrackPointExtension>
     </extensions>
   </trkpt>
   <trkpt lat="-2.6526760" lon="-43.0155220">
    <ele>41.4</ele>
    <time>2026-06-15T13:55:06Z</time>
     <extensions>
      <gpxtpx:TrackPointExtension>
       <gpxtpx:hr>135</gpxtpx:hr>
      </gpxtpx:TrackPointExtension>
     </extensions>
   </trkpt>
   <trkpt lat="-2.6526710" lon="-43.0155230">
    <ele>41.2</ele>
    <time>2026-06-15T13:55:11Z</time>
     <extensions>
      <gpxtpx:TrackPointExtension>
       <gpxtpx:hr>129</gpxtpx:hr>
      </gpxtpx:TrackPointExtension>
     </extensions>
   </trkpt>
   <trkpt lat="-2.6526500" lon="-43.0155350">
    <ele>41.2</ele>
    <time>2026-06-15T13:55:16Z</time>
     <extensions>
      <gpxtpx:TrackPointExtension>
       <gpxtpx:hr>136</gpxtpx:hr>
      </gpxtpx:TrackPointExtension>
     </extensions>
   </trkpt>
   <trkpt lat="-2.6526050" lon="-43.0155340">
    <ele>41.2</ele>
    <time>2026-06-15T13:55:21Z</time>
     <extensions>
      <gpxtpx:TrackPointExtension>
       <gpxtpx:hr>126</gpxtpx:hr>
      </gpxtpx:TrackPointExtension>
     </extensions>
   </trkpt>
   <trkpt lat="-2.6525700" lon="-43.0155280">
    <ele>41.2</ele>
    <time>2026-06-15T13:55:26Z</time>
     <extensions>
      <gpxtpx:TrackPointExtension>
       <gpxtpx:hr>126</gpxtpx:hr>
      </gpxtpx:TrackPointExtension>
     </extensions>
   </trkpt>
   <trkpt lat="-2.6525530" lon="-43.0155250">
    <ele>41.2</ele>
    <time>2026-06-15T13:55:31Z</time>
     <extensions>
      <gpxtpx:TrackPointExtension>
       <gpxtpx:hr>126</gpxtpx:hr>
      </gpxtpx:TrackPointExtension>
     </extensions>
   </trkpt>
   <trkpt lat="-2.6525180" lon="-43.0155240">
    <ele>41.2</ele>
    <time>2026-06-15T13:55:36Z</time>
     <extensions>
      <gpxtpx:TrackPointExtension>
       <gpxtpx:hr>125</gpxtpx:hr>
      </gpxtpx:TrackPointExtension>
     </extensions>
   </trkpt>
   <trkpt lat="-2.6524780" lon="-43.0155230">
    <ele>41.4</ele>
    <time>2026-06-15T13:55:41Z</time>
     <extensions>
      <gpxtpx:TrackPointExtension>
       <gpxtpx:hr>118</gpxtpx:hr>
      </gpxtpx:TrackPointExtension>
     </extensions>
   </trkpt>
   <trkpt lat="-2.6524380" lon="-43.0155300">
    <ele>41.4</ele>
    <time>2026-06-15T13:55:46Z</time>
     <extensions>
      <gpxtpx:TrackPointExtension>
       <gpxtpx:hr>123</gpxtpx:hr>
      </gpxtpx:TrackPointExtension>
     </extensions>
   </trkpt>
   <trkpt lat="-2.6523910" lon="-43.0155380">
    <ele>41.6</ele>
    <time>2026-06-15T13:55:51Z</time>
     <extensions>
      <gpxtpx:TrackPointExtension>
       <gpxtpx:hr>123</gpxtpx:hr>
      </gpxtpx:TrackPointExtension>
     </extensions>
   </trkpt>
   <trkpt lat="-2.6523450" lon="-43.0155490">
    <ele>41.6</ele>
    <time>2026-06-15T13:55:56Z</time>
     <extensions>
      <gpxtpx:TrackPointExtension>
       <gpxtpx:hr>134</gpxtpx:hr>
      </gpxtpx:TrackPointExtension>
     </extensions>
   </trkpt>
   <trkpt lat="-2.6523000" lon="-43.0155610">
    <ele>41.6</ele>
    <time>2026-06-15T13:56:01Z</time>
     <extensions>
      <gpxtpx:TrackPointExtension>
       <gpxtpx:hr>132</gpxtpx:hr>
      </gpxtpx:TrackPointExtension>
     </extensions>
   </trkpt>
   <trkpt lat="-2.6522550" lon="-43.0155780">
    <ele>41.4</ele>
    <time>2026-06-15T13:56:06Z</time>
     <extensions>
      <gpxtpx:TrackPointExtension>
       <gpxtpx:hr>134</gpxtpx:hr>
      </gpxtpx:TrackPointExtension>
     </extensions>
   </trkpt>
   <trkpt lat="-2.6522160" lon="-43.0156050">
    <ele>41.2</ele>
    <time>2026-06-15T13:56:11Z</time>
     <extensions>
      <gpxtpx:TrackPointExtension>
       <gpxtpx:hr>134</gpxtpx:hr>
      </gpxtpx:TrackPointExtension>
     </extensions>
   </trkpt>
   <trkpt lat="-2.6521790" lon="-43.0156360">
    <ele>41.2</ele>
    <time>2026-06-15T13:56:16Z</time>
     <extensions>
      <gpxtpx:TrackPointExtension>
       <gpxtpx:hr>133</gpxtpx:hr>
      </gpxtpx:TrackPointExtension>
     </extensions>
   </trkpt>
   <trkpt lat="-2.6521450" lon="-43.0156730">
    <ele>41.0</ele>
    <time>2026-06-15T13:56:21Z</time>
     <extensions>
      <gpxtpx:TrackPointExtension>
       <gpxtpx:hr>136</gpxtpx:hr>
      </gpxtpx:TrackPointExtension>
     </extensions>
   </trkpt>
   <trkpt lat="-2.6521240" lon="-43.0157040">
    <ele>41.0</ele>
    <time>2026-06-15T13:56:26Z</time>
     <extensions>
      <gpxtpx:TrackPointExtension>
       <gpxtpx:hr>129</gpxtpx:hr>
      </gpxtpx:TrackPointExtension>
     </extensions>
   </trkpt>
   <trkpt lat="-2.6520940" lon="-43.0157350">
    <ele>40.8</ele>
    <time>2026-06-15T13:56:31Z</time>
     <extensions>
      <gpxtpx:TrackPointExtension>
       <gpxtpx:hr>129</gpxtpx:hr>
      </gpxtpx:TrackPointExtension>
     </extensions>
   </trkpt>
   <trkpt lat="-2.6520520" lon="-43.0157590">
    <ele>40.8</ele>
    <time>2026-06-15T13:56:36Z</time>
     <extensions>
      <gpxtpx:TrackPointExtension>
       <gpxtpx:hr>127</gpxtpx:hr>
      </gpxtpx:TrackPointExtension>
     </extensions>
   </trkpt>
   <trkpt lat="-2.6520230" lon="-43.0157870">
    <ele>40.8</ele>
    <time>2026-06-15T13:56:41Z</time>
     <extensions>
      <gpxtpx:TrackPointExtension>
       <gpxtpx:hr>127</gpxtpx:hr>
      </gpxtpx:TrackPointExtension>
     </extensions>
   </trkpt>
   <trkpt lat="-2.6520060" lon="-43.0158300">
    <ele>41.0</ele>
    <time>2026-06-15T13:56:46Z</time>
     <extensions>
      <gpxtpx:TrackPointExtension>
       <gpxtpx:hr>127</gpxtpx:hr>
      </gpxtpx:TrackPointExtension>
     </extensions>
   </trkpt>
   <trkpt lat="-2.6520010" lon="-43.0158800">
    <ele>41.2</ele>
    <time>2026-06-15T13:56:51Z</time>
     <extensions>
      <gpxtpx:TrackPointExtension>
       <gpxtpx:hr>122</gpxtpx:hr>
      </gpxtpx:TrackPointExtension>
     </extensions>
   </trkpt>
   <trkpt lat="-2.6519910" lon="-43.0159330">
    <ele>41.4</ele>
    <time>2026-06-15T13:56:56Z</time>
     <extensions>
      <gpxtpx:TrackPointExtension>
       <gpxtpx:hr>127</gpxtpx:hr>
      </gpxtpx:TrackPointExtension>
     </extensions>
   </trkpt>
   <trkpt lat="-2.6519740" lon="-43.0159870">
    <ele>41.8</ele>
    <time>2026-06-15T13:57:01Z</time>
     <extensions>
      <gpxtpx:TrackPointExtension>
       <gpxtpx:hr>129</gpxtpx:hr>
      </gpxtpx:TrackPointExtension>
     </extensions>
   </trkpt>
   <trkpt lat="-2.6519520" lon="-43.0160360">
    <ele>42.2</ele>
    <time>2026-06-15T13:57:06Z</time>
     <extensions>
      <gpxtpx:TrackPointExtension>
       <gpxtpx:hr>129</gpxtpx:hr>
      </gpxtpx:TrackPointExtension>
     </extensions>
   </trkpt>
   <trkpt lat="-2.6519310" lon="-43.0160870">
    <ele>42.4</ele>
    <time>2026-06-15T13:57:11Z</time>
     <extensions>
      <gpxtpx:TrackPointExtension>
       <gpxtpx:hr>132</gpxtpx:hr>
      </gpxtpx:TrackPointExtension>
     </extensions>
   </trkpt>
   <trkpt lat="-2.6518930" lon="-43.0161340">
    <ele>42.8</ele>
    <time>2026-06-15T13:57:16Z</time>
     <extensions>
      <gpxtpx:TrackPointExtension>
       <gpxtpx:hr>136</gpxtpx:hr>
      </gpxtpx:TrackPointExtension>
     </extensions>
   </trkpt>
   <trkpt lat="-2.6518580" lon="-43.0161740">
    <ele>43.0</ele>
    <time>2026-06-15T13:57:21Z</time>
     <extensions>
      <gpxtpx:TrackPointExtension>
       <gpxtpx:hr>137</gpxtpx:hr>
      </gpxtpx:TrackPointExtension>
     </extensions>
   </trkpt>
   <trkpt lat="-2.6518160" lon="-43.0162070">
    <ele>43.2</ele>
    <time>2026-06-15T13:57:26Z</time>
     <extensions>
      <gpxtpx:TrackPointExtension>
       <gpxtpx:hr>131</gpxtpx:hr>
      </gpxtpx:TrackPointExtension>
     </extensions>
   </trkpt>
   <trkpt lat="-2.6517790" lon="-43.0162260">
    <ele>43.2</ele>
    <time>2026-06-15T13:57:31Z</time>
     <extensions>
      <gpxtpx:TrackPointExtension>
       <gpxtpx:hr>131</gpxtpx:hr>
      </gpxtpx:TrackPointExtension>
     </extensions>
   </trkpt>
   <trkpt lat="-2.6517300" lon="-43.0162360">
    <ele>43.2</ele>
    <time>2026-06-15T13:57:36Z</time>
     <extensions>
      <gpxtpx:TrackPointExtension>
       <gpxtpx:hr>124</gpxtpx:hr>
      </gpxtpx:TrackPointExtension>
     </extensions>
   </trkpt>
   <trkpt lat="-2.6516890" lon="-43.0162430">
    <ele>43.0</ele>
    <time>2026-06-15T13:57:41Z</time>
     <extensions>
      <gpxtpx:TrackPointExtension>
       <gpxtpx:hr>124</gpxtpx:hr>
      </gpxtpx:TrackPointExtension>
     </extensions>
   </trkpt>
   <trkpt lat="-2.6516350" lon="-43.0162500">
    <ele>43.0</ele>
    <time>2026-06-15T13:57:46Z</time>
     <extensions>
      <gpxtpx:TrackPointExtension>
       <gpxtpx:hr>124</gpxtpx:hr>
      </gpxtpx:TrackPointExtension>
     </extensions>
   </trkpt>
   <trkpt lat="-2.6515890" lon="-43.0162550">
    <ele>42.8</ele>
    <time>2026-06-15T13:57:51Z</time>
     <extensions>
      <gpxtpx:TrackPointExtension>
       <gpxtpx:hr>124</gpxtpx:hr>
      </gpxtpx:TrackPointExtension>
     </extensions>
   </trkpt>
   <trkpt lat="-2.6515480" lon="-43.0162580">
    <ele>42.4</ele>
    <time>2026-06-15T13:57:56Z</time>
     <extensions>
      <gpxtpx:TrackPointExtension>
       <gpxtpx:hr>125</gpxtpx:hr>
      </gpxtpx:TrackPointExtension>
     </extensions>
   </trkpt>
   <trkpt lat="-2.6515110" lon="-43.0162660">
    <ele>42.2</ele>
    <time>2026-06-15T13:58:01Z</time>
     <extensions>
      <gpxtpx:TrackPointExtension>
       <gpxtpx:hr>131</gpxtpx:hr>
      </gpxtpx:TrackPointExtension>
     </extensions>
   </trkpt>
   <trkpt lat="-2.6514700" lon="-43.0162810">
    <ele>42.0</ele>
    <time>2026-06-15T13:58:06Z</time>
     <extensions>
      <gpxtpx:TrackPointExtension>
       <gpxtpx:hr>131</gpxtpx:hr>
      </gpxtpx:TrackPointExtension>
     </extensions>
   </trkpt>
   <trkpt lat="-2.6514190" lon="-43.0162950">
    <ele>41.8</ele>
    <time>2026-06-15T13:58:11Z</time>
     <extensions>
      <gpxtpx:TrackPointExtension>
       <gpxtpx:hr>129</gpxtpx:hr>
      </gpxtpx:TrackPointExtension>
     </extensions>
   </trkpt>
   <trkpt lat="-2.6513710" lon="-43.0163120">
    <ele>41.6</ele>
    <time>2026-06-15T13:58:16Z</time>
     <extensions>
      <gpxtpx:TrackPointExtension>
       <gpxtpx:hr>132</gpxtpx:hr>
      </gpxtpx:TrackPointExtension>
     </extensions>
   </trkpt>
   <trkpt lat="-2.6513250" lon="-43.0163270">
    <ele>41.6</ele>
    <time>2026-06-15T13:58:21Z</time>
     <extensions>
      <gpxtpx:TrackPointExtension>
       <gpxtpx:hr>131</gpxtpx:hr>
      </gpxtpx:TrackPointExtension>
     </extensions>
   </trkpt>
   <trkpt lat="-2.6512920" lon="-43.0163410">
    <ele>41.6</ele>
    <time>2026-06-15T13:58:26Z</time>
     <extensions>
      <gpxtpx:TrackPointExtension>
       <gpxtpx:hr>124</gpxtpx:hr>
      </gpxtpx:TrackPointExtension>
     </extensions>
   </trkpt>
   <trkpt lat="-2.6512800" lon="-43.0163480">
    <ele>41.6</ele>
    <time>2026-06-15T13:58:31Z</time>
     <extensions>
      <gpxtpx:TrackPointExtension>
       <gpxtpx:hr>123</gpxtpx:hr>
      </gpxtpx:TrackPointExtension>
     </extensions>
   </trkpt>
   <trkpt lat="-2.6512820" lon="-43.0163470">
    <ele>41.8</ele>
    <time>2026-06-15T13:58:36Z</time>
     <extensions>
      <gpxtpx:TrackPointExtension>
       <gpxtpx:hr>123</gpxtpx:hr>
      </gpxtpx:TrackPointExtension>
     </extensions>
   </trkpt>
   <trkpt lat="-2.6512840" lon="-43.0163500">
    <ele>42.2</ele>
    <time>2026-06-15T13:58:41Z</time>
     <extensions>
      <gpxtpx:TrackPointExtension>
       <gpxtpx:hr>133</gpxtpx:hr>
      </gpxtpx:TrackPointExtension>
     </extensions>
   </trkpt>
   <trkpt lat="-2.6512840" lon="-43.0163520">
    <ele>42.8</ele>
    <time>2026-06-15T13:58:46Z</time>
     <extensions>
      <gpxtpx:TrackPointExtension>
       <gpxtpx:hr>134</gpxtpx:hr>
      </gpxtpx:TrackPointExtension>
     </extensions>
   </trkpt>
   <trkpt lat="-2.6512820" lon="-43.0163550">
    <ele>43.4</ele>
    <time>2026-06-15T13:58:51Z</time>
     <extensions>
      <gpxtpx:TrackPointExtension>
       <gpxtpx:hr>136</gpxtpx:hr>
      </gpxtpx:TrackPointExtension>
     </extensions>
   </trkpt>
   <trkpt lat="-2.6512670" lon="-43.0163760">
    <ele>43.8</ele>
    <time>2026-06-15T13:58:56Z</time>
     <extensions>
      <gpxtpx:TrackPointExtension>
       <gpxtpx:hr>136</gpxtpx:hr>
      </gpxtpx:TrackPointExtension>
     </extensions>
   </trkpt>
   <trkpt lat="-2.6512380" lon="-43.0163980">
    <ele>43.8</ele>
    <time>2026-06-15T13:59:01Z</time>
     <extensions>
      <gpxtpx:TrackPointExtension>
       <gpxtpx:hr>127</gpxtpx:hr>
      </gpxtpx:TrackPointExtension>
     </extensions>
   </trkpt>
   <trkpt lat="-2.6512010" lon="-43.0164160">
    <ele>43.4</ele>
    <time>2026-06-15T13:59:06Z</time>
     <extensions>
      <gpxtpx:TrackPointExtension>
       <gpxtpx:hr>127</gpxtpx:hr>
      </gpxtpx:TrackPointExtension>
     </extensions>
   </trkpt>
   <trkpt lat="-2.6511620" lon="-43.0164320">
    <ele>42.8</ele>
    <time>2026-06-15T13:59:11Z</time>
     <extensions>
      <gpxtpx:TrackPointExtension>
       <gpxtpx:hr>120</gpxtpx:hr>
      </gpxtpx:TrackPointExtension>
     </extensions>
   </trkpt>
   <trkpt lat="-2.6511110" lon="-43.0164510">
    <ele>42.8</ele>
    <time>2026-06-15T13:59:16Z</time>
     <extensions>
      <gpxtpx:TrackPointExtension>
       <gpxtpx:hr>120</gpxtpx:hr>
      </gpxtpx:TrackPointExtension>
     </extensions>
   </trkpt>
   <trkpt lat="-2.6510660" lon="-43.0164730">
    <ele>42.8</ele>
    <time>2026-06-15T13:59:21Z</time>
     <extensions>
      <gpxtpx:TrackPointExtension>
       <gpxtpx:hr>120</gpxtpx:hr>
      </gpxtpx:TrackPointExtension>
     </extensions>
   </trkpt>
   <trkpt lat="-2.6510170" lon="-43.0164940">
    <ele>42.8</ele>
    <time>2026-06-15T13:59:26Z</time>
     <extensions>
      <gpxtpx:TrackPointExtension>
       <gpxtpx:hr>120</gpxtpx:hr>
      </gpxtpx:TrackPointExtension>
     </extensions>
   </trkpt>
   <trkpt lat="-2.6509710" lon="-43.0165130">
    <ele>42.4</ele>
    <time>2026-06-15T13:59:31Z</time>
     <extensions>
      <gpxtpx:TrackPointExtension>
       <gpxtpx:hr>122</gpxtpx:hr>
      </gpxtpx:TrackPointExtension>
     </extensions>
   </trkpt>
   <trkpt lat="-2.6509250" lon="-43.0165220">
    <ele>42.2</ele>
    <time>2026-06-15T13:59:36Z</time>
     <extensions>
      <gpxtpx:TrackPointExtension>
       <gpxtpx:hr>122</gpxtpx:hr>
      </gpxtpx:TrackPointExtension>
     </extensions>
   </trkpt>
   <trkpt lat="-2.6508750" lon="-43.0165340">
    <ele>42.0</ele>
    <time>2026-06-15T13:59:41Z</time>
     <extensions>
      <gpxtpx:TrackPointExtension>
       <gpxtpx:hr>128</gpxtpx:hr>
      </gpxtpx:TrackPointExtension>
     </extensions>
   </trkpt>
   <trkpt lat="-2.6508310" lon="-43.0165430">
    <ele>40.2</ele>
    <time>2026-06-15T13:59:46Z</time>
     <extensions>
      <gpxtpx:TrackPointExtension>
       <gpxtpx:hr>127</gpxtpx:hr>
      </gpxtpx:TrackPointExtension>
     </extensions>
   </trkpt>
   <trkpt lat="-2.6508090" lon="-43.0165470">
    <ele>33.2</ele>
    <time>2026-06-15T14:00:29Z</time>
     <extensions>
      <gpxtpx:TrackPointExtension>
       <gpxtpx:hr>102</gpxtpx:hr>
      </gpxtpx:TrackPointExtension>
     </extensions>
   </trkpt>
   <trkpt lat="-2.6507990" lon="-43.0165510">
    <ele>31.8</ele>
    <time>2026-06-15T14:00:34Z</time>
     <extensions>
      <gpxtpx:TrackPointExtension>
       <gpxtpx:hr>104</gpxtpx:hr>
      </gpxtpx:TrackPointExtension>
     </extensions>
   </trkpt>
   <trkpt lat="-2.6507490" lon="-43.0165630">
    <ele>31.4</ele>
    <time>2026-06-15T14:00:39Z</time>
     <extensions>
      <gpxtpx:TrackPointExtension>
       <gpxtpx:hr>138</gpxtpx:hr>
      </gpxtpx:TrackPointExtension>
     </extensions>
   </trkpt>
   <trkpt lat="-2.6506970" lon="-43.0165710">
    <ele>31.0</ele>
    <time>2026-06-15T14:00:44Z</time>
     <extensions>
      <gpxtpx:TrackPointExtension>
       <gpxtpx:hr>138</gpxtpx:hr>
      </gpxtpx:TrackPointExtension>
     </extensions>
   </trkpt>
   <trkpt lat="-2.6506480" lon="-43.0165830">
    <ele>29.4</ele>
    <time>2026-06-15T14:00:49Z</time>
     <extensions>
      <gpxtpx:TrackPointExtension>
       <gpxtpx:hr>135</gpxtpx:hr>
      </gpxtpx:TrackPointExtension>
     </extensions>
   </trkpt>
   <trkpt lat="-2.6502460" lon="-43.0179770">
    <ele>10.0</ele>
    <time>2026-06-15T14:04:26Z</time>
     <extensions>
      <gpxtpx:TrackPointExtension>
       <gpxtpx:hr>129</gpxtpx:hr>
      </gpxtpx:TrackPointExtension>
     </extensions>
   </trkpt>
   <trkpt lat="-2.6502340" lon="-43.0180220">
    <ele>9.2</ele>
    <time>2026-06-15T14:04:31Z</time>
     <extensions>
      <gpxtpx:TrackPointExtension>
       <gpxtpx:hr>132</gpxtpx:hr>
      </gpxtpx:TrackPointExtension>
     </extensions>
   </trkpt>
   <trkpt lat="-2.6502210" lon="-43.0180550">
    <ele>9.4</ele>
    <time>2026-06-15T14:04:36Z</time>
     <extensions>
      <gpxtpx:TrackPointExtension>
       <gpxtpx:hr>133</gpxtpx:hr>
      </gpxtpx:TrackPointExtension>
     </extensions>
   </trkpt>
   <trkpt lat="-2.6502090" lon="-43.0180990">
    <ele>9.6</ele>
    <time>2026-06-15T14:04:41Z</time>
     <extensions>
      <gpxtpx:TrackPointExtension>
       <gpxtpx:hr>130</gpxtpx:hr>
      </gpxtpx:TrackPointExtension>
     </extensions>
   </trkpt>
   <trkpt lat="-2.6502070" lon="-43.0181430">
    <ele>10.4</ele>
    <time>2026-06-15T14:04:46Z</time>
     <extensions>
      <gpxtpx:TrackPointExtension>
       <gpxtpx:hr>130</gpxtpx:hr>
      </gpxtpx:TrackPointExtension>
     </extensions>
   </trkpt>
   <trkpt lat="-2.6502030" lon="-43.0181890">
    <ele>11.6</ele>
    <time>2026-06-15T14:04:51Z</time>
     <extensions>
      <gpxtpx:TrackPointExtension>
       <gpxtpx:hr>125</gpxtpx:hr>
      </gpxtpx:TrackPointExtension>
     </extensions>
   </trkpt>
   <trkpt lat="-2.6501970" lon="-43.0182410">
    <ele>13.8</ele>
    <time>2026-06-15T14:04:56Z</time>
     <extensions>
      <gpxtpx:TrackPointExtension>
       <gpxtpx:hr>125</gpxtpx:hr>
      </gpxtpx:TrackPointExtension>
     </extensions>
   </trkpt>
   <trkpt lat="-2.6501930" lon="-43.0182860">
    <ele>16.0</ele>
    <time>2026-06-15T14:05:01Z</time>
     <extensions>
      <gpxtpx:TrackPointExtension>
       <gpxtpx:hr>125</gpxtpx:hr>
      </gpxtpx:TrackPointExtension>
     </extensions>
   </trkpt>
   <trkpt lat="-2.6501810" lon="-43.0183400">
    <ele>18.6</ele>
    <time>2026-06-15T14:05:06Z</time>
     <extensions>
      <gpxtpx:TrackPointExtension>
       <gpxtpx:hr>124</gpxtpx:hr>
      </gpxtpx:TrackPointExtension>
     </extensions>
   </trkpt>
   <trkpt lat="-2.6501640" lon="-43.0183780">
    <ele>21.2</ele>
    <time>2026-06-15T14:05:11Z</time>
     <extensions>
      <gpxtpx:TrackPointExtension>
       <gpxtpx:hr>130</gpxtpx:hr>
      </gpxtpx:TrackPointExtension>
     </extensions>
   </trkpt>
   <trkpt lat="-2.6501500" lon="-43.0184180">
    <ele>23.6</ele>
    <time>2026-06-15T14:05:16Z</time>
     <extensions>
      <gpxtpx:TrackPointExtension>
       <gpxtpx:hr>130</gpxtpx:hr>
      </gpxtpx:TrackPointExtension>
     </extensions>
   </trkpt>
   <trkpt lat="-2.6501330" lon="-43.0184520">
    <ele>26.0</ele>
    <time>2026-06-15T14:05:21Z</time>
     <extensions>
      <gpxtpx:TrackPointExtension>
       <gpxtpx:hr>126</gpxtpx:hr>
      </gpxtpx:TrackPointExtension>
     </extensions>
   </trkpt>
   <trkpt lat="-2.6501150" lon="-43.0184910">
    <ele>28.0</ele>
    <time>2026-06-15T14:05:26Z</time>
     <extensions>
      <gpxtpx:TrackPointExtension>
       <gpxtpx:hr>123</gpxtpx:hr>
      </gpxtpx:TrackPointExtension>
     </extensions>
   </trkpt>
   <trkpt lat="-2.6500930" lon="-43.0185320">
    <ele>30.2</ele>
    <time>2026-06-15T14:05:31Z</time>
     <extensions>
      <gpxtpx:TrackPointExtension>
       <gpxtpx:hr>125</gpxtpx:hr>
      </gpxtpx:TrackPointExtension>
     </extensions>
   </trkpt>
   <trkpt lat="-2.6500610" lon="-43.0185730">
    <ele>32.0</ele>
    <time>2026-06-15T14:05:36Z</time>
     <extensions>
      <gpxtpx:TrackPointExtension>
       <gpxtpx:hr>125</gpxtpx:hr>
      </gpxtpx:TrackPointExtension>
     </extensions>
   </trkpt>
   <trkpt lat="-2.6500270" lon="-43.0186210">
    <ele>33.6</ele>
    <time>2026-06-15T14:05:41Z</time>
     <extensions>
      <gpxtpx:TrackPointExtension>
       <gpxtpx:hr>128</gpxtpx:hr>
      </gpxtpx:TrackPointExtension>
     </extensions>
   </trkpt>
   <trkpt lat="-2.6500020" lon="-43.0186670">
    <ele>35.2</ele>
    <time>2026-06-15T14:05:46Z</time>
     <extensions>
      <gpxtpx:TrackPointExtension>
       <gpxtpx:hr>129</gpxtpx:hr>
      </gpxtpx:TrackPointExtension>
     </extensions>
   </trkpt>
   <trkpt lat="-2.6499780" lon="-43.0187150">
    <ele>36.6</ele>
    <time>2026-06-15T14:05:51Z</time>
     <extensions>
      <gpxtpx:TrackPointExtension>
       <gpxtpx:hr>126</gpxtpx:hr>
      </gpxtpx:TrackPointExtension>
     </extensions>
   </trkpt>
   <trkpt lat="-2.6499580" lon="-43.0187610">
    <ele>37.8</ele>
    <time>2026-06-15T14:05:56Z</time>
     <extensions>
      <gpxtpx:TrackPointExtension>
       <gpxtpx:hr>126</gpxtpx:hr>
      </gpxtpx:TrackPointExtension>
     </extensions>
   </trkpt>
   <trkpt lat="-2.6499340" lon="-43.0188070">
    <ele>38.6</ele>
    <time>2026-06-15T14:06:01Z</time>
     <extensions>
      <gpxtpx:TrackPointExtension>
       <gpxtpx:hr>123</gpxtpx:hr>
      </gpxtpx:TrackPointExtension>
     </extensions>
   </trkpt>
   <trkpt lat="-2.6499100" lon="-43.0188560">
    <ele>39.4</ele>
    <time>2026-06-15T14:06:06Z</time>
     <extensions>
      <gpxtpx:TrackPointExtension>
       <gpxtpx:hr>127</gpxtpx:hr>
      </gpxtpx:TrackPointExtension>
     </extensions>
   </trkpt>
   <trkpt lat="-2.6498800" lon="-43.0189000">
    <ele>40.0</ele>
    <time>2026-06-15T14:06:11Z</time>
     <extensions>
      <gpxtpx:TrackPointExtension>
       <gpxtpx:hr>127</gpxtpx:hr>
      </gpxtpx:TrackPointExtension>
     </extensions>
   </trkpt>
   <trkpt lat="-2.6498480" lon="-43.0189430">
    <ele>40.2</ele>
    <time>2026-06-15T14:06:16Z</time>
     <extensions>
      <gpxtpx:TrackPointExtension>
       <gpxtpx:hr>130</gpxtpx:hr>
      </gpxtpx:TrackPointExtension>
     </extensions>
   </trkpt>
   <trkpt lat="-2.6498150" lon="-43.0189840">
    <ele>40.4</ele>
    <time>2026-06-15T14:06:21Z</time>
     <extensions>
      <gpxtpx:TrackPointExtension>
       <gpxtpx:hr>129</gpxtpx:hr>
      </gpxtpx:TrackPointExtension>
     </extensions>
   </trkpt>
   <trkpt lat="-2.6497960" lon="-43.0190290">
    <ele>40.4</ele>
    <time>2026-06-15T14:06:26Z</time>
     <extensions>
      <gpxtpx:TrackPointExtension>
       <gpxtpx:hr>125</gpxtpx:hr>
      </gpxtpx:TrackPointExtension>
     </extensions>
   </trkpt>
   <trkpt lat="-2.6497760" lon="-43.0190730">
    <ele>40.4</ele>
    <time>2026-06-15T14:06:31Z</time>
     <extensions>
      <gpxtpx:TrackPointExtension>
       <gpxtpx:hr>126</gpxtpx:hr>
      </gpxtpx:TrackPointExtension>
     </extensions>
   </trkpt>
   <trkpt lat="-2.6497540" lon="-43.0191160">
    <ele>40.2</ele>
    <time>2026-06-15T14:06:36Z</time>
     <extensions>
      <gpxtpx:TrackPointExtension>
       <gpxtpx:hr>129</gpxtpx:hr>
      </gpxtpx:TrackPointExtension>
     </extensions>
   </trkpt>
   <trkpt lat="-2.6497320" lon="-43.0191600">
    <ele>39.8</ele>
    <time>2026-06-15T14:06:41Z</time>
     <extensions>
      <gpxtpx:TrackPointExtension>
       <gpxtpx:hr>129</gpxtpx:hr>
      </gpxtpx:TrackPointExtension>
     </extensions>
   </trkpt>
   <trkpt lat="-2.6497140" lon="-43.0192030">
    <ele>39.4</ele>
    <time>2026-06-15T14:06:46Z</time>
     <extensions>
      <gpxtpx:TrackPointExtension>
       <gpxtpx:hr>131</gpxtpx:hr>
      </gpxtpx:TrackPointExtension>
     </extensions>
   </trkpt>
   <trkpt lat="-2.6496990" lon="-43.0192450">
    <ele>38.6</ele>
    <time>2026-06-15T14:06:51Z</time>
     <extensions>
      <gpxtpx:TrackPointExtension>
       <gpxtpx:hr>135</gpxtpx:hr>
      </gpxtpx:TrackPointExtension>
     </extensions>
   </trkpt>
   <trkpt lat="-2.6496820" lon="-43.0192880">
    <ele>38.0</ele>
    <time>2026-06-15T14:06:56Z</time>
     <extensions>
      <gpxtpx:TrackPointExtension>
       <gpxtpx:hr>135</gpxtpx:hr>
      </gpxtpx:TrackPointExtension>
     </extensions>
   </trkpt>
   <trkpt lat="-2.6496630" lon="-43.0193330">
    <ele>37.0</ele>
    <time>2026-06-15T14:07:01Z</time>
     <extensions>
      <gpxtpx:TrackPointExtension>
       <gpxtpx:hr>130</gpxtpx:hr>
      </gpxtpx:TrackPointExtension>
     </extensions>
   </trkpt>
   <trkpt lat="-2.6496560" lon="-43.0193820">
    <ele>36.0</ele>
    <time>2026-06-15T14:07:06Z</time>
     <extensions>
      <gpxtpx:TrackPointExtension>
       <gpxtpx:hr>127</gpxtpx:hr>
      </gpxtpx:TrackPointExtension>
     </extensions>
   </trkpt>
   <trkpt lat="-2.6496530" lon="-43.0194250">
    <ele>35.0</ele>
    <time>2026-06-15T14:07:11Z</time>
     <extensions>
      <gpxtpx:TrackPointExtension>
       <gpxtpx:hr>127</gpxtpx:hr>
      </gpxtpx:TrackPointExtension>
     </extensions>
   </trkpt>
   <trkpt lat="-2.6496540" lon="-43.0194720">
    <ele>34.0</ele>
    <time>2026-06-15T14:07:16Z</time>
     <extensions>
      <gpxtpx:TrackPointExtension>
       <gpxtpx:hr>127</gpxtpx:hr>
      </gpxtpx:TrackPointExtension>
     </extensions>
   </trkpt>
   <trkpt lat="-2.6496550" lon="-43.0195140">
    <ele>33.0</ele>
    <time>2026-06-15T14:07:21Z</time>
     <extensions>
      <gpxtpx:TrackPointExtension>
       <gpxtpx:hr>127</gpxtpx:hr>
      </gpxtpx:TrackPointExtension>
     </extensions>
   </trkpt>
   <trkpt lat="-2.6496530" lon="-43.0195590">
    <ele>31.8</ele>
    <time>2026-06-15T14:07:26Z</time>
     <extensions>
      <gpxtpx:TrackPointExtension>
       <gpxtpx:hr>127</gpxtpx:hr>
      </gpxtpx:TrackPointExtension>
     </extensions>
   </trkpt>
   <trkpt lat="-2.6496480" lon="-43.0196070">
    <ele>30.6</ele>
    <time>2026-06-15T14:07:31Z</time>
     <extensions>
      <gpxtpx:TrackPointExtension>
       <gpxtpx:hr>124</gpxtpx:hr>
      </gpxtpx:TrackPointExtension>
     </extensions>
   </trkpt>
   <trkpt lat="-2.6496460" lon="-43.0196520">
    <ele>29.4</ele>
    <time>2026-06-15T14:07:36Z</time>
     <extensions>
      <gpxtpx:TrackPointExtension>
       <gpxtpx:hr>125</gpxtpx:hr>
      </gpxtpx:TrackPointExtension>
     </extensions>
   </trkpt>
   <trkpt lat="-2.6496450" lon="-43.0196930">
    <ele>28.0</ele>
    <time>2026-06-15T14:07:41Z</time>
     <extensions>
      <gpxtpx:TrackPointExtension>
       <gpxtpx:hr>126</gpxtpx:hr>
      </gpxtpx:TrackPointExtension>
     </extensions>
   </trkpt>
   <trkpt lat="-2.6496520" lon="-43.0197340">
    <ele>26.6</ele>
    <time>2026-06-15T14:07:46Z</time>
     <extensions>
      <gpxtpx:TrackPointExtension>
       <gpxtpx:hr>129</gpxtpx:hr>
      </gpxtpx:TrackPointExtension>
     </extensions>
   </trkpt>
   <trkpt lat="-2.6496530" lon="-43.0197760">
    <ele>25.2</ele>
    <time>2026-06-15T14:07:51Z</time>
     <extensions>
      <gpxtpx:TrackPointExtension>
       <gpxtpx:hr>129</gpxtpx:hr>
      </gpxtpx:TrackPointExtension>
     </extensions>
   </trkpt>
   <trkpt lat="-2.6496530" lon="-43.0198170">
    <ele>24.0</ele>
    <time>2026-06-15T14:07:56Z</time>
     <extensions>
      <gpxtpx:TrackPointExtension>
       <gpxtpx:hr>129</gpxtpx:hr>
      </gpxtpx:TrackPointExtension>
     </extensions>
   </trkpt>
   <trkpt lat="-2.6496590" lon="-43.0198590">
    <ele>22.8</ele>
    <time>2026-06-15T14:08:01Z</time>
     <extensions>
      <gpxtpx:TrackPointExtension>
       <gpxtpx:hr>129</gpxtpx:hr>
      </gpxtpx:TrackPointExtension>
     </extensions>
   </trkpt>
   <trkpt lat="-2.6496540" lon="-43.0199060">
    <ele>21.8</ele>
    <time>2026-06-15T14:08:06Z</time>
     <extensions>
      <gpxtpx:TrackPointExtension>
       <gpxtpx:hr>131</gpxtpx:hr>
      </gpxtpx:TrackPointExtension>
     </extensions>
   </trkpt>
   <trkpt lat="-2.6496510" lon="-43.0199670">
    <ele>21.0</ele>
    <time>2026-06-15T14:08:11Z</time>
     <extensions>
      <gpxtpx:TrackPointExtension>
       <gpxtpx:hr>131</gpxtpx:hr>
      </gpxtpx:TrackPointExtension>
     </extensions>
   </trkpt>
   <trkpt lat="-2.6496480" lon="-43.0200270">
    <ele>20.4</ele>
    <time>2026-06-15T14:08:16Z</time>
     <extensions>
      <gpxtpx:TrackPointExtension>
       <gpxtpx:hr>133</gpxtpx:hr>
      </gpxtpx:TrackPointExtension>
     </extensions>
   </trkpt>
   <trkpt lat="-2.6496450" lon="-43.0200800">
    <ele>19.8</ele>
    <time>2026-06-15T14:08:21Z</time>
     <extensions>
      <gpxtpx:TrackPointExtension>
       <gpxtpx:hr>133</gpxtpx:hr>
      </gpxtpx:TrackPointExtension>
     </extensions>
   </trkpt>
   <trkpt lat="-2.6496410" lon="-43.0201300">
    <ele>19.4</ele>
    <time>2026-06-15T14:08:26Z</time>
     <extensions>
      <gpxtpx:TrackPointExtension>
       <gpxtpx:hr>132</gpxtpx:hr>
      </gpxtpx:TrackPointExtension>
     </extensions>
   </trkpt>
   <trkpt lat="-2.6496330" lon="-43.0201800">
    <ele>19.0</ele>
    <time>2026-06-15T14:08:31Z</time>
     <extensions>
      <gpxtpx:TrackPointExtension>
       <gpxtpx:hr>127</gpxtpx:hr>
      </gpxtpx:TrackPointExtension>
     </extensions>
   </trkpt>
   <trkpt lat="-2.6496260" lon="-43.0202220">
    <ele>18.6</ele>
    <time>2026-06-15T14:08:36Z</time>
     <extensions>
      <gpxtpx:TrackPointExtension>
       <gpxtpx:hr>129</gpxtpx:hr>
      </gpxtpx:TrackPointExtension>
     </extensions>
   </trkpt>
   <trkpt lat="-2.6496250" lon="-43.0202600">
    <ele>18.2</ele>
    <time>2026-06-15T14:08:41Z</time>
     <extensions>
      <gpxtpx:TrackPointExtension>
       <gpxtpx:hr>129</gpxtpx:hr>
      </gpxtpx:TrackPointExtension>
     </extensions>
   </trkpt>
   <trkpt lat="-2.6496290" lon="-43.0202980">
    <ele>17.8</ele>
    <time>2026-06-15T14:08:46Z</time>
     <extensions>
      <gpxtpx:TrackPointExtension>
       <gpxtpx:hr>129</gpxtpx:hr>
      </gpxtpx:TrackPointExtension>
     </extensions>
   </trkpt>
   <trkpt lat="-2.6496260" lon="-43.0203390">
    <ele>17.6</ele>
    <time>2026-06-15T14:08:51Z</time>
     <extensions>
      <gpxtpx:TrackPointExtension>
       <gpxtpx:hr>130</gpxtpx:hr>
      </gpxtpx:TrackPointExtension>
     </extensions>
   </trkpt>
   <trkpt lat="-2.6496180" lon="-43.0203820">
    <ele>17.4</ele>
    <time>2026-06-15T14:08:56Z</time>
     <extensions>
      <gpxtpx:TrackPointExtension>
       <gpxtpx:hr>134</gpxtpx:hr>
      </gpxtpx:TrackPointExtension>
     </extensions>
   </trkpt>
   <trkpt lat="-2.6496100" lon="-43.0204280">
    <ele>17.4</ele>
    <time>2026-06-15T14:09:01Z</time>
     <extensions>
      <gpxtpx:TrackPointExtension>
       <gpxtpx:hr>137</gpxtpx:hr>
      </gpxtpx:TrackPointExtension>
     </extensions>
   </trkpt>
   <trkpt lat="-2.6496030" lon="-43.0204670">
    <ele>17.4</ele>
    <time>2026-06-15T14:09:06Z</time>
     <extensions>
      <gpxtpx:TrackPointExtension>
       <gpxtpx:hr>139</gpxtpx:hr>
      </gpxtpx:TrackPointExtension>
     </extensions>
   </trkpt>
   <trkpt lat="-2.6496040" lon="-43.0205050">
    <ele>17.6</ele>
    <time>2026-06-15T14:09:11Z</time>
     <extensions>
      <gpxtpx:TrackPointExtension>
       <gpxtpx:hr>139</gpxtpx:hr>
      </gpxtpx:TrackPointExtension>
     </extensions>
   </trkpt>
   <trkpt lat="-2.6496000" lon="-43.0205300">
    <ele>18.0</ele>
    <time>2026-06-15T14:09:16Z</time>
     <extensions>
      <gpxtpx:TrackPointExtension>
       <gpxtpx:hr>139</gpxtpx:hr>
      </gpxtpx:TrackPointExtension>
     </extensions>
   </trkpt>
   <trkpt lat="-2.6496030" lon="-43.0205560">
    <ele>18.6</ele>
    <time>2026-06-15T14:09:21Z</time>
     <extensions>
      <gpxtpx:TrackPointExtension>
       <gpxtpx:hr>147</gpxtpx:hr>
      </gpxtpx:TrackPointExtension>
     </extensions>
   </trkpt>
   <trkpt lat="-2.6496070" lon="-43.0205800">
    <ele>19.2</ele>
    <time>2026-06-15T14:09:26Z</time>
     <extensions>
      <gpxtpx:TrackPointExtension>
       <gpxtpx:hr>147</gpxtpx:hr>
      </gpxtpx:TrackPointExtension>
     </extensions>
   </trkpt>
   <trkpt lat="-2.6496050" lon="-43.0206050">
    <ele>19.8</ele>
    <time>2026-06-15T14:09:31Z</time>
     <extensions>
      <gpxtpx:TrackPointExtension>
       <gpxtpx:hr>157</gpxtpx:hr>
      </gpxtpx:TrackPointExtension>
     </extensions>
   </trkpt>
   <trkpt lat="-2.6496060" lon="-43.0206210">
    <ele>20.2</ele>
    <time>2026-06-15T14:09:36Z</time>
     <extensions>
      <gpxtpx:TrackPointExtension>
       <gpxtpx:hr>157</gpxtpx:hr>
      </gpxtpx:TrackPointExtension>
     </extensions>
   </trkpt>
   <trkpt lat="-2.6496080" lon="-43.0206380">
    <ele>20.6</ele>
    <time>2026-06-15T14:09:41Z</time>
     <extensions>
      <gpxtpx:TrackPointExtension>
       <gpxtpx:hr>162</gpxtpx:hr>
      </gpxtpx:TrackPointExtension>
     </extensions>
   </trkpt>
   <trkpt lat="-2.6496110" lon="-43.0206520">
    <ele>21.0</ele>
    <time>2026-06-15T14:09:46Z</time>
     <extensions>
      <gpxtpx:TrackPointExtension>
       <gpxtpx:hr>162</gpxtpx:hr>
      </gpxtpx:TrackPointExtension>
     </extensions>
   </trkpt>
   <trkpt lat="-2.6496120" lon="-43.0206730">
    <ele>21.4</ele>
    <time>2026-06-15T14:09:51Z</time>
     <extensions>
      <gpxtpx:TrackPointExtension>
       <gpxtpx:hr>163</gpxtpx:hr>
      </gpxtpx:TrackPointExtension>
     </extensions>
   </trkpt>
   <trkpt lat="-2.6496120" lon="-43.0206950">
    <ele>21.6</ele>
    <time>2026-06-15T14:09:56Z</time>
     <extensions>
      <gpxtpx:TrackPointExtension>
       <gpxtpx:hr>160</gpxtpx:hr>
      </gpxtpx:TrackPointExtension>
     </extensions>
   </trkpt>
   <trkpt lat="-2.6496150" lon="-43.0207170">
    <ele>21.8</ele>
    <time>2026-06-15T14:10:01Z</time>
     <extensions>
      <gpxtpx:TrackPointExtension>
       <gpxtpx:hr>160</gpxtpx:hr>
      </gpxtpx:TrackPointExtension>
     </extensions>
   </trkpt>
   <trkpt lat="-2.6496190" lon="-43.0207390">
    <ele>21.6</ele>
    <time>2026-06-15T14:10:06Z</time>
     <extensions>
      <gpxtpx:TrackPointExtension>
       <gpxtpx:hr>160</gpxtpx:hr>
      </gpxtpx:TrackPointExtension>
     </extensions>
   </trkpt>
   <trkpt lat="-2.6496210" lon="-43.0207540">
    <ele>21.4</ele>
    <time>2026-06-15T14:10:11Z</time>
     <extensions>
      <gpxtpx:TrackPointExtension>
       <gpxtpx:hr>160</gpxtpx:hr>
      </gpxtpx:TrackPointExtension>
     </extensions>
   </trkpt>
   <trkpt lat="-2.6496190" lon="-43.0207780">
    <ele>21.2</ele>
    <time>2026-06-15T14:10:16Z</time>
     <extensions>
      <gpxtpx:TrackPointExtension>
       <gpxtpx:hr>157</gpxtpx:hr>
      </gpxtpx:TrackPointExtension>
     </extensions>
   </trkpt>
   <trkpt lat="-2.6496330" lon="-43.0207870">
    <ele>21.0</ele>
    <time>2026-06-15T14:10:21Z</time>
     <extensions>
      <gpxtpx:TrackPointExtension>
       <gpxtpx:hr>154</gpxtpx:hr>
      </gpxtpx:TrackPointExtension>
     </extensions>
   </trkpt>
   <trkpt lat="-2.6496490" lon="-43.0208080">
    <ele>21.0</ele>
    <time>2026-06-15T14:10:26Z</time>
     <extensions>
      <gpxtpx:TrackPointExtension>
       <gpxtpx:hr>155</gpxtpx:hr>
      </gpxtpx:TrackPointExtension>
     </extensions>
   </trkpt>
   <trkpt lat="-2.6496570" lon="-43.0208290">
    <ele>21.0</ele>
    <time>2026-06-15T14:10:31Z</time>
     <extensions>
      <gpxtpx:TrackPointExtension>
       <gpxtpx:hr>154</gpxtpx:hr>
      </gpxtpx:TrackPointExtension>
     </extensions>
   </trkpt>
   <trkpt lat="-2.6496610" lon="-43.0208450">
    <ele>21.0</ele>
    <time>2026-06-15T14:10:36Z</time>
     <extensions>
      <gpxtpx:TrackPointExtension>
       <gpxtpx:hr>154</gpxtpx:hr>
      </gpxtpx:TrackPointExtension>
     </extensions>
   </trkpt>
   <trkpt lat="-2.6496700" lon="-43.0208640">
    <ele>21.0</ele>
    <time>2026-06-15T14:10:41Z</time>
     <extensions>
      <gpxtpx:TrackPointExtension>
       <gpxtpx:hr>154</gpxtpx:hr>
      </gpxtpx:TrackPointExtension>
     </extensions>
   </trkpt>
   <trkpt lat="-2.6496730" lon="-43.0208830">
    <ele>21.0</ele>
    <time>2026-06-15T14:10:46Z</time>
     <extensions>
      <gpxtpx:TrackPointExtension>
       <gpxtpx:hr>160</gpxtpx:hr>
      </gpxtpx:TrackPointExtension>
     </extensions>
   </trkpt>
   <trkpt lat="-2.6496730" lon="-43.0208960">
    <ele>21.2</ele>
    <time>2026-06-15T14:10:51Z</time>
     <extensions>
      <gpxtpx:TrackPointExtension>
       <gpxtpx:hr>161</gpxtpx:hr>
      </gpxtpx:TrackPointExtension>
     </extensions>
   </trkpt>
   <trkpt lat="-2.6496770" lon="-43.0209120">
    <ele>21.6</ele>
    <time>2026-06-15T14:10:56Z</time>
     <extensions>
      <gpxtpx:TrackPointExtension>
       <gpxtpx:hr>160</gpxtpx:hr>
      </gpxtpx:TrackPointExtension>
     </extensions>
   </trkpt>
   <trkpt lat="-2.6496800" lon="-43.0209320">
    <ele>21.8</ele>
    <time>2026-06-15T14:11:01Z</time>
     <extensions>
      <gpxtpx:TrackPointExtension>
       <gpxtpx:hr>156</gpxtpx:hr>
      </gpxtpx:TrackPointExtension>
     </extensions>
   </trkpt>
   <trkpt lat="-2.6496820" lon="-43.0209600">
    <ele>22.0</ele>
    <time>2026-06-15T14:11:06Z</time>
     <extensions>
      <gpxtpx:TrackPointExtension>
       <gpxtpx:hr>156</gpxtpx:hr>
      </gpxtpx:TrackPointExtension>
     </extensions>
   </trkpt>
   <trkpt lat="-2.6496880" lon="-43.0209800">
    <ele>22.2</ele>
    <time>2026-06-15T14:11:11Z</time>
     <extensions>
      <gpxtpx:TrackPointExtension>
       <gpxtpx:hr>156</gpxtpx:hr>
      </gpxtpx:TrackPointExtension>
     </extensions>
   </trkpt>
   <trkpt lat="-2.6496890" lon="-43.0210000">
    <ele>22.4</ele>
    <time>2026-06-15T14:11:16Z</time>
     <extensions>
      <gpxtpx:TrackPointExtension>
       <gpxtpx:hr>159</gpxtpx:hr>
      </gpxtpx:TrackPointExtension>
     </extensions>
   </trkpt>
   <trkpt lat="-2.6496900" lon="-43.0210230">
    <ele>22.4</ele>
    <time>2026-06-15T14:11:21Z</time>
     <extensions>
      <gpxtpx:TrackPointExtension>
       <gpxtpx:hr>159</gpxtpx:hr>
      </gpxtpx:TrackPointExtension>
     </extensions>
   </trkpt>
   <trkpt lat="-2.6496890" lon="-43.0210460">
    <ele>22.4</ele>
    <time>2026-06-15T14:11:26Z</time>
     <extensions>
      <gpxtpx:TrackPointExtension>
       <gpxtpx:hr>162</gpxtpx:hr>
      </gpxtpx:TrackPointExtension>
     </extensions>
   </trkpt>
   <trkpt lat="-2.6496900" lon="-43.0210700">
    <ele>22.4</ele>
    <time>2026-06-15T14:11:31Z</time>
     <extensions>
      <gpxtpx:TrackPointExtension>
       <gpxtpx:hr>158</gpxtpx:hr>
      </gpxtpx:TrackPointExtension>
     </extensions>
   </trkpt>
   <trkpt lat="-2.6496910" lon="-43.0210950">
    <ele>22.2</ele>
    <time>2026-06-15T14:11:36Z</time>
     <extensions>
      <gpxtpx:TrackPointExtension>
       <gpxtpx:hr>156</gpxtpx:hr>
      </gpxtpx:TrackPointExtension>
     </extensions>
   </trkpt>
   <trkpt lat="-2.6496930" lon="-43.0211220">
    <ele>21.8</ele>
    <time>2026-06-15T14:11:41Z</time>
     <extensions>
      <gpxtpx:TrackPointExtension>
       <gpxtpx:hr>150</gpxtpx:hr>
      </gpxtpx:TrackPointExtension>
     </extensions>
   </trkpt>
   <trkpt lat="-2.6496990" lon="-43.0211530">
    <ele>21.6</ele>
    <time>2026-06-15T14:11:46Z</time>
     <extensions>
      <gpxtpx:TrackPointExtension>
       <gpxtpx:hr>150</gpxtpx:hr>
      </gpxtpx:TrackPointExtension>
     </extensions>
   </trkpt>
   <trkpt lat="-2.6497010" lon="-43.0211850">
    <ele>21.2</ele>
    <time>2026-06-15T14:11:51Z</time>
     <extensions>
      <gpxtpx:TrackPointExtension>
       <gpxtpx:hr>145</gpxtpx:hr>
      </gpxtpx:TrackPointExtension>
     </extensions>
   </trkpt>
   <trkpt lat="-2.6497120" lon="-43.0212190">
    <ele>21.0</ele>
    <time>2026-06-15T14:11:56Z</time>
     <extensions>
      <gpxtpx:TrackPointExtension>
       <gpxtpx:hr>145</gpxtpx:hr>
      </gpxtpx:TrackPointExtension>
     </extensions>
   </trkpt>
   <trkpt lat="-2.6497280" lon="-43.0212660">
    <ele>20.6</ele>
    <time>2026-06-15T14:12:01Z</time>
     <extensions>
      <gpxtpx:TrackPointExtension>
       <gpxtpx:hr>145</gpxtpx:hr>
      </gpxtpx:TrackPointExtension>
     </extensions>
   </trkpt>
   <trkpt lat="-2.6497420" lon="-43.0213130">
    <ele>20.2</ele>
    <time>2026-06-15T14:12:06Z</time>
     <extensions>
      <gpxtpx:TrackPointExtension>
       <gpxtpx:hr>145</gpxtpx:hr>
      </gpxtpx:TrackPointExtension>
     </extensions>
   </trkpt>
   <trkpt lat="-2.6497630" lon="-43.0213600">
    <ele>20.0</ele>
    <time>2026-06-15T14:12:11Z</time>
     <extensions>
      <gpxtpx:TrackPointExtension>
       <gpxtpx:hr>151</gpxtpx:hr>
      </gpxtpx:TrackPointExtension>
     </extensions>
   </trkpt>
   <trkpt lat="-2.6497750" lon="-43.0214050">
    <ele>19.6</ele>
    <time>2026-06-15T14:12:16Z</time>
     <extensions>
      <gpxtpx:TrackPointExtension>
       <gpxtpx:hr>152</gpxtpx:hr>
      </gpxtpx:TrackPointExtension>
     </extensions>
   </trkpt>
   <trkpt lat="-2.6497850" lon="-43.0214500">
    <ele>19.4</ele>
    <time>2026-06-15T14:12:21Z</time>
     <extensions>
      <gpxtpx:TrackPointExtension>
       <gpxtpx:hr>152</gpxtpx:hr>
      </gpxtpx:TrackPointExtension>
     </extensions>
   </trkpt>
   <trkpt lat="-2.6498000" lon="-43.0214870">
    <ele>19.0</ele>
    <time>2026-06-15T14:12:26Z</time>
     <extensions>
      <gpxtpx:TrackPointExtension>
       <gpxtpx:hr>150</gpxtpx:hr>
      </gpxtpx:TrackPointExtension>
     </extensions>
   </trkpt>
   <trkpt lat="-2.6498070" lon="-43.0214970">
    <ele>18.6</ele>
    <time>2026-06-15T14:12:31Z</time>
     <extensions>
      <gpxtpx:TrackPointExtension>
       <gpxtpx:hr>143</gpxtpx:hr>
      </gpxtpx:TrackPointExtension>
     </extensions>
   </trkpt>
   <trkpt lat="-2.6498170" lon="-43.0215320">
    <ele>18.2</ele>
    <time>2026-06-15T14:12:36Z</time>
     <extensions>
      <gpxtpx:TrackPointExtension>
       <gpxtpx:hr>149</gpxtpx:hr>
      </gpxtpx:TrackPointExtension>
     </extensions>
   </trkpt>
   <trkpt lat="-2.6498250" lon="-43.0215750">
    <ele>17.8</ele>
    <time>2026-06-15T14:12:41Z</time>
     <extensions>
      <gpxtpx:TrackPointExtension>
       <gpxtpx:hr>144</gpxtpx:hr>
      </gpxtpx:TrackPointExtension>
     </extensions>
   </trkpt>
   <trkpt lat="-2.6498230" lon="-43.0216190">
    <ele>17.2</ele>
    <time>2026-06-15T14:12:46Z</time>
     <extensions>
      <gpxtpx:TrackPointExtension>
       <gpxtpx:hr>137</gpxtpx:hr>
      </gpxtpx:TrackPointExtension>
     </extensions>
   </trkpt>
   <trkpt lat="-2.6498200" lon="-43.0216630">
    <ele>16.6</ele>
    <time>2026-06-15T14:12:51Z</time>
     <extensions>
      <gpxtpx:TrackPointExtension>
       <gpxtpx:hr>132</gpxtpx:hr>
      </gpxtpx:TrackPointExtension>
     </extensions>
   </trkpt>
   <trkpt lat="-2.6498180" lon="-43.0217070">
    <ele>16.2</ele>
    <time>2026-06-15T14:12:56Z</time>
     <extensions>
      <gpxtpx:TrackPointExtension>
       <gpxtpx:hr>137</gpxtpx:hr>
      </gpxtpx:TrackPointExtension>
     </extensions>
   </trkpt>
   <trkpt lat="-2.6498150" lon="-43.0217660">
    <ele>15.6</ele>
    <time>2026-06-15T14:13:01Z</time>
     <extensions>
      <gpxtpx:TrackPointExtension>
       <gpxtpx:hr>137</gpxtpx:hr>
      </gpxtpx:TrackPointExtension>
     </extensions>
   </trkpt>
   <trkpt lat="-2.6498150" lon="-43.0218060">
    <ele>15.2</ele>
    <time>2026-06-15T14:13:06Z</time>
     <extensions>
      <gpxtpx:TrackPointExtension>
       <gpxtpx:hr>131</gpxtpx:hr>
      </gpxtpx:TrackPointExtension>
     </extensions>
   </trkpt>
   <trkpt lat="-2.6498160" lon="-43.0218490">
    <ele>15.0</ele>
    <time>2026-06-15T14:13:11Z</time>
     <extensions>
      <gpxtpx:TrackPointExtension>
       <gpxtpx:hr>126</gpxtpx:hr>
      </gpxtpx:TrackPointExtension>
     </extensions>
   </trkpt>
   <trkpt lat="-2.6498220" lon="-43.0218870">
    <ele>14.6</ele>
    <time>2026-06-15T14:13:16Z</time>
     <extensions>
      <gpxtpx:TrackPointExtension>
       <gpxtpx:hr>125</gpxtpx:hr>
      </gpxtpx:TrackPointExtension>
     </extensions>
   </trkpt>
   <trkpt lat="-2.6498220" lon="-43.0219250">
    <ele>14.6</ele>
    <time>2026-06-15T14:13:21Z</time>
     <extensions>
      <gpxtpx:TrackPointExtension>
       <gpxtpx:hr>125</gpxtpx:hr>
      </gpxtpx:TrackPointExtension>
     </extensions>
   </trkpt>
   <trkpt lat="-2.6498220" lon="-43.0219680">
    <ele>14.6</ele>
    <time>2026-06-15T14:13:26Z</time>
     <extensions>
      <gpxtpx:TrackPointExtension>
       <gpxtpx:hr>131</gpxtpx:hr>
      </gpxtpx:TrackPointExtension>
     </extensions>
   </trkpt>
   <trkpt lat="-2.6498190" lon="-43.0220190">
    <ele>14.8</ele>
    <time>2026-06-15T14:13:31Z</time>
     <extensions>
      <gpxtpx:TrackPointExtension>
       <gpxtpx:hr>131</gpxtpx:hr>
      </gpxtpx:TrackPointExtension>
     </extensions>
   </trkpt>
   <trkpt lat="-2.6498250" lon="-43.0220760">
    <ele>15.0</ele>
    <time>2026-06-15T14:13:36Z</time>
     <extensions>
      <gpxtpx:TrackPointExtension>
       <gpxtpx:hr>134</gpxtpx:hr>
      </gpxtpx:TrackPointExtension>
     </extensions>
   </trkpt>
   <trkpt lat="-2.6498410" lon="-43.0221280">
    <ele>15.2</ele>
    <time>2026-06-15T14:13:41Z</time>
     <extensions>
      <gpxtpx:TrackPointExtension>
       <gpxtpx:hr>134</gpxtpx:hr>
      </gpxtpx:TrackPointExtension>
     </extensions>
   </trkpt>
   <trkpt lat="-2.6498650" lon="-43.0221830">
    <ele>15.6</ele>
    <time>2026-06-15T14:13:46Z</time>
     <extensions>
      <gpxtpx:TrackPointExtension>
       <gpxtpx:hr>126</gpxtpx:hr>
      </gpxtpx:TrackPointExtension>
     </extensions>
   </trkpt>
   <trkpt lat="-2.6498880" lon="-43.0222340">
    <ele>16.0</ele>
    <time>2026-06-15T14:13:51Z</time>
     <extensions>
      <gpxtpx:TrackPointExtension>
       <gpxtpx:hr>127</gpxtpx:hr>
      </gpxtpx:TrackPointExtension>
     </extensions>
   </trkpt>
   <trkpt lat="-2.6499020" lon="-43.0222810">
    <ele>16.6</ele>
    <time>2026-06-15T14:13:56Z</time>
     <extensions>
      <gpxtpx:TrackPointExtension>
       <gpxtpx:hr>126</gpxtpx:hr>
      </gpxtpx:TrackPointExtension>
     </extensions>
   </trkpt>
   <trkpt lat="-2.6499150" lon="-43.0223300">
    <ele>16.8</ele>
    <time>2026-06-15T14:14:01Z</time>
     <extensions>
      <gpxtpx:TrackPointExtension>
       <gpxtpx:hr>132</gpxtpx:hr>
      </gpxtpx:TrackPointExtension>
     </extensions>
   </trkpt>
   <trkpt lat="-2.6499280" lon="-43.0223800">
    <ele>17.0</ele>
    <time>2026-06-15T14:14:06Z</time>
     <extensions>
      <gpxtpx:TrackPointExtension>
       <gpxtpx:hr>136</gpxtpx:hr>
      </gpxtpx:TrackPointExtension>
     </extensions>
   </trkpt>
   <trkpt lat="-2.6499370" lon="-43.0224370">
    <ele>17.2</ele>
    <time>2026-06-15T14:14:11Z</time>
     <extensions>
      <gpxtpx:TrackPointExtension>
       <gpxtpx:hr>136</gpxtpx:hr>
      </gpxtpx:TrackPointExtension>
     </extensions>
   </trkpt>
   <trkpt lat="-2.6499420" lon="-43.0224920">
    <ele>17.2</ele>
    <time>2026-06-15T14:14:16Z</time>
     <extensions>
      <gpxtpx:TrackPointExtension>
       <gpxtpx:hr>136</gpxtpx:hr>
      </gpxtpx:TrackPointExtension>
     </extensions>
   </trkpt>
   <trkpt lat="-2.6499450" lon="-43.0225410">
    <ele>17.2</ele>
    <time>2026-06-15T14:14:21Z</time>
     <extensions>
      <gpxtpx:TrackPointExtension>
       <gpxtpx:hr>135</gpxtpx:hr>
      </gpxtpx:TrackPointExtension>
     </extensions>
   </trkpt>
   <trkpt lat="-2.6499490" lon="-43.0225900">
    <ele>17.0</ele>
    <time>2026-06-15T14:14:26Z</time>
     <extensions>
      <gpxtpx:TrackPointExtension>
       <gpxtpx:hr>135</gpxtpx:hr>
      </gpxtpx:TrackPointExtension>
     </extensions>
   </trkpt>
   <trkpt lat="-2.6499570" lon="-43.0226190">
    <ele>17.0</ele>
    <time>2026-06-15T14:14:31Z</time>
     <extensions>
      <gpxtpx:TrackPointExtension>
       <gpxtpx:hr>132</gpxtpx:hr>
      </gpxtpx:TrackPointExtension>
     </extensions>
   </trkpt>
   <trkpt lat="-2.6499690" lon="-43.0226440">
    <ele>17.2</ele>
    <time>2026-06-15T14:14:36Z</time>
     <extensions>
      <gpxtpx:TrackPointExtension>
       <gpxtpx:hr>134</gpxtpx:hr>
      </gpxtpx:TrackPointExtension>
     </extensions>
   </trkpt>
   <trkpt lat="-2.6499760" lon="-43.0226470">
    <ele>16.0</ele>
    <time>2026-06-15T14:14:41Z</time>
     <extensions>
      <gpxtpx:TrackPointExtension>
       <gpxtpx:hr>130</gpxtpx:hr>
      </gpxtpx:TrackPointExtension>
     </extensions>
   </trkpt>
   <trkpt lat="-2.6499510" lon="-43.0232980">
    <ele>13.6</ele>
    <time>2026-06-15T14:35:26Z</time>
     <extensions>
      <gpxtpx:TrackPointExtension>
       <gpxtpx:hr>130</gpxtpx:hr>
      </gpxtpx:TrackPointExtension>
     </extensions>
   </trkpt>
   <trkpt lat="-2.6499500" lon="-43.0232960">
    <ele>11.4</ele>
    <time>2026-06-15T14:35:31Z</time>
     <extensions>
      <gpxtpx:TrackPointExtension>
       <gpxtpx:hr>102</gpxtpx:hr>
      </gpxtpx:TrackPointExtension>
     </extensions>
   </trkpt>
   <trkpt lat="-2.6499490" lon="-43.0232900">
    <ele>10.6</ele>
    <time>2026-06-15T14:35:36Z</time>
     <extensions>
      <gpxtpx:TrackPointExtension>
       <gpxtpx:hr>102</gpxtpx:hr>
      </gpxtpx:TrackPointExtension>
     </extensions>
   </trkpt>
   <trkpt lat="-2.6499680" lon="-43.0232710">
    <ele>9.6</ele>
    <time>2026-06-15T14:35:45Z</time>
     <extensions>
      <gpxtpx:TrackPointExtension>
       <gpxtpx:hr>98</gpxtpx:hr>
      </gpxtpx:TrackPointExtension>
     </extensions>
   </trkpt>
   <trkpt lat="-2.6499720" lon="-43.0232670">
    <ele>8.2</ele>
    <time>2026-06-15T14:36:04Z</time>
     <extensions>
      <gpxtpx:TrackPointExtension>
       <gpxtpx:hr>105</gpxtpx:hr>
      </gpxtpx:TrackPointExtension>
     </extensions>
   </trkpt>
   <trkpt lat="-2.6499720" lon="-43.0232670">
    <ele>8.2</ele>
    <time>2026-06-15T14:36:44Z</time>
     <extensions>
      <gpxtpx:TrackPointExtension>
       <gpxtpx:hr>104</gpxtpx:hr>
      </gpxtpx:TrackPointExtension>
     </extensions>
   </trkpt>
   <trkpt lat="-2.6498800" lon="-43.0232000">
    <ele>12.0</ele>
    <time>2026-06-15T14:37:01Z</time>
     <extensions>
      <gpxtpx:TrackPointExtension>
       <gpxtpx:hr>114</gpxtpx:hr>
      </gpxtpx:TrackPointExtension>
     </extensions>
   </trkpt>
   <trkpt lat="-2.6498790" lon="-43.0232110">
    <ele>10.2</ele>
    <time>2026-06-15T14:37:06Z</time>
     <extensions>
      <gpxtpx:TrackPointExtension>
       <gpxtpx:hr>105</gpxtpx:hr>
      </gpxtpx:TrackPointExtension>
     </extensions>
   </trkpt>
   <trkpt lat="-2.6498790" lon="-43.0232210">
    <ele>9.6</ele>
    <time>2026-06-15T14:37:11Z</time>
     <extensions>
      <gpxtpx:TrackPointExtension>
       <gpxtpx:hr>105</gpxtpx:hr>
      </gpxtpx:TrackPointExtension>
     </extensions>
   </trkpt>
   <trkpt lat="-2.6498790" lon="-43.0232320">
    <ele>10.0</ele>
    <time>2026-06-15T14:37:20Z</time>
     <extensions>
      <gpxtpx:TrackPointExtension>
       <gpxtpx:hr>109</gpxtpx:hr>
      </gpxtpx:TrackPointExtension>
     </extensions>
   </trkpt>
   <trkpt lat="-2.6498780" lon="-43.0232420">
    <ele>10.8</ele>
    <time>2026-06-15T14:37:25Z</time>
     <extensions>
      <gpxtpx:TrackPointExtension>
       <gpxtpx:hr>107</gpxtpx:hr>
      </gpxtpx:TrackPointExtension>
     </extensions>
   </trkpt>
   <trkpt lat="-2.6498780" lon="-43.0232520">
    <ele>10.6</ele>
    <time>2026-06-15T14:37:30Z</time>
     <extensions>
      <gpxtpx:TrackPointExtension>
       <gpxtpx:hr>107</gpxtpx:hr>
      </gpxtpx:TrackPointExtension>
     </extensions>
   </trkpt>
   <trkpt lat="-2.6498770" lon="-43.0232630">
    <ele>10.0</ele>
    <time>2026-06-15T14:37:35Z</time>
     <extensions>
      <gpxtpx:TrackPointExtension>
       <gpxtpx:hr>104</gpxtpx:hr>
      </gpxtpx:TrackPointExtension>
     </extensions>
   </trkpt>
   <trkpt lat="-2.6498770" lon="-43.0232730">
    <ele>9.6</ele>
    <time>2026-06-15T14:37:40Z</time>
     <extensions>
      <gpxtpx:TrackPointExtension>
       <gpxtpx:hr>104</gpxtpx:hr>
      </gpxtpx:TrackPointExtension>
     </extensions>
   </trkpt>
   <trkpt lat="-2.6498760" lon="-43.0232840">
    <ele>8.4</ele>
    <time>2026-06-15T14:37:45Z</time>
     <extensions>
      <gpxtpx:TrackPointExtension>
       <gpxtpx:hr>104</gpxtpx:hr>
      </gpxtpx:TrackPointExtension>
     </extensions>
   </trkpt>
   <trkpt lat="-2.6498760" lon="-43.0232940">
    <ele>14.2</ele>
    <time>2026-06-15T14:47:00Z</time>
     <extensions>
      <gpxtpx:TrackPointExtension>
       <gpxtpx:hr>124</gpxtpx:hr>
      </gpxtpx:TrackPointExtension>
     </extensions>
   </trkpt>
   <trkpt lat="-2.6497990" lon="-43.0234530">
    <ele>12.0</ele>
    <time>2026-06-15T14:47:06Z</time>
     <extensions>
      <gpxtpx:TrackPointExtension>
       <gpxtpx:hr>124</gpxtpx:hr>
      </gpxtpx:TrackPointExtension>
     </extensions>
   </trkpt>
   <trkpt lat="-2.6497660" lon="-43.0234870">
    <ele>11.6</ele>
    <time>2026-06-15T14:47:11Z</time>
     <extensions>
      <gpxtpx:TrackPointExtension>
       <gpxtpx:hr>123</gpxtpx:hr>
      </gpxtpx:TrackPointExtension>
     </extensions>
   </trkpt>
   <trkpt lat="-2.6497350" lon="-43.0235260">
    <ele>12.0</ele>
    <time>2026-06-15T14:47:16Z</time>
     <extensions>
      <gpxtpx:TrackPointExtension>
       <gpxtpx:hr>123</gpxtpx:hr>
      </gpxtpx:TrackPointExtension>
     </extensions>
   </trkpt>
   <trkpt lat="-2.6497000" lon="-43.0235720">
    <ele>12.4</ele>
    <time>2026-06-15T14:47:21Z</time>
     <extensions>
      <gpxtpx:TrackPointExtension>
       <gpxtpx:hr>123</gpxtpx:hr>
      </gpxtpx:TrackPointExtension>
     </extensions>
   </trkpt>
   <trkpt lat="-2.6496880" lon="-43.0236350">
    <ele>13.2</ele>
    <time>2026-06-15T14:47:26Z</time>
     <extensions>
      <gpxtpx:TrackPointExtension>
       <gpxtpx:hr>124</gpxtpx:hr>
      </gpxtpx:TrackPointExtension>
     </extensions>
   </trkpt>
   <trkpt lat="-2.6496790" lon="-43.0236850">
    <ele>14.6</ele>
    <time>2026-06-15T14:47:31Z</time>
     <extensions>
      <gpxtpx:TrackPointExtension>
       <gpxtpx:hr>122</gpxtpx:hr>
      </gpxtpx:TrackPointExtension>
     </extensions>
   </trkpt>
   <trkpt lat="-2.6496790" lon="-43.0237420">
    <ele>16.0</ele>
    <time>2026-06-15T14:47:36Z</time>
     <extensions>
      <gpxtpx:TrackPointExtension>
       <gpxtpx:hr>120</gpxtpx:hr>
      </gpxtpx:TrackPointExtension>
     </extensions>
   </trkpt>
   <trkpt lat="-2.6496700" lon="-43.0237890">
    <ele>17.0</ele>
    <time>2026-06-15T14:47:41Z</time>
     <extensions>
      <gpxtpx:TrackPointExtension>
       <gpxtpx:hr>121</gpxtpx:hr>
      </gpxtpx:TrackPointExtension>
     </extensions>
   </trkpt>
   <trkpt lat="-2.6496560" lon="-43.0238370">
    <ele>17.6</ele>
    <time>2026-06-15T14:47:46Z</time>
     <extensions>
      <gpxtpx:TrackPointExtension>
       <gpxtpx:hr>121</gpxtpx:hr>
      </gpxtpx:TrackPointExtension>
     </extensions>
   </trkpt>
   <trkpt lat="-2.6496450" lon="-43.0238860">
    <ele>18.2</ele>
    <time>2026-06-15T14:47:51Z</time>
     <extensions>
      <gpxtpx:TrackPointExtension>
       <gpxtpx:hr>131</gpxtpx:hr>
      </gpxtpx:TrackPointExtension>
     </extensions>
   </trkpt>
   <trkpt lat="-2.6496380" lon="-43.0239330">
    <ele>18.6</ele>
    <time>2026-06-15T14:47:56Z</time>
     <extensions>
      <gpxtpx:TrackPointExtension>
       <gpxtpx:hr>131</gpxtpx:hr>
      </gpxtpx:TrackPointExtension>
     </extensions>
   </trkpt>
   <trkpt lat="-2.6496460" lon="-43.0239750">
    <ele>19.0</ele>
    <time>2026-06-15T14:48:01Z</time>
     <extensions>
      <gpxtpx:TrackPointExtension>
       <gpxtpx:hr>130</gpxtpx:hr>
      </gpxtpx:TrackPointExtension>
     </extensions>
   </trkpt>
   <trkpt lat="-2.6496520" lon="-43.0240180">
    <ele>19.2</ele>
    <time>2026-06-15T14:48:06Z</time>
     <extensions>
      <gpxtpx:TrackPointExtension>
       <gpxtpx:hr>130</gpxtpx:hr>
      </gpxtpx:TrackPointExtension>
     </extensions>
   </trkpt>
   <trkpt lat="-2.6496580" lon="-43.0240680">
    <ele>19.6</ele>
    <time>2026-06-15T14:48:11Z</time>
     <extensions>
      <gpxtpx:TrackPointExtension>
       <gpxtpx:hr>130</gpxtpx:hr>
      </gpxtpx:TrackPointExtension>
     </extensions>
   </trkpt>
   <trkpt lat="-2.6496620" lon="-43.0241130">
    <ele>20.2</ele>
    <time>2026-06-15T14:48:16Z</time>
     <extensions>
      <gpxtpx:TrackPointExtension>
       <gpxtpx:hr>131</gpxtpx:hr>
      </gpxtpx:TrackPointExtension>
     </extensions>
   </trkpt>
   <trkpt lat="-2.6496580" lon="-43.0241650">
    <ele>20.6</ele>
    <time>2026-06-15T14:48:21Z</time>
     <extensions>
      <gpxtpx:TrackPointExtension>
       <gpxtpx:hr>127</gpxtpx:hr>
      </gpxtpx:TrackPointExtension>
     </extensions>
   </trkpt>
   <trkpt lat="-2.6496590" lon="-43.0242150">
    <ele>21.2</ele>
    <time>2026-06-15T14:48:26Z</time>
     <extensions>
      <gpxtpx:TrackPointExtension>
       <gpxtpx:hr>126</gpxtpx:hr>
      </gpxtpx:TrackPointExtension>
     </extensions>
   </trkpt>
   <trkpt lat="-2.6496600" lon="-43.0242560">
    <ele>22.0</ele>
    <time>2026-06-15T14:48:31Z</time>
     <extensions>
      <gpxtpx:TrackPointExtension>
       <gpxtpx:hr>120</gpxtpx:hr>
      </gpxtpx:TrackPointExtension>
     </extensions>
   </trkpt>
   <trkpt lat="-2.6496640" lon="-43.0242860">
    <ele>22.6</ele>
    <time>2026-06-15T14:48:36Z</time>
     <extensions>
      <gpxtpx:TrackPointExtension>
       <gpxtpx:hr>118</gpxtpx:hr>
      </gpxtpx:TrackPointExtension>
     </extensions>
   </trkpt>
   <trkpt lat="-2.6496640" lon="-43.0242840">
    <ele>23.0</ele>
    <time>2026-06-15T14:48:41Z</time>
     <extensions>
      <gpxtpx:TrackPointExtension>
       <gpxtpx:hr>118</gpxtpx:hr>
      </gpxtpx:TrackPointExtension>
     </extensions>
   </trkpt>
   <trkpt lat="-2.6496680" lon="-43.0242800">
    <ele>23.4</ele>
    <time>2026-06-15T14:48:46Z</time>
     <extensions>
      <gpxtpx:TrackPointExtension>
       <gpxtpx:hr>120</gpxtpx:hr>
      </gpxtpx:TrackPointExtension>
     </extensions>
   </trkpt>
   <trkpt lat="-2.6496680" lon="-43.0242800">
    <ele>24.0</ele>
    <time>2026-06-15T14:48:51Z</time>
     <extensions>
      <gpxtpx:TrackPointExtension>
       <gpxtpx:hr>120</gpxtpx:hr>
      </gpxtpx:TrackPointExtension>
     </extensions>
   </trkpt>
   <trkpt lat="-2.6496740" lon="-43.0242790">
    <ele>24.4</ele>
    <time>2026-06-15T14:48:56Z</time>
     <extensions>
      <gpxtpx:TrackPointExtension>
       <gpxtpx:hr>120</gpxtpx:hr>
      </gpxtpx:TrackPointExtension>
     </extensions>
   </trkpt>
   <trkpt lat="-2.6496760" lon="-43.0242800">
    <ele>24.8</ele>
    <time>2026-06-15T14:49:01Z</time>
     <extensions>
      <gpxtpx:TrackPointExtension>
       <gpxtpx:hr>120</gpxtpx:hr>
      </gpxtpx:TrackPointExtension>
     </extensions>
   </trkpt>
   <trkpt lat="-2.6496850" lon="-43.0243070">
    <ele>25.4</ele>
    <time>2026-06-15T14:49:06Z</time>
     <extensions>
      <gpxtpx:TrackPointExtension>
       <gpxtpx:hr>120</gpxtpx:hr>
      </gpxtpx:TrackPointExtension>
     </extensions>
   </trkpt>
   <trkpt lat="-2.6496990" lon="-43.0243390">
    <ele>26.0</ele>
    <time>2026-06-15T14:49:11Z</time>
     <extensions>
      <gpxtpx:TrackPointExtension>
       <gpxtpx:hr>120</gpxtpx:hr>
      </gpxtpx:TrackPointExtension>
     </extensions>
   </trkpt>
   <trkpt lat="-2.6497040" lon="-43.0243730">
    <ele>26.6</ele>
    <time>2026-06-15T14:49:16Z</time>
     <extensions>
      <gpxtpx:TrackPointExtension>
       <gpxtpx:hr>120</gpxtpx:hr>
      </gpxtpx:TrackPointExtension>
     </extensions>
   </trkpt>
   <trkpt lat="-2.6496900" lon="-43.0244030">
    <ele>27.2</ele>
    <time>2026-06-15T14:49:21Z</time>
     <extensions>
      <gpxtpx:TrackPointExtension>
       <gpxtpx:hr>120</gpxtpx:hr>
      </gpxtpx:TrackPointExtension>
     </extensions>
   </trkpt>
   <trkpt lat="-2.6496680" lon="-43.0244310">
    <ele>27.8</ele>
    <time>2026-06-15T14:49:26Z</time>
     <extensions>
      <gpxtpx:TrackPointExtension>
       <gpxtpx:hr>120</gpxtpx:hr>
      </gpxtpx:TrackPointExtension>
     </extensions>
   </trkpt>
   <trkpt lat="-2.6496510" lon="-43.0244530">
    <ele>28.2</ele>
    <time>2026-06-15T14:49:31Z</time>
     <extensions>
      <gpxtpx:TrackPointExtension>
       <gpxtpx:hr>120</gpxtpx:hr>
      </gpxtpx:TrackPointExtension>
     </extensions>
   </trkpt>
   <trkpt lat="-2.6496350" lon="-43.0244820">
    <ele>28.8</ele>
    <time>2026-06-15T14:49:36Z</time>
     <extensions>
      <gpxtpx:TrackPointExtension>
       <gpxtpx:hr>120</gpxtpx:hr>
      </gpxtpx:TrackPointExtension>
     </extensions>
   </trkpt>
   <trkpt lat="-2.6496230" lon="-43.0245150">
    <ele>29.2</ele>
    <time>2026-06-15T14:49:41Z</time>
     <extensions>
      <gpxtpx:TrackPointExtension>
       <gpxtpx:hr>120</gpxtpx:hr>
      </gpxtpx:TrackPointExtension>
     </extensions>
   </trkpt>
   <trkpt lat="-2.6496140" lon="-43.0245390">
    <ele>29.4</ele>
    <time>2026-06-15T14:49:46Z</time>
     <extensions>
      <gpxtpx:TrackPointExtension>
       <gpxtpx:hr>120</gpxtpx:hr>
      </gpxtpx:TrackPointExtension>
     </extensions>
   </trkpt>
   <trkpt lat="-2.6496010" lon="-43.0245590">
    <ele>29.8</ele>
    <time>2026-06-15T14:49:52Z</time>
     <extensions>
      <gpxtpx:TrackPointExtension>
       <gpxtpx:hr>120</gpxtpx:hr>
      </gpxtpx:TrackPointExtension>
     </extensions>
   </trkpt>
   <trkpt lat="-2.6495840" lon="-43.0245760">
    <ele>30.2</ele>
    <time>2026-06-15T14:49:57Z</time>
     <extensions>
      <gpxtpx:TrackPointExtension>
       <gpxtpx:hr>120</gpxtpx:hr>
      </gpxtpx:TrackPointExtension>
     </extensions>
   </trkpt>
   <trkpt lat="-2.6495660" lon="-43.0245940">
    <ele>30.4</ele>
    <time>2026-06-15T14:50:02Z</time>
     <extensions>
      <gpxtpx:TrackPointExtension>
       <gpxtpx:hr>120</gpxtpx:hr>
      </gpxtpx:TrackPointExtension>
     </extensions>
   </trkpt>
   <trkpt lat="-2.6495560" lon="-43.0246050">
    <ele>30.8</ele>
    <time>2026-06-15T14:50:07Z</time>
     <extensions>
      <gpxtpx:TrackPointExtension>
       <gpxtpx:hr>120</gpxtpx:hr>
      </gpxtpx:TrackPointExtension>
     </extensions>
   </trkpt>
   <trkpt lat="-2.6495530" lon="-43.0246070">
    <ele>31.0</ele>
    <time>2026-06-15T14:50:12Z</time>
     <extensions>
      <gpxtpx:TrackPointExtension>
       <gpxtpx:hr>120</gpxtpx:hr>
      </gpxtpx:TrackPointExtension>
     </extensions>
   </trkpt>
   <trkpt lat="-2.6495400" lon="-43.0246230">
    <ele>31.4</ele>
    <time>2026-06-15T14:50:17Z</time>
     <extensions>
      <gpxtpx:TrackPointExtension>
       <gpxtpx:hr>120</gpxtpx:hr>
      </gpxtpx:TrackPointExtension>
     </extensions>
   </trkpt>
   <trkpt lat="-2.6495250" lon="-43.0246460">
    <ele>31.6</ele>
    <time>2026-06-15T14:50:22Z</time>
     <extensions>
      <gpxtpx:TrackPointExtension>
       <gpxtpx:hr>122</gpxtpx:hr>
      </gpxtpx:TrackPointExtension>
     </extensions>
   </trkpt>
   <trkpt lat="-2.6495150" lon="-43.0246750">
    <ele>32.0</ele>
    <time>2026-06-15T14:50:27Z</time>
     <extensions>
      <gpxtpx:TrackPointExtension>
       <gpxtpx:hr>122</gpxtpx:hr>
      </gpxtpx:TrackPointExtension>
     </extensions>
   </trkpt>
   <trkpt lat="-2.6495080" lon="-43.0247030">
    <ele>32.6</ele>
    <time>2026-06-15T14:50:32Z</time>
     <extensions>
      <gpxtpx:TrackPointExtension>
       <gpxtpx:hr>122</gpxtpx:hr>
      </gpxtpx:TrackPointExtension>
     </extensions>
   </trkpt>
   <trkpt lat="-2.6494940" lon="-43.0247350">
    <ele>33.0</ele>
    <time>2026-06-15T14:50:37Z</time>
     <extensions>
      <gpxtpx:TrackPointExtension>
       <gpxtpx:hr>122</gpxtpx:hr>
      </gpxtpx:TrackPointExtension>
     </extensions>
   </trkpt>
   <trkpt lat="-2.6494730" lon="-43.0247610">
    <ele>33.4</ele>
    <time>2026-06-15T14:50:42Z</time>
     <extensions>
      <gpxtpx:TrackPointExtension>
       <gpxtpx:hr>127</gpxtpx:hr>
      </gpxtpx:TrackPointExtension>
     </extensions>
   </trkpt>
   <trkpt lat="-2.6494570" lon="-43.0247840">
    <ele>33.8</ele>
    <time>2026-06-15T14:50:47Z</time>
     <extensions>
      <gpxtpx:TrackPointExtension>
       <gpxtpx:hr>127</gpxtpx:hr>
      </gpxtpx:TrackPointExtension>
     </extensions>
   </trkpt>
   <trkpt lat="-2.6494450" lon="-43.0247880">
    <ele>33.8</ele>
    <time>2026-06-15T14:50:52Z</time>
     <extensions>
      <gpxtpx:TrackPointExtension>
       <gpxtpx:hr>127</gpxtpx:hr>
      </gpxtpx:TrackPointExtension>
     </extensions>
   </trkpt>
   <trkpt lat="-2.6494480" lon="-43.0247800">
    <ele>33.8</ele>
    <time>2026-06-15T14:50:57Z</time>
     <extensions>
      <gpxtpx:TrackPointExtension>
       <gpxtpx:hr>134</gpxtpx:hr>
      </gpxtpx:TrackPointExtension>
     </extensions>
   </trkpt>
   <trkpt lat="-2.6494480" lon="-43.0247800">
    <ele>33.8</ele>
    <time>2026-06-15T14:51:02Z</time>
     <extensions>
      <gpxtpx:TrackPointExtension>
       <gpxtpx:hr>129</gpxtpx:hr>
      </gpxtpx:TrackPointExtension>
     </extensions>
   </trkpt>
   <trkpt lat="-2.6494450" lon="-43.0247790">
    <ele>33.8</ele>
    <time>2026-06-15T14:51:07Z</time>
     <extensions>
      <gpxtpx:TrackPointExtension>
       <gpxtpx:hr>125</gpxtpx:hr>
      </gpxtpx:TrackPointExtension>
     </extensions>
   </trkpt>
   <trkpt lat="-2.6494440" lon="-43.0247780">
    <ele>34.0</ele>
    <time>2026-06-15T14:51:12Z</time>
     <extensions>
      <gpxtpx:TrackPointExtension>
       <gpxtpx:hr>128</gpxtpx:hr>
      </gpxtpx:TrackPointExtension>
     </extensions>
   </trkpt>
   <trkpt lat="-2.6494390" lon="-43.0247780">
    <ele>34.0</ele>
    <time>2026-06-15T14:51:17Z</time>
     <extensions>
      <gpxtpx:TrackPointExtension>
       <gpxtpx:hr>127</gpxtpx:hr>
      </gpxtpx:TrackPointExtension>
     </extensions>
   </trkpt>
   <trkpt lat="-2.6494350" lon="-43.0247780">
    <ele>34.0</ele>
    <time>2026-06-15T14:51:22Z</time>
     <extensions>
      <gpxtpx:TrackPointExtension>
       <gpxtpx:hr>127</gpxtpx:hr>
      </gpxtpx:TrackPointExtension>
     </extensions>
   </trkpt>
   <trkpt lat="-2.6494330" lon="-43.0247770">
    <ele>34.0</ele>
    <time>2026-06-15T14:51:27Z</time>
     <extensions>
      <gpxtpx:TrackPointExtension>
       <gpxtpx:hr>125</gpxtpx:hr>
      </gpxtpx:TrackPointExtension>
     </extensions>
   </trkpt>
   <trkpt lat="-2.6494380" lon="-43.0247770">
    <ele>34.2</ele>
    <time>2026-06-15T14:51:32Z</time>
     <extensions>
      <gpxtpx:TrackPointExtension>
       <gpxtpx:hr>125</gpxtpx:hr>
      </gpxtpx:TrackPointExtension>
     </extensions>
   </trkpt>
   <trkpt lat="-2.6494400" lon="-43.0247740">
    <ele>34.4</ele>
    <time>2026-06-15T14:51:37Z</time>
     <extensions>
      <gpxtpx:TrackPointExtension>
       <gpxtpx:hr>125</gpxtpx:hr>
      </gpxtpx:TrackPointExtension>
     </extensions>
   </trkpt>
   <trkpt lat="-2.6494350" lon="-43.0247760">
    <ele>34.6</ele>
    <time>2026-06-15T14:51:42Z</time>
     <extensions>
      <gpxtpx:TrackPointExtension>
       <gpxtpx:hr>124</gpxtpx:hr>
      </gpxtpx:TrackPointExtension>
     </extensions>
   </trkpt>
   <trkpt lat="-2.6494320" lon="-43.0247760">
    <ele>33.6</ele>
    <time>2026-06-15T14:51:47Z</time>
     <extensions>
      <gpxtpx:TrackPointExtension>
       <gpxtpx:hr>122</gpxtpx:hr>
      </gpxtpx:TrackPointExtension>
     </extensions>
   </trkpt>
   <trkpt lat="-2.6494280" lon="-43.0247750">
    <ele>31.4</ele>
    <time>2026-06-15T14:51:52Z</time>
     <extensions>
      <gpxtpx:TrackPointExtension>
       <gpxtpx:hr>122</gpxtpx:hr>
      </gpxtpx:TrackPointExtension>
     </extensions>
   </trkpt>
   <trkpt lat="-2.6494420" lon="-43.0247820">
    <ele>33.8</ele>
    <time>2026-06-15T14:53:11Z</time>
     <extensions>
      <gpxtpx:TrackPointExtension>
       <gpxtpx:hr>118</gpxtpx:hr>
      </gpxtpx:TrackPointExtension>
     </extensions>
   </trkpt>
   <trkpt lat="-2.6494650" lon="-43.0247880">
    <ele>32.8</ele>
    <time>2026-06-15T14:53:16Z</time>
     <extensions>
      <gpxtpx:TrackPointExtension>
       <gpxtpx:hr>113</gpxtpx:hr>
      </gpxtpx:TrackPointExtension>
     </extensions>
   </trkpt>
   <trkpt lat="-2.6495070" lon="-43.0248040">
    <ele>32.8</ele>
    <time>2026-06-15T14:53:21Z</time>
     <extensions>
      <gpxtpx:TrackPointExtension>
       <gpxtpx:hr>113</gpxtpx:hr>
      </gpxtpx:TrackPointExtension>
     </extensions>
   </trkpt>
   <trkpt lat="-2.6495480" lon="-43.0248250">
    <ele>33.4</ele>
    <time>2026-06-15T14:53:26Z</time>
     <extensions>
      <gpxtpx:TrackPointExtension>
       <gpxtpx:hr>105</gpxtpx:hr>
      </gpxtpx:TrackPointExtension>
     </extensions>
   </trkpt>
   <trkpt lat="-2.6495830" lon="-43.0248550">
    <ele>33.8</ele>
    <time>2026-06-15T14:53:31Z</time>
     <extensions>
      <gpxtpx:TrackPointExtension>
       <gpxtpx:hr>108</gpxtpx:hr>
      </gpxtpx:TrackPointExtension>
     </extensions>
   </trkpt>
   <trkpt lat="-2.6496210" lon="-43.0248860">
    <ele>34.6</ele>
    <time>2026-06-15T14:53:36Z</time>
     <extensions>
      <gpxtpx:TrackPointExtension>
       <gpxtpx:hr>108</gpxtpx:hr>
      </gpxtpx:TrackPointExtension>
     </extensions>
   </trkpt>
   <trkpt lat="-2.6496590" lon="-43.0249170">
    <ele>35.8</ele>
    <time>2026-06-15T14:53:41Z</time>
     <extensions>
      <gpxtpx:TrackPointExtension>
       <gpxtpx:hr>114</gpxtpx:hr>
      </gpxtpx:TrackPointExtension>
     </extensions>
   </trkpt>
   <trkpt lat="-2.6496970" lon="-43.0249520">
    <ele>36.8</ele>
    <time>2026-06-15T14:53:46Z</time>
     <extensions>
      <gpxtpx:TrackPointExtension>
       <gpxtpx:hr>114</gpxtpx:hr>
      </gpxtpx:TrackPointExtension>
     </extensions>
   </trkpt>
   <trkpt lat="-2.6497280" lon="-43.0249860">
    <ele>37.6</ele>
    <time>2026-06-15T14:53:51Z</time>
     <extensions>
      <gpxtpx:TrackPointExtension>
       <gpxtpx:hr>115</gpxtpx:hr>
      </gpxtpx:TrackPointExtension>
     </extensions>
   </trkpt>
   <trkpt lat="-2.6497570" lon="-43.0250120">
    <ele>38.0</ele>
    <time>2026-06-15T14:53:56Z</time>
     <extensions>
      <gpxtpx:TrackPointExtension>
       <gpxtpx:hr>115</gpxtpx:hr>
      </gpxtpx:TrackPointExtension>
     </extensions>
   </trkpt>
   <trkpt lat="-2.6497600" lon="-43.0250410">
    <ele>38.4</ele>
    <time>2026-06-15T14:54:01Z</time>
     <extensions>
      <gpxtpx:TrackPointExtension>
       <gpxtpx:hr>117</gpxtpx:hr>
      </gpxtpx:TrackPointExtension>
     </extensions>
   </trkpt>
   <trkpt lat="-2.6497900" lon="-43.0250770">
    <ele>38.4</ele>
    <time>2026-06-15T14:54:06Z</time>
     <extensions>
      <gpxtpx:TrackPointExtension>
       <gpxtpx:hr>114</gpxtpx:hr>
      </gpxtpx:TrackPointExtension>
     </extensions>
   </trkpt>
   <trkpt lat="-2.6498260" lon="-43.0251090">
    <ele>38.4</ele>
    <time>2026-06-15T14:54:11Z</time>
     <extensions>
      <gpxtpx:TrackPointExtension>
       <gpxtpx:hr>114</gpxtpx:hr>
      </gpxtpx:TrackPointExtension>
     </extensions>
   </trkpt>
   <trkpt lat="-2.6498580" lon="-43.0251410">
    <ele>38.4</ele>
    <time>2026-06-15T14:54:16Z</time>
     <extensions>
      <gpxtpx:TrackPointExtension>
       <gpxtpx:hr>115</gpxtpx:hr>
      </gpxtpx:TrackPointExtension>
     </extensions>
   </trkpt>
   <trkpt lat="-2.6498960" lon="-43.0251750">
    <ele>38.2</ele>
    <time>2026-06-15T14:54:21Z</time>
     <extensions>
      <gpxtpx:TrackPointExtension>
       <gpxtpx:hr>113</gpxtpx:hr>
      </gpxtpx:TrackPointExtension>
     </extensions>
   </trkpt>
   <trkpt lat="-2.6499260" lon="-43.0252120">
    <ele>38.0</ele>
    <time>2026-06-15T14:54:26Z</time>
     <extensions>
      <gpxtpx:TrackPointExtension>
       <gpxtpx:hr>114</gpxtpx:hr>
      </gpxtpx:TrackPointExtension>
     </extensions>
   </trkpt>
   <trkpt lat="-2.6499560" lon="-43.0252470">
    <ele>37.8</ele>
    <time>2026-06-15T14:54:31Z</time>
     <extensions>
      <gpxtpx:TrackPointExtension>
       <gpxtpx:hr>114</gpxtpx:hr>
      </gpxtpx:TrackPointExtension>
     </extensions>
   </trkpt>
   <trkpt lat="-2.6499750" lon="-43.0252810">
    <ele>37.6</ele>
    <time>2026-06-15T14:54:36Z</time>
     <extensions>
      <gpxtpx:TrackPointExtension>
       <gpxtpx:hr>114</gpxtpx:hr>
      </gpxtpx:TrackPointExtension>
     </extensions>
   </trkpt>
   <trkpt lat="-2.6499970" lon="-43.0253210">
    <ele>37.6</ele>
    <time>2026-06-15T14:54:41Z</time>
     <extensions>
      <gpxtpx:TrackPointExtension>
       <gpxtpx:hr>116</gpxtpx:hr>
      </gpxtpx:TrackPointExtension>
     </extensions>
   </trkpt>
   <trkpt lat="-2.6500200" lon="-43.0253600">
    <ele>37.4</ele>
    <time>2026-06-15T14:54:46Z</time>
     <extensions>
      <gpxtpx:TrackPointExtension>
       <gpxtpx:hr>118</gpxtpx:hr>
      </gpxtpx:TrackPointExtension>
     </extensions>
   </trkpt>
   <trkpt lat="-2.6500540" lon="-43.0254050">
    <ele>37.6</ele>
    <time>2026-06-15T14:54:51Z</time>
     <extensions>
      <gpxtpx:TrackPointExtension>
       <gpxtpx:hr>118</gpxtpx:hr>
      </gpxtpx:TrackPointExtension>
     </extensions>
   </trkpt>
   <trkpt lat="-2.6500760" lon="-43.0254420">
    <ele>37.6</ele>
    <time>2026-06-15T14:54:56Z</time>
     <extensions>
      <gpxtpx:TrackPointExtension>
       <gpxtpx:hr>121</gpxtpx:hr>
      </gpxtpx:TrackPointExtension>
     </extensions>
   </trkpt>
   <trkpt lat="-2.6500960" lon="-43.0254860">
    <ele>37.8</ele>
    <time>2026-06-15T14:55:01Z</time>
     <extensions>
      <gpxtpx:TrackPointExtension>
       <gpxtpx:hr>121</gpxtpx:hr>
      </gpxtpx:TrackPointExtension>
     </extensions>
   </trkpt>
   <trkpt lat="-2.6501130" lon="-43.0255310">
    <ele>37.8</ele>
    <time>2026-06-15T14:55:06Z</time>
     <extensions>
      <gpxtpx:TrackPointExtension>
       <gpxtpx:hr>117</gpxtpx:hr>
      </gpxtpx:TrackPointExtension>
     </extensions>
   </trkpt>
   <trkpt lat="-2.6501310" lon="-43.0255720">
    <ele>37.8</ele>
    <time>2026-06-15T14:55:11Z</time>
     <extensions>
      <gpxtpx:TrackPointExtension>
       <gpxtpx:hr>122</gpxtpx:hr>
      </gpxtpx:TrackPointExtension>
     </extensions>
   </trkpt>
   <trkpt lat="-2.6501430" lon="-43.0256130">
    <ele>38.0</ele>
    <time>2026-06-15T14:55:16Z</time>
     <extensions>
      <gpxtpx:TrackPointExtension>
       <gpxtpx:hr>121</gpxtpx:hr>
      </gpxtpx:TrackPointExtension>
     </extensions>
   </trkpt>
   <trkpt lat="-2.6501600" lon="-43.0256610">
    <ele>38.0</ele>
    <time>2026-06-15T14:55:21Z</time>
     <extensions>
      <gpxtpx:TrackPointExtension>
       <gpxtpx:hr>121</gpxtpx:hr>
      </gpxtpx:TrackPointExtension>
     </extensions>
   </trkpt>
   <trkpt lat="-2.6501700" lon="-43.0257030">
    <ele>38.2</ele>
    <time>2026-06-15T14:55:26Z</time>
     <extensions>
      <gpxtpx:TrackPointExtension>
       <gpxtpx:hr>120</gpxtpx:hr>
      </gpxtpx:TrackPointExtension>
     </extensions>
   </trkpt>
   <trkpt lat="-2.6501680" lon="-43.0257430">
    <ele>38.4</ele>
    <time>2026-06-15T14:55:31Z</time>
     <extensions>
      <gpxtpx:TrackPointExtension>
       <gpxtpx:hr>120</gpxtpx:hr>
      </gpxtpx:TrackPointExtension>
     </extensions>
   </trkpt>
   <trkpt lat="-2.6501660" lon="-43.0257610">
    <ele>38.4</ele>
    <time>2026-06-15T14:55:36Z</time>
     <extensions>
      <gpxtpx:TrackPointExtension>
       <gpxtpx:hr>116</gpxtpx:hr>
      </gpxtpx:TrackPointExtension>
     </extensions>
   </trkpt>
   <trkpt lat="-2.6501720" lon="-43.0257990">
    <ele>38.2</ele>
    <time>2026-06-15T14:55:41Z</time>
     <extensions>
      <gpxtpx:TrackPointExtension>
       <gpxtpx:hr>120</gpxtpx:hr>
      </gpxtpx:TrackPointExtension>
     </extensions>
   </trkpt>
   <trkpt lat="-2.6501970" lon="-43.0258470">
    <ele>38.2</ele>
    <time>2026-06-15T14:55:46Z</time>
     <extensions>
      <gpxtpx:TrackPointExtension>
       <gpxtpx:hr>120</gpxtpx:hr>
      </gpxtpx:TrackPointExtension>
     </extensions>
   </trkpt>
   <trkpt lat="-2.6502170" lon="-43.0258890">
    <ele>38.4</ele>
    <time>2026-06-15T14:55:51Z</time>
     <extensions>
      <gpxtpx:TrackPointExtension>
       <gpxtpx:hr>121</gpxtpx:hr>
      </gpxtpx:TrackPointExtension>
     </extensions>
   </trkpt>
   <trkpt lat="-2.6502430" lon="-43.0259320">
    <ele>38.4</ele>
    <time>2026-06-15T14:55:56Z</time>
     <extensions>
      <gpxtpx:TrackPointExtension>
       <gpxtpx:hr>120</gpxtpx:hr>
      </gpxtpx:TrackPointExtension>
     </extensions>
   </trkpt>
   <trkpt lat="-2.6502760" lon="-43.0259740">
    <ele>38.6</ele>
    <time>2026-06-15T14:56:01Z</time>
     <extensions>
      <gpxtpx:TrackPointExtension>
       <gpxtpx:hr>120</gpxtpx:hr>
      </gpxtpx:TrackPointExtension>
     </extensions>
   </trkpt>
   <trkpt lat="-2.6503040" lon="-43.0260210">
    <ele>38.6</ele>
    <time>2026-06-15T14:56:06Z</time>
     <extensions>
      <gpxtpx:TrackPointExtension>
       <gpxtpx:hr>120</gpxtpx:hr>
      </gpxtpx:TrackPointExtension>
     </extensions>
   </trkpt>
   <trkpt lat="-2.6503260" lon="-43.0260660">
    <ele>38.8</ele>
    <time>2026-06-15T14:56:11Z</time>
     <extensions>
      <gpxtpx:TrackPointExtension>
       <gpxtpx:hr>121</gpxtpx:hr>
      </gpxtpx:TrackPointExtension>
     </extensions>
   </trkpt>
   <trkpt lat="-2.6503520" lon="-43.0261100">
    <ele>39.0</ele>
    <time>2026-06-15T14:56:16Z</time>
     <extensions>
      <gpxtpx:TrackPointExtension>
       <gpxtpx:hr>119</gpxtpx:hr>
      </gpxtpx:TrackPointExtension>
     </extensions>
   </trkpt>
   <trkpt lat="-2.6503800" lon="-43.0261440">
    <ele>39.2</ele>
    <time>2026-06-15T14:56:21Z</time>
     <extensions>
      <gpxtpx:TrackPointExtension>
       <gpxtpx:hr>121</gpxtpx:hr>
      </gpxtpx:TrackPointExtension>
     </extensions>
   </trkpt>
   <trkpt lat="-2.6504060" lon="-43.0261770">
    <ele>39.4</ele>
    <time>2026-06-15T14:56:26Z</time>
     <extensions>
      <gpxtpx:TrackPointExtension>
       <gpxtpx:hr>122</gpxtpx:hr>
      </gpxtpx:TrackPointExtension>
     </extensions>
   </trkpt>
   <trkpt lat="-2.6504320" lon="-43.0262180">
    <ele>39.6</ele>
    <time>2026-06-15T14:56:31Z</time>
     <extensions>
      <gpxtpx:TrackPointExtension>
       <gpxtpx:hr>126</gpxtpx:hr>
      </gpxtpx:TrackPointExtension>
     </extensions>
   </trkpt>
   <trkpt lat="-2.6504480" lon="-43.0262610">
    <ele>39.8</ele>
    <time>2026-06-15T14:56:36Z</time>
     <extensions>
      <gpxtpx:TrackPointExtension>
       <gpxtpx:hr>126</gpxtpx:hr>
      </gpxtpx:TrackPointExtension>
     </extensions>
   </trkpt>
   <trkpt lat="-2.6504610" lon="-43.0263040">
    <ele>39.8</ele>
    <time>2026-06-15T14:56:41Z</time>
     <extensions>
      <gpxtpx:TrackPointExtension>
       <gpxtpx:hr>123</gpxtpx:hr>
      </gpxtpx:TrackPointExtension>
     </extensions>
   </trkpt>
   <trkpt lat="-2.6504850" lon="-43.0263520">
    <ele>39.8</ele>
    <time>2026-06-15T14:56:46Z</time>
     <extensions>
      <gpxtpx:TrackPointExtension>
       <gpxtpx:hr>123</gpxtpx:hr>
      </gpxtpx:TrackPointExtension>
     </extensions>
   </trkpt>
   <trkpt lat="-2.6505050" lon="-43.0263930">
    <ele>39.8</ele>
    <time>2026-06-15T14:56:51Z</time>
     <extensions>
      <gpxtpx:TrackPointExtension>
       <gpxtpx:hr>123</gpxtpx:hr>
      </gpxtpx:TrackPointExtension>
     </extensions>
   </trkpt>
   <trkpt lat="-2.6505080" lon="-43.0264280">
    <ele>39.8</ele>
    <time>2026-06-15T14:56:56Z</time>
     <extensions>
      <gpxtpx:TrackPointExtension>
       <gpxtpx:hr>123</gpxtpx:hr>
      </gpxtpx:TrackPointExtension>
     </extensions>
   </trkpt>
   <trkpt lat="-2.6505170" lon="-43.0264720">
    <ele>39.8</ele>
    <time>2026-06-15T14:57:01Z</time>
     <extensions>
      <gpxtpx:TrackPointExtension>
       <gpxtpx:hr>121</gpxtpx:hr>
      </gpxtpx:TrackPointExtension>
     </extensions>
   </trkpt>
   <trkpt lat="-2.6505200" lon="-43.0265100">
    <ele>39.8</ele>
    <time>2026-06-15T14:57:06Z</time>
     <extensions>
      <gpxtpx:TrackPointExtension>
       <gpxtpx:hr>121</gpxtpx:hr>
      </gpxtpx:TrackPointExtension>
     </extensions>
   </trkpt>
   <trkpt lat="-2.6505180" lon="-43.0265390">
    <ele>39.0</ele>
    <time>2026-06-15T14:57:11Z</time>
     <extensions>
      <gpxtpx:TrackPointExtension>
       <gpxtpx:hr>121</gpxtpx:hr>
      </gpxtpx:TrackPointExtension>
     </extensions>
   </trkpt>
   <trkpt lat="-2.6505100" lon="-43.0265340">
    <ele>36.6</ele>
    <time>2026-06-15T14:57:16Z</time>
     <extensions>
      <gpxtpx:TrackPointExtension>
       <gpxtpx:hr>121</gpxtpx:hr>
      </gpxtpx:TrackPointExtension>
     </extensions>
   </trkpt>
   <trkpt lat="-2.6505280" lon="-43.0265620">
    <ele>39.8</ele>
    <time>2026-06-15T14:57:53Z</time>
     <extensions>
      <gpxtpx:TrackPointExtension>
       <gpxtpx:hr>112</gpxtpx:hr>
      </gpxtpx:TrackPointExtension>
     </extensions>
   </trkpt>
   <trkpt lat="-2.6505380" lon="-43.0265830">
    <ele>39.0</ele>
    <time>2026-06-15T14:57:58Z</time>
     <extensions>
      <gpxtpx:TrackPointExtension>
       <gpxtpx:hr>113</gpxtpx:hr>
      </gpxtpx:TrackPointExtension>
     </extensions>
   </trkpt>
   <trkpt lat="-2.6505580" lon="-43.0266290">
    <ele>39.0</ele>
    <time>2026-06-15T14:58:03Z</time>
     <extensions>
      <gpxtpx:TrackPointExtension>
       <gpxtpx:hr>114</gpxtpx:hr>
      </gpxtpx:TrackPointExtension>
     </extensions>
   </trkpt>
   <trkpt lat="-2.6505760" lon="-43.0266790">
    <ele>39.0</ele>
    <time>2026-06-15T14:58:08Z</time>
     <extensions>
      <gpxtpx:TrackPointExtension>
       <gpxtpx:hr>114</gpxtpx:hr>
      </gpxtpx:TrackPointExtension>
     </extensions>
   </trkpt>
   <trkpt lat="-2.6505950" lon="-43.0267220">
    <ele>39.0</ele>
    <time>2026-06-15T14:58:13Z</time>
     <extensions>
      <gpxtpx:TrackPointExtension>
       <gpxtpx:hr>109</gpxtpx:hr>
      </gpxtpx:TrackPointExtension>
     </extensions>
   </trkpt>
   <trkpt lat="-2.6506160" lon="-43.0267600">
    <ele>39.2</ele>
    <time>2026-06-15T14:58:18Z</time>
     <extensions>
      <gpxtpx:TrackPointExtension>
       <gpxtpx:hr>109</gpxtpx:hr>
      </gpxtpx:TrackPointExtension>
     </extensions>
   </trkpt>
   <trkpt lat="-2.6506380" lon="-43.0267920">
    <ele>39.4</ele>
    <time>2026-06-15T14:58:23Z</time>
     <extensions>
      <gpxtpx:TrackPointExtension>
       <gpxtpx:hr>109</gpxtpx:hr>
      </gpxtpx:TrackPointExtension>
     </extensions>
   </trkpt>
   <trkpt lat="-2.6506500" lon="-43.0268160">
    <ele>39.6</ele>
    <time>2026-06-15T14:58:28Z</time>
     <extensions>
      <gpxtpx:TrackPointExtension>
       <gpxtpx:hr>109</gpxtpx:hr>
      </gpxtpx:TrackPointExtension>
     </extensions>
   </trkpt>
   <trkpt lat="-2.6506580" lon="-43.0268610">
    <ele>39.8</ele>
    <time>2026-06-15T14:58:33Z</time>
     <extensions>
      <gpxtpx:TrackPointExtension>
       <gpxtpx:hr>115</gpxtpx:hr>
      </gpxtpx:TrackPointExtension>
     </extensions>
   </trkpt>
   <trkpt lat="-2.6506500" lon="-43.0269150">
    <ele>40.0</ele>
    <time>2026-06-15T14:58:38Z</time>
     <extensions>
      <gpxtpx:TrackPointExtension>
       <gpxtpx:hr>118</gpxtpx:hr>
      </gpxtpx:TrackPointExtension>
     </extensions>
   </trkpt>
   <trkpt lat="-2.6506480" lon="-43.0269580">
    <ele>40.0</ele>
    <time>2026-06-15T14:58:43Z</time>
     <extensions>
      <gpxtpx:TrackPointExtension>
       <gpxtpx:hr>118</gpxtpx:hr>
      </gpxtpx:TrackPointExtension>
     </extensions>
   </trkpt>
   <trkpt lat="-2.6506550" lon="-43.0270030">
    <ele>40.2</ele>
    <time>2026-06-15T14:58:48Z</time>
     <extensions>
      <gpxtpx:TrackPointExtension>
       <gpxtpx:hr>118</gpxtpx:hr>
      </gpxtpx:TrackPointExtension>
     </extensions>
   </trkpt>
   <trkpt lat="-2.6506700" lon="-43.0270390">
    <ele>40.2</ele>
    <time>2026-06-15T14:58:53Z</time>
     <extensions>
      <gpxtpx:TrackPointExtension>
       <gpxtpx:hr>114</gpxtpx:hr>
      </gpxtpx:TrackPointExtension>
     </extensions>
   </trkpt>
   <trkpt lat="-2.6506990" lon="-43.0270750">
    <ele>40.2</ele>
    <time>2026-06-15T14:58:58Z</time>
     <extensions>
      <gpxtpx:TrackPointExtension>
       <gpxtpx:hr>115</gpxtpx:hr>
      </gpxtpx:TrackPointExtension>
     </extensions>
   </trkpt>
   <trkpt lat="-2.6507220" lon="-43.0271030">
    <ele>40.2</ele>
    <time>2026-06-15T14:59:03Z</time>
     <extensions>
      <gpxtpx:TrackPointExtension>
       <gpxtpx:hr>116</gpxtpx:hr>
      </gpxtpx:TrackPointExtension>
     </extensions>
   </trkpt>
   <trkpt lat="-2.6507550" lon="-43.0271340">
    <ele>40.0</ele>
    <time>2026-06-15T14:59:08Z</time>
     <extensions>
      <gpxtpx:TrackPointExtension>
       <gpxtpx:hr>118</gpxtpx:hr>
      </gpxtpx:TrackPointExtension>
     </extensions>
   </trkpt>
   <trkpt lat="-2.6507920" lon="-43.0271620">
    <ele>39.8</ele>
    <time>2026-06-15T14:59:13Z</time>
     <extensions>
      <gpxtpx:TrackPointExtension>
       <gpxtpx:hr>116</gpxtpx:hr>
      </gpxtpx:TrackPointExtension>
     </extensions>
   </trkpt>
   <trkpt lat="-2.6508240" lon="-43.0271960">
    <ele>39.6</ele>
    <time>2026-06-15T14:59:18Z</time>
     <extensions>
      <gpxtpx:TrackPointExtension>
       <gpxtpx:hr>116</gpxtpx:hr>
      </gpxtpx:TrackPointExtension>
     </extensions>
   </trkpt>
   <trkpt lat="-2.6508530" lon="-43.0272290">
    <ele>39.4</ele>
    <time>2026-06-15T14:59:23Z</time>
     <extensions>
      <gpxtpx:TrackPointExtension>
       <gpxtpx:hr>116</gpxtpx:hr>
      </gpxtpx:TrackPointExtension>
     </extensions>
   </trkpt>
   <trkpt lat="-2.6508770" lon="-43.0272470">
    <ele>39.2</ele>
    <time>2026-06-15T14:59:28Z</time>
     <extensions>
      <gpxtpx:TrackPointExtension>
       <gpxtpx:hr>115</gpxtpx:hr>
      </gpxtpx:TrackPointExtension>
     </extensions>
   </trkpt>
   <trkpt lat="-2.6508700" lon="-43.0272460">
    <ele>39.0</ele>
    <time>2026-06-15T14:59:33Z</time>
     <extensions>
      <gpxtpx:TrackPointExtension>
       <gpxtpx:hr>115</gpxtpx:hr>
      </gpxtpx:TrackPointExtension>
     </extensions>
   </trkpt>
   <trkpt lat="-2.6508640" lon="-43.0272480">
    <ele>39.0</ele>
    <time>2026-06-15T14:59:38Z</time>
     <extensions>
      <gpxtpx:TrackPointExtension>
       <gpxtpx:hr>118</gpxtpx:hr>
      </gpxtpx:TrackPointExtension>
     </extensions>
   </trkpt>
   <trkpt lat="-2.6508660" lon="-43.0272490">
    <ele>39.0</ele>
    <time>2026-06-15T14:59:43Z</time>
     <extensions>
      <gpxtpx:TrackPointExtension>
       <gpxtpx:hr>125</gpxtpx:hr>
      </gpxtpx:TrackPointExtension>
     </extensions>
   </trkpt>
   <trkpt lat="-2.6508760" lon="-43.0272590">
    <ele>39.0</ele>
    <time>2026-06-15T14:59:48Z</time>
     <extensions>
      <gpxtpx:TrackPointExtension>
       <gpxtpx:hr>131</gpxtpx:hr>
      </gpxtpx:TrackPointExtension>
     </extensions>
   </trkpt>
   <trkpt lat="-2.6508740" lon="-43.0272590">
    <ele>39.0</ele>
    <time>2026-06-15T14:59:53Z</time>
     <extensions>
      <gpxtpx:TrackPointExtension>
       <gpxtpx:hr>132</gpxtpx:hr>
      </gpxtpx:TrackPointExtension>
     </extensions>
   </trkpt>
   <trkpt lat="-2.6508780" lon="-43.0272690">
    <ele>39.2</ele>
    <time>2026-06-15T14:59:58Z</time>
     <extensions>
      <gpxtpx:TrackPointExtension>
       <gpxtpx:hr>132</gpxtpx:hr>
      </gpxtpx:TrackPointExtension>
     </extensions>
   </trkpt>
   <trkpt lat="-2.6508860" lon="-43.0272880">
    <ele>39.2</ele>
    <time>2026-06-15T15:00:03Z</time>
     <extensions>
      <gpxtpx:TrackPointExtension>
       <gpxtpx:hr>132</gpxtpx:hr>
      </gpxtpx:TrackPointExtension>
     </extensions>
   </trkpt>
   <trkpt lat="-2.6509000" lon="-43.0273180">
    <ele>39.4</ele>
    <time>2026-06-15T15:00:08Z</time>
     <extensions>
      <gpxtpx:TrackPointExtension>
       <gpxtpx:hr>132</gpxtpx:hr>
      </gpxtpx:TrackPointExtension>
     </extensions>
   </trkpt>
   <trkpt lat="-2.6509220" lon="-43.0273520">
    <ele>39.4</ele>
    <time>2026-06-15T15:00:13Z</time>
     <extensions>
      <gpxtpx:TrackPointExtension>
       <gpxtpx:hr>132</gpxtpx:hr>
      </gpxtpx:TrackPointExtension>
     </extensions>
   </trkpt>
   <trkpt lat="-2.6509400" lon="-43.0273840">
    <ele>39.4</ele>
    <time>2026-06-15T15:00:18Z</time>
     <extensions>
      <gpxtpx:TrackPointExtension>
       <gpxtpx:hr>132</gpxtpx:hr>
      </gpxtpx:TrackPointExtension>
     </extensions>
   </trkpt>
   <trkpt lat="-2.6509560" lon="-43.0274160">
    <ele>39.4</ele>
    <time>2026-06-15T15:00:23Z</time>
     <extensions>
      <gpxtpx:TrackPointExtension>
       <gpxtpx:hr>132</gpxtpx:hr>
      </gpxtpx:TrackPointExtension>
     </extensions>
   </trkpt>
   <trkpt lat="-2.6509690" lon="-43.0274470">
    <ele>39.2</ele>
    <time>2026-06-15T15:00:28Z</time>
     <extensions>
      <gpxtpx:TrackPointExtension>
       <gpxtpx:hr>132</gpxtpx:hr>
      </gpxtpx:TrackPointExtension>
     </extensions>
   </trkpt>
   <trkpt lat="-2.6509780" lon="-43.0274770">
    <ele>39.2</ele>
    <time>2026-06-15T15:00:33Z</time>
     <extensions>
      <gpxtpx:TrackPointExtension>
       <gpxtpx:hr>132</gpxtpx:hr>
      </gpxtpx:TrackPointExtension>
     </extensions>
   </trkpt>
   <trkpt lat="-2.6509880" lon="-43.0275010">
    <ele>39.2</ele>
    <time>2026-06-15T15:00:38Z</time>
     <extensions>
      <gpxtpx:TrackPointExtension>
       <gpxtpx:hr>132</gpxtpx:hr>
      </gpxtpx:TrackPointExtension>
     </extensions>
   </trkpt>
   <trkpt lat="-2.6509920" lon="-43.0275190">
    <ele>39.4</ele>
    <time>2026-06-15T15:00:43Z</time>
     <extensions>
      <gpxtpx:TrackPointExtension>
       <gpxtpx:hr>132</gpxtpx:hr>
      </gpxtpx:TrackPointExtension>
     </extensions>
   </trkpt>
   <trkpt lat="-2.6509970" lon="-43.0275360">
    <ele>39.4</ele>
    <time>2026-06-15T15:00:48Z</time>
     <extensions>
      <gpxtpx:TrackPointExtension>
       <gpxtpx:hr>132</gpxtpx:hr>
      </gpxtpx:TrackPointExtension>
     </extensions>
   </trkpt>
   <trkpt lat="-2.6510060" lon="-43.0275590">
    <ele>39.4</ele>
    <time>2026-06-15T15:00:53Z</time>
     <extensions>
      <gpxtpx:TrackPointExtension>
       <gpxtpx:hr>132</gpxtpx:hr>
      </gpxtpx:TrackPointExtension>
     </extensions>
   </trkpt>
   <trkpt lat="-2.6510190" lon="-43.0275880">
    <ele>39.4</ele>
    <time>2026-06-15T15:00:58Z</time>
     <extensions>
      <gpxtpx:TrackPointExtension>
       <gpxtpx:hr>132</gpxtpx:hr>
      </gpxtpx:TrackPointExtension>
     </extensions>
   </trkpt>
   <trkpt lat="-2.6510330" lon="-43.0276170">
    <ele>39.4</ele>
    <time>2026-06-15T15:01:03Z</time>
     <extensions>
      <gpxtpx:TrackPointExtension>
       <gpxtpx:hr>132</gpxtpx:hr>
      </gpxtpx:TrackPointExtension>
     </extensions>
   </trkpt>
   <trkpt lat="-2.6510500" lon="-43.0276510">
    <ele>39.4</ele>
    <time>2026-06-15T15:01:08Z</time>
     <extensions>
      <gpxtpx:TrackPointExtension>
       <gpxtpx:hr>132</gpxtpx:hr>
      </gpxtpx:TrackPointExtension>
     </extensions>
   </trkpt>
   <trkpt lat="-2.6510630" lon="-43.0276860">
    <ele>39.4</ele>
    <time>2026-06-15T15:01:13Z</time>
     <extensions>
      <gpxtpx:TrackPointExtension>
       <gpxtpx:hr>132</gpxtpx:hr>
      </gpxtpx:TrackPointExtension>
     </extensions>
   </trkpt>
   <trkpt lat="-2.6510690" lon="-43.0277200">
    <ele>39.6</ele>
    <time>2026-06-15T15:01:18Z</time>
     <extensions>
      <gpxtpx:TrackPointExtension>
       <gpxtpx:hr>132</gpxtpx:hr>
      </gpxtpx:TrackPointExtension>
     </extensions>
   </trkpt>
   <trkpt lat="-2.6510880" lon="-43.0277490">
    <ele>39.8</ele>
    <time>2026-06-15T15:01:23Z</time>
     <extensions>
      <gpxtpx:TrackPointExtension>
       <gpxtpx:hr>126</gpxtpx:hr>
      </gpxtpx:TrackPointExtension>
     </extensions>
   </trkpt>
   <trkpt lat="-2.6511030" lon="-43.0277860">
    <ele>40.0</ele>
    <time>2026-06-15T15:01:28Z</time>
     <extensions>
      <gpxtpx:TrackPointExtension>
       <gpxtpx:hr>127</gpxtpx:hr>
      </gpxtpx:TrackPointExtension>
     </extensions>
   </trkpt>
   <trkpt lat="-2.6511070" lon="-43.0278240">
    <ele>40.2</ele>
    <time>2026-06-15T15:01:33Z</time>
     <extensions>
      <gpxtpx:TrackPointExtension>
       <gpxtpx:hr>138</gpxtpx:hr>
      </gpxtpx:TrackPointExtension>
     </extensions>
   </trkpt>
   <trkpt lat="-2.6510950" lon="-43.0278570">
    <ele>40.6</ele>
    <time>2026-06-15T15:01:38Z</time>
     <extensions>
      <gpxtpx:TrackPointExtension>
       <gpxtpx:hr>140</gpxtpx:hr>
      </gpxtpx:TrackPointExtension>
     </extensions>
   </trkpt>
   <trkpt lat="-2.6510820" lon="-43.0278900">
    <ele>40.8</ele>
    <time>2026-06-15T15:01:43Z</time>
     <extensions>
      <gpxtpx:TrackPointExtension>
       <gpxtpx:hr>140</gpxtpx:hr>
      </gpxtpx:TrackPointExtension>
     </extensions>
   </trkpt>
   <trkpt lat="-2.6510690" lon="-43.0279220">
    <ele>41.0</ele>
    <time>2026-06-15T15:01:48Z</time>
     <extensions>
      <gpxtpx:TrackPointExtension>
       <gpxtpx:hr>139</gpxtpx:hr>
      </gpxtpx:TrackPointExtension>
     </extensions>
   </trkpt>
   <trkpt lat="-2.6510480" lon="-43.0279520">
    <ele>41.2</ele>
    <time>2026-06-15T15:01:53Z</time>
     <extensions>
      <gpxtpx:TrackPointExtension>
       <gpxtpx:hr>138</gpxtpx:hr>
      </gpxtpx:TrackPointExtension>
     </extensions>
   </trkpt>
   <trkpt lat="-2.6510330" lon="-43.0279810">
    <ele>41.4</ele>
    <time>2026-06-15T15:01:58Z</time>
     <extensions>
      <gpxtpx:TrackPointExtension>
       <gpxtpx:hr>138</gpxtpx:hr>
      </gpxtpx:TrackPointExtension>
     </extensions>
   </trkpt>
   <trkpt lat="-2.6510180" lon="-43.0280070">
    <ele>41.6</ele>
    <time>2026-06-15T15:02:03Z</time>
     <extensions>
      <gpxtpx:TrackPointExtension>
       <gpxtpx:hr>137</gpxtpx:hr>
      </gpxtpx:TrackPointExtension>
     </extensions>
   </trkpt>
   <trkpt lat="-2.6510080" lon="-43.0280380">
    <ele>41.8</ele>
    <time>2026-06-15T15:02:08Z</time>
     <extensions>
      <gpxtpx:TrackPointExtension>
       <gpxtpx:hr>137</gpxtpx:hr>
      </gpxtpx:TrackPointExtension>
     </extensions>
   </trkpt>
   <trkpt lat="-2.6509920" lon="-43.0280600">
    <ele>42.0</ele>
    <time>2026-06-15T15:02:13Z</time>
     <extensions>
      <gpxtpx:TrackPointExtension>
       <gpxtpx:hr>138</gpxtpx:hr>
      </gpxtpx:TrackPointExtension>
     </extensions>
   </trkpt>
   <trkpt lat="-2.6509730" lon="-43.0280900">
    <ele>42.0</ele>
    <time>2026-06-15T15:02:18Z</time>
     <extensions>
      <gpxtpx:TrackPointExtension>
       <gpxtpx:hr>137</gpxtpx:hr>
      </gpxtpx:TrackPointExtension>
     </extensions>
   </trkpt>
   <trkpt lat="-2.6509560" lon="-43.0281180">
    <ele>42.2</ele>
    <time>2026-06-15T15:02:23Z</time>
     <extensions>
      <gpxtpx:TrackPointExtension>
       <gpxtpx:hr>137</gpxtpx:hr>
      </gpxtpx:TrackPointExtension>
     </extensions>
   </trkpt>
   <trkpt lat="-2.6509470" lon="-43.0281340">
    <ele>42.4</ele>
    <time>2026-06-15T15:02:28Z</time>
     <extensions>
      <gpxtpx:TrackPointExtension>
       <gpxtpx:hr>135</gpxtpx:hr>
      </gpxtpx:TrackPointExtension>
     </extensions>
   </trkpt>
   <trkpt lat="-2.6509400" lon="-43.0281350">
    <ele>42.6</ele>
    <time>2026-06-15T15:02:33Z</time>
     <extensions>
      <gpxtpx:TrackPointExtension>
       <gpxtpx:hr>132</gpxtpx:hr>
      </gpxtpx:TrackPointExtension>
     </extensions>
   </trkpt>
   <trkpt lat="-2.6509430" lon="-43.0281360">
    <ele>42.8</ele>
    <time>2026-06-15T15:02:38Z</time>
     <extensions>
      <gpxtpx:TrackPointExtension>
       <gpxtpx:hr>132</gpxtpx:hr>
      </gpxtpx:TrackPointExtension>
     </extensions>
   </trkpt>
   <trkpt lat="-2.6509460" lon="-43.0281410">
    <ele>42.8</ele>
    <time>2026-06-15T15:02:43Z</time>
     <extensions>
      <gpxtpx:TrackPointExtension>
       <gpxtpx:hr>135</gpxtpx:hr>
      </gpxtpx:TrackPointExtension>
     </extensions>
   </trkpt>
   <trkpt lat="-2.6509490" lon="-43.0281450">
    <ele>42.8</ele>
    <time>2026-06-15T15:02:48Z</time>
     <extensions>
      <gpxtpx:TrackPointExtension>
       <gpxtpx:hr>135</gpxtpx:hr>
      </gpxtpx:TrackPointExtension>
     </extensions>
   </trkpt>
   <trkpt lat="-2.6509510" lon="-43.0281430">
    <ele>42.6</ele>
    <time>2026-06-15T15:02:53Z</time>
     <extensions>
      <gpxtpx:TrackPointExtension>
       <gpxtpx:hr>134</gpxtpx:hr>
      </gpxtpx:TrackPointExtension>
     </extensions>
   </trkpt>
   <trkpt lat="-2.6509460" lon="-43.0281410">
    <ele>42.6</ele>
    <time>2026-06-15T15:02:58Z</time>
     <extensions>
      <gpxtpx:TrackPointExtension>
       <gpxtpx:hr>132</gpxtpx:hr>
      </gpxtpx:TrackPointExtension>
     </extensions>
   </trkpt>
   <trkpt lat="-2.6509410" lon="-43.0281380">
    <ele>42.4</ele>
    <time>2026-06-15T15:03:03Z</time>
     <extensions>
      <gpxtpx:TrackPointExtension>
       <gpxtpx:hr>131</gpxtpx:hr>
      </gpxtpx:TrackPointExtension>
     </extensions>
   </trkpt>
   <trkpt lat="-2.6509380" lon="-43.0281360">
    <ele>42.4</ele>
    <time>2026-06-15T15:03:08Z</time>
     <extensions>
      <gpxtpx:TrackPointExtension>
       <gpxtpx:hr>131</gpxtpx:hr>
      </gpxtpx:TrackPointExtension>
     </extensions>
   </trkpt>
   <trkpt lat="-2.6509360" lon="-43.0281350">
    <ele>42.4</ele>
    <time>2026-06-15T15:03:13Z</time>
     <extensions>
      <gpxtpx:TrackPointExtension>
       <gpxtpx:hr>105</gpxtpx:hr>
      </gpxtpx:TrackPointExtension>
     </extensions>
   </trkpt>
   <trkpt lat="-2.6509380" lon="-43.0281370">
    <ele>42.4</ele>
    <time>2026-06-15T15:03:18Z</time>
     <extensions>
      <gpxtpx:TrackPointExtension>
       <gpxtpx:hr>105</gpxtpx:hr>
      </gpxtpx:TrackPointExtension>
     </extensions>
   </trkpt>
   <trkpt lat="-2.6509440" lon="-43.0281400">
    <ele>42.4</ele>
    <time>2026-06-15T15:03:23Z</time>
     <extensions>
      <gpxtpx:TrackPointExtension>
       <gpxtpx:hr>112</gpxtpx:hr>
      </gpxtpx:TrackPointExtension>
     </extensions>
   </trkpt>
   <trkpt lat="-2.6509490" lon="-43.0281390">
    <ele>42.6</ele>
    <time>2026-06-15T15:03:28Z</time>
     <extensions>
      <gpxtpx:TrackPointExtension>
       <gpxtpx:hr>113</gpxtpx:hr>
      </gpxtpx:TrackPointExtension>
     </extensions>
   </trkpt>
   <trkpt lat="-2.6509450" lon="-43.0281380">
    <ele>42.6</ele>
    <time>2026-06-15T15:03:33Z</time>
     <extensions>
      <gpxtpx:TrackPointExtension>
       <gpxtpx:hr>113</gpxtpx:hr>
      </gpxtpx:TrackPointExtension>
     </extensions>
   </trkpt>
   <trkpt lat="-2.6509390" lon="-43.0281360">
    <ele>42.8</ele>
    <time>2026-06-15T15:03:38Z</time>
     <extensions>
      <gpxtpx:TrackPointExtension>
       <gpxtpx:hr>113</gpxtpx:hr>
      </gpxtpx:TrackPointExtension>
     </extensions>
   </trkpt>
   <trkpt lat="-2.6509410" lon="-43.0281410">
    <ele>42.8</ele>
    <time>2026-06-15T15:03:43Z</time>
     <extensions>
      <gpxtpx:TrackPointExtension>
       <gpxtpx:hr>113</gpxtpx:hr>
      </gpxtpx:TrackPointExtension>
     </extensions>
   </trkpt>
   <trkpt lat="-2.6509470" lon="-43.0281420">
    <ele>42.4</ele>
    <time>2026-06-15T15:03:48Z</time>
     <extensions>
      <gpxtpx:TrackPointExtension>
       <gpxtpx:hr>113</gpxtpx:hr>
      </gpxtpx:TrackPointExtension>
     </extensions>
   </trkpt>
   <trkpt lat="-2.6509340" lon="-43.0281260">
    <ele>41.8</ele>
    <time>2026-06-15T15:03:53Z</time>
     <extensions>
      <gpxtpx:TrackPointExtension>
       <gpxtpx:hr>117</gpxtpx:hr>
      </gpxtpx:TrackPointExtension>
     </extensions>
   </trkpt>
   <trkpt lat="-2.6509320" lon="-43.0281310">
    <ele>41.4</ele>
    <time>2026-06-15T15:03:58Z</time>
     <extensions>
      <gpxtpx:TrackPointExtension>
       <gpxtpx:hr>119</gpxtpx:hr>
      </gpxtpx:TrackPointExtension>
     </extensions>
   </trkpt>
   <trkpt lat="-2.6509340" lon="-43.0281400">
    <ele>41.4</ele>
    <time>2026-06-15T15:04:03Z</time>
     <extensions>
      <gpxtpx:TrackPointExtension>
       <gpxtpx:hr>119</gpxtpx:hr>
      </gpxtpx:TrackPointExtension>
     </extensions>
   </trkpt>
   <trkpt lat="-2.6509250" lon="-43.0281550">
    <ele>41.6</ele>
    <time>2026-06-15T15:04:08Z</time>
     <extensions>
      <gpxtpx:TrackPointExtension>
       <gpxtpx:hr>119</gpxtpx:hr>
      </gpxtpx:TrackPointExtension>
     </extensions>
   </trkpt>
   <trkpt lat="-2.6509310" lon="-43.0281580">
    <ele>41.6</ele>
    <time>2026-06-15T15:04:13Z</time>
     <extensions>
      <gpxtpx:TrackPointExtension>
       <gpxtpx:hr>119</gpxtpx:hr>
      </gpxtpx:TrackPointExtension>
     </extensions>
   </trkpt>
   <trkpt lat="-2.6509290" lon="-43.0281660">
    <ele>41.6</ele>
    <time>2026-06-15T15:04:18Z</time>
     <extensions>
      <gpxtpx:TrackPointExtension>
       <gpxtpx:hr>127</gpxtpx:hr>
      </gpxtpx:TrackPointExtension>
     </extensions>
   </trkpt>
   <trkpt lat="-2.6509300" lon="-43.0281710">
    <ele>41.0</ele>
    <time>2026-06-15T15:04:23Z</time>
     <extensions>
      <gpxtpx:TrackPointExtension>
       <gpxtpx:hr>129</gpxtpx:hr>
      </gpxtpx:TrackPointExtension>
     </extensions>
   </trkpt>
   <trkpt lat="-2.6509270" lon="-43.0281740">
    <ele>38.8</ele>
    <time>2026-06-15T15:04:28Z</time>
     <extensions>
      <gpxtpx:TrackPointExtension>
       <gpxtpx:hr>129</gpxtpx:hr>
      </gpxtpx:TrackPointExtension>
     </extensions>
   </trkpt>
   <trkpt lat="-2.6509180" lon="-43.0281810">
    <ele>44.0</ele>
    <time>2026-06-15T15:06:33Z</time>
     <extensions>
      <gpxtpx:TrackPointExtension>
       <gpxtpx:hr>114</gpxtpx:hr>
      </gpxtpx:TrackPointExtension>
     </extensions>
   </trkpt>
   <trkpt lat="-2.6509050" lon="-43.0282010">
    <ele>43.0</ele>
    <time>2026-06-15T15:06:38Z</time>
     <extensions>
      <gpxtpx:TrackPointExtension>
       <gpxtpx:hr>115</gpxtpx:hr>
      </gpxtpx:TrackPointExtension>
     </extensions>
   </trkpt>
   <trkpt lat="-2.6508850" lon="-43.0282280">
    <ele>43.2</ele>
    <time>2026-06-15T15:06:43Z</time>
     <extensions>
      <gpxtpx:TrackPointExtension>
       <gpxtpx:hr>115</gpxtpx:hr>
      </gpxtpx:TrackPointExtension>
     </extensions>
   </trkpt>
   <trkpt lat="-2.6508630" lon="-43.0282540">
    <ele>43.4</ele>
    <time>2026-06-15T15:06:48Z</time>
     <extensions>
      <gpxtpx:TrackPointExtension>
       <gpxtpx:hr>115</gpxtpx:hr>
      </gpxtpx:TrackPointExtension>
     </extensions>
   </trkpt>
   <trkpt lat="-2.6508420" lon="-43.0282770">
    <ele>43.6</ele>
    <time>2026-06-15T15:06:53Z</time>
     <extensions>
      <gpxtpx:TrackPointExtension>
       <gpxtpx:hr>116</gpxtpx:hr>
      </gpxtpx:TrackPointExtension>
     </extensions>
   </trkpt>
   <trkpt lat="-2.6508230" lon="-43.0282850">
    <ele>44.0</ele>
    <time>2026-06-15T15:06:58Z</time>
     <extensions>
      <gpxtpx:TrackPointExtension>
       <gpxtpx:hr>126</gpxtpx:hr>
      </gpxtpx:TrackPointExtension>
     </extensions>
   </trkpt>
   <trkpt lat="-2.6508120" lon="-43.0282950">
    <ele>44.4</ele>
    <time>2026-06-15T15:07:03Z</time>
     <extensions>
      <gpxtpx:TrackPointExtension>
       <gpxtpx:hr>137</gpxtpx:hr>
      </gpxtpx:TrackPointExtension>
     </extensions>
   </trkpt>
   <trkpt lat="-2.6507860" lon="-43.0283040">
    <ele>44.8</ele>
    <time>2026-06-15T15:07:08Z</time>
     <extensions>
      <gpxtpx:TrackPointExtension>
       <gpxtpx:hr>137</gpxtpx:hr>
      </gpxtpx:TrackPointExtension>
     </extensions>
   </trkpt>
   <trkpt lat="-2.6507640" lon="-43.0283160">
    <ele>45.2</ele>
    <time>2026-06-15T15:07:13Z</time>
     <extensions>
      <gpxtpx:TrackPointExtension>
       <gpxtpx:hr>137</gpxtpx:hr>
      </gpxtpx:TrackPointExtension>
     </extensions>
   </trkpt>
   <trkpt lat="-2.6507480" lon="-43.0283320">
    <ele>45.4</ele>
    <time>2026-06-15T15:07:18Z</time>
     <extensions>
      <gpxtpx:TrackPointExtension>
       <gpxtpx:hr>147</gpxtpx:hr>
      </gpxtpx:TrackPointExtension>
     </extensions>
   </trkpt>
   <trkpt lat="-2.6507400" lon="-43.0283440">
    <ele>45.6</ele>
    <time>2026-06-15T15:07:23Z</time>
     <extensions>
      <gpxtpx:TrackPointExtension>
       <gpxtpx:hr>147</gpxtpx:hr>
      </gpxtpx:TrackPointExtension>
     </extensions>
   </trkpt>
   <trkpt lat="-2.6507320" lon="-43.0283520">
    <ele>45.8</ele>
    <time>2026-06-15T15:07:28Z</time>
     <extensions>
      <gpxtpx:TrackPointExtension>
       <gpxtpx:hr>148</gpxtpx:hr>
      </gpxtpx:TrackPointExtension>
     </extensions>
   </trkpt>
   <trkpt lat="-2.6507230" lon="-43.0283570">
    <ele>46.2</ele>
    <time>2026-06-15T15:07:33Z</time>
     <extensions>
      <gpxtpx:TrackPointExtension>
       <gpxtpx:hr>148</gpxtpx:hr>
      </gpxtpx:TrackPointExtension>
     </extensions>
   </trkpt>
   <trkpt lat="-2.6507100" lon="-43.0283640">
    <ele>46.2</ele>
    <time>2026-06-15T15:07:38Z</time>
     <extensions>
      <gpxtpx:TrackPointExtension>
       <gpxtpx:hr>155</gpxtpx:hr>
      </gpxtpx:TrackPointExtension>
     </extensions>
   </trkpt>
   <trkpt lat="-2.6506950" lon="-43.0283730">
    <ele>46.4</ele>
    <time>2026-06-15T15:07:43Z</time>
     <extensions>
      <gpxtpx:TrackPointExtension>
       <gpxtpx:hr>155</gpxtpx:hr>
      </gpxtpx:TrackPointExtension>
     </extensions>
   </trkpt>
   <trkpt lat="-2.6506850" lon="-43.0283800">
    <ele>46.6</ele>
    <time>2026-06-15T15:07:48Z</time>
     <extensions>
      <gpxtpx:TrackPointExtension>
       <gpxtpx:hr>152</gpxtpx:hr>
      </gpxtpx:TrackPointExtension>
     </extensions>
   </trkpt>
   <trkpt lat="-2.6506740" lon="-43.0283850">
    <ele>46.8</ele>
    <time>2026-06-15T15:07:53Z</time>
     <extensions>
      <gpxtpx:TrackPointExtension>
       <gpxtpx:hr>151</gpxtpx:hr>
      </gpxtpx:TrackPointExtension>
     </extensions>
   </trkpt>
   <trkpt lat="-2.6506620" lon="-43.0283890">
    <ele>47.0</ele>
    <time>2026-06-15T15:07:58Z</time>
     <extensions>
      <gpxtpx:TrackPointExtension>
       <gpxtpx:hr>152</gpxtpx:hr>
      </gpxtpx:TrackPointExtension>
     </extensions>
   </trkpt>
   <trkpt lat="-2.6506500" lon="-43.0283880">
    <ele>47.2</ele>
    <time>2026-06-15T15:08:03Z</time>
     <extensions>
      <gpxtpx:TrackPointExtension>
       <gpxtpx:hr>151</gpxtpx:hr>
      </gpxtpx:TrackPointExtension>
     </extensions>
   </trkpt>
   <trkpt lat="-2.6506400" lon="-43.0283900">
    <ele>47.4</ele>
    <time>2026-06-15T15:08:08Z</time>
     <extensions>
      <gpxtpx:TrackPointExtension>
       <gpxtpx:hr>151</gpxtpx:hr>
      </gpxtpx:TrackPointExtension>
     </extensions>
   </trkpt>
   <trkpt lat="-2.6506290" lon="-43.0283960">
    <ele>47.4</ele>
    <time>2026-06-15T15:08:13Z</time>
     <extensions>
      <gpxtpx:TrackPointExtension>
       <gpxtpx:hr>152</gpxtpx:hr>
      </gpxtpx:TrackPointExtension>
     </extensions>
   </trkpt>
   <trkpt lat="-2.6506130" lon="-43.0284040">
    <ele>47.6</ele>
    <time>2026-06-15T15:08:18Z</time>
     <extensions>
      <gpxtpx:TrackPointExtension>
       <gpxtpx:hr>152</gpxtpx:hr>
      </gpxtpx:TrackPointExtension>
     </extensions>
   </trkpt>
   <trkpt lat="-2.6506060" lon="-43.0284160">
    <ele>47.6</ele>
    <time>2026-06-15T15:08:23Z</time>
     <extensions>
      <gpxtpx:TrackPointExtension>
       <gpxtpx:hr>152</gpxtpx:hr>
      </gpxtpx:TrackPointExtension>
     </extensions>
   </trkpt>
   <trkpt lat="-2.6506020" lon="-43.0284370">
    <ele>47.8</ele>
    <time>2026-06-15T15:08:28Z</time>
     <extensions>
      <gpxtpx:TrackPointExtension>
       <gpxtpx:hr>152</gpxtpx:hr>
      </gpxtpx:TrackPointExtension>
     </extensions>
   </trkpt>
   <trkpt lat="-2.6505980" lon="-43.0284700">
    <ele>47.8</ele>
    <time>2026-06-15T15:08:33Z</time>
     <extensions>
      <gpxtpx:TrackPointExtension>
       <gpxtpx:hr>151</gpxtpx:hr>
      </gpxtpx:TrackPointExtension>
     </extensions>
   </trkpt>
   <trkpt lat="-2.6506010" lon="-43.0285080">
    <ele>47.8</ele>
    <time>2026-06-15T15:08:38Z</time>
     <extensions>
      <gpxtpx:TrackPointExtension>
       <gpxtpx:hr>145</gpxtpx:hr>
      </gpxtpx:TrackPointExtension>
     </extensions>
   </trkpt>
   <trkpt lat="-2.6506020" lon="-43.0285420">
    <ele>47.8</ele>
    <time>2026-06-15T15:08:43Z</time>
     <extensions>
      <gpxtpx:TrackPointExtension>
       <gpxtpx:hr>145</gpxtpx:hr>
      </gpxtpx:TrackPointExtension>
     </extensions>
   </trkpt>
   <trkpt lat="-2.6505980" lon="-43.0285780">
    <ele>47.8</ele>
    <time>2026-06-15T15:08:48Z</time>
     <extensions>
      <gpxtpx:TrackPointExtension>
       <gpxtpx:hr>145</gpxtpx:hr>
      </gpxtpx:TrackPointExtension>
     </extensions>
   </trkpt>
   <trkpt lat="-2.6505830" lon="-43.0286070">
    <ele>47.6</ele>
    <time>2026-06-15T15:08:53Z</time>
     <extensions>
      <gpxtpx:TrackPointExtension>
       <gpxtpx:hr>145</gpxtpx:hr>
      </gpxtpx:TrackPointExtension>
     </extensions>
   </trkpt>
   <trkpt lat="-2.6505750" lon="-43.0286190">
    <ele>47.6</ele>
    <time>2026-06-15T15:08:58Z</time>
     <extensions>
      <gpxtpx:TrackPointExtension>
       <gpxtpx:hr>149</gpxtpx:hr>
      </gpxtpx:TrackPointExtension>
     </extensions>
   </trkpt>
   <trkpt lat="-2.6505760" lon="-43.0286300">
    <ele>47.4</ele>
    <time>2026-06-15T15:09:03Z</time>
     <extensions>
      <gpxtpx:TrackPointExtension>
       <gpxtpx:hr>156</gpxtpx:hr>
      </gpxtpx:TrackPointExtension>
     </extensions>
   </trkpt>
   <trkpt lat="-2.6505790" lon="-43.0286500">
    <ele>47.4</ele>
    <time>2026-06-15T15:09:08Z</time>
     <extensions>
      <gpxtpx:TrackPointExtension>
       <gpxtpx:hr>156</gpxtpx:hr>
      </gpxtpx:TrackPointExtension>
     </extensions>
   </trkpt>
   <trkpt lat="-2.6505630" lon="-43.0286880">
    <ele>47.2</ele>
    <time>2026-06-15T15:09:13Z</time>
     <extensions>
      <gpxtpx:TrackPointExtension>
       <gpxtpx:hr>156</gpxtpx:hr>
      </gpxtpx:TrackPointExtension>
     </extensions>
   </trkpt>
   <trkpt lat="-2.6505360" lon="-43.0287300">
    <ele>47.0</ele>
    <time>2026-06-15T15:09:18Z</time>
     <extensions>
      <gpxtpx:TrackPointExtension>
       <gpxtpx:hr>152</gpxtpx:hr>
      </gpxtpx:TrackPointExtension>
     </extensions>
   </trkpt>
   <trkpt lat="-2.6505170" lon="-43.0287690">
    <ele>47.0</ele>
    <time>2026-06-15T15:09:23Z</time>
     <extensions>
      <gpxtpx:TrackPointExtension>
       <gpxtpx:hr>151</gpxtpx:hr>
      </gpxtpx:TrackPointExtension>
     </extensions>
   </trkpt>
   <trkpt lat="-2.6504990" lon="-43.0288170">
    <ele>46.8</ele>
    <time>2026-06-15T15:09:28Z</time>
     <extensions>
      <gpxtpx:TrackPointExtension>
       <gpxtpx:hr>151</gpxtpx:hr>
      </gpxtpx:TrackPointExtension>
     </extensions>
   </trkpt>
   <trkpt lat="-2.6504830" lon="-43.0288590">
    <ele>46.6</ele>
    <time>2026-06-15T15:09:33Z</time>
     <extensions>
      <gpxtpx:TrackPointExtension>
       <gpxtpx:hr>151</gpxtpx:hr>
      </gpxtpx:TrackPointExtension>
     </extensions>
   </trkpt>
   <trkpt lat="-2.6504640" lon="-43.0288970">
    <ele>46.4</ele>
    <time>2026-06-15T15:09:38Z</time>
     <extensions>
      <gpxtpx:TrackPointExtension>
       <gpxtpx:hr>151</gpxtpx:hr>
      </gpxtpx:TrackPointExtension>
     </extensions>
   </trkpt>
   <trkpt lat="-2.6504390" lon="-43.0289360">
    <ele>46.2</ele>
    <time>2026-06-15T15:09:43Z</time>
     <extensions>
      <gpxtpx:TrackPointExtension>
       <gpxtpx:hr>153</gpxtpx:hr>
      </gpxtpx:TrackPointExtension>
     </extensions>
   </trkpt>
   <trkpt lat="-2.6504230" lon="-43.0289780">
    <ele>46.0</ele>
    <time>2026-06-15T15:09:48Z</time>
     <extensions>
      <gpxtpx:TrackPointExtension>
       <gpxtpx:hr>155</gpxtpx:hr>
      </gpxtpx:TrackPointExtension>
     </extensions>
   </trkpt>
   <trkpt lat="-2.6504070" lon="-43.0290090">
    <ele>45.8</ele>
    <time>2026-06-15T15:09:53Z</time>
     <extensions>
      <gpxtpx:TrackPointExtension>
       <gpxtpx:hr>154</gpxtpx:hr>
      </gpxtpx:TrackPointExtension>
     </extensions>
   </trkpt>
   <trkpt lat="-2.6504000" lon="-43.0290130">
    <ele>45.6</ele>
    <time>2026-06-15T15:09:58Z</time>
     <extensions>
      <gpxtpx:TrackPointExtension>
       <gpxtpx:hr>150</gpxtpx:hr>
      </gpxtpx:TrackPointExtension>
     </extensions>
   </trkpt>
   <trkpt lat="-2.6503900" lon="-43.0290310">
    <ele>45.4</ele>
    <time>2026-06-15T15:10:03Z</time>
     <extensions>
      <gpxtpx:TrackPointExtension>
       <gpxtpx:hr>147</gpxtpx:hr>
      </gpxtpx:TrackPointExtension>
     </extensions>
   </trkpt>
   <trkpt lat="-2.6503740" lon="-43.0290260">
    <ele>45.2</ele>
    <time>2026-06-15T15:10:08Z</time>
     <extensions>
      <gpxtpx:TrackPointExtension>
       <gpxtpx:hr>147</gpxtpx:hr>
      </gpxtpx:TrackPointExtension>
     </extensions>
   </trkpt>
   <trkpt lat="-2.6503700" lon="-43.0290210">
    <ele>45.0</ele>
    <time>2026-06-15T15:10:13Z</time>
     <extensions>
      <gpxtpx:TrackPointExtension>
       <gpxtpx:hr>150</gpxtpx:hr>
      </gpxtpx:TrackPointExtension>
     </extensions>
   </trkpt>
   <trkpt lat="-2.6503740" lon="-43.0290290">
    <ele>45.0</ele>
    <time>2026-06-15T15:10:18Z</time>
     <extensions>
      <gpxtpx:TrackPointExtension>
       <gpxtpx:hr>145</gpxtpx:hr>
      </gpxtpx:TrackPointExtension>
     </extensions>
   </trkpt>
   <trkpt lat="-2.6503770" lon="-43.0290340">
    <ele>44.8</ele>
    <time>2026-06-15T15:10:23Z</time>
     <extensions>
      <gpxtpx:TrackPointExtension>
       <gpxtpx:hr>145</gpxtpx:hr>
      </gpxtpx:TrackPointExtension>
     </extensions>
   </trkpt>
   <trkpt lat="-2.6503790" lon="-43.0290360">
    <ele>44.6</ele>
    <time>2026-06-15T15:10:28Z</time>
     <extensions>
      <gpxtpx:TrackPointExtension>
       <gpxtpx:hr>137</gpxtpx:hr>
      </gpxtpx:TrackPointExtension>
     </extensions>
   </trkpt>
   <trkpt lat="-2.6503780" lon="-43.0290390">
    <ele>44.6</ele>
    <time>2026-06-15T15:10:33Z</time>
     <extensions>
      <gpxtpx:TrackPointExtension>
       <gpxtpx:hr>131</gpxtpx:hr>
      </gpxtpx:TrackPointExtension>
     </extensions>
   </trkpt>
   <trkpt lat="-2.6503800" lon="-43.0290390">
    <ele>44.2</ele>
    <time>2026-06-15T15:10:38Z</time>
     <extensions>
      <gpxtpx:TrackPointExtension>
       <gpxtpx:hr>131</gpxtpx:hr>
      </gpxtpx:TrackPointExtension>
     </extensions>
   </trkpt>
   <trkpt lat="-2.6503790" lon="-43.0290350">
    <ele>44.0</ele>
    <time>2026-06-15T15:10:43Z</time>
     <extensions>
      <gpxtpx:TrackPointExtension>
       <gpxtpx:hr>116</gpxtpx:hr>
      </gpxtpx:TrackPointExtension>
     </extensions>
   </trkpt>
   <trkpt lat="-2.6503810" lon="-43.0290270">
    <ele>43.6</ele>
    <time>2026-06-15T15:10:48Z</time>
     <extensions>
      <gpxtpx:TrackPointExtension>
       <gpxtpx:hr>120</gpxtpx:hr>
      </gpxtpx:TrackPointExtension>
     </extensions>
   </trkpt>
   <trkpt lat="-2.6503830" lon="-43.0290250">
    <ele>43.4</ele>
    <time>2026-06-15T15:10:53Z</time>
     <extensions>
      <gpxtpx:TrackPointExtension>
       <gpxtpx:hr>120</gpxtpx:hr>
      </gpxtpx:TrackPointExtension>
     </extensions>
   </trkpt>
   <trkpt lat="-2.6503840" lon="-43.0290270">
    <ele>43.4</ele>
    <time>2026-06-15T15:10:58Z</time>
     <extensions>
      <gpxtpx:TrackPointExtension>
       <gpxtpx:hr>119</gpxtpx:hr>
      </gpxtpx:TrackPointExtension>
     </extensions>
   </trkpt>
   <trkpt lat="-2.6503840" lon="-43.0290310">
    <ele>43.2</ele>
    <time>2026-06-15T15:11:03Z</time>
     <extensions>
      <gpxtpx:TrackPointExtension>
       <gpxtpx:hr>115</gpxtpx:hr>
      </gpxtpx:TrackPointExtension>
     </extensions>
   </trkpt>
   <trkpt lat="-2.6503850" lon="-43.0290350">
    <ele>43.4</ele>
    <time>2026-06-15T15:11:08Z</time>
     <extensions>
      <gpxtpx:TrackPointExtension>
       <gpxtpx:hr>115</gpxtpx:hr>
      </gpxtpx:TrackPointExtension>
     </extensions>
   </trkpt>
   <trkpt lat="-2.6503850" lon="-43.0290360">
    <ele>43.4</ele>
    <time>2026-06-15T15:11:13Z</time>
     <extensions>
      <gpxtpx:TrackPointExtension>
       <gpxtpx:hr>115</gpxtpx:hr>
      </gpxtpx:TrackPointExtension>
     </extensions>
   </trkpt>
   <trkpt lat="-2.6503820" lon="-43.0290310">
    <ele>43.6</ele>
    <time>2026-06-15T15:11:18Z</time>
     <extensions>
      <gpxtpx:TrackPointExtension>
       <gpxtpx:hr>115</gpxtpx:hr>
      </gpxtpx:TrackPointExtension>
     </extensions>
   </trkpt>
   <trkpt lat="-2.6503830" lon="-43.0290240">
    <ele>43.6</ele>
    <time>2026-06-15T15:11:23Z</time>
     <extensions>
      <gpxtpx:TrackPointExtension>
       <gpxtpx:hr>120</gpxtpx:hr>
      </gpxtpx:TrackPointExtension>
     </extensions>
   </trkpt>
   <trkpt lat="-2.6503880" lon="-43.0290220">
    <ele>43.8</ele>
    <time>2026-06-15T15:11:28Z</time>
     <extensions>
      <gpxtpx:TrackPointExtension>
       <gpxtpx:hr>122</gpxtpx:hr>
      </gpxtpx:TrackPointExtension>
     </extensions>
   </trkpt>
   <trkpt lat="-2.6503880" lon="-43.0290230">
    <ele>43.8</ele>
    <time>2026-06-15T15:11:33Z</time>
     <extensions>
      <gpxtpx:TrackPointExtension>
       <gpxtpx:hr>125</gpxtpx:hr>
      </gpxtpx:TrackPointExtension>
     </extensions>
   </trkpt>
   <trkpt lat="-2.6503870" lon="-43.0290290">
    <ele>43.8</ele>
    <time>2026-06-15T15:11:38Z</time>
     <extensions>
      <gpxtpx:TrackPointExtension>
       <gpxtpx:hr>125</gpxtpx:hr>
      </gpxtpx:TrackPointExtension>
     </extensions>
   </trkpt>
   <trkpt lat="-2.6503870" lon="-43.0290300">
    <ele>43.6</ele>
    <time>2026-06-15T15:11:43Z</time>
     <extensions>
      <gpxtpx:TrackPointExtension>
       <gpxtpx:hr>133</gpxtpx:hr>
      </gpxtpx:TrackPointExtension>
     </extensions>
   </trkpt>
   <trkpt lat="-2.6503870" lon="-43.0290290">
    <ele>43.6</ele>
    <time>2026-06-15T15:11:48Z</time>
     <extensions>
      <gpxtpx:TrackPointExtension>
       <gpxtpx:hr>135</gpxtpx:hr>
      </gpxtpx:TrackPointExtension>
     </extensions>
   </trkpt>
   <trkpt lat="-2.6503870" lon="-43.0290250">
    <ele>43.4</ele>
    <time>2026-06-15T15:11:53Z</time>
     <extensions>
      <gpxtpx:TrackPointExtension>
       <gpxtpx:hr>132</gpxtpx:hr>
      </gpxtpx:TrackPointExtension>
     </extensions>
   </trkpt>
   <trkpt lat="-2.6503880" lon="-43.0290250">
    <ele>43.4</ele>
    <time>2026-06-15T15:11:58Z</time>
     <extensions>
      <gpxtpx:TrackPointExtension>
       <gpxtpx:hr>132</gpxtpx:hr>
      </gpxtpx:TrackPointExtension>
     </extensions>
   </trkpt>
   <trkpt lat="-2.6503840" lon="-43.0290260">
    <ele>43.4</ele>
    <time>2026-06-15T15:12:03Z</time>
     <extensions>
      <gpxtpx:TrackPointExtension>
       <gpxtpx:hr>142</gpxtpx:hr>
      </gpxtpx:TrackPointExtension>
     </extensions>
   </trkpt>
   <trkpt lat="-2.6503750" lon="-43.0290400">
    <ele>43.4</ele>
    <time>2026-06-15T15:12:08Z</time>
     <extensions>
      <gpxtpx:TrackPointExtension>
       <gpxtpx:hr>142</gpxtpx:hr>
      </gpxtpx:TrackPointExtension>
     </extensions>
   </trkpt>
   <trkpt lat="-2.6503690" lon="-43.0290470">
    <ele>43.2</ele>
    <time>2026-06-15T15:12:13Z</time>
     <extensions>
      <gpxtpx:TrackPointExtension>
       <gpxtpx:hr>142</gpxtpx:hr>
      </gpxtpx:TrackPointExtension>
     </extensions>
   </trkpt>
   <trkpt lat="-2.6503620" lon="-43.0290470">
    <ele>43.2</ele>
    <time>2026-06-15T15:12:18Z</time>
     <extensions>
      <gpxtpx:TrackPointExtension>
       <gpxtpx:hr>141</gpxtpx:hr>
      </gpxtpx:TrackPointExtension>
     </extensions>
   </trkpt>
   <trkpt lat="-2.6503500" lon="-43.0290480">
    <ele>43.0</ele>
    <time>2026-06-15T15:12:23Z</time>
     <extensions>
      <gpxtpx:TrackPointExtension>
       <gpxtpx:hr>142</gpxtpx:hr>
      </gpxtpx:TrackPointExtension>
     </extensions>
   </trkpt>
   <trkpt lat="-2.6503200" lon="-43.0290490">
    <ele>42.8</ele>
    <time>2026-06-15T15:12:28Z</time>
     <extensions>
      <gpxtpx:TrackPointExtension>
       <gpxtpx:hr>142</gpxtpx:hr>
      </gpxtpx:TrackPointExtension>
     </extensions>
   </trkpt>
   <trkpt lat="-2.6503110" lon="-43.0290510">
    <ele>42.4</ele>
    <time>2026-06-15T15:12:33Z</time>
     <extensions>
      <gpxtpx:TrackPointExtension>
       <gpxtpx:hr>137</gpxtpx:hr>
      </gpxtpx:TrackPointExtension>
     </extensions>
   </trkpt>
   <trkpt lat="-2.6502990" lon="-43.0290580">
    <ele>42.0</ele>
    <time>2026-06-15T15:12:38Z</time>
     <extensions>
      <gpxtpx:TrackPointExtension>
       <gpxtpx:hr>127</gpxtpx:hr>
      </gpxtpx:TrackPointExtension>
     </extensions>
   </trkpt>
   <trkpt lat="-2.6502880" lon="-43.0290630">
    <ele>41.6</ele>
    <time>2026-06-15T15:12:43Z</time>
     <extensions>
      <gpxtpx:TrackPointExtension>
       <gpxtpx:hr>127</gpxtpx:hr>
      </gpxtpx:TrackPointExtension>
     </extensions>
   </trkpt>
   <trkpt lat="-2.6502730" lon="-43.0290660">
    <ele>41.0</ele>
    <time>2026-06-15T15:12:48Z</time>
     <extensions>
      <gpxtpx:TrackPointExtension>
       <gpxtpx:hr>127</gpxtpx:hr>
      </gpxtpx:TrackPointExtension>
     </extensions>
   </trkpt>
   <trkpt lat="-2.6502570" lon="-43.0290750">
    <ele>40.4</ele>
    <time>2026-06-15T15:12:53Z</time>
     <extensions>
      <gpxtpx:TrackPointExtension>
       <gpxtpx:hr>130</gpxtpx:hr>
      </gpxtpx:TrackPointExtension>
     </extensions>
   </trkpt>
   <trkpt lat="-2.6502440" lon="-43.0290820">
    <ele>40.0</ele>
    <time>2026-06-15T15:12:58Z</time>
     <extensions>
      <gpxtpx:TrackPointExtension>
       <gpxtpx:hr>135</gpxtpx:hr>
      </gpxtpx:TrackPointExtension>
     </extensions>
   </trkpt>
   <trkpt lat="-2.6502370" lon="-43.0290910">
    <ele>39.8</ele>
    <time>2026-06-15T15:13:03Z</time>
     <extensions>
      <gpxtpx:TrackPointExtension>
       <gpxtpx:hr>135</gpxtpx:hr>
      </gpxtpx:TrackPointExtension>
     </extensions>
   </trkpt>
   <trkpt lat="-2.6502260" lon="-43.0291040">
    <ele>39.6</ele>
    <time>2026-06-15T15:13:08Z</time>
     <extensions>
      <gpxtpx:TrackPointExtension>
       <gpxtpx:hr>133</gpxtpx:hr>
      </gpxtpx:TrackPointExtension>
     </extensions>
   </trkpt>
   <trkpt lat="-2.6502190" lon="-43.0291070">
    <ele>39.6</ele>
    <time>2026-06-15T15:13:13Z</time>
     <extensions>
      <gpxtpx:TrackPointExtension>
       <gpxtpx:hr>133</gpxtpx:hr>
      </gpxtpx:TrackPointExtension>
     </extensions>
   </trkpt>
   <trkpt lat="-2.6502140" lon="-43.0291150">
    <ele>39.6</ele>
    <time>2026-06-15T15:13:18Z</time>
     <extensions>
      <gpxtpx:TrackPointExtension>
       <gpxtpx:hr>137</gpxtpx:hr>
      </gpxtpx:TrackPointExtension>
     </extensions>
   </trkpt>
   <trkpt lat="-2.6501970" lon="-43.0291230">
    <ele>39.4</ele>
    <time>2026-06-15T15:13:23Z</time>
     <extensions>
      <gpxtpx:TrackPointExtension>
       <gpxtpx:hr>140</gpxtpx:hr>
      </gpxtpx:TrackPointExtension>
     </extensions>
   </trkpt>
   <trkpt lat="-2.6501780" lon="-43.0291300">
    <ele>39.2</ele>
    <time>2026-06-15T15:13:28Z</time>
     <extensions>
      <gpxtpx:TrackPointExtension>
       <gpxtpx:hr>134</gpxtpx:hr>
      </gpxtpx:TrackPointExtension>
     </extensions>
   </trkpt>
   <trkpt lat="-2.6501630" lon="-43.0291370">
    <ele>38.8</ele>
    <time>2026-06-15T15:13:33Z</time>
     <extensions>
      <gpxtpx:TrackPointExtension>
       <gpxtpx:hr>136</gpxtpx:hr>
      </gpxtpx:TrackPointExtension>
     </extensions>
   </trkpt>
   <trkpt lat="-2.6501440" lon="-43.0291490">
    <ele>38.4</ele>
    <time>2026-06-15T15:13:38Z</time>
     <extensions>
      <gpxtpx:TrackPointExtension>
       <gpxtpx:hr>136</gpxtpx:hr>
      </gpxtpx:TrackPointExtension>
     </extensions>
   </trkpt>
   <trkpt lat="-2.6501210" lon="-43.0291620">
    <ele>38.0</ele>
    <time>2026-06-15T15:13:43Z</time>
     <extensions>
      <gpxtpx:TrackPointExtension>
       <gpxtpx:hr>132</gpxtpx:hr>
      </gpxtpx:TrackPointExtension>
     </extensions>
   </trkpt>
   <trkpt lat="-2.6501010" lon="-43.0291750">
    <ele>37.6</ele>
    <time>2026-06-15T15:13:48Z</time>
     <extensions>
      <gpxtpx:TrackPointExtension>
       <gpxtpx:hr>132</gpxtpx:hr>
      </gpxtpx:TrackPointExtension>
     </extensions>
   </trkpt>
   <trkpt lat="-2.6500730" lon="-43.0291900">
    <ele>37.2</ele>
    <time>2026-06-15T15:13:53Z</time>
     <extensions>
      <gpxtpx:TrackPointExtension>
       <gpxtpx:hr>130</gpxtpx:hr>
      </gpxtpx:TrackPointExtension>
     </extensions>
   </trkpt>
   <trkpt lat="-2.6500460" lon="-43.0292020">
    <ele>37.0</ele>
    <time>2026-06-15T15:13:58Z</time>
     <extensions>
      <gpxtpx:TrackPointExtension>
       <gpxtpx:hr>128</gpxtpx:hr>
      </gpxtpx:TrackPointExtension>
     </extensions>
   </trkpt>
   <trkpt lat="-2.6500100" lon="-43.0292130">
    <ele>36.8</ele>
    <time>2026-06-15T15:14:03Z</time>
     <extensions>
      <gpxtpx:TrackPointExtension>
       <gpxtpx:hr>126</gpxtpx:hr>
      </gpxtpx:TrackPointExtension>
     </extensions>
   </trkpt>
   <trkpt lat="-2.6499600" lon="-43.0292190">
    <ele>36.6</ele>
    <time>2026-06-15T15:14:08Z</time>
     <extensions>
      <gpxtpx:TrackPointExtension>
       <gpxtpx:hr>123</gpxtpx:hr>
      </gpxtpx:TrackPointExtension>
     </extensions>
   </trkpt>
   <trkpt lat="-2.6499120" lon="-43.0292190">
    <ele>36.4</ele>
    <time>2026-06-15T15:14:13Z</time>
     <extensions>
      <gpxtpx:TrackPointExtension>
       <gpxtpx:hr>123</gpxtpx:hr>
      </gpxtpx:TrackPointExtension>
     </extensions>
   </trkpt>
   <trkpt lat="-2.6498710" lon="-43.0292240">
    <ele>36.4</ele>
    <time>2026-06-15T15:14:18Z</time>
     <extensions>
      <gpxtpx:TrackPointExtension>
       <gpxtpx:hr>125</gpxtpx:hr>
      </gpxtpx:TrackPointExtension>
     </extensions>
   </trkpt>
   <trkpt lat="-2.6498350" lon="-43.0292400">
    <ele>36.4</ele>
    <time>2026-06-15T15:14:23Z</time>
     <extensions>
      <gpxtpx:TrackPointExtension>
       <gpxtpx:hr>124</gpxtpx:hr>
      </gpxtpx:TrackPointExtension>
     </extensions>
   </trkpt>
   <trkpt lat="-2.6498130" lon="-43.0292680">
    <ele>36.2</ele>
    <time>2026-06-15T15:14:28Z</time>
     <extensions>
      <gpxtpx:TrackPointExtension>
       <gpxtpx:hr>124</gpxtpx:hr>
      </gpxtpx:TrackPointExtension>
     </extensions>
   </trkpt>
   <trkpt lat="-2.6498010" lon="-43.0293080">
    <ele>36.2</ele>
    <time>2026-06-15T15:14:33Z</time>
     <extensions>
      <gpxtpx:TrackPointExtension>
       <gpxtpx:hr>127</gpxtpx:hr>
      </gpxtpx:TrackPointExtension>
     </extensions>
   </trkpt>
   <trkpt lat="-2.6497750" lon="-43.0293390">
    <ele>36.2</ele>
    <time>2026-06-15T15:14:39Z</time>
     <extensions>
      <gpxtpx:TrackPointExtension>
       <gpxtpx:hr>129</gpxtpx:hr>
      </gpxtpx:TrackPointExtension>
     </extensions>
   </trkpt>
   <trkpt lat="-2.6497480" lon="-43.0293700">
    <ele>36.2</ele>
    <time>2026-06-15T15:14:44Z</time>
     <extensions>
      <gpxtpx:TrackPointExtension>
       <gpxtpx:hr>128</gpxtpx:hr>
      </gpxtpx:TrackPointExtension>
     </extensions>
   </trkpt>
   <trkpt lat="-2.6497280" lon="-43.0293980">
    <ele>36.2</ele>
    <time>2026-06-15T15:14:49Z</time>
     <extensions>
      <gpxtpx:TrackPointExtension>
       <gpxtpx:hr>128</gpxtpx:hr>
      </gpxtpx:TrackPointExtension>
     </extensions>
   </trkpt>
   <trkpt lat="-2.6497100" lon="-43.0294260">
    <ele>36.2</ele>
    <time>2026-06-15T15:14:54Z</time>
     <extensions>
      <gpxtpx:TrackPointExtension>
       <gpxtpx:hr>123</gpxtpx:hr>
      </gpxtpx:TrackPointExtension>
     </extensions>
   </trkpt>
   <trkpt lat="-2.6496730" lon="-43.0294410">
    <ele>36.2</ele>
    <time>2026-06-15T15:14:59Z</time>
     <extensions>
      <gpxtpx:TrackPointExtension>
       <gpxtpx:hr>123</gpxtpx:hr>
      </gpxtpx:TrackPointExtension>
     </extensions>
   </trkpt>
   <trkpt lat="-2.6496360" lon="-43.0294500">
    <ele>36.0</ele>
    <time>2026-06-15T15:15:04Z</time>
     <extensions>
      <gpxtpx:TrackPointExtension>
       <gpxtpx:hr>123</gpxtpx:hr>
      </gpxtpx:TrackPointExtension>
     </extensions>
   </trkpt>
   <trkpt lat="-2.6496010" lon="-43.0294610">
    <ele>36.0</ele>
    <time>2026-06-15T15:15:09Z</time>
     <extensions>
      <gpxtpx:TrackPointExtension>
       <gpxtpx:hr>123</gpxtpx:hr>
      </gpxtpx:TrackPointExtension>
     </extensions>
   </trkpt>
   <trkpt lat="-2.6495740" lon="-43.0294700">
    <ele>36.0</ele>
    <time>2026-06-15T15:15:14Z</time>
     <extensions>
      <gpxtpx:TrackPointExtension>
       <gpxtpx:hr>122</gpxtpx:hr>
      </gpxtpx:TrackPointExtension>
     </extensions>
   </trkpt>
   <trkpt lat="-2.6495560" lon="-43.0294860">
    <ele>36.2</ele>
    <time>2026-06-15T15:15:19Z</time>
     <extensions>
      <gpxtpx:TrackPointExtension>
       <gpxtpx:hr>122</gpxtpx:hr>
      </gpxtpx:TrackPointExtension>
     </extensions>
   </trkpt>
   <trkpt lat="-2.6495350" lon="-43.0295010">
    <ele>36.4</ele>
    <time>2026-06-15T15:15:24Z</time>
     <extensions>
      <gpxtpx:TrackPointExtension>
       <gpxtpx:hr>122</gpxtpx:hr>
      </gpxtpx:TrackPointExtension>
     </extensions>
   </trkpt>
   <trkpt lat="-2.6495160" lon="-43.0295180">
    <ele>36.6</ele>
    <time>2026-06-15T15:15:29Z</time>
     <extensions>
      <gpxtpx:TrackPointExtension>
       <gpxtpx:hr>123</gpxtpx:hr>
      </gpxtpx:TrackPointExtension>
     </extensions>
   </trkpt>
   <trkpt lat="-2.6495010" lon="-43.0295310">
    <ele>37.0</ele>
    <time>2026-06-15T15:15:34Z</time>
     <extensions>
      <gpxtpx:TrackPointExtension>
       <gpxtpx:hr>123</gpxtpx:hr>
      </gpxtpx:TrackPointExtension>
     </extensions>
   </trkpt>
   <trkpt lat="-2.6494830" lon="-43.0295400">
    <ele>37.2</ele>
    <time>2026-06-15T15:15:39Z</time>
     <extensions>
      <gpxtpx:TrackPointExtension>
       <gpxtpx:hr>128</gpxtpx:hr>
      </gpxtpx:TrackPointExtension>
     </extensions>
   </trkpt>
   <trkpt lat="-2.6494680" lon="-43.0295490">
    <ele>37.4</ele>
    <time>2026-06-15T15:15:44Z</time>
     <extensions>
      <gpxtpx:TrackPointExtension>
       <gpxtpx:hr>130</gpxtpx:hr>
      </gpxtpx:TrackPointExtension>
     </extensions>
   </trkpt>
   <trkpt lat="-2.6494640" lon="-43.0295760">
    <ele>37.6</ele>
    <time>2026-06-15T15:15:49Z</time>
     <extensions>
      <gpxtpx:TrackPointExtension>
       <gpxtpx:hr>128</gpxtpx:hr>
      </gpxtpx:TrackPointExtension>
     </extensions>
   </trkpt>
   <trkpt lat="-2.6494530" lon="-43.0296030">
    <ele>38.0</ele>
    <time>2026-06-15T15:15:54Z</time>
     <extensions>
      <gpxtpx:TrackPointExtension>
       <gpxtpx:hr>128</gpxtpx:hr>
      </gpxtpx:TrackPointExtension>
     </extensions>
   </trkpt>
   <trkpt lat="-2.6494500" lon="-43.0296380">
    <ele>38.2</ele>
    <time>2026-06-15T15:15:59Z</time>
     <extensions>
      <gpxtpx:TrackPointExtension>
       <gpxtpx:hr>121</gpxtpx:hr>
      </gpxtpx:TrackPointExtension>
     </extensions>
   </trkpt>
   <trkpt lat="-2.6494390" lon="-43.0296810">
    <ele>38.4</ele>
    <time>2026-06-15T15:16:04Z</time>
     <extensions>
      <gpxtpx:TrackPointExtension>
       <gpxtpx:hr>123</gpxtpx:hr>
      </gpxtpx:TrackPointExtension>
     </extensions>
   </trkpt>
   <trkpt lat="-2.6494260" lon="-43.0297130">
    <ele>38.4</ele>
    <time>2026-06-15T15:16:09Z</time>
     <extensions>
      <gpxtpx:TrackPointExtension>
       <gpxtpx:hr>123</gpxtpx:hr>
      </gpxtpx:TrackPointExtension>
     </extensions>
   </trkpt>
   <trkpt lat="-2.6494190" lon="-43.0297400">
    <ele>38.6</ele>
    <time>2026-06-15T15:16:14Z</time>
     <extensions>
      <gpxtpx:TrackPointExtension>
       <gpxtpx:hr>123</gpxtpx:hr>
      </gpxtpx:TrackPointExtension>
     </extensions>
   </trkpt>
   <trkpt lat="-2.6494200" lon="-43.0297690">
    <ele>38.6</ele>
    <time>2026-06-15T15:16:19Z</time>
     <extensions>
      <gpxtpx:TrackPointExtension>
       <gpxtpx:hr>124</gpxtpx:hr>
      </gpxtpx:TrackPointExtension>
     </extensions>
   </trkpt>
   <trkpt lat="-2.6494190" lon="-43.0298040">
    <ele>38.8</ele>
    <time>2026-06-15T15:16:24Z</time>
     <extensions>
      <gpxtpx:TrackPointExtension>
       <gpxtpx:hr>124</gpxtpx:hr>
      </gpxtpx:TrackPointExtension>
     </extensions>
   </trkpt>
   <trkpt lat="-2.6494340" lon="-43.0298470">
    <ele>39.0</ele>
    <time>2026-06-15T15:16:29Z</time>
     <extensions>
      <gpxtpx:TrackPointExtension>
       <gpxtpx:hr>124</gpxtpx:hr>
      </gpxtpx:TrackPointExtension>
     </extensions>
   </trkpt>
   <trkpt lat="-2.6494480" lon="-43.0299020">
    <ele>39.4</ele>
    <time>2026-06-15T15:16:34Z</time>
     <extensions>
      <gpxtpx:TrackPointExtension>
       <gpxtpx:hr>124</gpxtpx:hr>
      </gpxtpx:TrackPointExtension>
     </extensions>
   </trkpt>
   <trkpt lat="-2.6494500" lon="-43.0299510">
    <ele>39.6</ele>
    <time>2026-06-15T15:16:39Z</time>
     <extensions>
      <gpxtpx:TrackPointExtension>
       <gpxtpx:hr>126</gpxtpx:hr>
      </gpxtpx:TrackPointExtension>
     </extensions>
   </trkpt>
   <trkpt lat="-2.6494530" lon="-43.0300050">
    <ele>39.8</ele>
    <time>2026-06-15T15:16:44Z</time>
     <extensions>
      <gpxtpx:TrackPointExtension>
       <gpxtpx:hr>126</gpxtpx:hr>
      </gpxtpx:TrackPointExtension>
     </extensions>
   </trkpt>
   <trkpt lat="-2.6494520" lon="-43.0300530">
    <ele>40.0</ele>
    <time>2026-06-15T15:16:49Z</time>
     <extensions>
      <gpxtpx:TrackPointExtension>
       <gpxtpx:hr>129</gpxtpx:hr>
      </gpxtpx:TrackPointExtension>
     </extensions>
   </trkpt>
   <trkpt lat="-2.6494570" lon="-43.0301070">
    <ele>40.0</ele>
    <time>2026-06-15T15:16:54Z</time>
     <extensions>
      <gpxtpx:TrackPointExtension>
       <gpxtpx:hr>132</gpxtpx:hr>
      </gpxtpx:TrackPointExtension>
     </extensions>
   </trkpt>
   <trkpt lat="-2.6494390" lon="-43.0301420">
    <ele>40.2</ele>
    <time>2026-06-15T15:16:59Z</time>
     <extensions>
      <gpxtpx:TrackPointExtension>
       <gpxtpx:hr>131</gpxtpx:hr>
      </gpxtpx:TrackPointExtension>
     </extensions>
   </trkpt>
   <trkpt lat="-2.6494220" lon="-43.0301920">
    <ele>40.0</ele>
    <time>2026-06-15T15:17:04Z</time>
     <extensions>
      <gpxtpx:TrackPointExtension>
       <gpxtpx:hr>131</gpxtpx:hr>
      </gpxtpx:TrackPointExtension>
     </extensions>
   </trkpt>
   <trkpt lat="-2.6494140" lon="-43.0302330">
    <ele>40.0</ele>
    <time>2026-06-15T15:17:09Z</time>
     <extensions>
      <gpxtpx:TrackPointExtension>
       <gpxtpx:hr>136</gpxtpx:hr>
      </gpxtpx:TrackPointExtension>
     </extensions>
   </trkpt>
   <trkpt lat="-2.6494180" lon="-43.0302670">
    <ele>40.0</ele>
    <time>2026-06-15T15:17:14Z</time>
     <extensions>
      <gpxtpx:TrackPointExtension>
       <gpxtpx:hr>139</gpxtpx:hr>
      </gpxtpx:TrackPointExtension>
     </extensions>
   </trkpt>
   <trkpt lat="-2.6494340" lon="-43.0303020">
    <ele>39.8</ele>
    <time>2026-06-15T15:17:19Z</time>
     <extensions>
      <gpxtpx:TrackPointExtension>
       <gpxtpx:hr>139</gpxtpx:hr>
      </gpxtpx:TrackPointExtension>
     </extensions>
   </trkpt>
   <trkpt lat="-2.6494310" lon="-43.0303140">
    <ele>39.6</ele>
    <time>2026-06-15T15:17:24Z</time>
     <extensions>
      <gpxtpx:TrackPointExtension>
       <gpxtpx:hr>137</gpxtpx:hr>
      </gpxtpx:TrackPointExtension>
     </extensions>
   </trkpt>
   <trkpt lat="-2.6494260" lon="-43.0303220">
    <ele>39.4</ele>
    <time>2026-06-15T15:17:29Z</time>
     <extensions>
      <gpxtpx:TrackPointExtension>
       <gpxtpx:hr>137</gpxtpx:hr>
      </gpxtpx:TrackPointExtension>
     </extensions>
   </trkpt>
   <trkpt lat="-2.6494230" lon="-43.0303390">
    <ele>39.6</ele>
    <time>2026-06-15T15:17:34Z</time>
     <extensions>
      <gpxtpx:TrackPointExtension>
       <gpxtpx:hr>137</gpxtpx:hr>
      </gpxtpx:TrackPointExtension>
     </extensions>
   </trkpt>
   <trkpt lat="-2.6494320" lon="-43.0303700">
    <ele>39.6</ele>
    <time>2026-06-15T15:17:39Z</time>
     <extensions>
      <gpxtpx:TrackPointExtension>
       <gpxtpx:hr>128</gpxtpx:hr>
      </gpxtpx:TrackPointExtension>
     </extensions>
   </trkpt>
   <trkpt lat="-2.6494440" lon="-43.0304010">
    <ele>39.8</ele>
    <time>2026-06-15T15:17:44Z</time>
     <extensions>
      <gpxtpx:TrackPointExtension>
       <gpxtpx:hr>133</gpxtpx:hr>
      </gpxtpx:TrackPointExtension>
     </extensions>
   </trkpt>
   <trkpt lat="-2.6494500" lon="-43.0304360">
    <ele>39.8</ele>
    <time>2026-06-15T15:17:49Z</time>
     <extensions>
      <gpxtpx:TrackPointExtension>
       <gpxtpx:hr>132</gpxtpx:hr>
      </gpxtpx:TrackPointExtension>
     </extensions>
   </trkpt>
   <trkpt lat="-2.6494520" lon="-43.0304760">
    <ele>39.6</ele>
    <time>2026-06-15T15:17:54Z</time>
     <extensions>
      <gpxtpx:TrackPointExtension>
       <gpxtpx:hr>129</gpxtpx:hr>
      </gpxtpx:TrackPointExtension>
     </extensions>
   </trkpt>
   <trkpt lat="-2.6494410" lon="-43.0305180">
    <ele>39.6</ele>
    <time>2026-06-15T15:17:59Z</time>
     <extensions>
      <gpxtpx:TrackPointExtension>
       <gpxtpx:hr>129</gpxtpx:hr>
      </gpxtpx:TrackPointExtension>
     </extensions>
   </trkpt>
   <trkpt lat="-2.6494450" lon="-43.0305660">
    <ele>39.6</ele>
    <time>2026-06-15T15:18:04Z</time>
     <extensions>
      <gpxtpx:TrackPointExtension>
       <gpxtpx:hr>130</gpxtpx:hr>
      </gpxtpx:TrackPointExtension>
     </extensions>
   </trkpt>
   <trkpt lat="-2.6494520" lon="-43.0306010">
    <ele>39.6</ele>
    <time>2026-06-15T15:18:09Z</time>
     <extensions>
      <gpxtpx:TrackPointExtension>
       <gpxtpx:hr>131</gpxtpx:hr>
      </gpxtpx:TrackPointExtension>
     </extensions>
   </trkpt>
   <trkpt lat="-2.6494630" lon="-43.0306370">
    <ele>39.6</ele>
    <time>2026-06-15T15:18:14Z</time>
     <extensions>
      <gpxtpx:TrackPointExtension>
       <gpxtpx:hr>126</gpxtpx:hr>
      </gpxtpx:TrackPointExtension>
     </extensions>
   </trkpt>
   <trkpt lat="-2.6494670" lon="-43.0306750">
    <ele>39.6</ele>
    <time>2026-06-15T15:18:19Z</time>
     <extensions>
      <gpxtpx:TrackPointExtension>
       <gpxtpx:hr>126</gpxtpx:hr>
      </gpxtpx:TrackPointExtension>
     </extensions>
   </trkpt>
   <trkpt lat="-2.6494820" lon="-43.0307140">
    <ele>39.6</ele>
    <time>2026-06-15T15:18:24Z</time>
     <extensions>
      <gpxtpx:TrackPointExtension>
       <gpxtpx:hr>137</gpxtpx:hr>
      </gpxtpx:TrackPointExtension>
     </extensions>
   </trkpt>
   <trkpt lat="-2.6494960" lon="-43.0307420">
    <ele>39.6</ele>
    <time>2026-06-15T15:18:29Z</time>
     <extensions>
      <gpxtpx:TrackPointExtension>
       <gpxtpx:hr>139</gpxtpx:hr>
      </gpxtpx:TrackPointExtension>
     </extensions>
   </trkpt>
   <trkpt lat="-2.6495170" lon="-43.0307750">
    <ele>39.4</ele>
    <time>2026-06-15T15:18:34Z</time>
     <extensions>
      <gpxtpx:TrackPointExtension>
       <gpxtpx:hr>137</gpxtpx:hr>
      </gpxtpx:TrackPointExtension>
     </extensions>
   </trkpt>
   <trkpt lat="-2.6495510" lon="-43.0308100">
    <ele>39.2</ele>
    <time>2026-06-15T15:18:39Z</time>
     <extensions>
      <gpxtpx:TrackPointExtension>
       <gpxtpx:hr>137</gpxtpx:hr>
      </gpxtpx:TrackPointExtension>
     </extensions>
   </trkpt>
   <trkpt lat="-2.6495750" lon="-43.0308520">
    <ele>39.0</ele>
    <time>2026-06-15T15:18:45Z</time>
     <extensions>
      <gpxtpx:TrackPointExtension>
       <gpxtpx:hr>139</gpxtpx:hr>
      </gpxtpx:TrackPointExtension>
     </extensions>
   </trkpt>
   <trkpt lat="-2.6495820" lon="-43.0309030">
    <ele>38.8</ele>
    <time>2026-06-15T15:18:50Z</time>
     <extensions>
      <gpxtpx:TrackPointExtension>
       <gpxtpx:hr>139</gpxtpx:hr>
      </gpxtpx:TrackPointExtension>
     </extensions>
   </trkpt>
   <trkpt lat="-2.6495930" lon="-43.0309450">
    <ele>38.8</ele>
    <time>2026-06-15T15:18:55Z</time>
     <extensions>
      <gpxtpx:TrackPointExtension>
       <gpxtpx:hr>139</gpxtpx:hr>
      </gpxtpx:TrackPointExtension>
     </extensions>
   </trkpt>
   <trkpt lat="-2.6496130" lon="-43.0309910">
    <ele>38.8</ele>
    <time>2026-06-15T15:19:00Z</time>
     <extensions>
      <gpxtpx:TrackPointExtension>
       <gpxtpx:hr>139</gpxtpx:hr>
      </gpxtpx:TrackPointExtension>
     </extensions>
   </trkpt>
   <trkpt lat="-2.6496320" lon="-43.0310220">
    <ele>38.8</ele>
    <time>2026-06-15T15:19:05Z</time>
     <extensions>
      <gpxtpx:TrackPointExtension>
       <gpxtpx:hr>143</gpxtpx:hr>
      </gpxtpx:TrackPointExtension>
     </extensions>
   </trkpt>
   <trkpt lat="-2.6496600" lon="-43.0310640">
    <ele>38.8</ele>
    <time>2026-06-15T15:19:10Z</time>
     <extensions>
      <gpxtpx:TrackPointExtension>
       <gpxtpx:hr>142</gpxtpx:hr>
      </gpxtpx:TrackPointExtension>
     </extensions>
   </trkpt>
   <trkpt lat="-2.6496680" lon="-43.0311090">
    <ele>38.6</ele>
    <time>2026-06-15T15:19:15Z</time>
     <extensions>
      <gpxtpx:TrackPointExtension>
       <gpxtpx:hr>142</gpxtpx:hr>
      </gpxtpx:TrackPointExtension>
     </extensions>
   </trkpt>
   <trkpt lat="-2.6496790" lon="-43.0311700">
    <ele>38.6</ele>
    <time>2026-06-15T15:19:20Z</time>
     <extensions>
      <gpxtpx:TrackPointExtension>
       <gpxtpx:hr>142</gpxtpx:hr>
      </gpxtpx:TrackPointExtension>
     </extensions>
   </trkpt>
   <trkpt lat="-2.6496790" lon="-43.0312330">
    <ele>38.6</ele>
    <time>2026-06-15T15:19:25Z</time>
     <extensions>
      <gpxtpx:TrackPointExtension>
       <gpxtpx:hr>144</gpxtpx:hr>
      </gpxtpx:TrackPointExtension>
     </extensions>
   </trkpt>
   <trkpt lat="-2.6496750" lon="-43.0312870">
    <ele>38.6</ele>
    <time>2026-06-15T15:19:30Z</time>
     <extensions>
      <gpxtpx:TrackPointExtension>
       <gpxtpx:hr>145</gpxtpx:hr>
      </gpxtpx:TrackPointExtension>
     </extensions>
   </trkpt>
   <trkpt lat="-2.6496810" lon="-43.0313210">
    <ele>38.6</ele>
    <time>2026-06-15T15:19:35Z</time>
     <extensions>
      <gpxtpx:TrackPointExtension>
       <gpxtpx:hr>149</gpxtpx:hr>
      </gpxtpx:TrackPointExtension>
     </extensions>
   </trkpt>
   <trkpt lat="-2.6496900" lon="-43.0313490">
    <ele>38.8</ele>
    <time>2026-06-15T15:19:40Z</time>
     <extensions>
      <gpxtpx:TrackPointExtension>
       <gpxtpx:hr>149</gpxtpx:hr>
      </gpxtpx:TrackPointExtension>
     </extensions>
   </trkpt>
   <trkpt lat="-2.6497240" lon="-43.0313750">
    <ele>39.2</ele>
    <time>2026-06-15T15:19:45Z</time>
     <extensions>
      <gpxtpx:TrackPointExtension>
       <gpxtpx:hr>148</gpxtpx:hr>
      </gpxtpx:TrackPointExtension>
     </extensions>
   </trkpt>
   <trkpt lat="-2.6497570" lon="-43.0314080">
    <ele>39.8</ele>
    <time>2026-06-15T15:19:50Z</time>
     <extensions>
      <gpxtpx:TrackPointExtension>
       <gpxtpx:hr>152</gpxtpx:hr>
      </gpxtpx:TrackPointExtension>
     </extensions>
   </trkpt>
   <trkpt lat="-2.6497790" lon="-43.0314370">
    <ele>40.2</ele>
    <time>2026-06-15T15:19:55Z</time>
     <extensions>
      <gpxtpx:TrackPointExtension>
       <gpxtpx:hr>152</gpxtpx:hr>
      </gpxtpx:TrackPointExtension>
     </extensions>
   </trkpt>
   <trkpt lat="-2.6497940" lon="-43.0314720">
    <ele>40.6</ele>
    <time>2026-06-15T15:20:00Z</time>
     <extensions>
      <gpxtpx:TrackPointExtension>
       <gpxtpx:hr>152</gpxtpx:hr>
      </gpxtpx:TrackPointExtension>
     </extensions>
   </trkpt>
   <trkpt lat="-2.6498020" lon="-43.0315200">
    <ele>40.6</ele>
    <time>2026-06-15T15:20:05Z</time>
     <extensions>
      <gpxtpx:TrackPointExtension>
       <gpxtpx:hr>152</gpxtpx:hr>
      </gpxtpx:TrackPointExtension>
     </extensions>
   </trkpt>
   <trkpt lat="-2.6498100" lon="-43.0315620">
    <ele>40.6</ele>
    <time>2026-06-15T15:20:10Z</time>
     <extensions>
      <gpxtpx:TrackPointExtension>
       <gpxtpx:hr>152</gpxtpx:hr>
      </gpxtpx:TrackPointExtension>
     </extensions>
   </trkpt>
   <trkpt lat="-2.6498160" lon="-43.0316090">
    <ele>40.4</ele>
    <time>2026-06-15T15:20:15Z</time>
     <extensions>
      <gpxtpx:TrackPointExtension>
       <gpxtpx:hr>149</gpxtpx:hr>
      </gpxtpx:TrackPointExtension>
     </extensions>
   </trkpt>
   <trkpt lat="-2.6498260" lon="-43.0316540">
    <ele>40.4</ele>
    <time>2026-06-15T15:20:20Z</time>
     <extensions>
      <gpxtpx:TrackPointExtension>
       <gpxtpx:hr>149</gpxtpx:hr>
      </gpxtpx:TrackPointExtension>
     </extensions>
   </trkpt>
   <trkpt lat="-2.6498330" lon="-43.0317050">
    <ele>40.2</ele>
    <time>2026-06-15T15:20:25Z</time>
     <extensions>
      <gpxtpx:TrackPointExtension>
       <gpxtpx:hr>151</gpxtpx:hr>
      </gpxtpx:TrackPointExtension>
     </extensions>
   </trkpt>
   <trkpt lat="-2.6498440" lon="-43.0317580">
    <ele>40.2</ele>
    <time>2026-06-15T15:20:30Z</time>
     <extensions>
      <gpxtpx:TrackPointExtension>
       <gpxtpx:hr>149</gpxtpx:hr>
      </gpxtpx:TrackPointExtension>
     </extensions>
   </trkpt>
   <trkpt lat="-2.6498520" lon="-43.0317880">
    <ele>40.2</ele>
    <time>2026-06-15T15:20:35Z</time>
     <extensions>
      <gpxtpx:TrackPointExtension>
       <gpxtpx:hr>147</gpxtpx:hr>
      </gpxtpx:TrackPointExtension>
     </extensions>
   </trkpt>
   <trkpt lat="-2.6498550" lon="-43.0318400">
    <ele>40.2</ele>
    <time>2026-06-15T15:20:40Z</time>
     <extensions>
      <gpxtpx:TrackPointExtension>
       <gpxtpx:hr>144</gpxtpx:hr>
      </gpxtpx:TrackPointExtension>
     </extensions>
   </trkpt>
   <trkpt lat="-2.6498630" lon="-43.0318690">
    <ele>39.6</ele>
    <time>2026-06-15T15:20:45Z</time>
     <extensions>
      <gpxtpx:TrackPointExtension>
       <gpxtpx:hr>144</gpxtpx:hr>
      </gpxtpx:TrackPointExtension>
     </extensions>
   </trkpt>
   <trkpt lat="-2.6498730" lon="-43.0319170">
    <ele>38.8</ele>
    <time>2026-06-15T15:20:50Z</time>
     <extensions>
      <gpxtpx:TrackPointExtension>
       <gpxtpx:hr>144</gpxtpx:hr>
      </gpxtpx:TrackPointExtension>
     </extensions>
   </trkpt>
   <trkpt lat="-2.6498850" lon="-43.0319580">
    <ele>38.2</ele>
    <time>2026-06-15T15:20:55Z</time>
     <extensions>
      <gpxtpx:TrackPointExtension>
       <gpxtpx:hr>141</gpxtpx:hr>
      </gpxtpx:TrackPointExtension>
     </extensions>
   </trkpt>
   <trkpt lat="-2.6498960" lon="-43.0320060">
    <ele>37.8</ele>
    <time>2026-06-15T15:21:00Z</time>
     <extensions>
      <gpxtpx:TrackPointExtension>
       <gpxtpx:hr>141</gpxtpx:hr>
      </gpxtpx:TrackPointExtension>
     </extensions>
   </trkpt>
   <trkpt lat="-2.6499070" lon="-43.0320560">
    <ele>38.0</ele>
    <time>2026-06-15T15:21:05Z</time>
     <extensions>
      <gpxtpx:TrackPointExtension>
       <gpxtpx:hr>141</gpxtpx:hr>
      </gpxtpx:TrackPointExtension>
     </extensions>
   </trkpt>
   <trkpt lat="-2.6499260" lon="-43.0320930">
    <ele>38.0</ele>
    <time>2026-06-15T15:21:10Z</time>
     <extensions>
      <gpxtpx:TrackPointExtension>
       <gpxtpx:hr>143</gpxtpx:hr>
      </gpxtpx:TrackPointExtension>
     </extensions>
   </trkpt>
   <trkpt lat="-2.6499390" lon="-43.0321280">
    <ele>36.6</ele>
    <time>2026-06-15T15:21:15Z</time>
     <extensions>
      <gpxtpx:TrackPointExtension>
       <gpxtpx:hr>143</gpxtpx:hr>
      </gpxtpx:TrackPointExtension>
     </extensions>
   </trkpt>
   <trkpt lat="-2.6499310" lon="-43.0321680">
    <ele>33.6</ele>
    <time>2026-06-15T15:21:20Z</time>
     <extensions>
      <gpxtpx:TrackPointExtension>
       <gpxtpx:hr>149</gpxtpx:hr>
      </gpxtpx:TrackPointExtension>
     </extensions>
   </trkpt>
   <trkpt lat="-2.6499310" lon="-43.0321730">
    <ele>32.8</ele>
    <time>2026-06-15T15:21:21Z</time>
     <extensions>
      <gpxtpx:TrackPointExtension>
       <gpxtpx:hr>149</gpxtpx:hr>
      </gpxtpx:TrackPointExtension>
     </extensions>
   </trkpt>
  </trkseg>
 </trk>
</gpx>
