<?xml version="1.0" encoding="UTF-8"?>
<gpx creator="StravaGPX" version="1.1" xmlns="http://www.topografix.com/GPX/1/1" xmlns:xsi="http://www.w3.org/2001/XMLSchema-instance" xsi:schemaLocation="http://www.topografix.com/GPX/1/1 http://www.topografix.com/GPX/1/1/gpx.xsd http://www.garmin.com/xmlschemas/GpxExtensions/v3 http://www.garmin.com/xmlschemas/GpxExtensionsv3.xsd http://www.garmin.com/xmlschemas/TrackPointExtension/v1 http://www.garmin.com/xmlschemas/TrackPointExtensionv1.xsd" xmlns:gpxtpx="http://www.garmin.com/xmlschemas/TrackPointExtension/v1" xmlns:gpxx="http://www.garmin.com/xmlschemas/GpxExtensions/v3">
 <metadata>
  <name>Lorena - Lencois Maranhenses Dia 3 (17 jun)</name>
  <time>2026-06-17T09:25:06Z</time>
 </metadata>
 <trk>
  <name>Lorena - Lencois Maranhenses Dia 3 (17 jun)</name>
  <type>Hike</type>
  <trkseg>
   <trkpt lat="-2.6124750" lon="-43.0576890">
    <ele>29.0</ele>
    <time>2026-06-17T09:25:06Z</time>
     <extensions>
      <gpxtpx:TrackPointExtension>
       <gpxtpx:hr>101</gpxtpx:hr>
      </gpxtpx:TrackPointExtension>
     </extensions>
   </trkpt>
   <trkpt lat="-2.6124750" lon="-43.0576850">
    <ele>27.2</ele>
    <time>2026-06-17T09:26:58Z</time>
     <extensions>
      <gpxtpx:TrackPointExtension>
       <gpxtpx:hr>101</gpxtpx:hr>
      </gpxtpx:TrackPointExtension>
     </extensions>
   </trkpt>
   <trkpt lat="-2.6124730" lon="-43.0576470">
    <ele>26.2</ele>
    <time>2026-06-17T09:27:03Z</time>
     <extensions>
      <gpxtpx:TrackPointExtension>
       <gpxtpx:hr>106</gpxtpx:hr>
      </gpxtpx:TrackPointExtension>
     </extensions>
   </trkpt>
   <trkpt lat="-2.6124710" lon="-43.0575950">
    <ele>26.0</ele>
    <time>2026-06-17T09:27:08Z</time>
     <extensions>
      <gpxtpx:TrackPointExtension>
       <gpxtpx:hr>106</gpxtpx:hr>
      </gpxtpx:TrackPointExtension>
     </extensions>
   </trkpt>
   <trkpt lat="-2.6124620" lon="-43.0575440">
    <ele>26.0</ele>
    <time>2026-06-17T09:27:13Z</time>
     <extensions>
      <gpxtpx:TrackPointExtension>
       <gpxtpx:hr>104</gpxtpx:hr>
      </gpxtpx:TrackPointExtension>
     </extensions>
   </trkpt>
   <trkpt lat="-2.6124340" lon="-43.0575100">
    <ele>25.8</ele>
    <time>2026-06-17T09:27:18Z</time>
     <extensions>
      <gpxtpx:TrackPointExtension>
       <gpxtpx:hr>105</gpxtpx:hr>
      </gpxtpx:TrackPointExtension>
     </extensions>
   </trkpt>
   <trkpt lat="-2.6124040" lon="-43.0574810">
    <ele>25.8</ele>
    <time>2026-06-17T09:27:23Z</time>
     <extensions>
      <gpxtpx:TrackPointExtension>
       <gpxtpx:hr>105</gpxtpx:hr>
      </gpxtpx:TrackPointExtension>
     </extensions>
   </trkpt>
   <trkpt lat="-2.6123580" lon="-43.0574820">
    <ele>26.0</ele>
    <time>2026-06-17T09:27:28Z</time>
     <extensions>
      <gpxtpx:TrackPointExtension>
       <gpxtpx:hr>105</gpxtpx:hr>
      </gpxtpx:TrackPointExtension>
     </extensions>
   </trkpt>
   <trkpt lat="-2.6123110" lon="-43.0574820">
    <ele>26.2</ele>
    <time>2026-06-17T09:27:33Z</time>
     <extensions>
      <gpxtpx:TrackPointExtension>
       <gpxtpx:hr>109</gpxtpx:hr>
      </gpxtpx:TrackPointExtension>
     </extensions>
   </trkpt>
   <trkpt lat="-2.6122690" lon="-43.0574710">
    <ele>26.4</ele>
    <time>2026-06-17T09:27:38Z</time>
     <extensions>
      <gpxtpx:TrackPointExtension>
       <gpxtpx:hr>110</gpxtpx:hr>
      </gpxtpx:TrackPointExtension>
     </extensions>
   </trkpt>
   <trkpt lat="-2.6122300" lon="-43.0574570">
    <ele>26.4</ele>
    <time>2026-06-17T09:27:43Z</time>
     <extensions>
      <gpxtpx:TrackPointExtension>
       <gpxtpx:hr>103</gpxtpx:hr>
      </gpxtpx:TrackPointExtension>
     </extensions>
   </trkpt>
   <trkpt lat="-2.6122010" lon="-43.0574280">
    <ele>26.6</ele>
    <time>2026-06-17T09:27:48Z</time>
     <extensions>
      <gpxtpx:TrackPointExtension>
       <gpxtpx:hr>103</gpxtpx:hr>
      </gpxtpx:TrackPointExtension>
     </extensions>
   </trkpt>
   <trkpt lat="-2.6121910" lon="-43.0573840">
    <ele>26.6</ele>
    <time>2026-06-17T09:27:53Z</time>
     <extensions>
      <gpxtpx:TrackPointExtension>
       <gpxtpx:hr>105</gpxtpx:hr>
      </gpxtpx:TrackPointExtension>
     </extensions>
   </trkpt>
   <trkpt lat="-2.6121870" lon="-43.0573480">
    <ele>26.8</ele>
    <time>2026-06-17T09:27:58Z</time>
     <extensions>
      <gpxtpx:TrackPointExtension>
       <gpxtpx:hr>105</gpxtpx:hr>
      </gpxtpx:TrackPointExtension>
     </extensions>
   </trkpt>
   <trkpt lat="-2.6121820" lon="-43.0573110">
    <ele>27.0</ele>
    <time>2026-06-17T09:28:03Z</time>
     <extensions>
      <gpxtpx:TrackPointExtension>
       <gpxtpx:hr>107</gpxtpx:hr>
      </gpxtpx:TrackPointExtension>
     </extensions>
   </trkpt>
   <trkpt lat="-2.6121790" lon="-43.0572750">
    <ele>27.2</ele>
    <time>2026-06-17T09:28:08Z</time>
     <extensions>
      <gpxtpx:TrackPointExtension>
       <gpxtpx:hr>107</gpxtpx:hr>
      </gpxtpx:TrackPointExtension>
     </extensions>
   </trkpt>
   <trkpt lat="-2.6121730" lon="-43.0572330">
    <ele>27.0</ele>
    <time>2026-06-17T09:28:13Z</time>
     <extensions>
      <gpxtpx:TrackPointExtension>
       <gpxtpx:hr>110</gpxtpx:hr>
      </gpxtpx:TrackPointExtension>
     </extensions>
   </trkpt>
   <trkpt lat="-2.6121690" lon="-43.0571890">
    <ele>27.0</ele>
    <time>2026-06-17T09:28:18Z</time>
     <extensions>
      <gpxtpx:TrackPointExtension>
       <gpxtpx:hr>110</gpxtpx:hr>
      </gpxtpx:TrackPointExtension>
     </extensions>
   </trkpt>
   <trkpt lat="-2.6121620" lon="-43.0571480">
    <ele>26.8</ele>
    <time>2026-06-17T09:28:23Z</time>
     <extensions>
      <gpxtpx:TrackPointExtension>
       <gpxtpx:hr>110</gpxtpx:hr>
      </gpxtpx:TrackPointExtension>
     </extensions>
   </trkpt>
   <trkpt lat="-2.6121490" lon="-43.0571180">
    <ele>26.8</ele>
    <time>2026-06-17T09:28:28Z</time>
     <extensions>
      <gpxtpx:TrackPointExtension>
       <gpxtpx:hr>109</gpxtpx:hr>
      </gpxtpx:TrackPointExtension>
     </extensions>
   </trkpt>
   <trkpt lat="-2.6121380" lon="-43.0570820">
    <ele>26.8</ele>
    <time>2026-06-17T09:28:33Z</time>
     <extensions>
      <gpxtpx:TrackPointExtension>
       <gpxtpx:hr>108</gpxtpx:hr>
      </gpxtpx:TrackPointExtension>
     </extensions>
   </trkpt>
   <trkpt lat="-2.6121310" lon="-43.0570570">
    <ele>26.8</ele>
    <time>2026-06-17T09:28:38Z</time>
     <extensions>
      <gpxtpx:TrackPointExtension>
       <gpxtpx:hr>111</gpxtpx:hr>
      </gpxtpx:TrackPointExtension>
     </extensions>
   </trkpt>
   <trkpt lat="-2.6121190" lon="-43.0570220">
    <ele>26.8</ele>
    <time>2026-06-17T09:28:43Z</time>
     <extensions>
      <gpxtpx:TrackPointExtension>
       <gpxtpx:hr>111</gpxtpx:hr>
      </gpxtpx:TrackPointExtension>
     </extensions>
   </trkpt>
   <trkpt lat="-2.6121050" lon="-43.0569900">
    <ele>26.8</ele>
    <time>2026-06-17T09:28:48Z</time>
     <extensions>
      <gpxtpx:TrackPointExtension>
       <gpxtpx:hr>122</gpxtpx:hr>
      </gpxtpx:TrackPointExtension>
     </extensions>
   </trkpt>
   <trkpt lat="-2.6120920" lon="-43.0569670">
    <ele>26.8</ele>
    <time>2026-06-17T09:28:53Z</time>
     <extensions>
      <gpxtpx:TrackPointExtension>
       <gpxtpx:hr>123</gpxtpx:hr>
      </gpxtpx:TrackPointExtension>
     </extensions>
   </trkpt>
   <trkpt lat="-2.6120780" lon="-43.0569420">
    <ele>26.8</ele>
    <time>2026-06-17T09:28:58Z</time>
     <extensions>
      <gpxtpx:TrackPointExtension>
       <gpxtpx:hr>123</gpxtpx:hr>
      </gpxtpx:TrackPointExtension>
     </extensions>
   </trkpt>
   <trkpt lat="-2.6120550" lon="-43.0569230">
    <ele>26.8</ele>
    <time>2026-06-17T09:29:03Z</time>
     <extensions>
      <gpxtpx:TrackPointExtension>
       <gpxtpx:hr>126</gpxtpx:hr>
      </gpxtpx:TrackPointExtension>
     </extensions>
   </trkpt>
   <trkpt lat="-2.6120270" lon="-43.0569050">
    <ele>26.6</ele>
    <time>2026-06-17T09:29:08Z</time>
     <extensions>
      <gpxtpx:TrackPointExtension>
       <gpxtpx:hr>126</gpxtpx:hr>
      </gpxtpx:TrackPointExtension>
     </extensions>
   </trkpt>
   <trkpt lat="-2.6119960" lon="-43.0569070">
    <ele>26.4</ele>
    <time>2026-06-17T09:29:13Z</time>
     <extensions>
      <gpxtpx:TrackPointExtension>
       <gpxtpx:hr>136</gpxtpx:hr>
      </gpxtpx:TrackPointExtension>
     </extensions>
   </trkpt>
   <trkpt lat="-2.6119670" lon="-43.0569220">
    <ele>25.8</ele>
    <time>2026-06-17T09:29:18Z</time>
     <extensions>
      <gpxtpx:TrackPointExtension>
       <gpxtpx:hr>136</gpxtpx:hr>
      </gpxtpx:TrackPointExtension>
     </extensions>
   </trkpt>
   <trkpt lat="-2.6119330" lon="-43.0569360">
    <ele>25.2</ele>
    <time>2026-06-17T09:29:23Z</time>
     <extensions>
      <gpxtpx:TrackPointExtension>
       <gpxtpx:hr>141</gpxtpx:hr>
      </gpxtpx:TrackPointExtension>
     </extensions>
   </trkpt>
   <trkpt lat="-2.6118850" lon="-43.0569440">
    <ele>24.6</ele>
    <time>2026-06-17T09:29:28Z</time>
     <extensions>
      <gpxtpx:TrackPointExtension>
       <gpxtpx:hr>146</gpxtpx:hr>
      </gpxtpx:TrackPointExtension>
     </extensions>
   </trkpt>
   <trkpt lat="-2.6118600" lon="-43.0569560">
    <ele>23.8</ele>
    <time>2026-06-17T09:29:33Z</time>
     <extensions>
      <gpxtpx:TrackPointExtension>
       <gpxtpx:hr>145</gpxtpx:hr>
      </gpxtpx:TrackPointExtension>
     </extensions>
   </trkpt>
   <trkpt lat="-2.6118280" lon="-43.0569830">
    <ele>23.0</ele>
    <time>2026-06-17T09:29:38Z</time>
     <extensions>
      <gpxtpx:TrackPointExtension>
       <gpxtpx:hr>143</gpxtpx:hr>
      </gpxtpx:TrackPointExtension>
     </extensions>
   </trkpt>
   <trkpt lat="-2.6117840" lon="-43.0569960">
    <ele>22.4</ele>
    <time>2026-06-17T09:29:43Z</time>
     <extensions>
      <gpxtpx:TrackPointExtension>
       <gpxtpx:hr>145</gpxtpx:hr>
      </gpxtpx:TrackPointExtension>
     </extensions>
   </trkpt>
   <trkpt lat="-2.6117470" lon="-43.0570090">
    <ele>21.8</ele>
    <time>2026-06-17T09:29:48Z</time>
     <extensions>
      <gpxtpx:TrackPointExtension>
       <gpxtpx:hr>145</gpxtpx:hr>
      </gpxtpx:TrackPointExtension>
     </extensions>
   </trkpt>
   <trkpt lat="-2.6117150" lon="-43.0570320">
    <ele>21.6</ele>
    <time>2026-06-17T09:29:53Z</time>
     <extensions>
      <gpxtpx:TrackPointExtension>
       <gpxtpx:hr>140</gpxtpx:hr>
      </gpxtpx:TrackPointExtension>
     </extensions>
   </trkpt>
   <trkpt lat="-2.6116820" lon="-43.0570440">
    <ele>21.4</ele>
    <time>2026-06-17T09:29:58Z</time>
     <extensions>
      <gpxtpx:TrackPointExtension>
       <gpxtpx:hr>140</gpxtpx:hr>
      </gpxtpx:TrackPointExtension>
     </extensions>
   </trkpt>
   <trkpt lat="-2.6116390" lon="-43.0570460">
    <ele>21.2</ele>
    <time>2026-06-17T09:30:03Z</time>
     <extensions>
      <gpxtpx:TrackPointExtension>
       <gpxtpx:hr>139</gpxtpx:hr>
      </gpxtpx:TrackPointExtension>
     </extensions>
   </trkpt>
   <trkpt lat="-2.6116050" lon="-43.0570400">
    <ele>21.0</ele>
    <time>2026-06-17T09:30:08Z</time>
     <extensions>
      <gpxtpx:TrackPointExtension>
       <gpxtpx:hr>139</gpxtpx:hr>
      </gpxtpx:TrackPointExtension>
     </extensions>
   </trkpt>
   <trkpt lat="-2.6115690" lon="-43.0570330">
    <ele>20.6</ele>
    <time>2026-06-17T09:30:13Z</time>
     <extensions>
      <gpxtpx:TrackPointExtension>
       <gpxtpx:hr>137</gpxtpx:hr>
      </gpxtpx:TrackPointExtension>
     </extensions>
   </trkpt>
   <trkpt lat="-2.6115260" lon="-43.0570330">
    <ele>19.8</ele>
    <time>2026-06-17T09:30:18Z</time>
     <extensions>
      <gpxtpx:TrackPointExtension>
       <gpxtpx:hr>138</gpxtpx:hr>
      </gpxtpx:TrackPointExtension>
     </extensions>
   </trkpt>
   <trkpt lat="-2.6114880" lon="-43.0570260">
    <ele>19.2</ele>
    <time>2026-06-17T09:30:23Z</time>
     <extensions>
      <gpxtpx:TrackPointExtension>
       <gpxtpx:hr>138</gpxtpx:hr>
      </gpxtpx:TrackPointExtension>
     </extensions>
   </trkpt>
   <trkpt lat="-2.6114550" lon="-43.0570190">
    <ele>18.6</ele>
    <time>2026-06-17T09:30:28Z</time>
     <extensions>
      <gpxtpx:TrackPointExtension>
       <gpxtpx:hr>139</gpxtpx:hr>
      </gpxtpx:TrackPointExtension>
     </extensions>
   </trkpt>
   <trkpt lat="-2.6114250" lon="-43.0570130">
    <ele>18.2</ele>
    <time>2026-06-17T09:30:33Z</time>
     <extensions>
      <gpxtpx:TrackPointExtension>
       <gpxtpx:hr>139</gpxtpx:hr>
      </gpxtpx:TrackPointExtension>
     </extensions>
   </trkpt>
   <trkpt lat="-2.6113900" lon="-43.0570010">
    <ele>17.4</ele>
    <time>2026-06-17T09:30:38Z</time>
     <extensions>
      <gpxtpx:TrackPointExtension>
       <gpxtpx:hr>139</gpxtpx:hr>
      </gpxtpx:TrackPointExtension>
     </extensions>
   </trkpt>
   <trkpt lat="-2.6113590" lon="-43.0569830">
    <ele>16.6</ele>
    <time>2026-06-17T09:30:43Z</time>
     <extensions>
      <gpxtpx:TrackPointExtension>
       <gpxtpx:hr>143</gpxtpx:hr>
      </gpxtpx:TrackPointExtension>
     </extensions>
   </trkpt>
   <trkpt lat="-2.6113210" lon="-43.0569730">
    <ele>16.2</ele>
    <time>2026-06-17T09:30:48Z</time>
     <extensions>
      <gpxtpx:TrackPointExtension>
       <gpxtpx:hr>149</gpxtpx:hr>
      </gpxtpx:TrackPointExtension>
     </extensions>
   </trkpt>
   <trkpt lat="-2.6112770" lon="-43.0569640">
    <ele>15.8</ele>
    <time>2026-06-17T09:30:53Z</time>
     <extensions>
      <gpxtpx:TrackPointExtension>
       <gpxtpx:hr>149</gpxtpx:hr>
      </gpxtpx:TrackPointExtension>
     </extensions>
   </trkpt>
   <trkpt lat="-2.6112300" lon="-43.0569530">
    <ele>15.4</ele>
    <time>2026-06-17T09:30:58Z</time>
     <extensions>
      <gpxtpx:TrackPointExtension>
       <gpxtpx:hr>157</gpxtpx:hr>
      </gpxtpx:TrackPointExtension>
     </extensions>
   </trkpt>
   <trkpt lat="-2.6111820" lon="-43.0569450">
    <ele>15.0</ele>
    <time>2026-06-17T09:31:03Z</time>
     <extensions>
      <gpxtpx:TrackPointExtension>
       <gpxtpx:hr>157</gpxtpx:hr>
      </gpxtpx:TrackPointExtension>
     </extensions>
   </trkpt>
   <trkpt lat="-2.6111360" lon="-43.0569310">
    <ele>14.4</ele>
    <time>2026-06-17T09:31:08Z</time>
     <extensions>
      <gpxtpx:TrackPointExtension>
       <gpxtpx:hr>156</gpxtpx:hr>
      </gpxtpx:TrackPointExtension>
     </extensions>
   </trkpt>
   <trkpt lat="-2.6110950" lon="-43.0569190">
    <ele>14.0</ele>
    <time>2026-06-17T09:31:13Z</time>
     <extensions>
      <gpxtpx:TrackPointExtension>
       <gpxtpx:hr>155</gpxtpx:hr>
      </gpxtpx:TrackPointExtension>
     </extensions>
   </trkpt>
   <trkpt lat="-2.6110540" lon="-43.0569010">
    <ele>13.8</ele>
    <time>2026-06-17T09:31:18Z</time>
     <extensions>
      <gpxtpx:TrackPointExtension>
       <gpxtpx:hr>153</gpxtpx:hr>
      </gpxtpx:TrackPointExtension>
     </extensions>
   </trkpt>
   <trkpt lat="-2.6110090" lon="-43.0568800">
    <ele>13.6</ele>
    <time>2026-06-17T09:31:23Z</time>
     <extensions>
      <gpxtpx:TrackPointExtension>
       <gpxtpx:hr>153</gpxtpx:hr>
      </gpxtpx:TrackPointExtension>
     </extensions>
   </trkpt>
   <trkpt lat="-2.6109500" lon="-43.0568720">
    <ele>13.4</ele>
    <time>2026-06-17T09:31:28Z</time>
     <extensions>
      <gpxtpx:TrackPointExtension>
       <gpxtpx:hr>149</gpxtpx:hr>
      </gpxtpx:TrackPointExtension>
     </extensions>
   </trkpt>
   <trkpt lat="-2.6108860" lon="-43.0568670">
    <ele>13.2</ele>
    <time>2026-06-17T09:31:33Z</time>
     <extensions>
      <gpxtpx:TrackPointExtension>
       <gpxtpx:hr>146</gpxtpx:hr>
      </gpxtpx:TrackPointExtension>
     </extensions>
   </trkpt>
   <trkpt lat="-2.6108240" lon="-43.0568590">
    <ele>13.2</ele>
    <time>2026-06-17T09:31:38Z</time>
     <extensions>
      <gpxtpx:TrackPointExtension>
       <gpxtpx:hr>145</gpxtpx:hr>
      </gpxtpx:TrackPointExtension>
     </extensions>
   </trkpt>
   <trkpt lat="-2.6107740" lon="-43.0568460">
    <ele>13.2</ele>
    <time>2026-06-17T09:31:43Z</time>
     <extensions>
      <gpxtpx:TrackPointExtension>
       <gpxtpx:hr>138</gpxtpx:hr>
      </gpxtpx:TrackPointExtension>
     </extensions>
   </trkpt>
   <trkpt lat="-2.6107280" lon="-43.0568400">
    <ele>13.0</ele>
    <time>2026-06-17T09:31:48Z</time>
     <extensions>
      <gpxtpx:TrackPointExtension>
       <gpxtpx:hr>138</gpxtpx:hr>
      </gpxtpx:TrackPointExtension>
     </extensions>
   </trkpt>
   <trkpt lat="-2.6106750" lon="-43.0568380">
    <ele>13.0</ele>
    <time>2026-06-17T09:31:53Z</time>
     <extensions>
      <gpxtpx:TrackPointExtension>
       <gpxtpx:hr>136</gpxtpx:hr>
      </gpxtpx:TrackPointExtension>
     </extensions>
   </trkpt>
   <trkpt lat="-2.6106260" lon="-43.0568360">
    <ele>12.8</ele>
    <time>2026-06-17T09:31:58Z</time>
     <extensions>
      <gpxtpx:TrackPointExtension>
       <gpxtpx:hr>130</gpxtpx:hr>
      </gpxtpx:TrackPointExtension>
     </extensions>
   </trkpt>
   <trkpt lat="-2.6105830" lon="-43.0568340">
    <ele>12.4</ele>
    <time>2026-06-17T09:32:03Z</time>
     <extensions>
      <gpxtpx:TrackPointExtension>
       <gpxtpx:hr>127</gpxtpx:hr>
      </gpxtpx:TrackPointExtension>
     </extensions>
   </trkpt>
   <trkpt lat="-2.6105320" lon="-43.0568230">
    <ele>12.4</ele>
    <time>2026-06-17T09:32:08Z</time>
     <extensions>
      <gpxtpx:TrackPointExtension>
       <gpxtpx:hr>127</gpxtpx:hr>
      </gpxtpx:TrackPointExtension>
     </extensions>
   </trkpt>
   <trkpt lat="-2.6104970" lon="-43.0568220">
    <ele>12.2</ele>
    <time>2026-06-17T09:32:13Z</time>
     <extensions>
      <gpxtpx:TrackPointExtension>
       <gpxtpx:hr>120</gpxtpx:hr>
      </gpxtpx:TrackPointExtension>
     </extensions>
   </trkpt>
   <trkpt lat="-2.6104640" lon="-43.0567980">
    <ele>12.2</ele>
    <time>2026-06-17T09:32:18Z</time>
     <extensions>
      <gpxtpx:TrackPointExtension>
       <gpxtpx:hr>120</gpxtpx:hr>
      </gpxtpx:TrackPointExtension>
     </extensions>
   </trkpt>
   <trkpt lat="-2.6104430" lon="-43.0567810">
    <ele>12.4</ele>
    <time>2026-06-17T09:32:23Z</time>
     <extensions>
      <gpxtpx:TrackPointExtension>
       <gpxtpx:hr>120</gpxtpx:hr>
      </gpxtpx:TrackPointExtension>
     </extensions>
   </trkpt>
   <trkpt lat="-2.6104080" lon="-43.0567660">
    <ele>12.2</ele>
    <time>2026-06-17T09:32:28Z</time>
     <extensions>
      <gpxtpx:TrackPointExtension>
       <gpxtpx:hr>109</gpxtpx:hr>
      </gpxtpx:TrackPointExtension>
     </extensions>
   </trkpt>
   <trkpt lat="-2.6103660" lon="-43.0567500">
    <ele>12.2</ele>
    <time>2026-06-17T09:32:33Z</time>
     <extensions>
      <gpxtpx:TrackPointExtension>
       <gpxtpx:hr>111</gpxtpx:hr>
      </gpxtpx:TrackPointExtension>
     </extensions>
   </trkpt>
   <trkpt lat="-2.6103420" lon="-43.0567340">
    <ele>12.2</ele>
    <time>2026-06-17T09:32:38Z</time>
     <extensions>
      <gpxtpx:TrackPointExtension>
       <gpxtpx:hr>111</gpxtpx:hr>
      </gpxtpx:TrackPointExtension>
     </extensions>
   </trkpt>
   <trkpt lat="-2.6103080" lon="-43.0567070">
    <ele>12.0</ele>
    <time>2026-06-17T09:32:43Z</time>
     <extensions>
      <gpxtpx:TrackPointExtension>
       <gpxtpx:hr>111</gpxtpx:hr>
      </gpxtpx:TrackPointExtension>
     </extensions>
   </trkpt>
   <trkpt lat="-2.6102680" lon="-43.0566900">
    <ele>12.2</ele>
    <time>2026-06-17T09:32:48Z</time>
     <extensions>
      <gpxtpx:TrackPointExtension>
       <gpxtpx:hr>111</gpxtpx:hr>
      </gpxtpx:TrackPointExtension>
     </extensions>
   </trkpt>
   <trkpt lat="-2.6102340" lon="-43.0566680">
    <ele>12.4</ele>
    <time>2026-06-17T09:32:53Z</time>
     <extensions>
      <gpxtpx:TrackPointExtension>
       <gpxtpx:hr>112</gpxtpx:hr>
      </gpxtpx:TrackPointExtension>
     </extensions>
   </trkpt>
   <trkpt lat="-2.6101990" lon="-43.0566450">
    <ele>12.8</ele>
    <time>2026-06-17T09:32:58Z</time>
     <extensions>
      <gpxtpx:TrackPointExtension>
       <gpxtpx:hr>112</gpxtpx:hr>
      </gpxtpx:TrackPointExtension>
     </extensions>
   </trkpt>
   <trkpt lat="-2.6101700" lon="-43.0566270">
    <ele>13.2</ele>
    <time>2026-06-17T09:33:03Z</time>
     <extensions>
      <gpxtpx:TrackPointExtension>
       <gpxtpx:hr>121</gpxtpx:hr>
      </gpxtpx:TrackPointExtension>
     </extensions>
   </trkpt>
   <trkpt lat="-2.6101410" lon="-43.0566110">
    <ele>13.6</ele>
    <time>2026-06-17T09:33:08Z</time>
     <extensions>
      <gpxtpx:TrackPointExtension>
       <gpxtpx:hr>125</gpxtpx:hr>
      </gpxtpx:TrackPointExtension>
     </extensions>
   </trkpt>
   <trkpt lat="-2.6101110" lon="-43.0565970">
    <ele>14.0</ele>
    <time>2026-06-17T09:33:13Z</time>
     <extensions>
      <gpxtpx:TrackPointExtension>
       <gpxtpx:hr>125</gpxtpx:hr>
      </gpxtpx:TrackPointExtension>
     </extensions>
   </trkpt>
   <trkpt lat="-2.6100770" lon="-43.0565730">
    <ele>14.4</ele>
    <time>2026-06-17T09:33:18Z</time>
     <extensions>
      <gpxtpx:TrackPointExtension>
       <gpxtpx:hr>135</gpxtpx:hr>
      </gpxtpx:TrackPointExtension>
     </extensions>
   </trkpt>
   <trkpt lat="-2.6100460" lon="-43.0565480">
    <ele>14.6</ele>
    <time>2026-06-17T09:33:23Z</time>
     <extensions>
      <gpxtpx:TrackPointExtension>
       <gpxtpx:hr>135</gpxtpx:hr>
      </gpxtpx:TrackPointExtension>
     </extensions>
   </trkpt>
   <trkpt lat="-2.6100280" lon="-43.0565210">
    <ele>14.6</ele>
    <time>2026-06-17T09:33:28Z</time>
     <extensions>
      <gpxtpx:TrackPointExtension>
       <gpxtpx:hr>141</gpxtpx:hr>
      </gpxtpx:TrackPointExtension>
     </extensions>
   </trkpt>
   <trkpt lat="-2.6099970" lon="-43.0565030">
    <ele>14.6</ele>
    <time>2026-06-17T09:33:33Z</time>
     <extensions>
      <gpxtpx:TrackPointExtension>
       <gpxtpx:hr>141</gpxtpx:hr>
      </gpxtpx:TrackPointExtension>
     </extensions>
   </trkpt>
   <trkpt lat="-2.6099610" lon="-43.0564860">
    <ele>15.0</ele>
    <time>2026-06-17T09:33:38Z</time>
     <extensions>
      <gpxtpx:TrackPointExtension>
       <gpxtpx:hr>147</gpxtpx:hr>
      </gpxtpx:TrackPointExtension>
     </extensions>
   </trkpt>
   <trkpt lat="-2.6099290" lon="-43.0564630">
    <ele>15.6</ele>
    <time>2026-06-17T09:33:43Z</time>
     <extensions>
      <gpxtpx:TrackPointExtension>
       <gpxtpx:hr>147</gpxtpx:hr>
      </gpxtpx:TrackPointExtension>
     </extensions>
   </trkpt>
   <trkpt lat="-2.6099060" lon="-43.0564430">
    <ele>16.0</ele>
    <time>2026-06-17T09:33:48Z</time>
     <extensions>
      <gpxtpx:TrackPointExtension>
       <gpxtpx:hr>149</gpxtpx:hr>
      </gpxtpx:TrackPointExtension>
     </extensions>
   </trkpt>
   <trkpt lat="-2.6098750" lon="-43.0564220">
    <ele>16.4</ele>
    <time>2026-06-17T09:33:53Z</time>
     <extensions>
      <gpxtpx:TrackPointExtension>
       <gpxtpx:hr>149</gpxtpx:hr>
      </gpxtpx:TrackPointExtension>
     </extensions>
   </trkpt>
   <trkpt lat="-2.6098470" lon="-43.0564130">
    <ele>16.8</ele>
    <time>2026-06-17T09:33:58Z</time>
     <extensions>
      <gpxtpx:TrackPointExtension>
       <gpxtpx:hr>150</gpxtpx:hr>
      </gpxtpx:TrackPointExtension>
     </extensions>
   </trkpt>
   <trkpt lat="-2.6098090" lon="-43.0564440">
    <ele>17.0</ele>
    <time>2026-06-17T09:34:03Z</time>
     <extensions>
      <gpxtpx:TrackPointExtension>
       <gpxtpx:hr>148</gpxtpx:hr>
      </gpxtpx:TrackPointExtension>
     </extensions>
   </trkpt>
   <trkpt lat="-2.6097800" lon="-43.0564860">
    <ele>17.0</ele>
    <time>2026-06-17T09:34:08Z</time>
     <extensions>
      <gpxtpx:TrackPointExtension>
       <gpxtpx:hr>148</gpxtpx:hr>
      </gpxtpx:TrackPointExtension>
     </extensions>
   </trkpt>
   <trkpt lat="-2.6097570" lon="-43.0565230">
    <ele>17.2</ele>
    <time>2026-06-17T09:34:13Z</time>
     <extensions>
      <gpxtpx:TrackPointExtension>
       <gpxtpx:hr>143</gpxtpx:hr>
      </gpxtpx:TrackPointExtension>
     </extensions>
   </trkpt>
   <trkpt lat="-2.6097260" lon="-43.0565590">
    <ele>17.0</ele>
    <time>2026-06-17T09:34:18Z</time>
     <extensions>
      <gpxtpx:TrackPointExtension>
       <gpxtpx:hr>145</gpxtpx:hr>
      </gpxtpx:TrackPointExtension>
     </extensions>
   </trkpt>
   <trkpt lat="-2.6096940" lon="-43.0565900">
    <ele>16.8</ele>
    <time>2026-06-17T09:34:23Z</time>
     <extensions>
      <gpxtpx:TrackPointExtension>
       <gpxtpx:hr>145</gpxtpx:hr>
      </gpxtpx:TrackPointExtension>
     </extensions>
   </trkpt>
   <trkpt lat="-2.6096490" lon="-43.0566160">
    <ele>16.6</ele>
    <time>2026-06-17T09:34:28Z</time>
     <extensions>
      <gpxtpx:TrackPointExtension>
       <gpxtpx:hr>140</gpxtpx:hr>
      </gpxtpx:TrackPointExtension>
     </extensions>
   </trkpt>
   <trkpt lat="-2.6096150" lon="-43.0566260">
    <ele>16.4</ele>
    <time>2026-06-17T09:34:33Z</time>
     <extensions>
      <gpxtpx:TrackPointExtension>
       <gpxtpx:hr>141</gpxtpx:hr>
      </gpxtpx:TrackPointExtension>
     </extensions>
   </trkpt>
   <trkpt lat="-2.6095610" lon="-43.0566280">
    <ele>16.2</ele>
    <time>2026-06-17T09:34:38Z</time>
     <extensions>
      <gpxtpx:TrackPointExtension>
       <gpxtpx:hr>141</gpxtpx:hr>
      </gpxtpx:TrackPointExtension>
     </extensions>
   </trkpt>
   <trkpt lat="-2.6095180" lon="-43.0566330">
    <ele>15.8</ele>
    <time>2026-06-17T09:34:43Z</time>
     <extensions>
      <gpxtpx:TrackPointExtension>
       <gpxtpx:hr>137</gpxtpx:hr>
      </gpxtpx:TrackPointExtension>
     </extensions>
   </trkpt>
   <trkpt lat="-2.6094740" lon="-43.0566360">
    <ele>15.4</ele>
    <time>2026-06-17T09:34:48Z</time>
     <extensions>
      <gpxtpx:TrackPointExtension>
       <gpxtpx:hr>137</gpxtpx:hr>
      </gpxtpx:TrackPointExtension>
     </extensions>
   </trkpt>
   <trkpt lat="-2.6094240" lon="-43.0566380">
    <ele>15.2</ele>
    <time>2026-06-17T09:34:53Z</time>
     <extensions>
      <gpxtpx:TrackPointExtension>
       <gpxtpx:hr>140</gpxtpx:hr>
      </gpxtpx:TrackPointExtension>
     </extensions>
   </trkpt>
   <trkpt lat="-2.6093720" lon="-43.0566390">
    <ele>15.2</ele>
    <time>2026-06-17T09:34:58Z</time>
     <extensions>
      <gpxtpx:TrackPointExtension>
       <gpxtpx:hr>140</gpxtpx:hr>
      </gpxtpx:TrackPointExtension>
     </extensions>
   </trkpt>
   <trkpt lat="-2.6093200" lon="-43.0566380">
    <ele>15.2</ele>
    <time>2026-06-17T09:35:03Z</time>
     <extensions>
      <gpxtpx:TrackPointExtension>
       <gpxtpx:hr>139</gpxtpx:hr>
      </gpxtpx:TrackPointExtension>
     </extensions>
   </trkpt>
   <trkpt lat="-2.6092720" lon="-43.0566350">
    <ele>15.4</ele>
    <time>2026-06-17T09:35:08Z</time>
     <extensions>
      <gpxtpx:TrackPointExtension>
       <gpxtpx:hr>138</gpxtpx:hr>
      </gpxtpx:TrackPointExtension>
     </extensions>
   </trkpt>
   <trkpt lat="-2.6092230" lon="-43.0566150">
    <ele>15.4</ele>
    <time>2026-06-17T09:35:13Z</time>
     <extensions>
      <gpxtpx:TrackPointExtension>
       <gpxtpx:hr>132</gpxtpx:hr>
      </gpxtpx:TrackPointExtension>
     </extensions>
   </trkpt>
   <trkpt lat="-2.6091840" lon="-43.0565970">
    <ele>15.6</ele>
    <time>2026-06-17T09:35:18Z</time>
     <extensions>
      <gpxtpx:TrackPointExtension>
       <gpxtpx:hr>132</gpxtpx:hr>
      </gpxtpx:TrackPointExtension>
     </extensions>
   </trkpt>
   <trkpt lat="-2.6091420" lon="-43.0565820">
    <ele>16.0</ele>
    <time>2026-06-17T09:35:23Z</time>
     <extensions>
      <gpxtpx:TrackPointExtension>
       <gpxtpx:hr>132</gpxtpx:hr>
      </gpxtpx:TrackPointExtension>
     </extensions>
   </trkpt>
   <trkpt lat="-2.6091010" lon="-43.0565710">
    <ele>16.2</ele>
    <time>2026-06-17T09:35:28Z</time>
     <extensions>
      <gpxtpx:TrackPointExtension>
       <gpxtpx:hr>134</gpxtpx:hr>
      </gpxtpx:TrackPointExtension>
     </extensions>
   </trkpt>
   <trkpt lat="-2.6090590" lon="-43.0565510">
    <ele>16.6</ele>
    <time>2026-06-17T09:35:33Z</time>
     <extensions>
      <gpxtpx:TrackPointExtension>
       <gpxtpx:hr>127</gpxtpx:hr>
      </gpxtpx:TrackPointExtension>
     </extensions>
   </trkpt>
   <trkpt lat="-2.6090130" lon="-43.0565310">
    <ele>17.2</ele>
    <time>2026-06-17T09:35:38Z</time>
     <extensions>
      <gpxtpx:TrackPointExtension>
       <gpxtpx:hr>127</gpxtpx:hr>
      </gpxtpx:TrackPointExtension>
     </extensions>
   </trkpt>
   <trkpt lat="-2.6089730" lon="-43.0565150">
    <ele>18.0</ele>
    <time>2026-06-17T09:35:43Z</time>
     <extensions>
      <gpxtpx:TrackPointExtension>
       <gpxtpx:hr>128</gpxtpx:hr>
      </gpxtpx:TrackPointExtension>
     </extensions>
   </trkpt>
   <trkpt lat="-2.6089320" lon="-43.0564980">
    <ele>19.4</ele>
    <time>2026-06-17T09:35:48Z</time>
     <extensions>
      <gpxtpx:TrackPointExtension>
       <gpxtpx:hr>125</gpxtpx:hr>
      </gpxtpx:TrackPointExtension>
     </extensions>
   </trkpt>
   <trkpt lat="-2.6088930" lon="-43.0564750">
    <ele>21.2</ele>
    <time>2026-06-17T09:35:53Z</time>
     <extensions>
      <gpxtpx:TrackPointExtension>
       <gpxtpx:hr>125</gpxtpx:hr>
      </gpxtpx:TrackPointExtension>
     </extensions>
   </trkpt>
   <trkpt lat="-2.6088590" lon="-43.0564490">
    <ele>23.2</ele>
    <time>2026-06-17T09:35:58Z</time>
     <extensions>
      <gpxtpx:TrackPointExtension>
       <gpxtpx:hr>132</gpxtpx:hr>
      </gpxtpx:TrackPointExtension>
     </extensions>
   </trkpt>
   <trkpt lat="-2.6088210" lon="-43.0564240">
    <ele>25.8</ele>
    <time>2026-06-17T09:36:03Z</time>
     <extensions>
      <gpxtpx:TrackPointExtension>
       <gpxtpx:hr>135</gpxtpx:hr>
      </gpxtpx:TrackPointExtension>
     </extensions>
   </trkpt>
   <trkpt lat="-2.6087880" lon="-43.0564050">
    <ele>28.2</ele>
    <time>2026-06-17T09:36:08Z</time>
     <extensions>
      <gpxtpx:TrackPointExtension>
       <gpxtpx:hr>135</gpxtpx:hr>
      </gpxtpx:TrackPointExtension>
     </extensions>
   </trkpt>
   <trkpt lat="-2.6087450" lon="-43.0563800">
    <ele>30.4</ele>
    <time>2026-06-17T09:36:13Z</time>
     <extensions>
      <gpxtpx:TrackPointExtension>
       <gpxtpx:hr>140</gpxtpx:hr>
      </gpxtpx:TrackPointExtension>
     </extensions>
   </trkpt>
   <trkpt lat="-2.6086960" lon="-43.0563670">
    <ele>31.8</ele>
    <time>2026-06-17T09:36:18Z</time>
     <extensions>
      <gpxtpx:TrackPointExtension>
       <gpxtpx:hr>138</gpxtpx:hr>
      </gpxtpx:TrackPointExtension>
     </extensions>
   </trkpt>
   <trkpt lat="-2.6086480" lon="-43.0563660">
    <ele>33.0</ele>
    <time>2026-06-17T09:36:23Z</time>
     <extensions>
      <gpxtpx:TrackPointExtension>
       <gpxtpx:hr>131</gpxtpx:hr>
      </gpxtpx:TrackPointExtension>
     </extensions>
   </trkpt>
   <trkpt lat="-2.6085920" lon="-43.0563720">
    <ele>33.8</ele>
    <time>2026-06-17T09:36:28Z</time>
     <extensions>
      <gpxtpx:TrackPointExtension>
       <gpxtpx:hr>127</gpxtpx:hr>
      </gpxtpx:TrackPointExtension>
     </extensions>
   </trkpt>
   <trkpt lat="-2.6085530" lon="-43.0563790">
    <ele>34.2</ele>
    <time>2026-06-17T09:36:33Z</time>
     <extensions>
      <gpxtpx:TrackPointExtension>
       <gpxtpx:hr>127</gpxtpx:hr>
      </gpxtpx:TrackPointExtension>
     </extensions>
   </trkpt>
   <trkpt lat="-2.6085090" lon="-43.0563760">
    <ele>34.2</ele>
    <time>2026-06-17T09:36:38Z</time>
     <extensions>
      <gpxtpx:TrackPointExtension>
       <gpxtpx:hr>122</gpxtpx:hr>
      </gpxtpx:TrackPointExtension>
     </extensions>
   </trkpt>
   <trkpt lat="-2.6084720" lon="-43.0563580">
    <ele>34.0</ele>
    <time>2026-06-17T09:36:43Z</time>
     <extensions>
      <gpxtpx:TrackPointExtension>
       <gpxtpx:hr>121</gpxtpx:hr>
      </gpxtpx:TrackPointExtension>
     </extensions>
   </trkpt>
   <trkpt lat="-2.6084160" lon="-43.0563490">
    <ele>33.8</ele>
    <time>2026-06-17T09:36:48Z</time>
     <extensions>
      <gpxtpx:TrackPointExtension>
       <gpxtpx:hr>120</gpxtpx:hr>
      </gpxtpx:TrackPointExtension>
     </extensions>
   </trkpt>
   <trkpt lat="-2.6083650" lon="-43.0563530">
    <ele>33.6</ele>
    <time>2026-06-17T09:36:53Z</time>
     <extensions>
      <gpxtpx:TrackPointExtension>
       <gpxtpx:hr>124</gpxtpx:hr>
      </gpxtpx:TrackPointExtension>
     </extensions>
   </trkpt>
   <trkpt lat="-2.6083160" lon="-43.0563560">
    <ele>33.4</ele>
    <time>2026-06-17T09:36:58Z</time>
     <extensions>
      <gpxtpx:TrackPointExtension>
       <gpxtpx:hr>120</gpxtpx:hr>
      </gpxtpx:TrackPointExtension>
     </extensions>
   </trkpt>
   <trkpt lat="-2.6082640" lon="-43.0563550">
    <ele>33.0</ele>
    <time>2026-06-17T09:37:03Z</time>
     <extensions>
      <gpxtpx:TrackPointExtension>
       <gpxtpx:hr>120</gpxtpx:hr>
      </gpxtpx:TrackPointExtension>
     </extensions>
   </trkpt>
   <trkpt lat="-2.6082090" lon="-43.0563590">
    <ele>32.6</ele>
    <time>2026-06-17T09:37:08Z</time>
     <extensions>
      <gpxtpx:TrackPointExtension>
       <gpxtpx:hr>124</gpxtpx:hr>
      </gpxtpx:TrackPointExtension>
     </extensions>
   </trkpt>
   <trkpt lat="-2.6081530" lon="-43.0563650">
    <ele>32.2</ele>
    <time>2026-06-17T09:37:13Z</time>
     <extensions>
      <gpxtpx:TrackPointExtension>
       <gpxtpx:hr>124</gpxtpx:hr>
      </gpxtpx:TrackPointExtension>
     </extensions>
   </trkpt>
   <trkpt lat="-2.6080990" lon="-43.0563750">
    <ele>31.8</ele>
    <time>2026-06-17T09:37:18Z</time>
     <extensions>
      <gpxtpx:TrackPointExtension>
       <gpxtpx:hr>120</gpxtpx:hr>
      </gpxtpx:TrackPointExtension>
     </extensions>
   </trkpt>
   <trkpt lat="-2.6080460" lon="-43.0563860">
    <ele>31.4</ele>
    <time>2026-06-17T09:37:23Z</time>
     <extensions>
      <gpxtpx:TrackPointExtension>
       <gpxtpx:hr>120</gpxtpx:hr>
      </gpxtpx:TrackPointExtension>
     </extensions>
   </trkpt>
   <trkpt lat="-2.6080020" lon="-43.0564000">
    <ele>31.4</ele>
    <time>2026-06-17T09:37:28Z</time>
     <extensions>
      <gpxtpx:TrackPointExtension>
       <gpxtpx:hr>118</gpxtpx:hr>
      </gpxtpx:TrackPointExtension>
     </extensions>
   </trkpt>
   <trkpt lat="-2.6079660" lon="-43.0564100">
    <ele>31.4</ele>
    <time>2026-06-17T09:37:33Z</time>
     <extensions>
      <gpxtpx:TrackPointExtension>
       <gpxtpx:hr>124</gpxtpx:hr>
      </gpxtpx:TrackPointExtension>
     </extensions>
   </trkpt>
   <trkpt lat="-2.6079160" lon="-43.0564180">
    <ele>31.8</ele>
    <time>2026-06-17T09:37:38Z</time>
     <extensions>
      <gpxtpx:TrackPointExtension>
       <gpxtpx:hr>122</gpxtpx:hr>
      </gpxtpx:TrackPointExtension>
     </extensions>
   </trkpt>
   <trkpt lat="-2.6078620" lon="-43.0564320">
    <ele>32.4</ele>
    <time>2026-06-17T09:37:43Z</time>
     <extensions>
      <gpxtpx:TrackPointExtension>
       <gpxtpx:hr>124</gpxtpx:hr>
      </gpxtpx:TrackPointExtension>
     </extensions>
   </trkpt>
   <trkpt lat="-2.6078130" lon="-43.0564550">
    <ele>32.8</ele>
    <time>2026-06-17T09:37:48Z</time>
     <extensions>
      <gpxtpx:TrackPointExtension>
       <gpxtpx:hr>124</gpxtpx:hr>
      </gpxtpx:TrackPointExtension>
     </extensions>
   </trkpt>
   <trkpt lat="-2.6077660" lon="-43.0564750">
    <ele>33.0</ele>
    <time>2026-06-17T09:37:53Z</time>
     <extensions>
      <gpxtpx:TrackPointExtension>
       <gpxtpx:hr>129</gpxtpx:hr>
      </gpxtpx:TrackPointExtension>
     </extensions>
   </trkpt>
   <trkpt lat="-2.6077250" lon="-43.0565050">
    <ele>32.8</ele>
    <time>2026-06-17T09:37:58Z</time>
     <extensions>
      <gpxtpx:TrackPointExtension>
       <gpxtpx:hr>129</gpxtpx:hr>
      </gpxtpx:TrackPointExtension>
     </extensions>
   </trkpt>
   <trkpt lat="-2.6076820" lon="-43.0565320">
    <ele>32.6</ele>
    <time>2026-06-17T09:38:03Z</time>
     <extensions>
      <gpxtpx:TrackPointExtension>
       <gpxtpx:hr>136</gpxtpx:hr>
      </gpxtpx:TrackPointExtension>
     </extensions>
   </trkpt>
   <trkpt lat="-2.6076400" lon="-43.0565590">
    <ele>32.4</ele>
    <time>2026-06-17T09:38:08Z</time>
     <extensions>
      <gpxtpx:TrackPointExtension>
       <gpxtpx:hr>136</gpxtpx:hr>
      </gpxtpx:TrackPointExtension>
     </extensions>
   </trkpt>
   <trkpt lat="-2.6075990" lon="-43.0565830">
    <ele>32.4</ele>
    <time>2026-06-17T09:38:13Z</time>
     <extensions>
      <gpxtpx:TrackPointExtension>
       <gpxtpx:hr>138</gpxtpx:hr>
      </gpxtpx:TrackPointExtension>
     </extensions>
   </trkpt>
   <trkpt lat="-2.6075580" lon="-43.0566070">
    <ele>32.4</ele>
    <time>2026-06-17T09:38:18Z</time>
     <extensions>
      <gpxtpx:TrackPointExtension>
       <gpxtpx:hr>137</gpxtpx:hr>
      </gpxtpx:TrackPointExtension>
     </extensions>
   </trkpt>
   <trkpt lat="-2.6075130" lon="-43.0566350">
    <ele>32.2</ele>
    <time>2026-06-17T09:38:23Z</time>
     <extensions>
      <gpxtpx:TrackPointExtension>
       <gpxtpx:hr>135</gpxtpx:hr>
      </gpxtpx:TrackPointExtension>
     </extensions>
   </trkpt>
   <trkpt lat="-2.6074730" lon="-43.0566640">
    <ele>32.0</ele>
    <time>2026-06-17T09:38:28Z</time>
     <extensions>
      <gpxtpx:TrackPointExtension>
       <gpxtpx:hr>134</gpxtpx:hr>
      </gpxtpx:TrackPointExtension>
     </extensions>
   </trkpt>
   <trkpt lat="-2.6074130" lon="-43.0566900">
    <ele>31.6</ele>
    <time>2026-06-17T09:38:33Z</time>
     <extensions>
      <gpxtpx:TrackPointExtension>
       <gpxtpx:hr>134</gpxtpx:hr>
      </gpxtpx:TrackPointExtension>
     </extensions>
   </trkpt>
   <trkpt lat="-2.6073600" lon="-43.0567150">
    <ele>31.2</ele>
    <time>2026-06-17T09:38:38Z</time>
     <extensions>
      <gpxtpx:TrackPointExtension>
       <gpxtpx:hr>121</gpxtpx:hr>
      </gpxtpx:TrackPointExtension>
     </extensions>
   </trkpt>
   <trkpt lat="-2.6073240" lon="-43.0567510">
    <ele>31.0</ele>
    <time>2026-06-17T09:38:43Z</time>
     <extensions>
      <gpxtpx:TrackPointExtension>
       <gpxtpx:hr>125</gpxtpx:hr>
      </gpxtpx:TrackPointExtension>
     </extensions>
   </trkpt>
   <trkpt lat="-2.6072860" lon="-43.0567830">
    <ele>30.8</ele>
    <time>2026-06-17T09:38:48Z</time>
     <extensions>
      <gpxtpx:TrackPointExtension>
       <gpxtpx:hr>116</gpxtpx:hr>
      </gpxtpx:TrackPointExtension>
     </extensions>
   </trkpt>
   <trkpt lat="-2.6072410" lon="-43.0568130">
    <ele>30.4</ele>
    <time>2026-06-17T09:38:53Z</time>
     <extensions>
      <gpxtpx:TrackPointExtension>
       <gpxtpx:hr>119</gpxtpx:hr>
      </gpxtpx:TrackPointExtension>
     </extensions>
   </trkpt>
   <trkpt lat="-2.6071900" lon="-43.0568330">
    <ele>29.8</ele>
    <time>2026-06-17T09:38:58Z</time>
     <extensions>
      <gpxtpx:TrackPointExtension>
       <gpxtpx:hr>123</gpxtpx:hr>
      </gpxtpx:TrackPointExtension>
     </extensions>
   </trkpt>
   <trkpt lat="-2.6071460" lon="-43.0568580">
    <ele>29.4</ele>
    <time>2026-06-17T09:39:03Z</time>
     <extensions>
      <gpxtpx:TrackPointExtension>
       <gpxtpx:hr>116</gpxtpx:hr>
      </gpxtpx:TrackPointExtension>
     </extensions>
   </trkpt>
   <trkpt lat="-2.6071070" lon="-43.0568890">
    <ele>29.2</ele>
    <time>2026-06-17T09:39:08Z</time>
     <extensions>
      <gpxtpx:TrackPointExtension>
       <gpxtpx:hr>116</gpxtpx:hr>
      </gpxtpx:TrackPointExtension>
     </extensions>
   </trkpt>
   <trkpt lat="-2.6070710" lon="-43.0569150">
    <ele>29.2</ele>
    <time>2026-06-17T09:39:13Z</time>
     <extensions>
      <gpxtpx:TrackPointExtension>
       <gpxtpx:hr>114</gpxtpx:hr>
      </gpxtpx:TrackPointExtension>
     </extensions>
   </trkpt>
   <trkpt lat="-2.6070600" lon="-43.0569320">
    <ele>29.0</ele>
    <time>2026-06-17T09:39:18Z</time>
     <extensions>
      <gpxtpx:TrackPointExtension>
       <gpxtpx:hr>112</gpxtpx:hr>
      </gpxtpx:TrackPointExtension>
     </extensions>
   </trkpt>
   <trkpt lat="-2.6070540" lon="-43.0569410">
    <ele>28.8</ele>
    <time>2026-06-17T09:39:23Z</time>
     <extensions>
      <gpxtpx:TrackPointExtension>
       <gpxtpx:hr>109</gpxtpx:hr>
      </gpxtpx:TrackPointExtension>
     </extensions>
   </trkpt>
   <trkpt lat="-2.6070230" lon="-43.0569690">
    <ele>28.0</ele>
    <time>2026-06-17T09:39:28Z</time>
     <extensions>
      <gpxtpx:TrackPointExtension>
       <gpxtpx:hr>109</gpxtpx:hr>
      </gpxtpx:TrackPointExtension>
     </extensions>
   </trkpt>
   <trkpt lat="-2.6069870" lon="-43.0569970">
    <ele>27.0</ele>
    <time>2026-06-17T09:39:33Z</time>
     <extensions>
      <gpxtpx:TrackPointExtension>
       <gpxtpx:hr>110</gpxtpx:hr>
      </gpxtpx:TrackPointExtension>
     </extensions>
   </trkpt>
   <trkpt lat="-2.6069460" lon="-43.0570330">
    <ele>25.8</ele>
    <time>2026-06-17T09:39:38Z</time>
     <extensions>
      <gpxtpx:TrackPointExtension>
       <gpxtpx:hr>115</gpxtpx:hr>
      </gpxtpx:TrackPointExtension>
     </extensions>
   </trkpt>
   <trkpt lat="-2.6068970" lon="-43.0570620">
    <ele>24.2</ele>
    <time>2026-06-17T09:39:43Z</time>
     <extensions>
      <gpxtpx:TrackPointExtension>
       <gpxtpx:hr>115</gpxtpx:hr>
      </gpxtpx:TrackPointExtension>
     </extensions>
   </trkpt>
   <trkpt lat="-2.6068490" lon="-43.0570990">
    <ele>21.6</ele>
    <time>2026-06-17T09:39:48Z</time>
     <extensions>
      <gpxtpx:TrackPointExtension>
       <gpxtpx:hr>118</gpxtpx:hr>
      </gpxtpx:TrackPointExtension>
     </extensions>
   </trkpt>
   <trkpt lat="-2.6068020" lon="-43.0571320">
    <ele>18.2</ele>
    <time>2026-06-17T09:39:53Z</time>
     <extensions>
      <gpxtpx:TrackPointExtension>
       <gpxtpx:hr>118</gpxtpx:hr>
      </gpxtpx:TrackPointExtension>
     </extensions>
   </trkpt>
   <trkpt lat="-2.6067520" lon="-43.0571660">
    <ele>15.0</ele>
    <time>2026-06-17T09:39:58Z</time>
     <extensions>
      <gpxtpx:TrackPointExtension>
       <gpxtpx:hr>116</gpxtpx:hr>
      </gpxtpx:TrackPointExtension>
     </extensions>
   </trkpt>
   <trkpt lat="-2.6067010" lon="-43.0571910">
    <ele>12.8</ele>
    <time>2026-06-17T09:40:03Z</time>
     <extensions>
      <gpxtpx:TrackPointExtension>
       <gpxtpx:hr>116</gpxtpx:hr>
      </gpxtpx:TrackPointExtension>
     </extensions>
   </trkpt>
   <trkpt lat="-2.6066540" lon="-43.0572260">
    <ele>11.8</ele>
    <time>2026-06-17T09:40:08Z</time>
     <extensions>
      <gpxtpx:TrackPointExtension>
       <gpxtpx:hr>114</gpxtpx:hr>
      </gpxtpx:TrackPointExtension>
     </extensions>
   </trkpt>
   <trkpt lat="-2.6066090" lon="-43.0572550">
    <ele>11.2</ele>
    <time>2026-06-17T09:40:13Z</time>
     <extensions>
      <gpxtpx:TrackPointExtension>
       <gpxtpx:hr>112</gpxtpx:hr>
      </gpxtpx:TrackPointExtension>
     </extensions>
   </trkpt>
   <trkpt lat="-2.6065570" lon="-43.0572780">
    <ele>11.2</ele>
    <time>2026-06-17T09:40:18Z</time>
     <extensions>
      <gpxtpx:TrackPointExtension>
       <gpxtpx:hr>112</gpxtpx:hr>
      </gpxtpx:TrackPointExtension>
     </extensions>
   </trkpt>
   <trkpt lat="-2.6065070" lon="-43.0573040">
    <ele>11.2</ele>
    <time>2026-06-17T09:40:23Z</time>
     <extensions>
      <gpxtpx:TrackPointExtension>
       <gpxtpx:hr>121</gpxtpx:hr>
      </gpxtpx:TrackPointExtension>
     </extensions>
   </trkpt>
   <trkpt lat="-2.6064590" lon="-43.0573230">
    <ele>11.4</ele>
    <time>2026-06-17T09:40:28Z</time>
     <extensions>
      <gpxtpx:TrackPointExtension>
       <gpxtpx:hr>123</gpxtpx:hr>
      </gpxtpx:TrackPointExtension>
     </extensions>
   </trkpt>
   <trkpt lat="-2.6064160" lon="-43.0573480">
    <ele>11.4</ele>
    <time>2026-06-17T09:40:33Z</time>
     <extensions>
      <gpxtpx:TrackPointExtension>
       <gpxtpx:hr>125</gpxtpx:hr>
      </gpxtpx:TrackPointExtension>
     </extensions>
   </trkpt>
   <trkpt lat="-2.6063740" lon="-43.0573720">
    <ele>11.6</ele>
    <time>2026-06-17T09:40:38Z</time>
     <extensions>
      <gpxtpx:TrackPointExtension>
       <gpxtpx:hr>125</gpxtpx:hr>
      </gpxtpx:TrackPointExtension>
     </extensions>
   </trkpt>
   <trkpt lat="-2.6063270" lon="-43.0574010">
    <ele>11.6</ele>
    <time>2026-06-17T09:40:43Z</time>
     <extensions>
      <gpxtpx:TrackPointExtension>
       <gpxtpx:hr>125</gpxtpx:hr>
      </gpxtpx:TrackPointExtension>
     </extensions>
   </trkpt>
   <trkpt lat="-2.6062820" lon="-43.0574310">
    <ele>11.6</ele>
    <time>2026-06-17T09:40:48Z</time>
     <extensions>
      <gpxtpx:TrackPointExtension>
       <gpxtpx:hr>129</gpxtpx:hr>
      </gpxtpx:TrackPointExtension>
     </extensions>
   </trkpt>
   <trkpt lat="-2.6062390" lon="-43.0574630">
    <ele>11.6</ele>
    <time>2026-06-17T09:40:53Z</time>
     <extensions>
      <gpxtpx:TrackPointExtension>
       <gpxtpx:hr>131</gpxtpx:hr>
      </gpxtpx:TrackPointExtension>
     </extensions>
   </trkpt>
   <trkpt lat="-2.6062030" lon="-43.0574920">
    <ele>12.0</ele>
    <time>2026-06-17T09:40:58Z</time>
     <extensions>
      <gpxtpx:TrackPointExtension>
       <gpxtpx:hr>127</gpxtpx:hr>
      </gpxtpx:TrackPointExtension>
     </extensions>
   </trkpt>
   <trkpt lat="-2.6061630" lon="-43.0575260">
    <ele>12.4</ele>
    <time>2026-06-17T09:41:03Z</time>
     <extensions>
      <gpxtpx:TrackPointExtension>
       <gpxtpx:hr>125</gpxtpx:hr>
      </gpxtpx:TrackPointExtension>
     </extensions>
   </trkpt>
   <trkpt lat="-2.6061200" lon="-43.0575600">
    <ele>13.2</ele>
    <time>2026-06-17T09:41:08Z</time>
     <extensions>
      <gpxtpx:TrackPointExtension>
       <gpxtpx:hr>127</gpxtpx:hr>
      </gpxtpx:TrackPointExtension>
     </extensions>
   </trkpt>
   <trkpt lat="-2.6060810" lon="-43.0575960">
    <ele>14.2</ele>
    <time>2026-06-17T09:41:13Z</time>
     <extensions>
      <gpxtpx:TrackPointExtension>
       <gpxtpx:hr>123</gpxtpx:hr>
      </gpxtpx:TrackPointExtension>
     </extensions>
   </trkpt>
   <trkpt lat="-2.6060420" lon="-43.0576330">
    <ele>15.2</ele>
    <time>2026-06-17T09:41:18Z</time>
     <extensions>
      <gpxtpx:TrackPointExtension>
       <gpxtpx:hr>120</gpxtpx:hr>
      </gpxtpx:TrackPointExtension>
     </extensions>
   </trkpt>
   <trkpt lat="-2.6060050" lon="-43.0576740">
    <ele>16.4</ele>
    <time>2026-06-17T09:41:23Z</time>
     <extensions>
      <gpxtpx:TrackPointExtension>
       <gpxtpx:hr>120</gpxtpx:hr>
      </gpxtpx:TrackPointExtension>
     </extensions>
   </trkpt>
   <trkpt lat="-2.6059720" lon="-43.0577200">
    <ele>17.8</ele>
    <time>2026-06-17T09:41:28Z</time>
     <extensions>
      <gpxtpx:TrackPointExtension>
       <gpxtpx:hr>123</gpxtpx:hr>
      </gpxtpx:TrackPointExtension>
     </extensions>
   </trkpt>
   <trkpt lat="-2.6059350" lon="-43.0577590">
    <ele>19.0</ele>
    <time>2026-06-17T09:41:33Z</time>
     <extensions>
      <gpxtpx:TrackPointExtension>
       <gpxtpx:hr>121</gpxtpx:hr>
      </gpxtpx:TrackPointExtension>
     </extensions>
   </trkpt>
   <trkpt lat="-2.6059030" lon="-43.0577980">
    <ele>20.0</ele>
    <time>2026-06-17T09:41:38Z</time>
     <extensions>
      <gpxtpx:TrackPointExtension>
       <gpxtpx:hr>120</gpxtpx:hr>
      </gpxtpx:TrackPointExtension>
     </extensions>
   </trkpt>
   <trkpt lat="-2.6058710" lon="-43.0578410">
    <ele>20.8</ele>
    <time>2026-06-17T09:41:43Z</time>
     <extensions>
      <gpxtpx:TrackPointExtension>
       <gpxtpx:hr>119</gpxtpx:hr>
      </gpxtpx:TrackPointExtension>
     </extensions>
   </trkpt>
   <trkpt lat="-2.6058400" lon="-43.0578830">
    <ele>21.4</ele>
    <time>2026-06-17T09:41:48Z</time>
     <extensions>
      <gpxtpx:TrackPointExtension>
       <gpxtpx:hr>124</gpxtpx:hr>
      </gpxtpx:TrackPointExtension>
     </extensions>
   </trkpt>
   <trkpt lat="-2.6058030" lon="-43.0579200">
    <ele>22.0</ele>
    <time>2026-06-17T09:41:53Z</time>
     <extensions>
      <gpxtpx:TrackPointExtension>
       <gpxtpx:hr>117</gpxtpx:hr>
      </gpxtpx:TrackPointExtension>
     </extensions>
   </trkpt>
   <trkpt lat="-2.6057620" lon="-43.0579540">
    <ele>22.4</ele>
    <time>2026-06-17T09:41:58Z</time>
     <extensions>
      <gpxtpx:TrackPointExtension>
       <gpxtpx:hr>120</gpxtpx:hr>
      </gpxtpx:TrackPointExtension>
     </extensions>
   </trkpt>
   <trkpt lat="-2.6057220" lon="-43.0579810">
    <ele>22.6</ele>
    <time>2026-06-17T09:42:03Z</time>
     <extensions>
      <gpxtpx:TrackPointExtension>
       <gpxtpx:hr>121</gpxtpx:hr>
      </gpxtpx:TrackPointExtension>
     </extensions>
   </trkpt>
   <trkpt lat="-2.6056930" lon="-43.0580140">
    <ele>22.8</ele>
    <time>2026-06-17T09:42:08Z</time>
     <extensions>
      <gpxtpx:TrackPointExtension>
       <gpxtpx:hr>122</gpxtpx:hr>
      </gpxtpx:TrackPointExtension>
     </extensions>
   </trkpt>
   <trkpt lat="-2.6056710" lon="-43.0580490">
    <ele>22.8</ele>
    <time>2026-06-17T09:42:13Z</time>
     <extensions>
      <gpxtpx:TrackPointExtension>
       <gpxtpx:hr>122</gpxtpx:hr>
      </gpxtpx:TrackPointExtension>
     </extensions>
   </trkpt>
   <trkpt lat="-2.6056440" lon="-43.0580890">
    <ele>22.8</ele>
    <time>2026-06-17T09:42:18Z</time>
     <extensions>
      <gpxtpx:TrackPointExtension>
       <gpxtpx:hr>123</gpxtpx:hr>
      </gpxtpx:TrackPointExtension>
     </extensions>
   </trkpt>
   <trkpt lat="-2.6056090" lon="-43.0581370">
    <ele>23.0</ele>
    <time>2026-06-17T09:42:23Z</time>
     <extensions>
      <gpxtpx:TrackPointExtension>
       <gpxtpx:hr>123</gpxtpx:hr>
      </gpxtpx:TrackPointExtension>
     </extensions>
   </trkpt>
   <trkpt lat="-2.6055780" lon="-43.0581780">
    <ele>23.2</ele>
    <time>2026-06-17T09:42:28Z</time>
     <extensions>
      <gpxtpx:TrackPointExtension>
       <gpxtpx:hr>124</gpxtpx:hr>
      </gpxtpx:TrackPointExtension>
     </extensions>
   </trkpt>
   <trkpt lat="-2.6055370" lon="-43.0582070">
    <ele>23.2</ele>
    <time>2026-06-17T09:42:33Z</time>
     <extensions>
      <gpxtpx:TrackPointExtension>
       <gpxtpx:hr>124</gpxtpx:hr>
      </gpxtpx:TrackPointExtension>
     </extensions>
   </trkpt>
   <trkpt lat="-2.6054880" lon="-43.0582150">
    <ele>23.2</ele>
    <time>2026-06-17T09:42:38Z</time>
     <extensions>
      <gpxtpx:TrackPointExtension>
       <gpxtpx:hr>129</gpxtpx:hr>
      </gpxtpx:TrackPointExtension>
     </extensions>
   </trkpt>
   <trkpt lat="-2.6054330" lon="-43.0582240">
    <ele>23.2</ele>
    <time>2026-06-17T09:42:43Z</time>
     <extensions>
      <gpxtpx:TrackPointExtension>
       <gpxtpx:hr>131</gpxtpx:hr>
      </gpxtpx:TrackPointExtension>
     </extensions>
   </trkpt>
   <trkpt lat="-2.6053850" lon="-43.0582440">
    <ele>23.0</ele>
    <time>2026-06-17T09:42:48Z</time>
     <extensions>
      <gpxtpx:TrackPointExtension>
       <gpxtpx:hr>138</gpxtpx:hr>
      </gpxtpx:TrackPointExtension>
     </extensions>
   </trkpt>
   <trkpt lat="-2.6053400" lon="-43.0582670">
    <ele>23.0</ele>
    <time>2026-06-17T09:42:53Z</time>
     <extensions>
      <gpxtpx:TrackPointExtension>
       <gpxtpx:hr>138</gpxtpx:hr>
      </gpxtpx:TrackPointExtension>
     </extensions>
   </trkpt>
   <trkpt lat="-2.6052950" lon="-43.0583010">
    <ele>23.0</ele>
    <time>2026-06-17T09:42:58Z</time>
     <extensions>
      <gpxtpx:TrackPointExtension>
       <gpxtpx:hr>136</gpxtpx:hr>
      </gpxtpx:TrackPointExtension>
     </extensions>
   </trkpt>
   <trkpt lat="-2.6052580" lon="-43.0583330">
    <ele>22.8</ele>
    <time>2026-06-17T09:43:03Z</time>
     <extensions>
      <gpxtpx:TrackPointExtension>
       <gpxtpx:hr>136</gpxtpx:hr>
      </gpxtpx:TrackPointExtension>
     </extensions>
   </trkpt>
   <trkpt lat="-2.6052160" lon="-43.0583710">
    <ele>22.8</ele>
    <time>2026-06-17T09:43:08Z</time>
     <extensions>
      <gpxtpx:TrackPointExtension>
       <gpxtpx:hr>132</gpxtpx:hr>
      </gpxtpx:TrackPointExtension>
     </extensions>
   </trkpt>
   <trkpt lat="-2.6051810" lon="-43.0583990">
    <ele>22.8</ele>
    <time>2026-06-17T09:43:13Z</time>
     <extensions>
      <gpxtpx:TrackPointExtension>
       <gpxtpx:hr>132</gpxtpx:hr>
      </gpxtpx:TrackPointExtension>
     </extensions>
   </trkpt>
   <trkpt lat="-2.6051440" lon="-43.0584250">
    <ele>22.8</ele>
    <time>2026-06-17T09:43:18Z</time>
     <extensions>
      <gpxtpx:TrackPointExtension>
       <gpxtpx:hr>129</gpxtpx:hr>
      </gpxtpx:TrackPointExtension>
     </extensions>
   </trkpt>
   <trkpt lat="-2.6051180" lon="-43.0584480">
    <ele>22.8</ele>
    <time>2026-06-17T09:43:23Z</time>
     <extensions>
      <gpxtpx:TrackPointExtension>
       <gpxtpx:hr>129</gpxtpx:hr>
      </gpxtpx:TrackPointExtension>
     </extensions>
   </trkpt>
   <trkpt lat="-2.6050960" lon="-43.0584630">
    <ele>22.8</ele>
    <time>2026-06-17T09:43:28Z</time>
     <extensions>
      <gpxtpx:TrackPointExtension>
       <gpxtpx:hr>128</gpxtpx:hr>
      </gpxtpx:TrackPointExtension>
     </extensions>
   </trkpt>
   <trkpt lat="-2.6050730" lon="-43.0584850">
    <ele>22.8</ele>
    <time>2026-06-17T09:43:33Z</time>
     <extensions>
      <gpxtpx:TrackPointExtension>
       <gpxtpx:hr>127</gpxtpx:hr>
      </gpxtpx:TrackPointExtension>
     </extensions>
   </trkpt>
   <trkpt lat="-2.6050510" lon="-43.0585090">
    <ele>22.6</ele>
    <time>2026-06-17T09:43:38Z</time>
     <extensions>
      <gpxtpx:TrackPointExtension>
       <gpxtpx:hr>122</gpxtpx:hr>
      </gpxtpx:TrackPointExtension>
     </extensions>
   </trkpt>
   <trkpt lat="-2.6050240" lon="-43.0585310">
    <ele>22.4</ele>
    <time>2026-06-17T09:43:43Z</time>
     <extensions>
      <gpxtpx:TrackPointExtension>
       <gpxtpx:hr>124</gpxtpx:hr>
      </gpxtpx:TrackPointExtension>
     </extensions>
   </trkpt>
   <trkpt lat="-2.6049940" lon="-43.0585520">
    <ele>22.2</ele>
    <time>2026-06-17T09:43:48Z</time>
     <extensions>
      <gpxtpx:TrackPointExtension>
       <gpxtpx:hr>126</gpxtpx:hr>
      </gpxtpx:TrackPointExtension>
     </extensions>
   </trkpt>
   <trkpt lat="-2.6049680" lon="-43.0585730">
    <ele>22.0</ele>
    <time>2026-06-17T09:43:53Z</time>
     <extensions>
      <gpxtpx:TrackPointExtension>
       <gpxtpx:hr>126</gpxtpx:hr>
      </gpxtpx:TrackPointExtension>
     </extensions>
   </trkpt>
   <trkpt lat="-2.6049470" lon="-43.0585910">
    <ele>21.6</ele>
    <time>2026-06-17T09:43:58Z</time>
     <extensions>
      <gpxtpx:TrackPointExtension>
       <gpxtpx:hr>128</gpxtpx:hr>
      </gpxtpx:TrackPointExtension>
     </extensions>
   </trkpt>
   <trkpt lat="-2.6049240" lon="-43.0586100">
    <ele>21.4</ele>
    <time>2026-06-17T09:44:03Z</time>
     <extensions>
      <gpxtpx:TrackPointExtension>
       <gpxtpx:hr>127</gpxtpx:hr>
      </gpxtpx:TrackPointExtension>
     </extensions>
   </trkpt>
   <trkpt lat="-2.6049040" lon="-43.0586320">
    <ele>21.2</ele>
    <time>2026-06-17T09:44:08Z</time>
     <extensions>
      <gpxtpx:TrackPointExtension>
       <gpxtpx:hr>123</gpxtpx:hr>
      </gpxtpx:TrackPointExtension>
     </extensions>
   </trkpt>
   <trkpt lat="-2.6048850" lon="-43.0586580">
    <ele>20.8</ele>
    <time>2026-06-17T09:44:13Z</time>
     <extensions>
      <gpxtpx:TrackPointExtension>
       <gpxtpx:hr>122</gpxtpx:hr>
      </gpxtpx:TrackPointExtension>
     </extensions>
   </trkpt>
   <trkpt lat="-2.6048640" lon="-43.0586810">
    <ele>20.6</ele>
    <time>2026-06-17T09:44:18Z</time>
     <extensions>
      <gpxtpx:TrackPointExtension>
       <gpxtpx:hr>123</gpxtpx:hr>
      </gpxtpx:TrackPointExtension>
     </extensions>
   </trkpt>
   <trkpt lat="-2.6048590" lon="-43.0587030">
    <ele>20.6</ele>
    <time>2026-06-17T09:44:23Z</time>
     <extensions>
      <gpxtpx:TrackPointExtension>
       <gpxtpx:hr>122</gpxtpx:hr>
      </gpxtpx:TrackPointExtension>
     </extensions>
   </trkpt>
   <trkpt lat="-2.6048760" lon="-43.0587250">
    <ele>20.4</ele>
    <time>2026-06-17T09:44:28Z</time>
     <extensions>
      <gpxtpx:TrackPointExtension>
       <gpxtpx:hr>121</gpxtpx:hr>
      </gpxtpx:TrackPointExtension>
     </extensions>
   </trkpt>
   <trkpt lat="-2.6048810" lon="-43.0587280">
    <ele>20.4</ele>
    <time>2026-06-17T09:44:33Z</time>
     <extensions>
      <gpxtpx:TrackPointExtension>
       <gpxtpx:hr>121</gpxtpx:hr>
      </gpxtpx:TrackPointExtension>
     </extensions>
   </trkpt>
   <trkpt lat="-2.6048800" lon="-43.0587290">
    <ele>20.4</ele>
    <time>2026-06-17T09:44:38Z</time>
     <extensions>
      <gpxtpx:TrackPointExtension>
       <gpxtpx:hr>124</gpxtpx:hr>
      </gpxtpx:TrackPointExtension>
     </extensions>
   </trkpt>
   <trkpt lat="-2.6048800" lon="-43.0587260">
    <ele>20.2</ele>
    <time>2026-06-17T09:44:43Z</time>
     <extensions>
      <gpxtpx:TrackPointExtension>
       <gpxtpx:hr>128</gpxtpx:hr>
      </gpxtpx:TrackPointExtension>
     </extensions>
   </trkpt>
   <trkpt lat="-2.6048810" lon="-43.0587290">
    <ele>20.2</ele>
    <time>2026-06-17T09:44:48Z</time>
     <extensions>
      <gpxtpx:TrackPointExtension>
       <gpxtpx:hr>128</gpxtpx:hr>
      </gpxtpx:TrackPointExtension>
     </extensions>
   </trkpt>
   <trkpt lat="-2.6048790" lon="-43.0587290">
    <ele>20.2</ele>
    <time>2026-06-17T09:44:53Z</time>
     <extensions>
      <gpxtpx:TrackPointExtension>
       <gpxtpx:hr>122</gpxtpx:hr>
      </gpxtpx:TrackPointExtension>
     </extensions>
   </trkpt>
   <trkpt lat="-2.6048770" lon="-43.0587300">
    <ele>20.2</ele>
    <time>2026-06-17T09:44:58Z</time>
     <extensions>
      <gpxtpx:TrackPointExtension>
       <gpxtpx:hr>120</gpxtpx:hr>
      </gpxtpx:TrackPointExtension>
     </extensions>
   </trkpt>
   <trkpt lat="-2.6048750" lon="-43.0587330">
    <ele>20.4</ele>
    <time>2026-06-17T09:45:03Z</time>
     <extensions>
      <gpxtpx:TrackPointExtension>
       <gpxtpx:hr>118</gpxtpx:hr>
      </gpxtpx:TrackPointExtension>
     </extensions>
   </trkpt>
   <trkpt lat="-2.6048710" lon="-43.0587330">
    <ele>20.4</ele>
    <time>2026-06-17T09:45:08Z</time>
     <extensions>
      <gpxtpx:TrackPointExtension>
       <gpxtpx:hr>117</gpxtpx:hr>
      </gpxtpx:TrackPointExtension>
     </extensions>
   </trkpt>
   <trkpt lat="-2.6048690" lon="-43.0587340">
    <ele>20.2</ele>
    <time>2026-06-17T09:45:13Z</time>
     <extensions>
      <gpxtpx:TrackPointExtension>
       <gpxtpx:hr>120</gpxtpx:hr>
      </gpxtpx:TrackPointExtension>
     </extensions>
   </trkpt>
   <trkpt lat="-2.6048730" lon="-43.0587290">
    <ele>20.2</ele>
    <time>2026-06-17T09:45:18Z</time>
     <extensions>
      <gpxtpx:TrackPointExtension>
       <gpxtpx:hr>120</gpxtpx:hr>
      </gpxtpx:TrackPointExtension>
     </extensions>
   </trkpt>
   <trkpt lat="-2.6048730" lon="-43.0587290">
    <ele>20.2</ele>
    <time>2026-06-17T09:45:23Z</time>
     <extensions>
      <gpxtpx:TrackPointExtension>
       <gpxtpx:hr>120</gpxtpx:hr>
      </gpxtpx:TrackPointExtension>
     </extensions>
   </trkpt>
   <trkpt lat="-2.6048810" lon="-43.0587370">
    <ele>20.4</ele>
    <time>2026-06-17T09:45:28Z</time>
     <extensions>
      <gpxtpx:TrackPointExtension>
       <gpxtpx:hr>120</gpxtpx:hr>
      </gpxtpx:TrackPointExtension>
     </extensions>
   </trkpt>
   <trkpt lat="-2.6048860" lon="-43.0587350">
    <ele>20.6</ele>
    <time>2026-06-17T09:45:33Z</time>
     <extensions>
      <gpxtpx:TrackPointExtension>
       <gpxtpx:hr>118</gpxtpx:hr>
      </gpxtpx:TrackPointExtension>
     </extensions>
   </trkpt>
   <trkpt lat="-2.6048910" lon="-43.0587310">
    <ele>20.6</ele>
    <time>2026-06-17T09:45:38Z</time>
     <extensions>
      <gpxtpx:TrackPointExtension>
       <gpxtpx:hr>116</gpxtpx:hr>
      </gpxtpx:TrackPointExtension>
     </extensions>
   </trkpt>
   <trkpt lat="-2.6048930" lon="-43.0587290">
    <ele>20.6</ele>
    <time>2026-06-17T09:45:43Z</time>
     <extensions>
      <gpxtpx:TrackPointExtension>
       <gpxtpx:hr>120</gpxtpx:hr>
      </gpxtpx:TrackPointExtension>
     </extensions>
   </trkpt>
   <trkpt lat="-2.6048900" lon="-43.0587230">
    <ele>20.4</ele>
    <time>2026-06-17T09:45:48Z</time>
     <extensions>
      <gpxtpx:TrackPointExtension>
       <gpxtpx:hr>120</gpxtpx:hr>
      </gpxtpx:TrackPointExtension>
     </extensions>
   </trkpt>
   <trkpt lat="-2.6048890" lon="-43.0587240">
    <ele>20.2</ele>
    <time>2026-06-17T09:45:53Z</time>
     <extensions>
      <gpxtpx:TrackPointExtension>
       <gpxtpx:hr>119</gpxtpx:hr>
      </gpxtpx:TrackPointExtension>
     </extensions>
   </trkpt>
   <trkpt lat="-2.6048870" lon="-43.0587260">
    <ele>20.2</ele>
    <time>2026-06-17T09:45:58Z</time>
     <extensions>
      <gpxtpx:TrackPointExtension>
       <gpxtpx:hr>119</gpxtpx:hr>
      </gpxtpx:TrackPointExtension>
     </extensions>
   </trkpt>
   <trkpt lat="-2.6048820" lon="-43.0587240">
    <ele>20.0</ele>
    <time>2026-06-17T09:46:03Z</time>
     <extensions>
      <gpxtpx:TrackPointExtension>
       <gpxtpx:hr>117</gpxtpx:hr>
      </gpxtpx:TrackPointExtension>
     </extensions>
   </trkpt>
   <trkpt lat="-2.6048840" lon="-43.0587250">
    <ele>20.0</ele>
    <time>2026-06-17T09:46:08Z</time>
     <extensions>
      <gpxtpx:TrackPointExtension>
       <gpxtpx:hr>117</gpxtpx:hr>
      </gpxtpx:TrackPointExtension>
     </extensions>
   </trkpt>
   <trkpt lat="-2.6048860" lon="-43.0587280">
    <ele>20.0</ele>
    <time>2026-06-17T09:46:13Z</time>
     <extensions>
      <gpxtpx:TrackPointExtension>
       <gpxtpx:hr>115</gpxtpx:hr>
      </gpxtpx:TrackPointExtension>
     </extensions>
   </trkpt>
   <trkpt lat="-2.6048860" lon="-43.0587320">
    <ele>19.8</ele>
    <time>2026-06-17T09:46:18Z</time>
     <extensions>
      <gpxtpx:TrackPointExtension>
       <gpxtpx:hr>117</gpxtpx:hr>
      </gpxtpx:TrackPointExtension>
     </extensions>
   </trkpt>
   <trkpt lat="-2.6048790" lon="-43.0587390">
    <ele>19.8</ele>
    <time>2026-06-17T09:46:23Z</time>
     <extensions>
      <gpxtpx:TrackPointExtension>
       <gpxtpx:hr>120</gpxtpx:hr>
      </gpxtpx:TrackPointExtension>
     </extensions>
   </trkpt>
   <trkpt lat="-2.6048600" lon="-43.0587500">
    <ele>19.6</ele>
    <time>2026-06-17T09:46:28Z</time>
     <extensions>
      <gpxtpx:TrackPointExtension>
       <gpxtpx:hr>120</gpxtpx:hr>
      </gpxtpx:TrackPointExtension>
     </extensions>
   </trkpt>
   <trkpt lat="-2.6048370" lon="-43.0587600">
    <ele>19.6</ele>
    <time>2026-06-17T09:46:33Z</time>
     <extensions>
      <gpxtpx:TrackPointExtension>
       <gpxtpx:hr>124</gpxtpx:hr>
      </gpxtpx:TrackPointExtension>
     </extensions>
   </trkpt>
   <trkpt lat="-2.6048140" lon="-43.0587760">
    <ele>19.4</ele>
    <time>2026-06-17T09:46:38Z</time>
     <extensions>
      <gpxtpx:TrackPointExtension>
       <gpxtpx:hr>120</gpxtpx:hr>
      </gpxtpx:TrackPointExtension>
     </extensions>
   </trkpt>
   <trkpt lat="-2.6047950" lon="-43.0587940">
    <ele>19.4</ele>
    <time>2026-06-17T09:46:43Z</time>
     <extensions>
      <gpxtpx:TrackPointExtension>
       <gpxtpx:hr>122</gpxtpx:hr>
      </gpxtpx:TrackPointExtension>
     </extensions>
   </trkpt>
   <trkpt lat="-2.6047710" lon="-43.0588170">
    <ele>19.2</ele>
    <time>2026-06-17T09:46:48Z</time>
     <extensions>
      <gpxtpx:TrackPointExtension>
       <gpxtpx:hr>121</gpxtpx:hr>
      </gpxtpx:TrackPointExtension>
     </extensions>
   </trkpt>
   <trkpt lat="-2.6047470" lon="-43.0588400">
    <ele>19.0</ele>
    <time>2026-06-17T09:46:53Z</time>
     <extensions>
      <gpxtpx:TrackPointExtension>
       <gpxtpx:hr>121</gpxtpx:hr>
      </gpxtpx:TrackPointExtension>
     </extensions>
   </trkpt>
   <trkpt lat="-2.6047230" lon="-43.0588630">
    <ele>18.8</ele>
    <time>2026-06-17T09:46:58Z</time>
     <extensions>
      <gpxtpx:TrackPointExtension>
       <gpxtpx:hr>121</gpxtpx:hr>
      </gpxtpx:TrackPointExtension>
     </extensions>
   </trkpt>
   <trkpt lat="-2.6046960" lon="-43.0588890">
    <ele>18.4</ele>
    <time>2026-06-17T09:47:03Z</time>
     <extensions>
      <gpxtpx:TrackPointExtension>
       <gpxtpx:hr>126</gpxtpx:hr>
      </gpxtpx:TrackPointExtension>
     </extensions>
   </trkpt>
   <trkpt lat="-2.6046680" lon="-43.0589100">
    <ele>18.2</ele>
    <time>2026-06-17T09:47:08Z</time>
     <extensions>
      <gpxtpx:TrackPointExtension>
       <gpxtpx:hr>126</gpxtpx:hr>
      </gpxtpx:TrackPointExtension>
     </extensions>
   </trkpt>
   <trkpt lat="-2.6046420" lon="-43.0589320">
    <ele>18.0</ele>
    <time>2026-06-17T09:47:13Z</time>
     <extensions>
      <gpxtpx:TrackPointExtension>
       <gpxtpx:hr>126</gpxtpx:hr>
      </gpxtpx:TrackPointExtension>
     </extensions>
   </trkpt>
   <trkpt lat="-2.6046180" lon="-43.0589540">
    <ele>17.8</ele>
    <time>2026-06-17T09:47:18Z</time>
     <extensions>
      <gpxtpx:TrackPointExtension>
       <gpxtpx:hr>126</gpxtpx:hr>
      </gpxtpx:TrackPointExtension>
     </extensions>
   </trkpt>
   <trkpt lat="-2.6045940" lon="-43.0589780">
    <ele>17.6</ele>
    <time>2026-06-17T09:47:23Z</time>
     <extensions>
      <gpxtpx:TrackPointExtension>
       <gpxtpx:hr>126</gpxtpx:hr>
      </gpxtpx:TrackPointExtension>
     </extensions>
   </trkpt>
   <trkpt lat="-2.6045710" lon="-43.0590010">
    <ele>17.4</ele>
    <time>2026-06-17T09:47:28Z</time>
     <extensions>
      <gpxtpx:TrackPointExtension>
       <gpxtpx:hr>126</gpxtpx:hr>
      </gpxtpx:TrackPointExtension>
     </extensions>
   </trkpt>
   <trkpt lat="-2.6045460" lon="-43.0590240">
    <ele>17.2</ele>
    <time>2026-06-17T09:47:33Z</time>
     <extensions>
      <gpxtpx:TrackPointExtension>
       <gpxtpx:hr>126</gpxtpx:hr>
      </gpxtpx:TrackPointExtension>
     </extensions>
   </trkpt>
   <trkpt lat="-2.6045230" lon="-43.0590470">
    <ele>17.0</ele>
    <time>2026-06-17T09:47:38Z</time>
     <extensions>
      <gpxtpx:TrackPointExtension>
       <gpxtpx:hr>126</gpxtpx:hr>
      </gpxtpx:TrackPointExtension>
     </extensions>
   </trkpt>
   <trkpt lat="-2.6044990" lon="-43.0590680">
    <ele>17.0</ele>
    <time>2026-06-17T09:47:43Z</time>
     <extensions>
      <gpxtpx:TrackPointExtension>
       <gpxtpx:hr>126</gpxtpx:hr>
      </gpxtpx:TrackPointExtension>
     </extensions>
   </trkpt>
   <trkpt lat="-2.6044800" lon="-43.0590880">
    <ele>17.0</ele>
    <time>2026-06-17T09:47:48Z</time>
     <extensions>
      <gpxtpx:TrackPointExtension>
       <gpxtpx:hr>126</gpxtpx:hr>
      </gpxtpx:TrackPointExtension>
     </extensions>
   </trkpt>
   <trkpt lat="-2.6044560" lon="-43.0591070">
    <ele>17.0</ele>
    <time>2026-06-17T09:47:53Z</time>
     <extensions>
      <gpxtpx:TrackPointExtension>
       <gpxtpx:hr>118</gpxtpx:hr>
      </gpxtpx:TrackPointExtension>
     </extensions>
   </trkpt>
   <trkpt lat="-2.6044320" lon="-43.0591240">
    <ele>16.8</ele>
    <time>2026-06-17T09:47:58Z</time>
     <extensions>
      <gpxtpx:TrackPointExtension>
       <gpxtpx:hr>119</gpxtpx:hr>
      </gpxtpx:TrackPointExtension>
     </extensions>
   </trkpt>
   <trkpt lat="-2.6044080" lon="-43.0591380">
    <ele>16.8</ele>
    <time>2026-06-17T09:48:03Z</time>
     <extensions>
      <gpxtpx:TrackPointExtension>
       <gpxtpx:hr>123</gpxtpx:hr>
      </gpxtpx:TrackPointExtension>
     </extensions>
   </trkpt>
   <trkpt lat="-2.6043800" lon="-43.0591590">
    <ele>17.0</ele>
    <time>2026-06-17T09:48:08Z</time>
     <extensions>
      <gpxtpx:TrackPointExtension>
       <gpxtpx:hr>121</gpxtpx:hr>
      </gpxtpx:TrackPointExtension>
     </extensions>
   </trkpt>
   <trkpt lat="-2.6043540" lon="-43.0591790">
    <ele>17.0</ele>
    <time>2026-06-17T09:48:13Z</time>
     <extensions>
      <gpxtpx:TrackPointExtension>
       <gpxtpx:hr>121</gpxtpx:hr>
      </gpxtpx:TrackPointExtension>
     </extensions>
   </trkpt>
   <trkpt lat="-2.6043280" lon="-43.0591980">
    <ele>17.0</ele>
    <time>2026-06-17T09:48:18Z</time>
     <extensions>
      <gpxtpx:TrackPointExtension>
       <gpxtpx:hr>121</gpxtpx:hr>
      </gpxtpx:TrackPointExtension>
     </extensions>
   </trkpt>
   <trkpt lat="-2.6043010" lon="-43.0592170">
    <ele>17.2</ele>
    <time>2026-06-17T09:48:23Z</time>
     <extensions>
      <gpxtpx:TrackPointExtension>
       <gpxtpx:hr>121</gpxtpx:hr>
      </gpxtpx:TrackPointExtension>
     </extensions>
   </trkpt>
   <trkpt lat="-2.6042730" lon="-43.0592360">
    <ele>17.2</ele>
    <time>2026-06-17T09:48:28Z</time>
     <extensions>
      <gpxtpx:TrackPointExtension>
       <gpxtpx:hr>118</gpxtpx:hr>
      </gpxtpx:TrackPointExtension>
     </extensions>
   </trkpt>
   <trkpt lat="-2.6042440" lon="-43.0592520">
    <ele>17.2</ele>
    <time>2026-06-17T09:48:33Z</time>
     <extensions>
      <gpxtpx:TrackPointExtension>
       <gpxtpx:hr>114</gpxtpx:hr>
      </gpxtpx:TrackPointExtension>
     </extensions>
   </trkpt>
   <trkpt lat="-2.6042160" lon="-43.0592690">
    <ele>17.0</ele>
    <time>2026-06-17T09:48:38Z</time>
     <extensions>
      <gpxtpx:TrackPointExtension>
       <gpxtpx:hr>114</gpxtpx:hr>
      </gpxtpx:TrackPointExtension>
     </extensions>
   </trkpt>
   <trkpt lat="-2.6041910" lon="-43.0592850">
    <ele>17.0</ele>
    <time>2026-06-17T09:48:43Z</time>
     <extensions>
      <gpxtpx:TrackPointExtension>
       <gpxtpx:hr>117</gpxtpx:hr>
      </gpxtpx:TrackPointExtension>
     </extensions>
   </trkpt>
   <trkpt lat="-2.6041650" lon="-43.0593010">
    <ele>17.0</ele>
    <time>2026-06-17T09:48:48Z</time>
     <extensions>
      <gpxtpx:TrackPointExtension>
       <gpxtpx:hr>117</gpxtpx:hr>
      </gpxtpx:TrackPointExtension>
     </extensions>
   </trkpt>
   <trkpt lat="-2.6041390" lon="-43.0593140">
    <ele>17.0</ele>
    <time>2026-06-17T09:48:53Z</time>
     <extensions>
      <gpxtpx:TrackPointExtension>
       <gpxtpx:hr>118</gpxtpx:hr>
      </gpxtpx:TrackPointExtension>
     </extensions>
   </trkpt>
   <trkpt lat="-2.6041170" lon="-43.0593270">
    <ele>17.2</ele>
    <time>2026-06-17T09:48:58Z</time>
     <extensions>
      <gpxtpx:TrackPointExtension>
       <gpxtpx:hr>118</gpxtpx:hr>
      </gpxtpx:TrackPointExtension>
     </extensions>
   </trkpt>
   <trkpt lat="-2.6041070" lon="-43.0593380">
    <ele>17.4</ele>
    <time>2026-06-17T09:49:03Z</time>
     <extensions>
      <gpxtpx:TrackPointExtension>
       <gpxtpx:hr>119</gpxtpx:hr>
      </gpxtpx:TrackPointExtension>
     </extensions>
   </trkpt>
   <trkpt lat="-2.6041040" lon="-43.0593430">
    <ele>17.4</ele>
    <time>2026-06-17T09:49:08Z</time>
     <extensions>
      <gpxtpx:TrackPointExtension>
       <gpxtpx:hr>119</gpxtpx:hr>
      </gpxtpx:TrackPointExtension>
     </extensions>
   </trkpt>
   <trkpt lat="-2.6041010" lon="-43.0593440">
    <ele>17.2</ele>
    <time>2026-06-17T09:49:13Z</time>
     <extensions>
      <gpxtpx:TrackPointExtension>
       <gpxtpx:hr>119</gpxtpx:hr>
      </gpxtpx:TrackPointExtension>
     </extensions>
   </trkpt>
   <trkpt lat="-2.6041020" lon="-43.0593440">
    <ele>17.2</ele>
    <time>2026-06-17T09:49:18Z</time>
     <extensions>
      <gpxtpx:TrackPointExtension>
       <gpxtpx:hr>119</gpxtpx:hr>
      </gpxtpx:TrackPointExtension>
     </extensions>
   </trkpt>
   <trkpt lat="-2.6041050" lon="-43.0593440">
    <ele>17.2</ele>
    <time>2026-06-17T09:49:23Z</time>
     <extensions>
      <gpxtpx:TrackPointExtension>
       <gpxtpx:hr>119</gpxtpx:hr>
      </gpxtpx:TrackPointExtension>
     </extensions>
   </trkpt>
   <trkpt lat="-2.6041030" lon="-43.0593460">
    <ele>17.2</ele>
    <time>2026-06-17T09:49:28Z</time>
     <extensions>
      <gpxtpx:TrackPointExtension>
       <gpxtpx:hr>119</gpxtpx:hr>
      </gpxtpx:TrackPointExtension>
     </extensions>
   </trkpt>
   <trkpt lat="-2.6040920" lon="-43.0593540">
    <ele>17.2</ele>
    <time>2026-06-17T09:49:33Z</time>
     <extensions>
      <gpxtpx:TrackPointExtension>
       <gpxtpx:hr>119</gpxtpx:hr>
      </gpxtpx:TrackPointExtension>
     </extensions>
   </trkpt>
   <trkpt lat="-2.6040750" lon="-43.0593590">
    <ele>17.4</ele>
    <time>2026-06-17T09:49:38Z</time>
     <extensions>
      <gpxtpx:TrackPointExtension>
       <gpxtpx:hr>119</gpxtpx:hr>
      </gpxtpx:TrackPointExtension>
     </extensions>
   </trkpt>
   <trkpt lat="-2.6040560" lon="-43.0593670">
    <ele>17.4</ele>
    <time>2026-06-17T09:49:43Z</time>
     <extensions>
      <gpxtpx:TrackPointExtension>
       <gpxtpx:hr>119</gpxtpx:hr>
      </gpxtpx:TrackPointExtension>
     </extensions>
   </trkpt>
   <trkpt lat="-2.6040380" lon="-43.0593770">
    <ele>17.4</ele>
    <time>2026-06-17T09:49:48Z</time>
     <extensions>
      <gpxtpx:TrackPointExtension>
       <gpxtpx:hr>111</gpxtpx:hr>
      </gpxtpx:TrackPointExtension>
     </extensions>
   </trkpt>
   <trkpt lat="-2.6040190" lon="-43.0593920">
    <ele>17.6</ele>
    <time>2026-06-17T09:49:53Z</time>
     <extensions>
      <gpxtpx:TrackPointExtension>
       <gpxtpx:hr>110</gpxtpx:hr>
      </gpxtpx:TrackPointExtension>
     </extensions>
   </trkpt>
   <trkpt lat="-2.6039990" lon="-43.0594060">
    <ele>17.6</ele>
    <time>2026-06-17T09:49:58Z</time>
     <extensions>
      <gpxtpx:TrackPointExtension>
       <gpxtpx:hr>110</gpxtpx:hr>
      </gpxtpx:TrackPointExtension>
     </extensions>
   </trkpt>
   <trkpt lat="-2.6039810" lon="-43.0594160">
    <ele>17.4</ele>
    <time>2026-06-17T09:50:03Z</time>
     <extensions>
      <gpxtpx:TrackPointExtension>
       <gpxtpx:hr>110</gpxtpx:hr>
      </gpxtpx:TrackPointExtension>
     </extensions>
   </trkpt>
   <trkpt lat="-2.6039640" lon="-43.0594270">
    <ele>17.4</ele>
    <time>2026-06-17T09:50:08Z</time>
     <extensions>
      <gpxtpx:TrackPointExtension>
       <gpxtpx:hr>110</gpxtpx:hr>
      </gpxtpx:TrackPointExtension>
     </extensions>
   </trkpt>
   <trkpt lat="-2.6039400" lon="-43.0594420">
    <ele>17.2</ele>
    <time>2026-06-17T09:50:13Z</time>
     <extensions>
      <gpxtpx:TrackPointExtension>
       <gpxtpx:hr>110</gpxtpx:hr>
      </gpxtpx:TrackPointExtension>
     </extensions>
   </trkpt>
   <trkpt lat="-2.6039160" lon="-43.0594590">
    <ele>17.2</ele>
    <time>2026-06-17T09:50:18Z</time>
     <extensions>
      <gpxtpx:TrackPointExtension>
       <gpxtpx:hr>110</gpxtpx:hr>
      </gpxtpx:TrackPointExtension>
     </extensions>
   </trkpt>
   <trkpt lat="-2.6038900" lon="-43.0594790">
    <ele>17.0</ele>
    <time>2026-06-17T09:50:23Z</time>
     <extensions>
      <gpxtpx:TrackPointExtension>
       <gpxtpx:hr>112</gpxtpx:hr>
      </gpxtpx:TrackPointExtension>
     </extensions>
   </trkpt>
   <trkpt lat="-2.6038680" lon="-43.0594970">
    <ele>17.0</ele>
    <time>2026-06-17T09:50:28Z</time>
     <extensions>
      <gpxtpx:TrackPointExtension>
       <gpxtpx:hr>113</gpxtpx:hr>
      </gpxtpx:TrackPointExtension>
     </extensions>
   </trkpt>
   <trkpt lat="-2.6038440" lon="-43.0595100">
    <ele>17.2</ele>
    <time>2026-06-17T09:50:33Z</time>
     <extensions>
      <gpxtpx:TrackPointExtension>
       <gpxtpx:hr>116</gpxtpx:hr>
      </gpxtpx:TrackPointExtension>
     </extensions>
   </trkpt>
   <trkpt lat="-2.6038200" lon="-43.0595180">
    <ele>17.4</ele>
    <time>2026-06-17T09:50:38Z</time>
     <extensions>
      <gpxtpx:TrackPointExtension>
       <gpxtpx:hr>116</gpxtpx:hr>
      </gpxtpx:TrackPointExtension>
     </extensions>
   </trkpt>
   <trkpt lat="-2.6037980" lon="-43.0595240">
    <ele>17.4</ele>
    <time>2026-06-17T09:50:43Z</time>
     <extensions>
      <gpxtpx:TrackPointExtension>
       <gpxtpx:hr>116</gpxtpx:hr>
      </gpxtpx:TrackPointExtension>
     </extensions>
   </trkpt>
   <trkpt lat="-2.6037770" lon="-43.0595280">
    <ele>17.2</ele>
    <time>2026-06-17T09:50:48Z</time>
     <extensions>
      <gpxtpx:TrackPointExtension>
       <gpxtpx:hr>116</gpxtpx:hr>
      </gpxtpx:TrackPointExtension>
     </extensions>
   </trkpt>
   <trkpt lat="-2.6037530" lon="-43.0595380">
    <ele>17.2</ele>
    <time>2026-06-17T09:50:53Z</time>
     <extensions>
      <gpxtpx:TrackPointExtension>
       <gpxtpx:hr>116</gpxtpx:hr>
      </gpxtpx:TrackPointExtension>
     </extensions>
   </trkpt>
   <trkpt lat="-2.6037270" lon="-43.0595500">
    <ele>17.0</ele>
    <time>2026-06-17T09:50:58Z</time>
     <extensions>
      <gpxtpx:TrackPointExtension>
       <gpxtpx:hr>116</gpxtpx:hr>
      </gpxtpx:TrackPointExtension>
     </extensions>
   </trkpt>
   <trkpt lat="-2.6037110" lon="-43.0595540">
    <ele>16.8</ele>
    <time>2026-06-17T09:51:03Z</time>
     <extensions>
      <gpxtpx:TrackPointExtension>
       <gpxtpx:hr>119</gpxtpx:hr>
      </gpxtpx:TrackPointExtension>
     </extensions>
   </trkpt>
   <trkpt lat="-2.6037080" lon="-43.0595510">
    <ele>15.8</ele>
    <time>2026-06-17T09:51:08Z</time>
     <extensions>
      <gpxtpx:TrackPointExtension>
       <gpxtpx:hr>120</gpxtpx:hr>
      </gpxtpx:TrackPointExtension>
     </extensions>
   </trkpt>
   <trkpt lat="-2.6037270" lon="-43.0595510">
    <ele>17.4</ele>
    <time>2026-06-17T09:51:35Z</time>
     <extensions>
      <gpxtpx:TrackPointExtension>
       <gpxtpx:hr>130</gpxtpx:hr>
      </gpxtpx:TrackPointExtension>
     </extensions>
   </trkpt>
   <trkpt lat="-2.6037270" lon="-43.0595510">
    <ele>17.0</ele>
    <time>2026-06-17T09:51:40Z</time>
     <extensions>
      <gpxtpx:TrackPointExtension>
       <gpxtpx:hr>130</gpxtpx:hr>
      </gpxtpx:TrackPointExtension>
     </extensions>
   </trkpt>
   <trkpt lat="-2.6037270" lon="-43.0595520">
    <ele>16.8</ele>
    <time>2026-06-17T09:51:45Z</time>
     <extensions>
      <gpxtpx:TrackPointExtension>
       <gpxtpx:hr>131</gpxtpx:hr>
      </gpxtpx:TrackPointExtension>
     </extensions>
   </trkpt>
   <trkpt lat="-2.6037290" lon="-43.0595510">
    <ele>16.4</ele>
    <time>2026-06-17T09:51:50Z</time>
     <extensions>
      <gpxtpx:TrackPointExtension>
       <gpxtpx:hr>130</gpxtpx:hr>
      </gpxtpx:TrackPointExtension>
     </extensions>
   </trkpt>
   <trkpt lat="-2.6037290" lon="-43.0595510">
    <ele>16.2</ele>
    <time>2026-06-17T09:51:55Z</time>
     <extensions>
      <gpxtpx:TrackPointExtension>
       <gpxtpx:hr>127</gpxtpx:hr>
      </gpxtpx:TrackPointExtension>
     </extensions>
   </trkpt>
   <trkpt lat="-2.6037260" lon="-43.0595520">
    <ele>16.2</ele>
    <time>2026-06-17T09:52:00Z</time>
     <extensions>
      <gpxtpx:TrackPointExtension>
       <gpxtpx:hr>127</gpxtpx:hr>
      </gpxtpx:TrackPointExtension>
     </extensions>
   </trkpt>
   <trkpt lat="-2.6037240" lon="-43.0595530">
    <ele>16.2</ele>
    <time>2026-06-17T09:52:05Z</time>
     <extensions>
      <gpxtpx:TrackPointExtension>
       <gpxtpx:hr>115</gpxtpx:hr>
      </gpxtpx:TrackPointExtension>
     </extensions>
   </trkpt>
   <trkpt lat="-2.6037150" lon="-43.0595550">
    <ele>16.2</ele>
    <time>2026-06-17T09:52:10Z</time>
     <extensions>
      <gpxtpx:TrackPointExtension>
       <gpxtpx:hr>119</gpxtpx:hr>
      </gpxtpx:TrackPointExtension>
     </extensions>
   </trkpt>
   <trkpt lat="-2.6037130" lon="-43.0595580">
    <ele>16.2</ele>
    <time>2026-06-17T09:52:15Z</time>
     <extensions>
      <gpxtpx:TrackPointExtension>
       <gpxtpx:hr>117</gpxtpx:hr>
      </gpxtpx:TrackPointExtension>
     </extensions>
   </trkpt>
   <trkpt lat="-2.6037150" lon="-43.0595610">
    <ele>16.2</ele>
    <time>2026-06-17T09:52:20Z</time>
     <extensions>
      <gpxtpx:TrackPointExtension>
       <gpxtpx:hr>117</gpxtpx:hr>
      </gpxtpx:TrackPointExtension>
     </extensions>
   </trkpt>
   <trkpt lat="-2.6037150" lon="-43.0595620">
    <ele>16.2</ele>
    <time>2026-06-17T09:52:25Z</time>
     <extensions>
      <gpxtpx:TrackPointExtension>
       <gpxtpx:hr>118</gpxtpx:hr>
      </gpxtpx:TrackPointExtension>
     </extensions>
   </trkpt>
   <trkpt lat="-2.6037140" lon="-43.0595610">
    <ele>16.2</ele>
    <time>2026-06-17T09:52:30Z</time>
     <extensions>
      <gpxtpx:TrackPointExtension>
       <gpxtpx:hr>118</gpxtpx:hr>
      </gpxtpx:TrackPointExtension>
     </extensions>
   </trkpt>
   <trkpt lat="-2.6037150" lon="-43.0595550">
    <ele>16.2</ele>
    <time>2026-06-17T09:52:35Z</time>
     <extensions>
      <gpxtpx:TrackPointExtension>
       <gpxtpx:hr>118</gpxtpx:hr>
      </gpxtpx:TrackPointExtension>
     </extensions>
   </trkpt>
   <trkpt lat="-2.6037150" lon="-43.0595470">
    <ele>16.2</ele>
    <time>2026-06-17T09:52:40Z</time>
     <extensions>
      <gpxtpx:TrackPointExtension>
       <gpxtpx:hr>111</gpxtpx:hr>
      </gpxtpx:TrackPointExtension>
     </extensions>
   </trkpt>
   <trkpt lat="-2.6037140" lon="-43.0595400">
    <ele>16.2</ele>
    <time>2026-06-17T09:52:45Z</time>
     <extensions>
      <gpxtpx:TrackPointExtension>
       <gpxtpx:hr>108</gpxtpx:hr>
      </gpxtpx:TrackPointExtension>
     </extensions>
   </trkpt>
   <trkpt lat="-2.6037160" lon="-43.0595400">
    <ele>16.2</ele>
    <time>2026-06-17T09:52:50Z</time>
     <extensions>
      <gpxtpx:TrackPointExtension>
       <gpxtpx:hr>105</gpxtpx:hr>
      </gpxtpx:TrackPointExtension>
     </extensions>
   </trkpt>
   <trkpt lat="-2.6037200" lon="-43.0595500">
    <ele>16.2</ele>
    <time>2026-06-17T09:52:55Z</time>
     <extensions>
      <gpxtpx:TrackPointExtension>
       <gpxtpx:hr>105</gpxtpx:hr>
      </gpxtpx:TrackPointExtension>
     </extensions>
   </trkpt>
   <trkpt lat="-2.6037200" lon="-43.0595540">
    <ele>17.0</ele>
    <time>2026-06-17T09:53:00Z</time>
     <extensions>
      <gpxtpx:TrackPointExtension>
       <gpxtpx:hr>110</gpxtpx:hr>
      </gpxtpx:TrackPointExtension>
     </extensions>
   </trkpt>
   <trkpt lat="-2.6037210" lon="-43.0595550">
    <ele>17.8</ele>
    <time>2026-06-17T09:53:05Z</time>
     <extensions>
      <gpxtpx:TrackPointExtension>
       <gpxtpx:hr>110</gpxtpx:hr>
      </gpxtpx:TrackPointExtension>
     </extensions>
   </trkpt>
   <trkpt lat="-2.6037240" lon="-43.0595550">
    <ele>18.2</ele>
    <time>2026-06-17T09:53:10Z</time>
     <extensions>
      <gpxtpx:TrackPointExtension>
       <gpxtpx:hr>110</gpxtpx:hr>
      </gpxtpx:TrackPointExtension>
     </extensions>
   </trkpt>
   <trkpt lat="-2.6037240" lon="-43.0595550">
    <ele>18.4</ele>
    <time>2026-06-17T09:53:15Z</time>
     <extensions>
      <gpxtpx:TrackPointExtension>
       <gpxtpx:hr>110</gpxtpx:hr>
      </gpxtpx:TrackPointExtension>
     </extensions>
   </trkpt>
   <trkpt lat="-2.6037230" lon="-43.0595550">
    <ele>18.4</ele>
    <time>2026-06-17T09:53:20Z</time>
     <extensions>
      <gpxtpx:TrackPointExtension>
       <gpxtpx:hr>108</gpxtpx:hr>
      </gpxtpx:TrackPointExtension>
     </extensions>
   </trkpt>
   <trkpt lat="-2.6037210" lon="-43.0595540">
    <ele>18.4</ele>
    <time>2026-06-17T09:53:25Z</time>
     <extensions>
      <gpxtpx:TrackPointExtension>
       <gpxtpx:hr>110</gpxtpx:hr>
      </gpxtpx:TrackPointExtension>
     </extensions>
   </trkpt>
   <trkpt lat="-2.6037180" lon="-43.0595550">
    <ele>18.6</ele>
    <time>2026-06-17T09:53:30Z</time>
     <extensions>
      <gpxtpx:TrackPointExtension>
       <gpxtpx:hr>114</gpxtpx:hr>
      </gpxtpx:TrackPointExtension>
     </extensions>
   </trkpt>
   <trkpt lat="-2.6036940" lon="-43.0595740">
    <ele>18.4</ele>
    <time>2026-06-17T09:53:35Z</time>
     <extensions>
      <gpxtpx:TrackPointExtension>
       <gpxtpx:hr>123</gpxtpx:hr>
      </gpxtpx:TrackPointExtension>
     </extensions>
   </trkpt>
   <trkpt lat="-2.6036610" lon="-43.0595790">
    <ele>17.8</ele>
    <time>2026-06-17T09:53:40Z</time>
     <extensions>
      <gpxtpx:TrackPointExtension>
       <gpxtpx:hr>126</gpxtpx:hr>
      </gpxtpx:TrackPointExtension>
     </extensions>
   </trkpt>
   <trkpt lat="-2.6036290" lon="-43.0595710">
    <ele>17.8</ele>
    <time>2026-06-17T09:53:45Z</time>
     <extensions>
      <gpxtpx:TrackPointExtension>
       <gpxtpx:hr>126</gpxtpx:hr>
      </gpxtpx:TrackPointExtension>
     </extensions>
   </trkpt>
   <trkpt lat="-2.6035890" lon="-43.0595790">
    <ele>18.4</ele>
    <time>2026-06-17T09:53:50Z</time>
     <extensions>
      <gpxtpx:TrackPointExtension>
       <gpxtpx:hr>130</gpxtpx:hr>
      </gpxtpx:TrackPointExtension>
     </extensions>
   </trkpt>
   <trkpt lat="-2.6035570" lon="-43.0595930">
    <ele>19.0</ele>
    <time>2026-06-17T09:53:55Z</time>
     <extensions>
      <gpxtpx:TrackPointExtension>
       <gpxtpx:hr>132</gpxtpx:hr>
      </gpxtpx:TrackPointExtension>
     </extensions>
   </trkpt>
   <trkpt lat="-2.6035210" lon="-43.0596080">
    <ele>19.6</ele>
    <time>2026-06-17T09:54:00Z</time>
     <extensions>
      <gpxtpx:TrackPointExtension>
       <gpxtpx:hr>132</gpxtpx:hr>
      </gpxtpx:TrackPointExtension>
     </extensions>
   </trkpt>
   <trkpt lat="-2.6035080" lon="-43.0596100">
    <ele>20.4</ele>
    <time>2026-06-17T09:54:05Z</time>
     <extensions>
      <gpxtpx:TrackPointExtension>
       <gpxtpx:hr>136</gpxtpx:hr>
      </gpxtpx:TrackPointExtension>
     </extensions>
   </trkpt>
   <trkpt lat="-2.6034950" lon="-43.0596250">
    <ele>21.0</ele>
    <time>2026-06-17T09:54:10Z</time>
     <extensions>
      <gpxtpx:TrackPointExtension>
       <gpxtpx:hr>137</gpxtpx:hr>
      </gpxtpx:TrackPointExtension>
     </extensions>
   </trkpt>
   <trkpt lat="-2.6034750" lon="-43.0596370">
    <ele>21.4</ele>
    <time>2026-06-17T09:54:15Z</time>
     <extensions>
      <gpxtpx:TrackPointExtension>
       <gpxtpx:hr>138</gpxtpx:hr>
      </gpxtpx:TrackPointExtension>
     </extensions>
   </trkpt>
   <trkpt lat="-2.6034560" lon="-43.0596500">
    <ele>22.0</ele>
    <time>2026-06-17T09:54:20Z</time>
     <extensions>
      <gpxtpx:TrackPointExtension>
       <gpxtpx:hr>142</gpxtpx:hr>
      </gpxtpx:TrackPointExtension>
     </extensions>
   </trkpt>
   <trkpt lat="-2.6034360" lon="-43.0596660">
    <ele>22.4</ele>
    <time>2026-06-17T09:54:25Z</time>
     <extensions>
      <gpxtpx:TrackPointExtension>
       <gpxtpx:hr>148</gpxtpx:hr>
      </gpxtpx:TrackPointExtension>
     </extensions>
   </trkpt>
   <trkpt lat="-2.6034040" lon="-43.0596680">
    <ele>23.0</ele>
    <time>2026-06-17T09:54:30Z</time>
     <extensions>
      <gpxtpx:TrackPointExtension>
       <gpxtpx:hr>150</gpxtpx:hr>
      </gpxtpx:TrackPointExtension>
     </extensions>
   </trkpt>
   <trkpt lat="-2.6033720" lon="-43.0596630">
    <ele>23.4</ele>
    <time>2026-06-17T09:54:35Z</time>
     <extensions>
      <gpxtpx:TrackPointExtension>
       <gpxtpx:hr>148</gpxtpx:hr>
      </gpxtpx:TrackPointExtension>
     </extensions>
   </trkpt>
   <trkpt lat="-2.6033440" lon="-43.0596470">
    <ele>23.8</ele>
    <time>2026-06-17T09:54:40Z</time>
     <extensions>
      <gpxtpx:TrackPointExtension>
       <gpxtpx:hr>148</gpxtpx:hr>
      </gpxtpx:TrackPointExtension>
     </extensions>
   </trkpt>
   <trkpt lat="-2.6033150" lon="-43.0596340">
    <ele>24.2</ele>
    <time>2026-06-17T09:54:45Z</time>
     <extensions>
      <gpxtpx:TrackPointExtension>
       <gpxtpx:hr>148</gpxtpx:hr>
      </gpxtpx:TrackPointExtension>
     </extensions>
   </trkpt>
   <trkpt lat="-2.6032890" lon="-43.0596290">
    <ele>24.4</ele>
    <time>2026-06-17T09:54:50Z</time>
     <extensions>
      <gpxtpx:TrackPointExtension>
       <gpxtpx:hr>148</gpxtpx:hr>
      </gpxtpx:TrackPointExtension>
     </extensions>
   </trkpt>
   <trkpt lat="-2.6032590" lon="-43.0596240">
    <ele>24.8</ele>
    <time>2026-06-17T09:54:55Z</time>
     <extensions>
      <gpxtpx:TrackPointExtension>
       <gpxtpx:hr>148</gpxtpx:hr>
      </gpxtpx:TrackPointExtension>
     </extensions>
   </trkpt>
   <trkpt lat="-2.6032320" lon="-43.0596220">
    <ele>25.0</ele>
    <time>2026-06-17T09:55:00Z</time>
     <extensions>
      <gpxtpx:TrackPointExtension>
       <gpxtpx:hr>147</gpxtpx:hr>
      </gpxtpx:TrackPointExtension>
     </extensions>
   </trkpt>
   <trkpt lat="-2.6031960" lon="-43.0596180">
    <ele>25.4</ele>
    <time>2026-06-17T09:55:05Z</time>
     <extensions>
      <gpxtpx:TrackPointExtension>
       <gpxtpx:hr>152</gpxtpx:hr>
      </gpxtpx:TrackPointExtension>
     </extensions>
   </trkpt>
   <trkpt lat="-2.6031640" lon="-43.0596180">
    <ele>25.6</ele>
    <time>2026-06-17T09:55:10Z</time>
     <extensions>
      <gpxtpx:TrackPointExtension>
       <gpxtpx:hr>150</gpxtpx:hr>
      </gpxtpx:TrackPointExtension>
     </extensions>
   </trkpt>
   <trkpt lat="-2.6031330" lon="-43.0596110">
    <ele>26.0</ele>
    <time>2026-06-17T09:55:15Z</time>
     <extensions>
      <gpxtpx:TrackPointExtension>
       <gpxtpx:hr>150</gpxtpx:hr>
      </gpxtpx:TrackPointExtension>
     </extensions>
   </trkpt>
   <trkpt lat="-2.6030880" lon="-43.0596100">
    <ele>26.2</ele>
    <time>2026-06-17T09:55:20Z</time>
     <extensions>
      <gpxtpx:TrackPointExtension>
       <gpxtpx:hr>145</gpxtpx:hr>
      </gpxtpx:TrackPointExtension>
     </extensions>
   </trkpt>
   <trkpt lat="-2.6030390" lon="-43.0595920">
    <ele>26.6</ele>
    <time>2026-06-17T09:55:25Z</time>
     <extensions>
      <gpxtpx:TrackPointExtension>
       <gpxtpx:hr>140</gpxtpx:hr>
      </gpxtpx:TrackPointExtension>
     </extensions>
   </trkpt>
   <trkpt lat="-2.6029950" lon="-43.0595600">
    <ele>26.8</ele>
    <time>2026-06-17T09:55:30Z</time>
     <extensions>
      <gpxtpx:TrackPointExtension>
       <gpxtpx:hr>141</gpxtpx:hr>
      </gpxtpx:TrackPointExtension>
     </extensions>
   </trkpt>
   <trkpt lat="-2.6029500" lon="-43.0595320">
    <ele>27.2</ele>
    <time>2026-06-17T09:55:35Z</time>
     <extensions>
      <gpxtpx:TrackPointExtension>
       <gpxtpx:hr>139</gpxtpx:hr>
      </gpxtpx:TrackPointExtension>
     </extensions>
   </trkpt>
   <trkpt lat="-2.6029100" lon="-43.0595170">
    <ele>27.4</ele>
    <time>2026-06-17T09:55:40Z</time>
     <extensions>
      <gpxtpx:TrackPointExtension>
       <gpxtpx:hr>139</gpxtpx:hr>
      </gpxtpx:TrackPointExtension>
     </extensions>
   </trkpt>
   <trkpt lat="-2.6028660" lon="-43.0594960">
    <ele>27.8</ele>
    <time>2026-06-17T09:55:45Z</time>
     <extensions>
      <gpxtpx:TrackPointExtension>
       <gpxtpx:hr>135</gpxtpx:hr>
      </gpxtpx:TrackPointExtension>
     </extensions>
   </trkpt>
   <trkpt lat="-2.6028300" lon="-43.0594720">
    <ele>27.8</ele>
    <time>2026-06-17T09:55:50Z</time>
     <extensions>
      <gpxtpx:TrackPointExtension>
       <gpxtpx:hr>135</gpxtpx:hr>
      </gpxtpx:TrackPointExtension>
     </extensions>
   </trkpt>
   <trkpt lat="-2.6027920" lon="-43.0594410">
    <ele>28.0</ele>
    <time>2026-06-17T09:55:55Z</time>
     <extensions>
      <gpxtpx:TrackPointExtension>
       <gpxtpx:hr>132</gpxtpx:hr>
      </gpxtpx:TrackPointExtension>
     </extensions>
   </trkpt>
   <trkpt lat="-2.6027550" lon="-43.0594200">
    <ele>27.8</ele>
    <time>2026-06-17T09:56:00Z</time>
     <extensions>
      <gpxtpx:TrackPointExtension>
       <gpxtpx:hr>136</gpxtpx:hr>
      </gpxtpx:TrackPointExtension>
     </extensions>
   </trkpt>
   <trkpt lat="-2.6027180" lon="-43.0594010">
    <ele>27.8</ele>
    <time>2026-06-17T09:56:05Z</time>
     <extensions>
      <gpxtpx:TrackPointExtension>
       <gpxtpx:hr>127</gpxtpx:hr>
      </gpxtpx:TrackPointExtension>
     </extensions>
   </trkpt>
   <trkpt lat="-2.6026850" lon="-43.0593810">
    <ele>27.8</ele>
    <time>2026-06-17T09:56:10Z</time>
     <extensions>
      <gpxtpx:TrackPointExtension>
       <gpxtpx:hr>127</gpxtpx:hr>
      </gpxtpx:TrackPointExtension>
     </extensions>
   </trkpt>
   <trkpt lat="-2.6026440" lon="-43.0593650">
    <ele>27.6</ele>
    <time>2026-06-17T09:56:15Z</time>
     <extensions>
      <gpxtpx:TrackPointExtension>
       <gpxtpx:hr>127</gpxtpx:hr>
      </gpxtpx:TrackPointExtension>
     </extensions>
   </trkpt>
   <trkpt lat="-2.6025970" lon="-43.0593560">
    <ele>27.8</ele>
    <time>2026-06-17T09:56:20Z</time>
     <extensions>
      <gpxtpx:TrackPointExtension>
       <gpxtpx:hr>124</gpxtpx:hr>
      </gpxtpx:TrackPointExtension>
     </extensions>
   </trkpt>
   <trkpt lat="-2.6025770" lon="-43.0593420">
    <ele>28.4</ele>
    <time>2026-06-17T09:56:25Z</time>
     <extensions>
      <gpxtpx:TrackPointExtension>
       <gpxtpx:hr>124</gpxtpx:hr>
      </gpxtpx:TrackPointExtension>
     </extensions>
   </trkpt>
   <trkpt lat="-2.6025440" lon="-43.0593220">
    <ele>29.0</ele>
    <time>2026-06-17T09:56:30Z</time>
     <extensions>
      <gpxtpx:TrackPointExtension>
       <gpxtpx:hr>137</gpxtpx:hr>
      </gpxtpx:TrackPointExtension>
     </extensions>
   </trkpt>
   <trkpt lat="-2.6025170" lon="-43.0592940">
    <ele>29.6</ele>
    <time>2026-06-17T09:56:35Z</time>
     <extensions>
      <gpxtpx:TrackPointExtension>
       <gpxtpx:hr>137</gpxtpx:hr>
      </gpxtpx:TrackPointExtension>
     </extensions>
   </trkpt>
   <trkpt lat="-2.6025060" lon="-43.0592500">
    <ele>30.0</ele>
    <time>2026-06-17T09:56:40Z</time>
     <extensions>
      <gpxtpx:TrackPointExtension>
       <gpxtpx:hr>137</gpxtpx:hr>
      </gpxtpx:TrackPointExtension>
     </extensions>
   </trkpt>
   <trkpt lat="-2.6024900" lon="-43.0592140">
    <ele>30.4</ele>
    <time>2026-06-17T09:56:45Z</time>
     <extensions>
      <gpxtpx:TrackPointExtension>
       <gpxtpx:hr>139</gpxtpx:hr>
      </gpxtpx:TrackPointExtension>
     </extensions>
   </trkpt>
   <trkpt lat="-2.6024710" lon="-43.0591820">
    <ele>30.8</ele>
    <time>2026-06-17T09:56:50Z</time>
     <extensions>
      <gpxtpx:TrackPointExtension>
       <gpxtpx:hr>137</gpxtpx:hr>
      </gpxtpx:TrackPointExtension>
     </extensions>
   </trkpt>
   <trkpt lat="-2.6024500" lon="-43.0591400">
    <ele>31.0</ele>
    <time>2026-06-17T09:56:55Z</time>
     <extensions>
      <gpxtpx:TrackPointExtension>
       <gpxtpx:hr>137</gpxtpx:hr>
      </gpxtpx:TrackPointExtension>
     </extensions>
   </trkpt>
   <trkpt lat="-2.6024250" lon="-43.0591140">
    <ele>31.2</ele>
    <time>2026-06-17T09:57:00Z</time>
     <extensions>
      <gpxtpx:TrackPointExtension>
       <gpxtpx:hr>137</gpxtpx:hr>
      </gpxtpx:TrackPointExtension>
     </extensions>
   </trkpt>
   <trkpt lat="-2.6023960" lon="-43.0590880">
    <ele>31.6</ele>
    <time>2026-06-17T09:57:05Z</time>
     <extensions>
      <gpxtpx:TrackPointExtension>
       <gpxtpx:hr>137</gpxtpx:hr>
      </gpxtpx:TrackPointExtension>
     </extensions>
   </trkpt>
   <trkpt lat="-2.6023670" lon="-43.0590590">
    <ele>31.8</ele>
    <time>2026-06-17T09:57:10Z</time>
     <extensions>
      <gpxtpx:TrackPointExtension>
       <gpxtpx:hr>132</gpxtpx:hr>
      </gpxtpx:TrackPointExtension>
     </extensions>
   </trkpt>
   <trkpt lat="-2.6023350" lon="-43.0590350">
    <ele>32.0</ele>
    <time>2026-06-17T09:57:15Z</time>
     <extensions>
      <gpxtpx:TrackPointExtension>
       <gpxtpx:hr>133</gpxtpx:hr>
      </gpxtpx:TrackPointExtension>
     </extensions>
   </trkpt>
   <trkpt lat="-2.6023080" lon="-43.0590110">
    <ele>32.2</ele>
    <time>2026-06-17T09:57:20Z</time>
     <extensions>
      <gpxtpx:TrackPointExtension>
       <gpxtpx:hr>135</gpxtpx:hr>
      </gpxtpx:TrackPointExtension>
     </extensions>
   </trkpt>
   <trkpt lat="-2.6022680" lon="-43.0589860">
    <ele>32.4</ele>
    <time>2026-06-17T09:57:25Z</time>
     <extensions>
      <gpxtpx:TrackPointExtension>
       <gpxtpx:hr>136</gpxtpx:hr>
      </gpxtpx:TrackPointExtension>
     </extensions>
   </trkpt>
   <trkpt lat="-2.6022370" lon="-43.0589700">
    <ele>32.6</ele>
    <time>2026-06-17T09:57:30Z</time>
     <extensions>
      <gpxtpx:TrackPointExtension>
       <gpxtpx:hr>136</gpxtpx:hr>
      </gpxtpx:TrackPointExtension>
     </extensions>
   </trkpt>
   <trkpt lat="-2.6022240" lon="-43.0589600">
    <ele>32.6</ele>
    <time>2026-06-17T09:57:35Z</time>
     <extensions>
      <gpxtpx:TrackPointExtension>
       <gpxtpx:hr>140</gpxtpx:hr>
      </gpxtpx:TrackPointExtension>
     </extensions>
   </trkpt>
   <trkpt lat="-2.6022250" lon="-43.0589570">
    <ele>32.6</ele>
    <time>2026-06-17T09:57:40Z</time>
     <extensions>
      <gpxtpx:TrackPointExtension>
       <gpxtpx:hr>140</gpxtpx:hr>
      </gpxtpx:TrackPointExtension>
     </extensions>
   </trkpt>
   <trkpt lat="-2.6022220" lon="-43.0589560">
    <ele>32.6</ele>
    <time>2026-06-17T09:57:45Z</time>
     <extensions>
      <gpxtpx:TrackPointExtension>
       <gpxtpx:hr>140</gpxtpx:hr>
      </gpxtpx:TrackPointExtension>
     </extensions>
   </trkpt>
   <trkpt lat="-2.6022180" lon="-43.0589600">
    <ele>32.6</ele>
    <time>2026-06-17T09:57:50Z</time>
     <extensions>
      <gpxtpx:TrackPointExtension>
       <gpxtpx:hr>140</gpxtpx:hr>
      </gpxtpx:TrackPointExtension>
     </extensions>
   </trkpt>
   <trkpt lat="-2.6022190" lon="-43.0589630">
    <ele>32.8</ele>
    <time>2026-06-17T09:57:55Z</time>
     <extensions>
      <gpxtpx:TrackPointExtension>
       <gpxtpx:hr>139</gpxtpx:hr>
      </gpxtpx:TrackPointExtension>
     </extensions>
   </trkpt>
   <trkpt lat="-2.6022210" lon="-43.0589640">
    <ele>32.8</ele>
    <time>2026-06-17T09:58:00Z</time>
     <extensions>
      <gpxtpx:TrackPointExtension>
       <gpxtpx:hr>139</gpxtpx:hr>
      </gpxtpx:TrackPointExtension>
     </extensions>
   </trkpt>
   <trkpt lat="-2.6022210" lon="-43.0589670">
    <ele>32.6</ele>
    <time>2026-06-17T09:58:05Z</time>
     <extensions>
      <gpxtpx:TrackPointExtension>
       <gpxtpx:hr>139</gpxtpx:hr>
      </gpxtpx:TrackPointExtension>
     </extensions>
   </trkpt>
   <trkpt lat="-2.6022150" lon="-43.0589660">
    <ele>32.6</ele>
    <time>2026-06-17T09:58:10Z</time>
     <extensions>
      <gpxtpx:TrackPointExtension>
       <gpxtpx:hr>121</gpxtpx:hr>
      </gpxtpx:TrackPointExtension>
     </extensions>
   </trkpt>
   <trkpt lat="-2.6021950" lon="-43.0589600">
    <ele>32.6</ele>
    <time>2026-06-17T09:58:15Z</time>
     <extensions>
      <gpxtpx:TrackPointExtension>
       <gpxtpx:hr>112</gpxtpx:hr>
      </gpxtpx:TrackPointExtension>
     </extensions>
   </trkpt>
   <trkpt lat="-2.6021560" lon="-43.0589410">
    <ele>32.6</ele>
    <time>2026-06-17T09:58:20Z</time>
     <extensions>
      <gpxtpx:TrackPointExtension>
       <gpxtpx:hr>116</gpxtpx:hr>
      </gpxtpx:TrackPointExtension>
     </extensions>
   </trkpt>
   <trkpt lat="-2.6021200" lon="-43.0589400">
    <ele>32.6</ele>
    <time>2026-06-17T09:58:25Z</time>
     <extensions>
      <gpxtpx:TrackPointExtension>
       <gpxtpx:hr>116</gpxtpx:hr>
      </gpxtpx:TrackPointExtension>
     </extensions>
   </trkpt>
   <trkpt lat="-2.6020860" lon="-43.0589440">
    <ele>32.6</ele>
    <time>2026-06-17T09:58:30Z</time>
     <extensions>
      <gpxtpx:TrackPointExtension>
       <gpxtpx:hr>114</gpxtpx:hr>
      </gpxtpx:TrackPointExtension>
     </extensions>
   </trkpt>
   <trkpt lat="-2.6020490" lon="-43.0589460">
    <ele>32.4</ele>
    <time>2026-06-17T09:58:35Z</time>
     <extensions>
      <gpxtpx:TrackPointExtension>
       <gpxtpx:hr>114</gpxtpx:hr>
      </gpxtpx:TrackPointExtension>
     </extensions>
   </trkpt>
   <trkpt lat="-2.6020140" lon="-43.0589490">
    <ele>32.2</ele>
    <time>2026-06-17T09:58:40Z</time>
     <extensions>
      <gpxtpx:TrackPointExtension>
       <gpxtpx:hr>113</gpxtpx:hr>
      </gpxtpx:TrackPointExtension>
     </extensions>
   </trkpt>
   <trkpt lat="-2.6019790" lon="-43.0589530">
    <ele>32.0</ele>
    <time>2026-06-17T09:58:45Z</time>
     <extensions>
      <gpxtpx:TrackPointExtension>
       <gpxtpx:hr>114</gpxtpx:hr>
      </gpxtpx:TrackPointExtension>
     </extensions>
   </trkpt>
   <trkpt lat="-2.6019400" lon="-43.0589570">
    <ele>31.8</ele>
    <time>2026-06-17T09:58:50Z</time>
     <extensions>
      <gpxtpx:TrackPointExtension>
       <gpxtpx:hr>115</gpxtpx:hr>
      </gpxtpx:TrackPointExtension>
     </extensions>
   </trkpt>
   <trkpt lat="-2.6019060" lon="-43.0589560">
    <ele>31.6</ele>
    <time>2026-06-17T09:58:55Z</time>
     <extensions>
      <gpxtpx:TrackPointExtension>
       <gpxtpx:hr>113</gpxtpx:hr>
      </gpxtpx:TrackPointExtension>
     </extensions>
   </trkpt>
   <trkpt lat="-2.6018830" lon="-43.0589470">
    <ele>31.8</ele>
    <time>2026-06-17T09:59:00Z</time>
     <extensions>
      <gpxtpx:TrackPointExtension>
       <gpxtpx:hr>113</gpxtpx:hr>
      </gpxtpx:TrackPointExtension>
     </extensions>
   </trkpt>
   <trkpt lat="-2.6018450" lon="-43.0589420">
    <ele>31.8</ele>
    <time>2026-06-17T09:59:05Z</time>
     <extensions>
      <gpxtpx:TrackPointExtension>
       <gpxtpx:hr>111</gpxtpx:hr>
      </gpxtpx:TrackPointExtension>
     </extensions>
   </trkpt>
   <trkpt lat="-2.6018090" lon="-43.0589220">
    <ele>31.8</ele>
    <time>2026-06-17T09:59:11Z</time>
     <extensions>
      <gpxtpx:TrackPointExtension>
       <gpxtpx:hr>114</gpxtpx:hr>
      </gpxtpx:TrackPointExtension>
     </extensions>
   </trkpt>
   <trkpt lat="-2.6017690" lon="-43.0589110">
    <ele>31.8</ele>
    <time>2026-06-17T09:59:16Z</time>
     <extensions>
      <gpxtpx:TrackPointExtension>
       <gpxtpx:hr>114</gpxtpx:hr>
      </gpxtpx:TrackPointExtension>
     </extensions>
   </trkpt>
   <trkpt lat="-2.6017370" lon="-43.0589030">
    <ele>31.8</ele>
    <time>2026-06-17T09:59:21Z</time>
     <extensions>
      <gpxtpx:TrackPointExtension>
       <gpxtpx:hr>111</gpxtpx:hr>
      </gpxtpx:TrackPointExtension>
     </extensions>
   </trkpt>
   <trkpt lat="-2.6016970" lon="-43.0588930">
    <ele>31.8</ele>
    <time>2026-06-17T09:59:26Z</time>
     <extensions>
      <gpxtpx:TrackPointExtension>
       <gpxtpx:hr>111</gpxtpx:hr>
      </gpxtpx:TrackPointExtension>
     </extensions>
   </trkpt>
   <trkpt lat="-2.6016530" lon="-43.0588790">
    <ele>31.6</ele>
    <time>2026-06-17T09:59:31Z</time>
     <extensions>
      <gpxtpx:TrackPointExtension>
       <gpxtpx:hr>111</gpxtpx:hr>
      </gpxtpx:TrackPointExtension>
     </extensions>
   </trkpt>
   <trkpt lat="-2.6016100" lon="-43.0588660">
    <ele>31.6</ele>
    <time>2026-06-17T09:59:36Z</time>
     <extensions>
      <gpxtpx:TrackPointExtension>
       <gpxtpx:hr>110</gpxtpx:hr>
      </gpxtpx:TrackPointExtension>
     </extensions>
   </trkpt>
   <trkpt lat="-2.6015700" lon="-43.0588590">
    <ele>31.6</ele>
    <time>2026-06-17T09:59:41Z</time>
     <extensions>
      <gpxtpx:TrackPointExtension>
       <gpxtpx:hr>112</gpxtpx:hr>
      </gpxtpx:TrackPointExtension>
     </extensions>
   </trkpt>
   <trkpt lat="-2.6015320" lon="-43.0588470">
    <ele>31.4</ele>
    <time>2026-06-17T09:59:46Z</time>
     <extensions>
      <gpxtpx:TrackPointExtension>
       <gpxtpx:hr>108</gpxtpx:hr>
      </gpxtpx:TrackPointExtension>
     </extensions>
   </trkpt>
   <trkpt lat="-2.6014900" lon="-43.0588390">
    <ele>31.2</ele>
    <time>2026-06-17T09:59:51Z</time>
     <extensions>
      <gpxtpx:TrackPointExtension>
       <gpxtpx:hr>108</gpxtpx:hr>
      </gpxtpx:TrackPointExtension>
     </extensions>
   </trkpt>
   <trkpt lat="-2.6014510" lon="-43.0588430">
    <ele>31.2</ele>
    <time>2026-06-17T09:59:56Z</time>
     <extensions>
      <gpxtpx:TrackPointExtension>
       <gpxtpx:hr>106</gpxtpx:hr>
      </gpxtpx:TrackPointExtension>
     </extensions>
   </trkpt>
   <trkpt lat="-2.6014030" lon="-43.0588260">
    <ele>31.0</ele>
    <time>2026-06-17T10:00:01Z</time>
     <extensions>
      <gpxtpx:TrackPointExtension>
       <gpxtpx:hr>106</gpxtpx:hr>
      </gpxtpx:TrackPointExtension>
     </extensions>
   </trkpt>
   <trkpt lat="-2.6013620" lon="-43.0588160">
    <ele>30.6</ele>
    <time>2026-06-17T10:00:06Z</time>
     <extensions>
      <gpxtpx:TrackPointExtension>
       <gpxtpx:hr>106</gpxtpx:hr>
      </gpxtpx:TrackPointExtension>
     </extensions>
   </trkpt>
   <trkpt lat="-2.6013370" lon="-43.0588180">
    <ele>30.4</ele>
    <time>2026-06-17T10:00:11Z</time>
     <extensions>
      <gpxtpx:TrackPointExtension>
       <gpxtpx:hr>106</gpxtpx:hr>
      </gpxtpx:TrackPointExtension>
     </extensions>
   </trkpt>
   <trkpt lat="-2.6013000" lon="-43.0588210">
    <ele>30.2</ele>
    <time>2026-06-17T10:00:16Z</time>
     <extensions>
      <gpxtpx:TrackPointExtension>
       <gpxtpx:hr>103</gpxtpx:hr>
      </gpxtpx:TrackPointExtension>
     </extensions>
   </trkpt>
   <trkpt lat="-2.6012870" lon="-43.0588240">
    <ele>30.0</ele>
    <time>2026-06-17T10:00:21Z</time>
     <extensions>
      <gpxtpx:TrackPointExtension>
       <gpxtpx:hr>106</gpxtpx:hr>
      </gpxtpx:TrackPointExtension>
     </extensions>
   </trkpt>
   <trkpt lat="-2.6012490" lon="-43.0588270">
    <ele>30.0</ele>
    <time>2026-06-17T10:00:26Z</time>
     <extensions>
      <gpxtpx:TrackPointExtension>
       <gpxtpx:hr>106</gpxtpx:hr>
      </gpxtpx:TrackPointExtension>
     </extensions>
   </trkpt>
   <trkpt lat="-2.6012070" lon="-43.0588270">
    <ele>29.8</ele>
    <time>2026-06-17T10:00:31Z</time>
     <extensions>
      <gpxtpx:TrackPointExtension>
       <gpxtpx:hr>106</gpxtpx:hr>
      </gpxtpx:TrackPointExtension>
     </extensions>
   </trkpt>
   <trkpt lat="-2.6011700" lon="-43.0588280">
    <ele>29.4</ele>
    <time>2026-06-17T10:00:36Z</time>
     <extensions>
      <gpxtpx:TrackPointExtension>
       <gpxtpx:hr>107</gpxtpx:hr>
      </gpxtpx:TrackPointExtension>
     </extensions>
   </trkpt>
   <trkpt lat="-2.6011230" lon="-43.0588340">
    <ele>29.2</ele>
    <time>2026-06-17T10:00:41Z</time>
     <extensions>
      <gpxtpx:TrackPointExtension>
       <gpxtpx:hr>107</gpxtpx:hr>
      </gpxtpx:TrackPointExtension>
     </extensions>
   </trkpt>
   <trkpt lat="-2.6010770" lon="-43.0588430">
    <ele>29.0</ele>
    <time>2026-06-17T10:00:46Z</time>
     <extensions>
      <gpxtpx:TrackPointExtension>
       <gpxtpx:hr>109</gpxtpx:hr>
      </gpxtpx:TrackPointExtension>
     </extensions>
   </trkpt>
   <trkpt lat="-2.6010370" lon="-43.0588480">
    <ele>28.8</ele>
    <time>2026-06-17T10:00:51Z</time>
     <extensions>
      <gpxtpx:TrackPointExtension>
       <gpxtpx:hr>112</gpxtpx:hr>
      </gpxtpx:TrackPointExtension>
     </extensions>
   </trkpt>
   <trkpt lat="-2.6009920" lon="-43.0588610">
    <ele>28.4</ele>
    <time>2026-06-17T10:00:56Z</time>
     <extensions>
      <gpxtpx:TrackPointExtension>
       <gpxtpx:hr>112</gpxtpx:hr>
      </gpxtpx:TrackPointExtension>
     </extensions>
   </trkpt>
   <trkpt lat="-2.6009540" lon="-43.0588740">
    <ele>28.2</ele>
    <time>2026-06-17T10:01:01Z</time>
     <extensions>
      <gpxtpx:TrackPointExtension>
       <gpxtpx:hr>111</gpxtpx:hr>
      </gpxtpx:TrackPointExtension>
     </extensions>
   </trkpt>
   <trkpt lat="-2.6009100" lon="-43.0588850">
    <ele>28.0</ele>
    <time>2026-06-17T10:01:06Z</time>
     <extensions>
      <gpxtpx:TrackPointExtension>
       <gpxtpx:hr>108</gpxtpx:hr>
      </gpxtpx:TrackPointExtension>
     </extensions>
   </trkpt>
   <trkpt lat="-2.6008620" lon="-43.0588970">
    <ele>28.0</ele>
    <time>2026-06-17T10:01:11Z</time>
     <extensions>
      <gpxtpx:TrackPointExtension>
       <gpxtpx:hr>109</gpxtpx:hr>
      </gpxtpx:TrackPointExtension>
     </extensions>
   </trkpt>
   <trkpt lat="-2.6008190" lon="-43.0589080">
    <ele>28.0</ele>
    <time>2026-06-17T10:01:16Z</time>
     <extensions>
      <gpxtpx:TrackPointExtension>
       <gpxtpx:hr>109</gpxtpx:hr>
      </gpxtpx:TrackPointExtension>
     </extensions>
   </trkpt>
   <trkpt lat="-2.6007800" lon="-43.0589190">
    <ele>27.8</ele>
    <time>2026-06-17T10:01:21Z</time>
     <extensions>
      <gpxtpx:TrackPointExtension>
       <gpxtpx:hr>109</gpxtpx:hr>
      </gpxtpx:TrackPointExtension>
     </extensions>
   </trkpt>
   <trkpt lat="-2.6007350" lon="-43.0589290">
    <ele>28.0</ele>
    <time>2026-06-17T10:01:26Z</time>
     <extensions>
      <gpxtpx:TrackPointExtension>
       <gpxtpx:hr>111</gpxtpx:hr>
      </gpxtpx:TrackPointExtension>
     </extensions>
   </trkpt>
   <trkpt lat="-2.6006910" lon="-43.0589440">
    <ele>28.0</ele>
    <time>2026-06-17T10:01:31Z</time>
     <extensions>
      <gpxtpx:TrackPointExtension>
       <gpxtpx:hr>111</gpxtpx:hr>
      </gpxtpx:TrackPointExtension>
     </extensions>
   </trkpt>
   <trkpt lat="-2.6006490" lon="-43.0589580">
    <ele>28.0</ele>
    <time>2026-06-17T10:01:36Z</time>
     <extensions>
      <gpxtpx:TrackPointExtension>
       <gpxtpx:hr>113</gpxtpx:hr>
      </gpxtpx:TrackPointExtension>
     </extensions>
   </trkpt>
   <trkpt lat="-2.6006080" lon="-43.0589720">
    <ele>28.2</ele>
    <time>2026-06-17T10:01:41Z</time>
     <extensions>
      <gpxtpx:TrackPointExtension>
       <gpxtpx:hr>108</gpxtpx:hr>
      </gpxtpx:TrackPointExtension>
     </extensions>
   </trkpt>
   <trkpt lat="-2.6005640" lon="-43.0589830">
    <ele>28.4</ele>
    <time>2026-06-17T10:01:46Z</time>
     <extensions>
      <gpxtpx:TrackPointExtension>
       <gpxtpx:hr>111</gpxtpx:hr>
      </gpxtpx:TrackPointExtension>
     </extensions>
   </trkpt>
   <trkpt lat="-2.6005160" lon="-43.0589980">
    <ele>28.6</ele>
    <time>2026-06-17T10:01:51Z</time>
     <extensions>
      <gpxtpx:TrackPointExtension>
       <gpxtpx:hr>110</gpxtpx:hr>
      </gpxtpx:TrackPointExtension>
     </extensions>
   </trkpt>
   <trkpt lat="-2.6004730" lon="-43.0590090">
    <ele>28.6</ele>
    <time>2026-06-17T10:01:56Z</time>
     <extensions>
      <gpxtpx:TrackPointExtension>
       <gpxtpx:hr>112</gpxtpx:hr>
      </gpxtpx:TrackPointExtension>
     </extensions>
   </trkpt>
   <trkpt lat="-2.6004270" lon="-43.0590210">
    <ele>28.6</ele>
    <time>2026-06-17T10:02:01Z</time>
     <extensions>
      <gpxtpx:TrackPointExtension>
       <gpxtpx:hr>112</gpxtpx:hr>
      </gpxtpx:TrackPointExtension>
     </extensions>
   </trkpt>
   <trkpt lat="-2.6003840" lon="-43.0590350">
    <ele>28.8</ele>
    <time>2026-06-17T10:02:06Z</time>
     <extensions>
      <gpxtpx:TrackPointExtension>
       <gpxtpx:hr>116</gpxtpx:hr>
      </gpxtpx:TrackPointExtension>
     </extensions>
   </trkpt>
   <trkpt lat="-2.6003420" lon="-43.0590450">
    <ele>29.0</ele>
    <time>2026-06-17T10:02:11Z</time>
     <extensions>
      <gpxtpx:TrackPointExtension>
       <gpxtpx:hr>115</gpxtpx:hr>
      </gpxtpx:TrackPointExtension>
     </extensions>
   </trkpt>
   <trkpt lat="-2.6003020" lon="-43.0590590">
    <ele>29.2</ele>
    <time>2026-06-17T10:02:16Z</time>
     <extensions>
      <gpxtpx:TrackPointExtension>
       <gpxtpx:hr>115</gpxtpx:hr>
      </gpxtpx:TrackPointExtension>
     </extensions>
   </trkpt>
   <trkpt lat="-2.6002640" lon="-43.0590810">
    <ele>29.2</ele>
    <time>2026-06-17T10:02:21Z</time>
     <extensions>
      <gpxtpx:TrackPointExtension>
       <gpxtpx:hr>115</gpxtpx:hr>
      </gpxtpx:TrackPointExtension>
     </extensions>
   </trkpt>
   <trkpt lat="-2.6002230" lon="-43.0591020">
    <ele>29.2</ele>
    <time>2026-06-17T10:02:26Z</time>
     <extensions>
      <gpxtpx:TrackPointExtension>
       <gpxtpx:hr>113</gpxtpx:hr>
      </gpxtpx:TrackPointExtension>
     </extensions>
   </trkpt>
   <trkpt lat="-2.6001830" lon="-43.0591330">
    <ele>29.2</ele>
    <time>2026-06-17T10:02:31Z</time>
     <extensions>
      <gpxtpx:TrackPointExtension>
       <gpxtpx:hr>118</gpxtpx:hr>
      </gpxtpx:TrackPointExtension>
     </extensions>
   </trkpt>
   <trkpt lat="-2.6001560" lon="-43.0591640">
    <ele>29.0</ele>
    <time>2026-06-17T10:02:36Z</time>
     <extensions>
      <gpxtpx:TrackPointExtension>
       <gpxtpx:hr>118</gpxtpx:hr>
      </gpxtpx:TrackPointExtension>
     </extensions>
   </trkpt>
   <trkpt lat="-2.6001220" lon="-43.0591950">
    <ele>28.6</ele>
    <time>2026-06-17T10:02:41Z</time>
     <extensions>
      <gpxtpx:TrackPointExtension>
       <gpxtpx:hr>112</gpxtpx:hr>
      </gpxtpx:TrackPointExtension>
     </extensions>
   </trkpt>
   <trkpt lat="-2.6000880" lon="-43.0592220">
    <ele>28.4</ele>
    <time>2026-06-17T10:02:46Z</time>
     <extensions>
      <gpxtpx:TrackPointExtension>
       <gpxtpx:hr>109</gpxtpx:hr>
      </gpxtpx:TrackPointExtension>
     </extensions>
   </trkpt>
   <trkpt lat="-2.6000520" lon="-43.0592440">
    <ele>28.0</ele>
    <time>2026-06-17T10:02:51Z</time>
     <extensions>
      <gpxtpx:TrackPointExtension>
       <gpxtpx:hr>108</gpxtpx:hr>
      </gpxtpx:TrackPointExtension>
     </extensions>
   </trkpt>
   <trkpt lat="-2.6000170" lon="-43.0592680">
    <ele>27.4</ele>
    <time>2026-06-17T10:02:56Z</time>
     <extensions>
      <gpxtpx:TrackPointExtension>
       <gpxtpx:hr>108</gpxtpx:hr>
      </gpxtpx:TrackPointExtension>
     </extensions>
   </trkpt>
   <trkpt lat="-2.5999890" lon="-43.0592920">
    <ele>27.0</ele>
    <time>2026-06-17T10:03:01Z</time>
     <extensions>
      <gpxtpx:TrackPointExtension>
       <gpxtpx:hr>108</gpxtpx:hr>
      </gpxtpx:TrackPointExtension>
     </extensions>
   </trkpt>
   <trkpt lat="-2.5999490" lon="-43.0593230">
    <ele>26.4</ele>
    <time>2026-06-17T10:03:06Z</time>
     <extensions>
      <gpxtpx:TrackPointExtension>
       <gpxtpx:hr>108</gpxtpx:hr>
      </gpxtpx:TrackPointExtension>
     </extensions>
   </trkpt>
   <trkpt lat="-2.5999180" lon="-43.0593470">
    <ele>25.8</ele>
    <time>2026-06-17T10:03:11Z</time>
     <extensions>
      <gpxtpx:TrackPointExtension>
       <gpxtpx:hr>108</gpxtpx:hr>
      </gpxtpx:TrackPointExtension>
     </extensions>
   </trkpt>
   <trkpt lat="-2.5998950" lon="-43.0593800">
    <ele>25.4</ele>
    <time>2026-06-17T10:03:16Z</time>
     <extensions>
      <gpxtpx:TrackPointExtension>
       <gpxtpx:hr>108</gpxtpx:hr>
      </gpxtpx:TrackPointExtension>
     </extensions>
   </trkpt>
   <trkpt lat="-2.5998660" lon="-43.0594170">
    <ele>24.8</ele>
    <time>2026-06-17T10:03:21Z</time>
     <extensions>
      <gpxtpx:TrackPointExtension>
       <gpxtpx:hr>106</gpxtpx:hr>
      </gpxtpx:TrackPointExtension>
     </extensions>
   </trkpt>
   <trkpt lat="-2.5998330" lon="-43.0594530">
    <ele>24.2</ele>
    <time>2026-06-17T10:03:26Z</time>
     <extensions>
      <gpxtpx:TrackPointExtension>
       <gpxtpx:hr>104</gpxtpx:hr>
      </gpxtpx:TrackPointExtension>
     </extensions>
   </trkpt>
   <trkpt lat="-2.5998040" lon="-43.0594910">
    <ele>23.6</ele>
    <time>2026-06-17T10:03:31Z</time>
     <extensions>
      <gpxtpx:TrackPointExtension>
       <gpxtpx:hr>104</gpxtpx:hr>
      </gpxtpx:TrackPointExtension>
     </extensions>
   </trkpt>
   <trkpt lat="-2.5997840" lon="-43.0595350">
    <ele>23.0</ele>
    <time>2026-06-17T10:03:36Z</time>
     <extensions>
      <gpxtpx:TrackPointExtension>
       <gpxtpx:hr>106</gpxtpx:hr>
      </gpxtpx:TrackPointExtension>
     </extensions>
   </trkpt>
   <trkpt lat="-2.5997690" lon="-43.0595850">
    <ele>22.4</ele>
    <time>2026-06-17T10:03:41Z</time>
     <extensions>
      <gpxtpx:TrackPointExtension>
       <gpxtpx:hr>104</gpxtpx:hr>
      </gpxtpx:TrackPointExtension>
     </extensions>
   </trkpt>
   <trkpt lat="-2.5997550" lon="-43.0596280">
    <ele>22.0</ele>
    <time>2026-06-17T10:03:46Z</time>
     <extensions>
      <gpxtpx:TrackPointExtension>
       <gpxtpx:hr>106</gpxtpx:hr>
      </gpxtpx:TrackPointExtension>
     </extensions>
   </trkpt>
   <trkpt lat="-2.5997410" lon="-43.0596760">
    <ele>21.8</ele>
    <time>2026-06-17T10:03:51Z</time>
     <extensions>
      <gpxtpx:TrackPointExtension>
       <gpxtpx:hr>110</gpxtpx:hr>
      </gpxtpx:TrackPointExtension>
     </extensions>
   </trkpt>
   <trkpt lat="-2.5997250" lon="-43.0597290">
    <ele>21.8</ele>
    <time>2026-06-17T10:03:56Z</time>
     <extensions>
      <gpxtpx:TrackPointExtension>
       <gpxtpx:hr>110</gpxtpx:hr>
      </gpxtpx:TrackPointExtension>
     </extensions>
   </trkpt>
   <trkpt lat="-2.5997190" lon="-43.0597810">
    <ele>21.8</ele>
    <time>2026-06-17T10:04:01Z</time>
     <extensions>
      <gpxtpx:TrackPointExtension>
       <gpxtpx:hr>108</gpxtpx:hr>
      </gpxtpx:TrackPointExtension>
     </extensions>
   </trkpt>
   <trkpt lat="-2.5997110" lon="-43.0598270">
    <ele>21.6</ele>
    <time>2026-06-17T10:04:06Z</time>
     <extensions>
      <gpxtpx:TrackPointExtension>
       <gpxtpx:hr>106</gpxtpx:hr>
      </gpxtpx:TrackPointExtension>
     </extensions>
   </trkpt>
   <trkpt lat="-2.5997050" lon="-43.0598790">
    <ele>21.6</ele>
    <time>2026-06-17T10:04:11Z</time>
     <extensions>
      <gpxtpx:TrackPointExtension>
       <gpxtpx:hr>108</gpxtpx:hr>
      </gpxtpx:TrackPointExtension>
     </extensions>
   </trkpt>
   <trkpt lat="-2.5997040" lon="-43.0599300">
    <ele>21.4</ele>
    <time>2026-06-17T10:04:16Z</time>
     <extensions>
      <gpxtpx:TrackPointExtension>
       <gpxtpx:hr>110</gpxtpx:hr>
      </gpxtpx:TrackPointExtension>
     </extensions>
   </trkpt>
   <trkpt lat="-2.5996980" lon="-43.0599690">
    <ele>21.2</ele>
    <time>2026-06-17T10:04:21Z</time>
     <extensions>
      <gpxtpx:TrackPointExtension>
       <gpxtpx:hr>110</gpxtpx:hr>
      </gpxtpx:TrackPointExtension>
     </extensions>
   </trkpt>
   <trkpt lat="-2.5997010" lon="-43.0600180">
    <ele>21.0</ele>
    <time>2026-06-17T10:04:26Z</time>
     <extensions>
      <gpxtpx:TrackPointExtension>
       <gpxtpx:hr>111</gpxtpx:hr>
      </gpxtpx:TrackPointExtension>
     </extensions>
   </trkpt>
   <trkpt lat="-2.5996990" lon="-43.0600630">
    <ele>21.0</ele>
    <time>2026-06-17T10:04:31Z</time>
     <extensions>
      <gpxtpx:TrackPointExtension>
       <gpxtpx:hr>111</gpxtpx:hr>
      </gpxtpx:TrackPointExtension>
     </extensions>
   </trkpt>
   <trkpt lat="-2.5996880" lon="-43.0601120">
    <ele>20.8</ele>
    <time>2026-06-17T10:04:36Z</time>
     <extensions>
      <gpxtpx:TrackPointExtension>
       <gpxtpx:hr>111</gpxtpx:hr>
      </gpxtpx:TrackPointExtension>
     </extensions>
   </trkpt>
   <trkpt lat="-2.5996830" lon="-43.0601670">
    <ele>20.6</ele>
    <time>2026-06-17T10:04:41Z</time>
     <extensions>
      <gpxtpx:TrackPointExtension>
       <gpxtpx:hr>113</gpxtpx:hr>
      </gpxtpx:TrackPointExtension>
     </extensions>
   </trkpt>
   <trkpt lat="-2.5996840" lon="-43.0602170">
    <ele>20.4</ele>
    <time>2026-06-17T10:04:46Z</time>
     <extensions>
      <gpxtpx:TrackPointExtension>
       <gpxtpx:hr>110</gpxtpx:hr>
      </gpxtpx:TrackPointExtension>
     </extensions>
   </trkpt>
   <trkpt lat="-2.5996850" lon="-43.0602640">
    <ele>20.4</ele>
    <time>2026-06-17T10:04:51Z</time>
     <extensions>
      <gpxtpx:TrackPointExtension>
       <gpxtpx:hr>109</gpxtpx:hr>
      </gpxtpx:TrackPointExtension>
     </extensions>
   </trkpt>
   <trkpt lat="-2.5996830" lon="-43.0603090">
    <ele>20.2</ele>
    <time>2026-06-17T10:04:56Z</time>
     <extensions>
      <gpxtpx:TrackPointExtension>
       <gpxtpx:hr>110</gpxtpx:hr>
      </gpxtpx:TrackPointExtension>
     </extensions>
   </trkpt>
   <trkpt lat="-2.5996870" lon="-43.0603470">
    <ele>20.2</ele>
    <time>2026-06-17T10:05:01Z</time>
     <extensions>
      <gpxtpx:TrackPointExtension>
       <gpxtpx:hr>111</gpxtpx:hr>
      </gpxtpx:TrackPointExtension>
     </extensions>
   </trkpt>
   <trkpt lat="-2.5996900" lon="-43.0603900">
    <ele>20.0</ele>
    <time>2026-06-17T10:05:06Z</time>
     <extensions>
      <gpxtpx:TrackPointExtension>
       <gpxtpx:hr>111</gpxtpx:hr>
      </gpxtpx:TrackPointExtension>
     </extensions>
   </trkpt>
   <trkpt lat="-2.5996860" lon="-43.0604420">
    <ele>19.8</ele>
    <time>2026-06-17T10:05:11Z</time>
     <extensions>
      <gpxtpx:TrackPointExtension>
       <gpxtpx:hr>111</gpxtpx:hr>
      </gpxtpx:TrackPointExtension>
     </extensions>
   </trkpt>
   <trkpt lat="-2.5996820" lon="-43.0604830">
    <ele>19.8</ele>
    <time>2026-06-17T10:05:16Z</time>
     <extensions>
      <gpxtpx:TrackPointExtension>
       <gpxtpx:hr>114</gpxtpx:hr>
      </gpxtpx:TrackPointExtension>
     </extensions>
   </trkpt>
   <trkpt lat="-2.5996730" lon="-43.0605250">
    <ele>19.6</ele>
    <time>2026-06-17T10:05:21Z</time>
     <extensions>
      <gpxtpx:TrackPointExtension>
       <gpxtpx:hr>115</gpxtpx:hr>
      </gpxtpx:TrackPointExtension>
     </extensions>
   </trkpt>
   <trkpt lat="-2.5996690" lon="-43.0605590">
    <ele>19.4</ele>
    <time>2026-06-17T10:05:26Z</time>
     <extensions>
      <gpxtpx:TrackPointExtension>
       <gpxtpx:hr>115</gpxtpx:hr>
      </gpxtpx:TrackPointExtension>
     </extensions>
   </trkpt>
   <trkpt lat="-2.5996740" lon="-43.0606010">
    <ele>19.4</ele>
    <time>2026-06-17T10:05:31Z</time>
     <extensions>
      <gpxtpx:TrackPointExtension>
       <gpxtpx:hr>114</gpxtpx:hr>
      </gpxtpx:TrackPointExtension>
     </extensions>
   </trkpt>
   <trkpt lat="-2.5996800" lon="-43.0606420">
    <ele>19.4</ele>
    <time>2026-06-17T10:05:36Z</time>
     <extensions>
      <gpxtpx:TrackPointExtension>
       <gpxtpx:hr>114</gpxtpx:hr>
      </gpxtpx:TrackPointExtension>
     </extensions>
   </trkpt>
   <trkpt lat="-2.5996810" lon="-43.0606800">
    <ele>19.6</ele>
    <time>2026-06-17T10:05:41Z</time>
     <extensions>
      <gpxtpx:TrackPointExtension>
       <gpxtpx:hr>113</gpxtpx:hr>
      </gpxtpx:TrackPointExtension>
     </extensions>
   </trkpt>
   <trkpt lat="-2.5996840" lon="-43.0607220">
    <ele>19.8</ele>
    <time>2026-06-17T10:05:46Z</time>
     <extensions>
      <gpxtpx:TrackPointExtension>
       <gpxtpx:hr>113</gpxtpx:hr>
      </gpxtpx:TrackPointExtension>
     </extensions>
   </trkpt>
   <trkpt lat="-2.5996870" lon="-43.0607640">
    <ele>19.8</ele>
    <time>2026-06-17T10:05:51Z</time>
     <extensions>
      <gpxtpx:TrackPointExtension>
       <gpxtpx:hr>116</gpxtpx:hr>
      </gpxtpx:TrackPointExtension>
     </extensions>
   </trkpt>
   <trkpt lat="-2.5996910" lon="-43.0608040">
    <ele>19.6</ele>
    <time>2026-06-17T10:05:56Z</time>
     <extensions>
      <gpxtpx:TrackPointExtension>
       <gpxtpx:hr>123</gpxtpx:hr>
      </gpxtpx:TrackPointExtension>
     </extensions>
   </trkpt>
   <trkpt lat="-2.5996970" lon="-43.0608450">
    <ele>19.6</ele>
    <time>2026-06-17T10:06:01Z</time>
     <extensions>
      <gpxtpx:TrackPointExtension>
       <gpxtpx:hr>125</gpxtpx:hr>
      </gpxtpx:TrackPointExtension>
     </extensions>
   </trkpt>
   <trkpt lat="-2.5996930" lon="-43.0608900">
    <ele>19.8</ele>
    <time>2026-06-17T10:06:06Z</time>
     <extensions>
      <gpxtpx:TrackPointExtension>
       <gpxtpx:hr>124</gpxtpx:hr>
      </gpxtpx:TrackPointExtension>
     </extensions>
   </trkpt>
   <trkpt lat="-2.5996940" lon="-43.0609300">
    <ele>19.8</ele>
    <time>2026-06-17T10:06:11Z</time>
     <extensions>
      <gpxtpx:TrackPointExtension>
       <gpxtpx:hr>122</gpxtpx:hr>
      </gpxtpx:TrackPointExtension>
     </extensions>
   </trkpt>
   <trkpt lat="-2.5996970" lon="-43.0609670">
    <ele>20.0</ele>
    <time>2026-06-17T10:06:16Z</time>
     <extensions>
      <gpxtpx:TrackPointExtension>
       <gpxtpx:hr>121</gpxtpx:hr>
      </gpxtpx:TrackPointExtension>
     </extensions>
   </trkpt>
   <trkpt lat="-2.5997040" lon="-43.0610050">
    <ele>20.0</ele>
    <time>2026-06-17T10:06:21Z</time>
     <extensions>
      <gpxtpx:TrackPointExtension>
       <gpxtpx:hr>123</gpxtpx:hr>
      </gpxtpx:TrackPointExtension>
     </extensions>
   </trkpt>
   <trkpt lat="-2.5997130" lon="-43.0610450">
    <ele>20.2</ele>
    <time>2026-06-17T10:06:26Z</time>
     <extensions>
      <gpxtpx:TrackPointExtension>
       <gpxtpx:hr>125</gpxtpx:hr>
      </gpxtpx:TrackPointExtension>
     </extensions>
   </trkpt>
   <trkpt lat="-2.5997210" lon="-43.0610810">
    <ele>20.2</ele>
    <time>2026-06-17T10:06:31Z</time>
     <extensions>
      <gpxtpx:TrackPointExtension>
       <gpxtpx:hr>124</gpxtpx:hr>
      </gpxtpx:TrackPointExtension>
     </extensions>
   </trkpt>
   <trkpt lat="-2.5997250" lon="-43.0611150">
    <ele>20.2</ele>
    <time>2026-06-17T10:06:36Z</time>
     <extensions>
      <gpxtpx:TrackPointExtension>
       <gpxtpx:hr>124</gpxtpx:hr>
      </gpxtpx:TrackPointExtension>
     </extensions>
   </trkpt>
   <trkpt lat="-2.5997310" lon="-43.0611530">
    <ele>20.4</ele>
    <time>2026-06-17T10:06:41Z</time>
     <extensions>
      <gpxtpx:TrackPointExtension>
       <gpxtpx:hr>115</gpxtpx:hr>
      </gpxtpx:TrackPointExtension>
     </extensions>
   </trkpt>
   <trkpt lat="-2.5997400" lon="-43.0611990">
    <ele>20.4</ele>
    <time>2026-06-17T10:06:46Z</time>
     <extensions>
      <gpxtpx:TrackPointExtension>
       <gpxtpx:hr>115</gpxtpx:hr>
      </gpxtpx:TrackPointExtension>
     </extensions>
   </trkpt>
   <trkpt lat="-2.5997460" lon="-43.0612460">
    <ele>20.6</ele>
    <time>2026-06-17T10:06:51Z</time>
     <extensions>
      <gpxtpx:TrackPointExtension>
       <gpxtpx:hr>120</gpxtpx:hr>
      </gpxtpx:TrackPointExtension>
     </extensions>
   </trkpt>
   <trkpt lat="-2.5997400" lon="-43.0612890">
    <ele>20.6</ele>
    <time>2026-06-17T10:06:56Z</time>
     <extensions>
      <gpxtpx:TrackPointExtension>
       <gpxtpx:hr>122</gpxtpx:hr>
      </gpxtpx:TrackPointExtension>
     </extensions>
   </trkpt>
   <trkpt lat="-2.5997350" lon="-43.0613350">
    <ele>20.6</ele>
    <time>2026-06-17T10:07:01Z</time>
     <extensions>
      <gpxtpx:TrackPointExtension>
       <gpxtpx:hr>122</gpxtpx:hr>
      </gpxtpx:TrackPointExtension>
     </extensions>
   </trkpt>
   <trkpt lat="-2.5997320" lon="-43.0613800">
    <ele>20.6</ele>
    <time>2026-06-17T10:07:06Z</time>
     <extensions>
      <gpxtpx:TrackPointExtension>
       <gpxtpx:hr>125</gpxtpx:hr>
      </gpxtpx:TrackPointExtension>
     </extensions>
   </trkpt>
   <trkpt lat="-2.5997230" lon="-43.0614230">
    <ele>20.6</ele>
    <time>2026-06-17T10:07:11Z</time>
     <extensions>
      <gpxtpx:TrackPointExtension>
       <gpxtpx:hr>120</gpxtpx:hr>
      </gpxtpx:TrackPointExtension>
     </extensions>
   </trkpt>
   <trkpt lat="-2.5997210" lon="-43.0614680">
    <ele>20.6</ele>
    <time>2026-06-17T10:07:16Z</time>
     <extensions>
      <gpxtpx:TrackPointExtension>
       <gpxtpx:hr>120</gpxtpx:hr>
      </gpxtpx:TrackPointExtension>
     </extensions>
   </trkpt>
   <trkpt lat="-2.5997220" lon="-43.0615150">
    <ele>20.4</ele>
    <time>2026-06-17T10:07:21Z</time>
     <extensions>
      <gpxtpx:TrackPointExtension>
       <gpxtpx:hr>120</gpxtpx:hr>
      </gpxtpx:TrackPointExtension>
     </extensions>
   </trkpt>
   <trkpt lat="-2.5997170" lon="-43.0615620">
    <ele>20.4</ele>
    <time>2026-06-17T10:07:26Z</time>
     <extensions>
      <gpxtpx:TrackPointExtension>
       <gpxtpx:hr>116</gpxtpx:hr>
      </gpxtpx:TrackPointExtension>
     </extensions>
   </trkpt>
   <trkpt lat="-2.5997160" lon="-43.0616140">
    <ele>20.2</ele>
    <time>2026-06-17T10:07:31Z</time>
     <extensions>
      <gpxtpx:TrackPointExtension>
       <gpxtpx:hr>116</gpxtpx:hr>
      </gpxtpx:TrackPointExtension>
     </extensions>
   </trkpt>
   <trkpt lat="-2.5997090" lon="-43.0616670">
    <ele>20.0</ele>
    <time>2026-06-17T10:07:36Z</time>
     <extensions>
      <gpxtpx:TrackPointExtension>
       <gpxtpx:hr>120</gpxtpx:hr>
      </gpxtpx:TrackPointExtension>
     </extensions>
   </trkpt>
   <trkpt lat="-2.5997090" lon="-43.0617110">
    <ele>20.0</ele>
    <time>2026-06-17T10:07:41Z</time>
     <extensions>
      <gpxtpx:TrackPointExtension>
       <gpxtpx:hr>120</gpxtpx:hr>
      </gpxtpx:TrackPointExtension>
     </extensions>
   </trkpt>
   <trkpt lat="-2.5997100" lon="-43.0617550">
    <ele>19.8</ele>
    <time>2026-06-17T10:07:46Z</time>
     <extensions>
      <gpxtpx:TrackPointExtension>
       <gpxtpx:hr>116</gpxtpx:hr>
      </gpxtpx:TrackPointExtension>
     </extensions>
   </trkpt>
   <trkpt lat="-2.5997030" lon="-43.0618060">
    <ele>19.6</ele>
    <time>2026-06-17T10:07:51Z</time>
     <extensions>
      <gpxtpx:TrackPointExtension>
       <gpxtpx:hr>115</gpxtpx:hr>
      </gpxtpx:TrackPointExtension>
     </extensions>
   </trkpt>
   <trkpt lat="-2.5996930" lon="-43.0618570">
    <ele>19.2</ele>
    <time>2026-06-17T10:07:56Z</time>
     <extensions>
      <gpxtpx:TrackPointExtension>
       <gpxtpx:hr>119</gpxtpx:hr>
      </gpxtpx:TrackPointExtension>
     </extensions>
   </trkpt>
   <trkpt lat="-2.5996820" lon="-43.0619060">
    <ele>19.0</ele>
    <time>2026-06-17T10:08:01Z</time>
     <extensions>
      <gpxtpx:TrackPointExtension>
       <gpxtpx:hr>119</gpxtpx:hr>
      </gpxtpx:TrackPointExtension>
     </extensions>
   </trkpt>
   <trkpt lat="-2.5996810" lon="-43.0619570">
    <ele>18.8</ele>
    <time>2026-06-17T10:08:06Z</time>
     <extensions>
      <gpxtpx:TrackPointExtension>
       <gpxtpx:hr>115</gpxtpx:hr>
      </gpxtpx:TrackPointExtension>
     </extensions>
   </trkpt>
   <trkpt lat="-2.5996810" lon="-43.0620050">
    <ele>18.6</ele>
    <time>2026-06-17T10:08:11Z</time>
     <extensions>
      <gpxtpx:TrackPointExtension>
       <gpxtpx:hr>115</gpxtpx:hr>
      </gpxtpx:TrackPointExtension>
     </extensions>
   </trkpt>
   <trkpt lat="-2.5996810" lon="-43.0620500">
    <ele>18.2</ele>
    <time>2026-06-17T10:08:16Z</time>
     <extensions>
      <gpxtpx:TrackPointExtension>
       <gpxtpx:hr>109</gpxtpx:hr>
      </gpxtpx:TrackPointExtension>
     </extensions>
   </trkpt>
   <trkpt lat="-2.5996740" lon="-43.0620950">
    <ele>18.0</ele>
    <time>2026-06-17T10:08:21Z</time>
     <extensions>
      <gpxtpx:TrackPointExtension>
       <gpxtpx:hr>109</gpxtpx:hr>
      </gpxtpx:TrackPointExtension>
     </extensions>
   </trkpt>
   <trkpt lat="-2.5996620" lon="-43.0621330">
    <ele>17.8</ele>
    <time>2026-06-17T10:08:26Z</time>
     <extensions>
      <gpxtpx:TrackPointExtension>
       <gpxtpx:hr>109</gpxtpx:hr>
      </gpxtpx:TrackPointExtension>
     </extensions>
   </trkpt>
   <trkpt lat="-2.5996460" lon="-43.0621730">
    <ele>17.4</ele>
    <time>2026-06-17T10:08:31Z</time>
     <extensions>
      <gpxtpx:TrackPointExtension>
       <gpxtpx:hr>109</gpxtpx:hr>
      </gpxtpx:TrackPointExtension>
     </extensions>
   </trkpt>
   <trkpt lat="-2.5996400" lon="-43.0622280">
    <ele>17.0</ele>
    <time>2026-06-17T10:08:36Z</time>
     <extensions>
      <gpxtpx:TrackPointExtension>
       <gpxtpx:hr>108</gpxtpx:hr>
      </gpxtpx:TrackPointExtension>
     </extensions>
   </trkpt>
   <trkpt lat="-2.5996460" lon="-43.0622790">
    <ele>16.8</ele>
    <time>2026-06-17T10:08:41Z</time>
     <extensions>
      <gpxtpx:TrackPointExtension>
       <gpxtpx:hr>109</gpxtpx:hr>
      </gpxtpx:TrackPointExtension>
     </extensions>
   </trkpt>
   <trkpt lat="-2.5996500" lon="-43.0623300">
    <ele>16.8</ele>
    <time>2026-06-17T10:08:46Z</time>
     <extensions>
      <gpxtpx:TrackPointExtension>
       <gpxtpx:hr>112</gpxtpx:hr>
      </gpxtpx:TrackPointExtension>
     </extensions>
   </trkpt>
   <trkpt lat="-2.5996460" lon="-43.0623850">
    <ele>16.8</ele>
    <time>2026-06-17T10:08:51Z</time>
     <extensions>
      <gpxtpx:TrackPointExtension>
       <gpxtpx:hr>111</gpxtpx:hr>
      </gpxtpx:TrackPointExtension>
     </extensions>
   </trkpt>
   <trkpt lat="-2.5996420" lon="-43.0624380">
    <ele>16.8</ele>
    <time>2026-06-17T10:08:56Z</time>
     <extensions>
      <gpxtpx:TrackPointExtension>
       <gpxtpx:hr>110</gpxtpx:hr>
      </gpxtpx:TrackPointExtension>
     </extensions>
   </trkpt>
   <trkpt lat="-2.5996450" lon="-43.0624840">
    <ele>16.8</ele>
    <time>2026-06-17T10:09:01Z</time>
     <extensions>
      <gpxtpx:TrackPointExtension>
       <gpxtpx:hr>115</gpxtpx:hr>
      </gpxtpx:TrackPointExtension>
     </extensions>
   </trkpt>
   <trkpt lat="-2.5996470" lon="-43.0625360">
    <ele>16.6</ele>
    <time>2026-06-17T10:09:06Z</time>
     <extensions>
      <gpxtpx:TrackPointExtension>
       <gpxtpx:hr>110</gpxtpx:hr>
      </gpxtpx:TrackPointExtension>
     </extensions>
   </trkpt>
   <trkpt lat="-2.5996420" lon="-43.0625780">
    <ele>16.6</ele>
    <time>2026-06-17T10:09:11Z</time>
     <extensions>
      <gpxtpx:TrackPointExtension>
       <gpxtpx:hr>113</gpxtpx:hr>
      </gpxtpx:TrackPointExtension>
     </extensions>
   </trkpt>
   <trkpt lat="-2.5996360" lon="-43.0626270">
    <ele>16.8</ele>
    <time>2026-06-17T10:09:16Z</time>
     <extensions>
      <gpxtpx:TrackPointExtension>
       <gpxtpx:hr>113</gpxtpx:hr>
      </gpxtpx:TrackPointExtension>
     </extensions>
   </trkpt>
   <trkpt lat="-2.5996230" lon="-43.0626760">
    <ele>16.8</ele>
    <time>2026-06-17T10:09:21Z</time>
     <extensions>
      <gpxtpx:TrackPointExtension>
       <gpxtpx:hr>111</gpxtpx:hr>
      </gpxtpx:TrackPointExtension>
     </extensions>
   </trkpt>
   <trkpt lat="-2.5995910" lon="-43.0627210">
    <ele>16.6</ele>
    <time>2026-06-17T10:09:26Z</time>
     <extensions>
      <gpxtpx:TrackPointExtension>
       <gpxtpx:hr>115</gpxtpx:hr>
      </gpxtpx:TrackPointExtension>
     </extensions>
   </trkpt>
   <trkpt lat="-2.5995510" lon="-43.0627590">
    <ele>16.6</ele>
    <time>2026-06-17T10:09:31Z</time>
     <extensions>
      <gpxtpx:TrackPointExtension>
       <gpxtpx:hr>114</gpxtpx:hr>
      </gpxtpx:TrackPointExtension>
     </extensions>
   </trkpt>
   <trkpt lat="-2.5995100" lon="-43.0627910">
    <ele>16.6</ele>
    <time>2026-06-17T10:09:36Z</time>
     <extensions>
      <gpxtpx:TrackPointExtension>
       <gpxtpx:hr>114</gpxtpx:hr>
      </gpxtpx:TrackPointExtension>
     </extensions>
   </trkpt>
   <trkpt lat="-2.5994750" lon="-43.0628210">
    <ele>16.6</ele>
    <time>2026-06-17T10:09:41Z</time>
     <extensions>
      <gpxtpx:TrackPointExtension>
       <gpxtpx:hr>114</gpxtpx:hr>
      </gpxtpx:TrackPointExtension>
     </extensions>
   </trkpt>
   <trkpt lat="-2.5994400" lon="-43.0628490">
    <ele>16.6</ele>
    <time>2026-06-17T10:09:46Z</time>
     <extensions>
      <gpxtpx:TrackPointExtension>
       <gpxtpx:hr>114</gpxtpx:hr>
      </gpxtpx:TrackPointExtension>
     </extensions>
   </trkpt>
   <trkpt lat="-2.5994110" lon="-43.0628850">
    <ele>16.6</ele>
    <time>2026-06-17T10:09:51Z</time>
     <extensions>
      <gpxtpx:TrackPointExtension>
       <gpxtpx:hr>111</gpxtpx:hr>
      </gpxtpx:TrackPointExtension>
     </extensions>
   </trkpt>
   <trkpt lat="-2.5993920" lon="-43.0629220">
    <ele>16.6</ele>
    <time>2026-06-17T10:09:56Z</time>
     <extensions>
      <gpxtpx:TrackPointExtension>
       <gpxtpx:hr>112</gpxtpx:hr>
      </gpxtpx:TrackPointExtension>
     </extensions>
   </trkpt>
   <trkpt lat="-2.5993710" lon="-43.0629680">
    <ele>16.6</ele>
    <time>2026-06-17T10:10:01Z</time>
     <extensions>
      <gpxtpx:TrackPointExtension>
       <gpxtpx:hr>112</gpxtpx:hr>
      </gpxtpx:TrackPointExtension>
     </extensions>
   </trkpt>
   <trkpt lat="-2.5993380" lon="-43.0630020">
    <ele>16.4</ele>
    <time>2026-06-17T10:10:06Z</time>
     <extensions>
      <gpxtpx:TrackPointExtension>
       <gpxtpx:hr>112</gpxtpx:hr>
      </gpxtpx:TrackPointExtension>
     </extensions>
   </trkpt>
   <trkpt lat="-2.5993140" lon="-43.0630290">
    <ele>16.4</ele>
    <time>2026-06-17T10:10:11Z</time>
     <extensions>
      <gpxtpx:TrackPointExtension>
       <gpxtpx:hr>115</gpxtpx:hr>
      </gpxtpx:TrackPointExtension>
     </extensions>
   </trkpt>
   <trkpt lat="-2.5992930" lon="-43.0630650">
    <ele>16.4</ele>
    <time>2026-06-17T10:10:16Z</time>
     <extensions>
      <gpxtpx:TrackPointExtension>
       <gpxtpx:hr>115</gpxtpx:hr>
      </gpxtpx:TrackPointExtension>
     </extensions>
   </trkpt>
   <trkpt lat="-2.5992690" lon="-43.0631080">
    <ele>16.4</ele>
    <time>2026-06-17T10:10:21Z</time>
     <extensions>
      <gpxtpx:TrackPointExtension>
       <gpxtpx:hr>118</gpxtpx:hr>
      </gpxtpx:TrackPointExtension>
     </extensions>
   </trkpt>
   <trkpt lat="-2.5992510" lon="-43.0631480">
    <ele>16.6</ele>
    <time>2026-06-17T10:10:26Z</time>
     <extensions>
      <gpxtpx:TrackPointExtension>
       <gpxtpx:hr>118</gpxtpx:hr>
      </gpxtpx:TrackPointExtension>
     </extensions>
   </trkpt>
   <trkpt lat="-2.5992270" lon="-43.0631910">
    <ele>16.6</ele>
    <time>2026-06-17T10:10:31Z</time>
     <extensions>
      <gpxtpx:TrackPointExtension>
       <gpxtpx:hr>118</gpxtpx:hr>
      </gpxtpx:TrackPointExtension>
     </extensions>
   </trkpt>
   <trkpt lat="-2.5992050" lon="-43.0632300">
    <ele>16.6</ele>
    <time>2026-06-17T10:10:36Z</time>
     <extensions>
      <gpxtpx:TrackPointExtension>
       <gpxtpx:hr>120</gpxtpx:hr>
      </gpxtpx:TrackPointExtension>
     </extensions>
   </trkpt>
   <trkpt lat="-2.5991780" lon="-43.0632740">
    <ele>16.6</ele>
    <time>2026-06-17T10:10:41Z</time>
     <extensions>
      <gpxtpx:TrackPointExtension>
       <gpxtpx:hr>120</gpxtpx:hr>
      </gpxtpx:TrackPointExtension>
     </extensions>
   </trkpt>
   <trkpt lat="-2.5991570" lon="-43.0633120">
    <ele>16.6</ele>
    <time>2026-06-17T10:10:46Z</time>
     <extensions>
      <gpxtpx:TrackPointExtension>
       <gpxtpx:hr>115</gpxtpx:hr>
      </gpxtpx:TrackPointExtension>
     </extensions>
   </trkpt>
   <trkpt lat="-2.5991310" lon="-43.0633600">
    <ele>16.6</ele>
    <time>2026-06-17T10:10:51Z</time>
     <extensions>
      <gpxtpx:TrackPointExtension>
       <gpxtpx:hr>120</gpxtpx:hr>
      </gpxtpx:TrackPointExtension>
     </extensions>
   </trkpt>
   <trkpt lat="-2.5991110" lon="-43.0634100">
    <ele>16.6</ele>
    <time>2026-06-17T10:10:56Z</time>
     <extensions>
      <gpxtpx:TrackPointExtension>
       <gpxtpx:hr>120</gpxtpx:hr>
      </gpxtpx:TrackPointExtension>
     </extensions>
   </trkpt>
   <trkpt lat="-2.5990990" lon="-43.0634600">
    <ele>16.6</ele>
    <time>2026-06-17T10:11:01Z</time>
     <extensions>
      <gpxtpx:TrackPointExtension>
       <gpxtpx:hr>118</gpxtpx:hr>
      </gpxtpx:TrackPointExtension>
     </extensions>
   </trkpt>
   <trkpt lat="-2.5990850" lon="-43.0635080">
    <ele>16.6</ele>
    <time>2026-06-17T10:11:06Z</time>
     <extensions>
      <gpxtpx:TrackPointExtension>
       <gpxtpx:hr>118</gpxtpx:hr>
      </gpxtpx:TrackPointExtension>
     </extensions>
   </trkpt>
   <trkpt lat="-2.5990720" lon="-43.0635540">
    <ele>16.6</ele>
    <time>2026-06-17T10:11:11Z</time>
     <extensions>
      <gpxtpx:TrackPointExtension>
       <gpxtpx:hr>120</gpxtpx:hr>
      </gpxtpx:TrackPointExtension>
     </extensions>
   </trkpt>
   <trkpt lat="-2.5990660" lon="-43.0636010">
    <ele>16.6</ele>
    <time>2026-06-17T10:11:16Z</time>
     <extensions>
      <gpxtpx:TrackPointExtension>
       <gpxtpx:hr>120</gpxtpx:hr>
      </gpxtpx:TrackPointExtension>
     </extensions>
   </trkpt>
   <trkpt lat="-2.5990550" lon="-43.0636470">
    <ele>16.6</ele>
    <time>2026-06-17T10:11:21Z</time>
     <extensions>
      <gpxtpx:TrackPointExtension>
       <gpxtpx:hr>120</gpxtpx:hr>
      </gpxtpx:TrackPointExtension>
     </extensions>
   </trkpt>
   <trkpt lat="-2.5990460" lon="-43.0636910">
    <ele>16.6</ele>
    <time>2026-06-17T10:11:26Z</time>
     <extensions>
      <gpxtpx:TrackPointExtension>
       <gpxtpx:hr>115</gpxtpx:hr>
      </gpxtpx:TrackPointExtension>
     </extensions>
   </trkpt>
   <trkpt lat="-2.5990280" lon="-43.0637450">
    <ele>16.6</ele>
    <time>2026-06-17T10:11:31Z</time>
     <extensions>
      <gpxtpx:TrackPointExtension>
       <gpxtpx:hr>116</gpxtpx:hr>
      </gpxtpx:TrackPointExtension>
     </extensions>
   </trkpt>
   <trkpt lat="-2.5990090" lon="-43.0637920">
    <ele>16.6</ele>
    <time>2026-06-17T10:11:36Z</time>
     <extensions>
      <gpxtpx:TrackPointExtension>
       <gpxtpx:hr>115</gpxtpx:hr>
      </gpxtpx:TrackPointExtension>
     </extensions>
   </trkpt>
   <trkpt lat="-2.5989950" lon="-43.0638380">
    <ele>16.6</ele>
    <time>2026-06-17T10:11:41Z</time>
     <extensions>
      <gpxtpx:TrackPointExtension>
       <gpxtpx:hr>115</gpxtpx:hr>
      </gpxtpx:TrackPointExtension>
     </extensions>
   </trkpt>
   <trkpt lat="-2.5989850" lon="-43.0638850">
    <ele>16.6</ele>
    <time>2026-06-17T10:11:46Z</time>
     <extensions>
      <gpxtpx:TrackPointExtension>
       <gpxtpx:hr>121</gpxtpx:hr>
      </gpxtpx:TrackPointExtension>
     </extensions>
   </trkpt>
   <trkpt lat="-2.5989770" lon="-43.0639300">
    <ele>16.6</ele>
    <time>2026-06-17T10:11:52Z</time>
     <extensions>
      <gpxtpx:TrackPointExtension>
       <gpxtpx:hr>120</gpxtpx:hr>
      </gpxtpx:TrackPointExtension>
     </extensions>
   </trkpt>
   <trkpt lat="-2.5989720" lon="-43.0639750">
    <ele>16.6</ele>
    <time>2026-06-17T10:11:57Z</time>
     <extensions>
      <gpxtpx:TrackPointExtension>
       <gpxtpx:hr>121</gpxtpx:hr>
      </gpxtpx:TrackPointExtension>
     </extensions>
   </trkpt>
   <trkpt lat="-2.5989700" lon="-43.0640130">
    <ele>16.4</ele>
    <time>2026-06-17T10:12:02Z</time>
     <extensions>
      <gpxtpx:TrackPointExtension>
       <gpxtpx:hr>118</gpxtpx:hr>
      </gpxtpx:TrackPointExtension>
     </extensions>
   </trkpt>
   <trkpt lat="-2.5989620" lon="-43.0640500">
    <ele>16.4</ele>
    <time>2026-06-17T10:12:07Z</time>
     <extensions>
      <gpxtpx:TrackPointExtension>
       <gpxtpx:hr>118</gpxtpx:hr>
      </gpxtpx:TrackPointExtension>
     </extensions>
   </trkpt>
   <trkpt lat="-2.5989450" lon="-43.0640890">
    <ele>16.4</ele>
    <time>2026-06-17T10:12:12Z</time>
     <extensions>
      <gpxtpx:TrackPointExtension>
       <gpxtpx:hr>123</gpxtpx:hr>
      </gpxtpx:TrackPointExtension>
     </extensions>
   </trkpt>
   <trkpt lat="-2.5989400" lon="-43.0641170">
    <ele>16.4</ele>
    <time>2026-06-17T10:12:17Z</time>
     <extensions>
      <gpxtpx:TrackPointExtension>
       <gpxtpx:hr>123</gpxtpx:hr>
      </gpxtpx:TrackPointExtension>
     </extensions>
   </trkpt>
   <trkpt lat="-2.5989400" lon="-43.0641250">
    <ele>16.4</ele>
    <time>2026-06-17T10:12:22Z</time>
     <extensions>
      <gpxtpx:TrackPointExtension>
       <gpxtpx:hr>116</gpxtpx:hr>
      </gpxtpx:TrackPointExtension>
     </extensions>
   </trkpt>
   <trkpt lat="-2.5989440" lon="-43.0641230">
    <ele>16.4</ele>
    <time>2026-06-17T10:12:27Z</time>
     <extensions>
      <gpxtpx:TrackPointExtension>
       <gpxtpx:hr>115</gpxtpx:hr>
      </gpxtpx:TrackPointExtension>
     </extensions>
   </trkpt>
   <trkpt lat="-2.5989460" lon="-43.0641160">
    <ele>16.4</ele>
    <time>2026-06-17T10:12:32Z</time>
     <extensions>
      <gpxtpx:TrackPointExtension>
       <gpxtpx:hr>116</gpxtpx:hr>
      </gpxtpx:TrackPointExtension>
     </extensions>
   </trkpt>
   <trkpt lat="-2.5989450" lon="-43.0641140">
    <ele>16.6</ele>
    <time>2026-06-17T10:12:37Z</time>
     <extensions>
      <gpxtpx:TrackPointExtension>
       <gpxtpx:hr>117</gpxtpx:hr>
      </gpxtpx:TrackPointExtension>
     </extensions>
   </trkpt>
   <trkpt lat="-2.5989450" lon="-43.0641140">
    <ele>16.4</ele>
    <time>2026-06-17T10:12:42Z</time>
     <extensions>
      <gpxtpx:TrackPointExtension>
       <gpxtpx:hr>118</gpxtpx:hr>
      </gpxtpx:TrackPointExtension>
     </extensions>
   </trkpt>
   <trkpt lat="-2.5989440" lon="-43.0641140">
    <ele>16.4</ele>
    <time>2026-06-17T10:12:47Z</time>
     <extensions>
      <gpxtpx:TrackPointExtension>
       <gpxtpx:hr>119</gpxtpx:hr>
      </gpxtpx:TrackPointExtension>
     </extensions>
   </trkpt>
   <trkpt lat="-2.5989440" lon="-43.0641150">
    <ele>16.4</ele>
    <time>2026-06-17T10:12:52Z</time>
     <extensions>
      <gpxtpx:TrackPointExtension>
       <gpxtpx:hr>119</gpxtpx:hr>
      </gpxtpx:TrackPointExtension>
     </extensions>
   </trkpt>
   <trkpt lat="-2.5989450" lon="-43.0641150">
    <ele>16.4</ele>
    <time>2026-06-17T10:12:57Z</time>
     <extensions>
      <gpxtpx:TrackPointExtension>
       <gpxtpx:hr>113</gpxtpx:hr>
      </gpxtpx:TrackPointExtension>
     </extensions>
   </trkpt>
   <trkpt lat="-2.5989440" lon="-43.0641160">
    <ele>16.4</ele>
    <time>2026-06-17T10:13:02Z</time>
     <extensions>
      <gpxtpx:TrackPointExtension>
       <gpxtpx:hr>103</gpxtpx:hr>
      </gpxtpx:TrackPointExtension>
     </extensions>
   </trkpt>
   <trkpt lat="-2.5989440" lon="-43.0641150">
    <ele>16.4</ele>
    <time>2026-06-17T10:13:07Z</time>
     <extensions>
      <gpxtpx:TrackPointExtension>
       <gpxtpx:hr>99</gpxtpx:hr>
      </gpxtpx:TrackPointExtension>
     </extensions>
   </trkpt>
   <trkpt lat="-2.5989450" lon="-43.0641140">
    <ele>16.4</ele>
    <time>2026-06-17T10:13:12Z</time>
     <extensions>
      <gpxtpx:TrackPointExtension>
       <gpxtpx:hr>97</gpxtpx:hr>
      </gpxtpx:TrackPointExtension>
     </extensions>
   </trkpt>
   <trkpt lat="-2.5989450" lon="-43.0641140">
    <ele>16.2</ele>
    <time>2026-06-17T10:13:17Z</time>
     <extensions>
      <gpxtpx:TrackPointExtension>
       <gpxtpx:hr>97</gpxtpx:hr>
      </gpxtpx:TrackPointExtension>
     </extensions>
   </trkpt>
   <trkpt lat="-2.5989450" lon="-43.0641130">
    <ele>16.4</ele>
    <time>2026-06-17T10:13:22Z</time>
     <extensions>
      <gpxtpx:TrackPointExtension>
       <gpxtpx:hr>97</gpxtpx:hr>
      </gpxtpx:TrackPointExtension>
     </extensions>
   </trkpt>
   <trkpt lat="-2.5989430" lon="-43.0641140">
    <ele>16.4</ele>
    <time>2026-06-17T10:13:27Z</time>
     <extensions>
      <gpxtpx:TrackPointExtension>
       <gpxtpx:hr>100</gpxtpx:hr>
      </gpxtpx:TrackPointExtension>
     </extensions>
   </trkpt>
   <trkpt lat="-2.5989420" lon="-43.0641160">
    <ele>16.4</ele>
    <time>2026-06-17T10:13:32Z</time>
     <extensions>
      <gpxtpx:TrackPointExtension>
       <gpxtpx:hr>100</gpxtpx:hr>
      </gpxtpx:TrackPointExtension>
     </extensions>
   </trkpt>
   <trkpt lat="-2.5989410" lon="-43.0641170">
    <ele>16.4</ele>
    <time>2026-06-17T10:13:37Z</time>
     <extensions>
      <gpxtpx:TrackPointExtension>
       <gpxtpx:hr>103</gpxtpx:hr>
      </gpxtpx:TrackPointExtension>
     </extensions>
   </trkpt>
   <trkpt lat="-2.5989410" lon="-43.0641170">
    <ele>16.4</ele>
    <time>2026-06-17T10:13:42Z</time>
     <extensions>
      <gpxtpx:TrackPointExtension>
       <gpxtpx:hr>100</gpxtpx:hr>
      </gpxtpx:TrackPointExtension>
     </extensions>
   </trkpt>
   <trkpt lat="-2.5989430" lon="-43.0641130">
    <ele>16.4</ele>
    <time>2026-06-17T10:13:47Z</time>
     <extensions>
      <gpxtpx:TrackPointExtension>
       <gpxtpx:hr>101</gpxtpx:hr>
      </gpxtpx:TrackPointExtension>
     </extensions>
   </trkpt>
   <trkpt lat="-2.5989460" lon="-43.0641080">
    <ele>16.4</ele>
    <time>2026-06-17T10:13:52Z</time>
     <extensions>
      <gpxtpx:TrackPointExtension>
       <gpxtpx:hr>105</gpxtpx:hr>
      </gpxtpx:TrackPointExtension>
     </extensions>
   </trkpt>
   <trkpt lat="-2.5989450" lon="-43.0641070">
    <ele>16.4</ele>
    <time>2026-06-17T10:13:57Z</time>
     <extensions>
      <gpxtpx:TrackPointExtension>
       <gpxtpx:hr>104</gpxtpx:hr>
      </gpxtpx:TrackPointExtension>
     </extensions>
   </trkpt>
   <trkpt lat="-2.5989470" lon="-43.0641060">
    <ele>16.4</ele>
    <time>2026-06-17T10:14:02Z</time>
     <extensions>
      <gpxtpx:TrackPointExtension>
       <gpxtpx:hr>102</gpxtpx:hr>
      </gpxtpx:TrackPointExtension>
     </extensions>
   </trkpt>
   <trkpt lat="-2.5989470" lon="-43.0641070">
    <ele>16.4</ele>
    <time>2026-06-17T10:14:07Z</time>
     <extensions>
      <gpxtpx:TrackPointExtension>
       <gpxtpx:hr>99</gpxtpx:hr>
      </gpxtpx:TrackPointExtension>
     </extensions>
   </trkpt>
   <trkpt lat="-2.5989460" lon="-43.0641080">
    <ele>16.4</ele>
    <time>2026-06-17T10:14:12Z</time>
     <extensions>
      <gpxtpx:TrackPointExtension>
       <gpxtpx:hr>94</gpxtpx:hr>
      </gpxtpx:TrackPointExtension>
     </extensions>
   </trkpt>
   <trkpt lat="-2.5989470" lon="-43.0641090">
    <ele>16.4</ele>
    <time>2026-06-17T10:14:17Z</time>
     <extensions>
      <gpxtpx:TrackPointExtension>
       <gpxtpx:hr>97</gpxtpx:hr>
      </gpxtpx:TrackPointExtension>
     </extensions>
   </trkpt>
   <trkpt lat="-2.5989510" lon="-43.0641310">
    <ele>16.6</ele>
    <time>2026-06-17T10:14:22Z</time>
     <extensions>
      <gpxtpx:TrackPointExtension>
       <gpxtpx:hr>96</gpxtpx:hr>
      </gpxtpx:TrackPointExtension>
     </extensions>
   </trkpt>
   <trkpt lat="-2.5989570" lon="-43.0641610">
    <ele>16.4</ele>
    <time>2026-06-17T10:14:27Z</time>
     <extensions>
      <gpxtpx:TrackPointExtension>
       <gpxtpx:hr>111</gpxtpx:hr>
      </gpxtpx:TrackPointExtension>
     </extensions>
   </trkpt>
   <trkpt lat="-2.5989640" lon="-43.0641890">
    <ele>16.4</ele>
    <time>2026-06-17T10:14:32Z</time>
     <extensions>
      <gpxtpx:TrackPointExtension>
       <gpxtpx:hr>110</gpxtpx:hr>
      </gpxtpx:TrackPointExtension>
     </extensions>
   </trkpt>
   <trkpt lat="-2.5989670" lon="-43.0641970">
    <ele>16.6</ele>
    <time>2026-06-17T10:14:37Z</time>
     <extensions>
      <gpxtpx:TrackPointExtension>
       <gpxtpx:hr>110</gpxtpx:hr>
      </gpxtpx:TrackPointExtension>
     </extensions>
   </trkpt>
   <trkpt lat="-2.5989660" lon="-43.0641950">
    <ele>16.6</ele>
    <time>2026-06-17T10:14:42Z</time>
     <extensions>
      <gpxtpx:TrackPointExtension>
       <gpxtpx:hr>113</gpxtpx:hr>
      </gpxtpx:TrackPointExtension>
     </extensions>
   </trkpt>
   <trkpt lat="-2.5989660" lon="-43.0641910">
    <ele>16.6</ele>
    <time>2026-06-17T10:14:47Z</time>
     <extensions>
      <gpxtpx:TrackPointExtension>
       <gpxtpx:hr>113</gpxtpx:hr>
      </gpxtpx:TrackPointExtension>
     </extensions>
   </trkpt>
   <trkpt lat="-2.5989660" lon="-43.0641900">
    <ele>16.4</ele>
    <time>2026-06-17T10:14:52Z</time>
     <extensions>
      <gpxtpx:TrackPointExtension>
       <gpxtpx:hr>112</gpxtpx:hr>
      </gpxtpx:TrackPointExtension>
     </extensions>
   </trkpt>
   <trkpt lat="-2.5989660" lon="-43.0641900">
    <ele>16.4</ele>
    <time>2026-06-17T10:14:57Z</time>
     <extensions>
      <gpxtpx:TrackPointExtension>
       <gpxtpx:hr>111</gpxtpx:hr>
      </gpxtpx:TrackPointExtension>
     </extensions>
   </trkpt>
   <trkpt lat="-2.5989670" lon="-43.0641930">
    <ele>16.4</ele>
    <time>2026-06-17T10:15:02Z</time>
     <extensions>
      <gpxtpx:TrackPointExtension>
       <gpxtpx:hr>110</gpxtpx:hr>
      </gpxtpx:TrackPointExtension>
     </extensions>
   </trkpt>
   <trkpt lat="-2.5989660" lon="-43.0642150">
    <ele>16.6</ele>
    <time>2026-06-17T10:15:07Z</time>
     <extensions>
      <gpxtpx:TrackPointExtension>
       <gpxtpx:hr>114</gpxtpx:hr>
      </gpxtpx:TrackPointExtension>
     </extensions>
   </trkpt>
   <trkpt lat="-2.5989600" lon="-43.0642570">
    <ele>16.4</ele>
    <time>2026-06-17T10:15:12Z</time>
     <extensions>
      <gpxtpx:TrackPointExtension>
       <gpxtpx:hr>108</gpxtpx:hr>
      </gpxtpx:TrackPointExtension>
     </extensions>
   </trkpt>
   <trkpt lat="-2.5989540" lon="-43.0643020">
    <ele>16.4</ele>
    <time>2026-06-17T10:15:17Z</time>
     <extensions>
      <gpxtpx:TrackPointExtension>
       <gpxtpx:hr>112</gpxtpx:hr>
      </gpxtpx:TrackPointExtension>
     </extensions>
   </trkpt>
   <trkpt lat="-2.5989350" lon="-43.0643400">
    <ele>16.4</ele>
    <time>2026-06-17T10:15:22Z</time>
     <extensions>
      <gpxtpx:TrackPointExtension>
       <gpxtpx:hr>109</gpxtpx:hr>
      </gpxtpx:TrackPointExtension>
     </extensions>
   </trkpt>
   <trkpt lat="-2.5989190" lon="-43.0643630">
    <ele>16.4</ele>
    <time>2026-06-17T10:15:27Z</time>
     <extensions>
      <gpxtpx:TrackPointExtension>
       <gpxtpx:hr>109</gpxtpx:hr>
      </gpxtpx:TrackPointExtension>
     </extensions>
   </trkpt>
   <trkpt lat="-2.5988990" lon="-43.0643950">
    <ele>16.4</ele>
    <time>2026-06-17T10:15:32Z</time>
     <extensions>
      <gpxtpx:TrackPointExtension>
       <gpxtpx:hr>105</gpxtpx:hr>
      </gpxtpx:TrackPointExtension>
     </extensions>
   </trkpt>
   <trkpt lat="-2.5988810" lon="-43.0644250">
    <ele>16.4</ele>
    <time>2026-06-17T10:15:37Z</time>
     <extensions>
      <gpxtpx:TrackPointExtension>
       <gpxtpx:hr>108</gpxtpx:hr>
      </gpxtpx:TrackPointExtension>
     </extensions>
   </trkpt>
   <trkpt lat="-2.5988590" lon="-43.0644500">
    <ele>16.4</ele>
    <time>2026-06-17T10:15:42Z</time>
     <extensions>
      <gpxtpx:TrackPointExtension>
       <gpxtpx:hr>101</gpxtpx:hr>
      </gpxtpx:TrackPointExtension>
     </extensions>
   </trkpt>
   <trkpt lat="-2.5988310" lon="-43.0644730">
    <ele>16.2</ele>
    <time>2026-06-17T10:15:47Z</time>
     <extensions>
      <gpxtpx:TrackPointExtension>
       <gpxtpx:hr>108</gpxtpx:hr>
      </gpxtpx:TrackPointExtension>
     </extensions>
   </trkpt>
   <trkpt lat="-2.5988000" lon="-43.0644980">
    <ele>16.4</ele>
    <time>2026-06-17T10:15:52Z</time>
     <extensions>
      <gpxtpx:TrackPointExtension>
       <gpxtpx:hr>109</gpxtpx:hr>
      </gpxtpx:TrackPointExtension>
     </extensions>
   </trkpt>
   <trkpt lat="-2.5987760" lon="-43.0645300">
    <ele>16.4</ele>
    <time>2026-06-17T10:15:57Z</time>
     <extensions>
      <gpxtpx:TrackPointExtension>
       <gpxtpx:hr>114</gpxtpx:hr>
      </gpxtpx:TrackPointExtension>
     </extensions>
   </trkpt>
   <trkpt lat="-2.5987530" lon="-43.0645560">
    <ele>16.4</ele>
    <time>2026-06-17T10:16:02Z</time>
     <extensions>
      <gpxtpx:TrackPointExtension>
       <gpxtpx:hr>118</gpxtpx:hr>
      </gpxtpx:TrackPointExtension>
     </extensions>
   </trkpt>
   <trkpt lat="-2.5987260" lon="-43.0645850">
    <ele>16.4</ele>
    <time>2026-06-17T10:16:07Z</time>
     <extensions>
      <gpxtpx:TrackPointExtension>
       <gpxtpx:hr>118</gpxtpx:hr>
      </gpxtpx:TrackPointExtension>
     </extensions>
   </trkpt>
   <trkpt lat="-2.5986950" lon="-43.0646110">
    <ele>16.4</ele>
    <time>2026-06-17T10:16:12Z</time>
     <extensions>
      <gpxtpx:TrackPointExtension>
       <gpxtpx:hr>114</gpxtpx:hr>
      </gpxtpx:TrackPointExtension>
     </extensions>
   </trkpt>
   <trkpt lat="-2.5986730" lon="-43.0646410">
    <ele>16.4</ele>
    <time>2026-06-17T10:16:17Z</time>
     <extensions>
      <gpxtpx:TrackPointExtension>
       <gpxtpx:hr>119</gpxtpx:hr>
      </gpxtpx:TrackPointExtension>
     </extensions>
   </trkpt>
   <trkpt lat="-2.5986600" lon="-43.0646750">
    <ele>16.4</ele>
    <time>2026-06-17T10:16:22Z</time>
     <extensions>
      <gpxtpx:TrackPointExtension>
       <gpxtpx:hr>116</gpxtpx:hr>
      </gpxtpx:TrackPointExtension>
     </extensions>
   </trkpt>
   <trkpt lat="-2.5986530" lon="-43.0647120">
    <ele>16.2</ele>
    <time>2026-06-17T10:16:27Z</time>
     <extensions>
      <gpxtpx:TrackPointExtension>
       <gpxtpx:hr>119</gpxtpx:hr>
      </gpxtpx:TrackPointExtension>
     </extensions>
   </trkpt>
   <trkpt lat="-2.5986510" lon="-43.0647470">
    <ele>16.2</ele>
    <time>2026-06-17T10:16:32Z</time>
     <extensions>
      <gpxtpx:TrackPointExtension>
       <gpxtpx:hr>118</gpxtpx:hr>
      </gpxtpx:TrackPointExtension>
     </extensions>
   </trkpt>
   <trkpt lat="-2.5986510" lon="-43.0647650">
    <ele>16.2</ele>
    <time>2026-06-17T10:16:37Z</time>
     <extensions>
      <gpxtpx:TrackPointExtension>
       <gpxtpx:hr>118</gpxtpx:hr>
      </gpxtpx:TrackPointExtension>
     </extensions>
   </trkpt>
   <trkpt lat="-2.5986510" lon="-43.0647730">
    <ele>16.2</ele>
    <time>2026-06-17T10:16:42Z</time>
     <extensions>
      <gpxtpx:TrackPointExtension>
       <gpxtpx:hr>121</gpxtpx:hr>
      </gpxtpx:TrackPointExtension>
     </extensions>
   </trkpt>
   <trkpt lat="-2.5986510" lon="-43.0647970">
    <ele>16.2</ele>
    <time>2026-06-17T10:16:47Z</time>
     <extensions>
      <gpxtpx:TrackPointExtension>
       <gpxtpx:hr>122</gpxtpx:hr>
      </gpxtpx:TrackPointExtension>
     </extensions>
   </trkpt>
   <trkpt lat="-2.5986500" lon="-43.0648290">
    <ele>16.2</ele>
    <time>2026-06-17T10:16:52Z</time>
     <extensions>
      <gpxtpx:TrackPointExtension>
       <gpxtpx:hr>123</gpxtpx:hr>
      </gpxtpx:TrackPointExtension>
     </extensions>
   </trkpt>
   <trkpt lat="-2.5986510" lon="-43.0648520">
    <ele>16.0</ele>
    <time>2026-06-17T10:16:57Z</time>
     <extensions>
      <gpxtpx:TrackPointExtension>
       <gpxtpx:hr>123</gpxtpx:hr>
      </gpxtpx:TrackPointExtension>
     </extensions>
   </trkpt>
   <trkpt lat="-2.5986550" lon="-43.0648810">
    <ele>16.0</ele>
    <time>2026-06-17T10:17:02Z</time>
     <extensions>
      <gpxtpx:TrackPointExtension>
       <gpxtpx:hr>121</gpxtpx:hr>
      </gpxtpx:TrackPointExtension>
     </extensions>
   </trkpt>
   <trkpt lat="-2.5986500" lon="-43.0649130">
    <ele>16.2</ele>
    <time>2026-06-17T10:17:07Z</time>
     <extensions>
      <gpxtpx:TrackPointExtension>
       <gpxtpx:hr>121</gpxtpx:hr>
      </gpxtpx:TrackPointExtension>
     </extensions>
   </trkpt>
   <trkpt lat="-2.5986360" lon="-43.0649140">
    <ele>16.4</ele>
    <time>2026-06-17T10:17:12Z</time>
     <extensions>
      <gpxtpx:TrackPointExtension>
       <gpxtpx:hr>132</gpxtpx:hr>
      </gpxtpx:TrackPointExtension>
     </extensions>
   </trkpt>
   <trkpt lat="-2.5986350" lon="-43.0649140">
    <ele>16.6</ele>
    <time>2026-06-17T10:17:17Z</time>
     <extensions>
      <gpxtpx:TrackPointExtension>
       <gpxtpx:hr>138</gpxtpx:hr>
      </gpxtpx:TrackPointExtension>
     </extensions>
   </trkpt>
   <trkpt lat="-2.5986270" lon="-43.0649080">
    <ele>16.6</ele>
    <time>2026-06-17T10:17:22Z</time>
     <extensions>
      <gpxtpx:TrackPointExtension>
       <gpxtpx:hr>136</gpxtpx:hr>
      </gpxtpx:TrackPointExtension>
     </extensions>
   </trkpt>
   <trkpt lat="-2.5986320" lon="-43.0649080">
    <ele>16.6</ele>
    <time>2026-06-17T10:17:27Z</time>
     <extensions>
      <gpxtpx:TrackPointExtension>
       <gpxtpx:hr>133</gpxtpx:hr>
      </gpxtpx:TrackPointExtension>
     </extensions>
   </trkpt>
   <trkpt lat="-2.5986390" lon="-43.0649080">
    <ele>16.4</ele>
    <time>2026-06-17T10:17:32Z</time>
     <extensions>
      <gpxtpx:TrackPointExtension>
       <gpxtpx:hr>133</gpxtpx:hr>
      </gpxtpx:TrackPointExtension>
     </extensions>
   </trkpt>
   <trkpt lat="-2.5986400" lon="-43.0649080">
    <ele>16.2</ele>
    <time>2026-06-17T10:17:37Z</time>
     <extensions>
      <gpxtpx:TrackPointExtension>
       <gpxtpx:hr>125</gpxtpx:hr>
      </gpxtpx:TrackPointExtension>
     </extensions>
   </trkpt>
   <trkpt lat="-2.5986410" lon="-43.0649080">
    <ele>16.2</ele>
    <time>2026-06-17T10:17:42Z</time>
     <extensions>
      <gpxtpx:TrackPointExtension>
       <gpxtpx:hr>123</gpxtpx:hr>
      </gpxtpx:TrackPointExtension>
     </extensions>
   </trkpt>
   <trkpt lat="-2.5986450" lon="-43.0649090">
    <ele>16.2</ele>
    <time>2026-06-17T10:17:47Z</time>
     <extensions>
      <gpxtpx:TrackPointExtension>
       <gpxtpx:hr>122</gpxtpx:hr>
      </gpxtpx:TrackPointExtension>
     </extensions>
   </trkpt>
   <trkpt lat="-2.5986510" lon="-43.0649100">
    <ele>16.2</ele>
    <time>2026-06-17T10:17:52Z</time>
     <extensions>
      <gpxtpx:TrackPointExtension>
       <gpxtpx:hr>112</gpxtpx:hr>
      </gpxtpx:TrackPointExtension>
     </extensions>
   </trkpt>
   <trkpt lat="-2.5986520" lon="-43.0649100">
    <ele>16.2</ele>
    <time>2026-06-17T10:17:57Z</time>
     <extensions>
      <gpxtpx:TrackPointExtension>
       <gpxtpx:hr>103</gpxtpx:hr>
      </gpxtpx:TrackPointExtension>
     </extensions>
   </trkpt>
   <trkpt lat="-2.5986520" lon="-43.0649100">
    <ele>16.2</ele>
    <time>2026-06-17T10:18:02Z</time>
     <extensions>
      <gpxtpx:TrackPointExtension>
       <gpxtpx:hr>98</gpxtpx:hr>
      </gpxtpx:TrackPointExtension>
     </extensions>
   </trkpt>
   <trkpt lat="-2.5986510" lon="-43.0649110">
    <ele>16.2</ele>
    <time>2026-06-17T10:18:07Z</time>
     <extensions>
      <gpxtpx:TrackPointExtension>
       <gpxtpx:hr>97</gpxtpx:hr>
      </gpxtpx:TrackPointExtension>
     </extensions>
   </trkpt>
   <trkpt lat="-2.5986490" lon="-43.0649150">
    <ele>16.2</ele>
    <time>2026-06-17T10:18:12Z</time>
     <extensions>
      <gpxtpx:TrackPointExtension>
       <gpxtpx:hr>97</gpxtpx:hr>
      </gpxtpx:TrackPointExtension>
     </extensions>
   </trkpt>
   <trkpt lat="-2.5986550" lon="-43.0649190">
    <ele>16.4</ele>
    <time>2026-06-17T10:18:17Z</time>
     <extensions>
      <gpxtpx:TrackPointExtension>
       <gpxtpx:hr>97</gpxtpx:hr>
      </gpxtpx:TrackPointExtension>
     </extensions>
   </trkpt>
   <trkpt lat="-2.5986550" lon="-43.0649200">
    <ele>16.4</ele>
    <time>2026-06-17T10:18:22Z</time>
     <extensions>
      <gpxtpx:TrackPointExtension>
       <gpxtpx:hr>101</gpxtpx:hr>
      </gpxtpx:TrackPointExtension>
     </extensions>
   </trkpt>
   <trkpt lat="-2.5986520" lon="-43.0649230">
    <ele>16.4</ele>
    <time>2026-06-17T10:18:27Z</time>
     <extensions>
      <gpxtpx:TrackPointExtension>
       <gpxtpx:hr>100</gpxtpx:hr>
      </gpxtpx:TrackPointExtension>
     </extensions>
   </trkpt>
   <trkpt lat="-2.5986480" lon="-43.0649230">
    <ele>16.4</ele>
    <time>2026-06-17T10:18:32Z</time>
     <extensions>
      <gpxtpx:TrackPointExtension>
       <gpxtpx:hr>105</gpxtpx:hr>
      </gpxtpx:TrackPointExtension>
     </extensions>
   </trkpt>
   <trkpt lat="-2.5986430" lon="-43.0649230">
    <ele>16.4</ele>
    <time>2026-06-17T10:18:37Z</time>
     <extensions>
      <gpxtpx:TrackPointExtension>
       <gpxtpx:hr>99</gpxtpx:hr>
      </gpxtpx:TrackPointExtension>
     </extensions>
   </trkpt>
   <trkpt lat="-2.5986410" lon="-43.0649310">
    <ele>16.4</ele>
    <time>2026-06-17T10:18:42Z</time>
     <extensions>
      <gpxtpx:TrackPointExtension>
       <gpxtpx:hr>106</gpxtpx:hr>
      </gpxtpx:TrackPointExtension>
     </extensions>
   </trkpt>
   <trkpt lat="-2.5986350" lon="-43.0649440">
    <ele>16.4</ele>
    <time>2026-06-17T10:18:47Z</time>
     <extensions>
      <gpxtpx:TrackPointExtension>
       <gpxtpx:hr>106</gpxtpx:hr>
      </gpxtpx:TrackPointExtension>
     </extensions>
   </trkpt>
   <trkpt lat="-2.5986230" lon="-43.0649740">
    <ele>16.2</ele>
    <time>2026-06-17T10:18:52Z</time>
     <extensions>
      <gpxtpx:TrackPointExtension>
       <gpxtpx:hr>99</gpxtpx:hr>
      </gpxtpx:TrackPointExtension>
     </extensions>
   </trkpt>
   <trkpt lat="-2.5986000" lon="-43.0650170">
    <ele>16.2</ele>
    <time>2026-06-17T10:18:57Z</time>
     <extensions>
      <gpxtpx:TrackPointExtension>
       <gpxtpx:hr>109</gpxtpx:hr>
      </gpxtpx:TrackPointExtension>
     </extensions>
   </trkpt>
   <trkpt lat="-2.5985740" lon="-43.0650460">
    <ele>16.2</ele>
    <time>2026-06-17T10:19:02Z</time>
     <extensions>
      <gpxtpx:TrackPointExtension>
       <gpxtpx:hr>108</gpxtpx:hr>
      </gpxtpx:TrackPointExtension>
     </extensions>
   </trkpt>
   <trkpt lat="-2.5985370" lon="-43.0650820">
    <ele>16.2</ele>
    <time>2026-06-17T10:19:07Z</time>
     <extensions>
      <gpxtpx:TrackPointExtension>
       <gpxtpx:hr>100</gpxtpx:hr>
      </gpxtpx:TrackPointExtension>
     </extensions>
   </trkpt>
   <trkpt lat="-2.5984890" lon="-43.0651070">
    <ele>16.2</ele>
    <time>2026-06-17T10:19:12Z</time>
     <extensions>
      <gpxtpx:TrackPointExtension>
       <gpxtpx:hr>103</gpxtpx:hr>
      </gpxtpx:TrackPointExtension>
     </extensions>
   </trkpt>
   <trkpt lat="-2.5984420" lon="-43.0651260">
    <ele>16.2</ele>
    <time>2026-06-17T10:19:17Z</time>
     <extensions>
      <gpxtpx:TrackPointExtension>
       <gpxtpx:hr>105</gpxtpx:hr>
      </gpxtpx:TrackPointExtension>
     </extensions>
   </trkpt>
   <trkpt lat="-2.5984060" lon="-43.0651420">
    <ele>16.0</ele>
    <time>2026-06-17T10:19:22Z</time>
     <extensions>
      <gpxtpx:TrackPointExtension>
       <gpxtpx:hr>110</gpxtpx:hr>
      </gpxtpx:TrackPointExtension>
     </extensions>
   </trkpt>
   <trkpt lat="-2.5983780" lon="-43.0651800">
    <ele>16.0</ele>
    <time>2026-06-17T10:19:27Z</time>
     <extensions>
      <gpxtpx:TrackPointExtension>
       <gpxtpx:hr>111</gpxtpx:hr>
      </gpxtpx:TrackPointExtension>
     </extensions>
   </trkpt>
   <trkpt lat="-2.5983480" lon="-43.0652250">
    <ele>16.0</ele>
    <time>2026-06-17T10:19:32Z</time>
     <extensions>
      <gpxtpx:TrackPointExtension>
       <gpxtpx:hr>109</gpxtpx:hr>
      </gpxtpx:TrackPointExtension>
     </extensions>
   </trkpt>
   <trkpt lat="-2.5983090" lon="-43.0652570">
    <ele>16.0</ele>
    <time>2026-06-17T10:19:37Z</time>
     <extensions>
      <gpxtpx:TrackPointExtension>
       <gpxtpx:hr>111</gpxtpx:hr>
      </gpxtpx:TrackPointExtension>
     </extensions>
   </trkpt>
   <trkpt lat="-2.5982650" lon="-43.0652900">
    <ele>16.0</ele>
    <time>2026-06-17T10:19:42Z</time>
     <extensions>
      <gpxtpx:TrackPointExtension>
       <gpxtpx:hr>111</gpxtpx:hr>
      </gpxtpx:TrackPointExtension>
     </extensions>
   </trkpt>
   <trkpt lat="-2.5982350" lon="-43.0653210">
    <ele>16.0</ele>
    <time>2026-06-17T10:19:47Z</time>
     <extensions>
      <gpxtpx:TrackPointExtension>
       <gpxtpx:hr>116</gpxtpx:hr>
      </gpxtpx:TrackPointExtension>
     </extensions>
   </trkpt>
   <trkpt lat="-2.5982010" lon="-43.0653480">
    <ele>16.0</ele>
    <time>2026-06-17T10:19:52Z</time>
     <extensions>
      <gpxtpx:TrackPointExtension>
       <gpxtpx:hr>117</gpxtpx:hr>
      </gpxtpx:TrackPointExtension>
     </extensions>
   </trkpt>
   <trkpt lat="-2.5981730" lon="-43.0653780">
    <ele>16.0</ele>
    <time>2026-06-17T10:19:57Z</time>
     <extensions>
      <gpxtpx:TrackPointExtension>
       <gpxtpx:hr>110</gpxtpx:hr>
      </gpxtpx:TrackPointExtension>
     </extensions>
   </trkpt>
   <trkpt lat="-2.5981360" lon="-43.0654010">
    <ele>16.0</ele>
    <time>2026-06-17T10:20:02Z</time>
     <extensions>
      <gpxtpx:TrackPointExtension>
       <gpxtpx:hr>110</gpxtpx:hr>
      </gpxtpx:TrackPointExtension>
     </extensions>
   </trkpt>
   <trkpt lat="-2.5980900" lon="-43.0654290">
    <ele>16.0</ele>
    <time>2026-06-17T10:20:07Z</time>
     <extensions>
      <gpxtpx:TrackPointExtension>
       <gpxtpx:hr>111</gpxtpx:hr>
      </gpxtpx:TrackPointExtension>
     </extensions>
   </trkpt>
   <trkpt lat="-2.5980540" lon="-43.0654480">
    <ele>16.2</ele>
    <time>2026-06-17T10:20:12Z</time>
     <extensions>
      <gpxtpx:TrackPointExtension>
       <gpxtpx:hr>113</gpxtpx:hr>
      </gpxtpx:TrackPointExtension>
     </extensions>
   </trkpt>
   <trkpt lat="-2.5980200" lon="-43.0654700">
    <ele>16.4</ele>
    <time>2026-06-17T10:20:17Z</time>
     <extensions>
      <gpxtpx:TrackPointExtension>
       <gpxtpx:hr>114</gpxtpx:hr>
      </gpxtpx:TrackPointExtension>
     </extensions>
   </trkpt>
   <trkpt lat="-2.5979870" lon="-43.0654910">
    <ele>16.6</ele>
    <time>2026-06-17T10:20:22Z</time>
     <extensions>
      <gpxtpx:TrackPointExtension>
       <gpxtpx:hr>116</gpxtpx:hr>
      </gpxtpx:TrackPointExtension>
     </extensions>
   </trkpt>
   <trkpt lat="-2.5979380" lon="-43.0654980">
    <ele>16.8</ele>
    <time>2026-06-17T10:20:27Z</time>
     <extensions>
      <gpxtpx:TrackPointExtension>
       <gpxtpx:hr>116</gpxtpx:hr>
      </gpxtpx:TrackPointExtension>
     </extensions>
   </trkpt>
   <trkpt lat="-2.5978890" lon="-43.0655070">
    <ele>16.8</ele>
    <time>2026-06-17T10:20:32Z</time>
     <extensions>
      <gpxtpx:TrackPointExtension>
       <gpxtpx:hr>120</gpxtpx:hr>
      </gpxtpx:TrackPointExtension>
     </extensions>
   </trkpt>
   <trkpt lat="-2.5978420" lon="-43.0655100">
    <ele>16.8</ele>
    <time>2026-06-17T10:20:37Z</time>
     <extensions>
      <gpxtpx:TrackPointExtension>
       <gpxtpx:hr>121</gpxtpx:hr>
      </gpxtpx:TrackPointExtension>
     </extensions>
   </trkpt>
   <trkpt lat="-2.5977990" lon="-43.0655150">
    <ele>16.8</ele>
    <time>2026-06-17T10:20:42Z</time>
     <extensions>
      <gpxtpx:TrackPointExtension>
       <gpxtpx:hr>120</gpxtpx:hr>
      </gpxtpx:TrackPointExtension>
     </extensions>
   </trkpt>
   <trkpt lat="-2.5977520" lon="-43.0655130">
    <ele>16.6</ele>
    <time>2026-06-17T10:20:47Z</time>
     <extensions>
      <gpxtpx:TrackPointExtension>
       <gpxtpx:hr>122</gpxtpx:hr>
      </gpxtpx:TrackPointExtension>
     </extensions>
   </trkpt>
   <trkpt lat="-2.5977070" lon="-43.0655220">
    <ele>16.6</ele>
    <time>2026-06-17T10:20:52Z</time>
     <extensions>
      <gpxtpx:TrackPointExtension>
       <gpxtpx:hr>122</gpxtpx:hr>
      </gpxtpx:TrackPointExtension>
     </extensions>
   </trkpt>
   <trkpt lat="-2.5976730" lon="-43.0655240">
    <ele>16.4</ele>
    <time>2026-06-17T10:20:57Z</time>
     <extensions>
      <gpxtpx:TrackPointExtension>
       <gpxtpx:hr>125</gpxtpx:hr>
      </gpxtpx:TrackPointExtension>
     </extensions>
   </trkpt>
   <trkpt lat="-2.5976310" lon="-43.0655120">
    <ele>16.4</ele>
    <time>2026-06-17T10:21:02Z</time>
     <extensions>
      <gpxtpx:TrackPointExtension>
       <gpxtpx:hr>125</gpxtpx:hr>
      </gpxtpx:TrackPointExtension>
     </extensions>
   </trkpt>
   <trkpt lat="-2.5976160" lon="-43.0655330">
    <ele>16.2</ele>
    <time>2026-06-17T10:21:07Z</time>
     <extensions>
      <gpxtpx:TrackPointExtension>
       <gpxtpx:hr>124</gpxtpx:hr>
      </gpxtpx:TrackPointExtension>
     </extensions>
   </trkpt>
   <trkpt lat="-2.5976250" lon="-43.0655520">
    <ele>16.2</ele>
    <time>2026-06-17T10:21:12Z</time>
     <extensions>
      <gpxtpx:TrackPointExtension>
       <gpxtpx:hr>118</gpxtpx:hr>
      </gpxtpx:TrackPointExtension>
     </extensions>
   </trkpt>
   <trkpt lat="-2.5976160" lon="-43.0655580">
    <ele>16.2</ele>
    <time>2026-06-17T10:21:17Z</time>
     <extensions>
      <gpxtpx:TrackPointExtension>
       <gpxtpx:hr>123</gpxtpx:hr>
      </gpxtpx:TrackPointExtension>
     </extensions>
   </trkpt>
   <trkpt lat="-2.5975710" lon="-43.0655660">
    <ele>16.2</ele>
    <time>2026-06-17T10:21:22Z</time>
     <extensions>
      <gpxtpx:TrackPointExtension>
       <gpxtpx:hr>123</gpxtpx:hr>
      </gpxtpx:TrackPointExtension>
     </extensions>
   </trkpt>
   <trkpt lat="-2.5975230" lon="-43.0655520">
    <ele>16.2</ele>
    <time>2026-06-17T10:21:27Z</time>
     <extensions>
      <gpxtpx:TrackPointExtension>
       <gpxtpx:hr>123</gpxtpx:hr>
      </gpxtpx:TrackPointExtension>
     </extensions>
   </trkpt>
   <trkpt lat="-2.5974860" lon="-43.0655510">
    <ele>16.4</ele>
    <time>2026-06-17T10:21:32Z</time>
     <extensions>
      <gpxtpx:TrackPointExtension>
       <gpxtpx:hr>118</gpxtpx:hr>
      </gpxtpx:TrackPointExtension>
     </extensions>
   </trkpt>
   <trkpt lat="-2.5974460" lon="-43.0655290">
    <ele>16.6</ele>
    <time>2026-06-17T10:21:37Z</time>
     <extensions>
      <gpxtpx:TrackPointExtension>
       <gpxtpx:hr>119</gpxtpx:hr>
      </gpxtpx:TrackPointExtension>
     </extensions>
   </trkpt>
   <trkpt lat="-2.5974000" lon="-43.0655030">
    <ele>16.4</ele>
    <time>2026-06-17T10:21:42Z</time>
     <extensions>
      <gpxtpx:TrackPointExtension>
       <gpxtpx:hr>119</gpxtpx:hr>
      </gpxtpx:TrackPointExtension>
     </extensions>
   </trkpt>
   <trkpt lat="-2.5973520" lon="-43.0654650">
    <ele>16.4</ele>
    <time>2026-06-17T10:21:47Z</time>
     <extensions>
      <gpxtpx:TrackPointExtension>
       <gpxtpx:hr>114</gpxtpx:hr>
      </gpxtpx:TrackPointExtension>
     </extensions>
   </trkpt>
   <trkpt lat="-2.5973110" lon="-43.0654460">
    <ele>16.4</ele>
    <time>2026-06-17T10:21:52Z</time>
     <extensions>
      <gpxtpx:TrackPointExtension>
       <gpxtpx:hr>113</gpxtpx:hr>
      </gpxtpx:TrackPointExtension>
     </extensions>
   </trkpt>
   <trkpt lat="-2.5972580" lon="-43.0654380">
    <ele>16.4</ele>
    <time>2026-06-17T10:21:57Z</time>
     <extensions>
      <gpxtpx:TrackPointExtension>
       <gpxtpx:hr>116</gpxtpx:hr>
      </gpxtpx:TrackPointExtension>
     </extensions>
   </trkpt>
   <trkpt lat="-2.5972070" lon="-43.0654320">
    <ele>16.4</ele>
    <time>2026-06-17T10:22:02Z</time>
     <extensions>
      <gpxtpx:TrackPointExtension>
       <gpxtpx:hr>118</gpxtpx:hr>
      </gpxtpx:TrackPointExtension>
     </extensions>
   </trkpt>
   <trkpt lat="-2.5971600" lon="-43.0654400">
    <ele>16.4</ele>
    <time>2026-06-17T10:22:07Z</time>
     <extensions>
      <gpxtpx:TrackPointExtension>
       <gpxtpx:hr>116</gpxtpx:hr>
      </gpxtpx:TrackPointExtension>
     </extensions>
   </trkpt>
   <trkpt lat="-2.5971150" lon="-43.0654530">
    <ele>16.4</ele>
    <time>2026-06-17T10:22:12Z</time>
     <extensions>
      <gpxtpx:TrackPointExtension>
       <gpxtpx:hr>115</gpxtpx:hr>
      </gpxtpx:TrackPointExtension>
     </extensions>
   </trkpt>
   <trkpt lat="-2.5970680" lon="-43.0654660">
    <ele>16.4</ele>
    <time>2026-06-17T10:22:17Z</time>
     <extensions>
      <gpxtpx:TrackPointExtension>
       <gpxtpx:hr>115</gpxtpx:hr>
      </gpxtpx:TrackPointExtension>
     </extensions>
   </trkpt>
   <trkpt lat="-2.5970230" lon="-43.0654680">
    <ele>16.4</ele>
    <time>2026-06-17T10:22:22Z</time>
     <extensions>
      <gpxtpx:TrackPointExtension>
       <gpxtpx:hr>117</gpxtpx:hr>
      </gpxtpx:TrackPointExtension>
     </extensions>
   </trkpt>
   <trkpt lat="-2.5969850" lon="-43.0654720">
    <ele>16.6</ele>
    <time>2026-06-17T10:22:27Z</time>
     <extensions>
      <gpxtpx:TrackPointExtension>
       <gpxtpx:hr>117</gpxtpx:hr>
      </gpxtpx:TrackPointExtension>
     </extensions>
   </trkpt>
   <trkpt lat="-2.5969540" lon="-43.0654740">
    <ele>16.8</ele>
    <time>2026-06-17T10:22:32Z</time>
     <extensions>
      <gpxtpx:TrackPointExtension>
       <gpxtpx:hr>121</gpxtpx:hr>
      </gpxtpx:TrackPointExtension>
     </extensions>
   </trkpt>
   <trkpt lat="-2.5969160" lon="-43.0654730">
    <ele>16.8</ele>
    <time>2026-06-17T10:22:37Z</time>
     <extensions>
      <gpxtpx:TrackPointExtension>
       <gpxtpx:hr>126</gpxtpx:hr>
      </gpxtpx:TrackPointExtension>
     </extensions>
   </trkpt>
   <trkpt lat="-2.5968730" lon="-43.0654780">
    <ele>16.6</ele>
    <time>2026-06-17T10:22:42Z</time>
     <extensions>
      <gpxtpx:TrackPointExtension>
       <gpxtpx:hr>129</gpxtpx:hr>
      </gpxtpx:TrackPointExtension>
     </extensions>
   </trkpt>
   <trkpt lat="-2.5968330" lon="-43.0654850">
    <ele>16.8</ele>
    <time>2026-06-17T10:22:47Z</time>
     <extensions>
      <gpxtpx:TrackPointExtension>
       <gpxtpx:hr>128</gpxtpx:hr>
      </gpxtpx:TrackPointExtension>
     </extensions>
   </trkpt>
   <trkpt lat="-2.5968000" lon="-43.0655030">
    <ele>16.8</ele>
    <time>2026-06-17T10:22:52Z</time>
     <extensions>
      <gpxtpx:TrackPointExtension>
       <gpxtpx:hr>128</gpxtpx:hr>
      </gpxtpx:TrackPointExtension>
     </extensions>
   </trkpt>
   <trkpt lat="-2.5967760" lon="-43.0655370">
    <ele>17.2</ele>
    <time>2026-06-17T10:22:57Z</time>
     <extensions>
      <gpxtpx:TrackPointExtension>
       <gpxtpx:hr>124</gpxtpx:hr>
      </gpxtpx:TrackPointExtension>
     </extensions>
   </trkpt>
   <trkpt lat="-2.5967640" lon="-43.0655790">
    <ele>17.8</ele>
    <time>2026-06-17T10:23:02Z</time>
     <extensions>
      <gpxtpx:TrackPointExtension>
       <gpxtpx:hr>128</gpxtpx:hr>
      </gpxtpx:TrackPointExtension>
     </extensions>
   </trkpt>
   <trkpt lat="-2.5967380" lon="-43.0656080">
    <ele>18.4</ele>
    <time>2026-06-17T10:23:07Z</time>
     <extensions>
      <gpxtpx:TrackPointExtension>
       <gpxtpx:hr>131</gpxtpx:hr>
      </gpxtpx:TrackPointExtension>
     </extensions>
   </trkpt>
   <trkpt lat="-2.5967160" lon="-43.0656340">
    <ele>19.0</ele>
    <time>2026-06-17T10:23:12Z</time>
     <extensions>
      <gpxtpx:TrackPointExtension>
       <gpxtpx:hr>131</gpxtpx:hr>
      </gpxtpx:TrackPointExtension>
     </extensions>
   </trkpt>
   <trkpt lat="-2.5967000" lon="-43.0656680">
    <ele>19.6</ele>
    <time>2026-06-17T10:23:17Z</time>
     <extensions>
      <gpxtpx:TrackPointExtension>
       <gpxtpx:hr>134</gpxtpx:hr>
      </gpxtpx:TrackPointExtension>
     </extensions>
   </trkpt>
   <trkpt lat="-2.5966660" lon="-43.0657020">
    <ele>20.2</ele>
    <time>2026-06-17T10:23:22Z</time>
     <extensions>
      <gpxtpx:TrackPointExtension>
       <gpxtpx:hr>138</gpxtpx:hr>
      </gpxtpx:TrackPointExtension>
     </extensions>
   </trkpt>
   <trkpt lat="-2.5966480" lon="-43.0657240">
    <ele>20.6</ele>
    <time>2026-06-17T10:23:27Z</time>
     <extensions>
      <gpxtpx:TrackPointExtension>
       <gpxtpx:hr>140</gpxtpx:hr>
      </gpxtpx:TrackPointExtension>
     </extensions>
   </trkpt>
   <trkpt lat="-2.5966340" lon="-43.0657650">
    <ele>20.6</ele>
    <time>2026-06-17T10:23:32Z</time>
     <extensions>
      <gpxtpx:TrackPointExtension>
       <gpxtpx:hr>145</gpxtpx:hr>
      </gpxtpx:TrackPointExtension>
     </extensions>
   </trkpt>
   <trkpt lat="-2.5965950" lon="-43.0657910">
    <ele>20.8</ele>
    <time>2026-06-17T10:23:37Z</time>
     <extensions>
      <gpxtpx:TrackPointExtension>
       <gpxtpx:hr>144</gpxtpx:hr>
      </gpxtpx:TrackPointExtension>
     </extensions>
   </trkpt>
   <trkpt lat="-2.5965840" lon="-43.0657880">
    <ele>21.0</ele>
    <time>2026-06-17T10:23:42Z</time>
     <extensions>
      <gpxtpx:TrackPointExtension>
       <gpxtpx:hr>145</gpxtpx:hr>
      </gpxtpx:TrackPointExtension>
     </extensions>
   </trkpt>
   <trkpt lat="-2.5965870" lon="-43.0657860">
    <ele>21.0</ele>
    <time>2026-06-17T10:23:47Z</time>
     <extensions>
      <gpxtpx:TrackPointExtension>
       <gpxtpx:hr>144</gpxtpx:hr>
      </gpxtpx:TrackPointExtension>
     </extensions>
   </trkpt>
   <trkpt lat="-2.5965870" lon="-43.0657810">
    <ele>21.2</ele>
    <time>2026-06-17T10:23:52Z</time>
     <extensions>
      <gpxtpx:TrackPointExtension>
       <gpxtpx:hr>144</gpxtpx:hr>
      </gpxtpx:TrackPointExtension>
     </extensions>
   </trkpt>
   <trkpt lat="-2.5965820" lon="-43.0657680">
    <ele>21.0</ele>
    <time>2026-06-17T10:23:57Z</time>
     <extensions>
      <gpxtpx:TrackPointExtension>
       <gpxtpx:hr>142</gpxtpx:hr>
      </gpxtpx:TrackPointExtension>
     </extensions>
   </trkpt>
   <trkpt lat="-2.5965670" lon="-43.0657810">
    <ele>20.8</ele>
    <time>2026-06-17T10:24:02Z</time>
     <extensions>
      <gpxtpx:TrackPointExtension>
       <gpxtpx:hr>136</gpxtpx:hr>
      </gpxtpx:TrackPointExtension>
     </extensions>
   </trkpt>
   <trkpt lat="-2.5965460" lon="-43.0658110">
    <ele>20.8</ele>
    <time>2026-06-17T10:24:07Z</time>
     <extensions>
      <gpxtpx:TrackPointExtension>
       <gpxtpx:hr>135</gpxtpx:hr>
      </gpxtpx:TrackPointExtension>
     </extensions>
   </trkpt>
   <trkpt lat="-2.5965230" lon="-43.0658520">
    <ele>21.0</ele>
    <time>2026-06-17T10:24:12Z</time>
     <extensions>
      <gpxtpx:TrackPointExtension>
       <gpxtpx:hr>136</gpxtpx:hr>
      </gpxtpx:TrackPointExtension>
     </extensions>
   </trkpt>
   <trkpt lat="-2.5964900" lon="-43.0658940">
    <ele>21.0</ele>
    <time>2026-06-17T10:24:17Z</time>
     <extensions>
      <gpxtpx:TrackPointExtension>
       <gpxtpx:hr>129</gpxtpx:hr>
      </gpxtpx:TrackPointExtension>
     </extensions>
   </trkpt>
   <trkpt lat="-2.5964680" lon="-43.0659330">
    <ele>20.8</ele>
    <time>2026-06-17T10:24:22Z</time>
     <extensions>
      <gpxtpx:TrackPointExtension>
       <gpxtpx:hr>124</gpxtpx:hr>
      </gpxtpx:TrackPointExtension>
     </extensions>
   </trkpt>
   <trkpt lat="-2.5964500" lon="-43.0659750">
    <ele>21.0</ele>
    <time>2026-06-17T10:24:27Z</time>
     <extensions>
      <gpxtpx:TrackPointExtension>
       <gpxtpx:hr>121</gpxtpx:hr>
      </gpxtpx:TrackPointExtension>
     </extensions>
   </trkpt>
   <trkpt lat="-2.5964210" lon="-43.0660080">
    <ele>21.2</ele>
    <time>2026-06-17T10:24:32Z</time>
     <extensions>
      <gpxtpx:TrackPointExtension>
       <gpxtpx:hr>122</gpxtpx:hr>
      </gpxtpx:TrackPointExtension>
     </extensions>
   </trkpt>
   <trkpt lat="-2.5964060" lon="-43.0660430">
    <ele>21.8</ele>
    <time>2026-06-17T10:24:37Z</time>
     <extensions>
      <gpxtpx:TrackPointExtension>
       <gpxtpx:hr>121</gpxtpx:hr>
      </gpxtpx:TrackPointExtension>
     </extensions>
   </trkpt>
   <trkpt lat="-2.5964050" lon="-43.0660900">
    <ele>22.8</ele>
    <time>2026-06-17T10:24:42Z</time>
     <extensions>
      <gpxtpx:TrackPointExtension>
       <gpxtpx:hr>121</gpxtpx:hr>
      </gpxtpx:TrackPointExtension>
     </extensions>
   </trkpt>
   <trkpt lat="-2.5964000" lon="-43.0661240">
    <ele>23.4</ele>
    <time>2026-06-17T10:24:47Z</time>
     <extensions>
      <gpxtpx:TrackPointExtension>
       <gpxtpx:hr>122</gpxtpx:hr>
      </gpxtpx:TrackPointExtension>
     </extensions>
   </trkpt>
   <trkpt lat="-2.5963960" lon="-43.0661630">
    <ele>23.8</ele>
    <time>2026-06-17T10:24:52Z</time>
     <extensions>
      <gpxtpx:TrackPointExtension>
       <gpxtpx:hr>122</gpxtpx:hr>
      </gpxtpx:TrackPointExtension>
     </extensions>
   </trkpt>
   <trkpt lat="-2.5963920" lon="-43.0662050">
    <ele>24.2</ele>
    <time>2026-06-17T10:24:57Z</time>
     <extensions>
      <gpxtpx:TrackPointExtension>
       <gpxtpx:hr>124</gpxtpx:hr>
      </gpxtpx:TrackPointExtension>
     </extensions>
   </trkpt>
   <trkpt lat="-2.5963830" lon="-43.0662540">
    <ele>24.4</ele>
    <time>2026-06-17T10:25:02Z</time>
     <extensions>
      <gpxtpx:TrackPointExtension>
       <gpxtpx:hr>130</gpxtpx:hr>
      </gpxtpx:TrackPointExtension>
     </extensions>
   </trkpt>
   <trkpt lat="-2.5963610" lon="-43.0662590">
    <ele>24.6</ele>
    <time>2026-06-17T10:25:07Z</time>
     <extensions>
      <gpxtpx:TrackPointExtension>
       <gpxtpx:hr>136</gpxtpx:hr>
      </gpxtpx:TrackPointExtension>
     </extensions>
   </trkpt>
   <trkpt lat="-2.5963580" lon="-43.0662540">
    <ele>24.8</ele>
    <time>2026-06-17T10:25:12Z</time>
     <extensions>
      <gpxtpx:TrackPointExtension>
       <gpxtpx:hr>144</gpxtpx:hr>
      </gpxtpx:TrackPointExtension>
     </extensions>
   </trkpt>
   <trkpt lat="-2.5963500" lon="-43.0662680">
    <ele>24.8</ele>
    <time>2026-06-17T10:25:17Z</time>
     <extensions>
      <gpxtpx:TrackPointExtension>
       <gpxtpx:hr>142</gpxtpx:hr>
      </gpxtpx:TrackPointExtension>
     </extensions>
   </trkpt>
   <trkpt lat="-2.5963250" lon="-43.0662880">
    <ele>24.8</ele>
    <time>2026-06-17T10:25:22Z</time>
     <extensions>
      <gpxtpx:TrackPointExtension>
       <gpxtpx:hr>143</gpxtpx:hr>
      </gpxtpx:TrackPointExtension>
     </extensions>
   </trkpt>
   <trkpt lat="-2.5962860" lon="-43.0663040">
    <ele>24.6</ele>
    <time>2026-06-17T10:25:27Z</time>
     <extensions>
      <gpxtpx:TrackPointExtension>
       <gpxtpx:hr>143</gpxtpx:hr>
      </gpxtpx:TrackPointExtension>
     </extensions>
   </trkpt>
   <trkpt lat="-2.5962710" lon="-43.0663080">
    <ele>24.6</ele>
    <time>2026-06-17T10:25:32Z</time>
     <extensions>
      <gpxtpx:TrackPointExtension>
       <gpxtpx:hr>142</gpxtpx:hr>
      </gpxtpx:TrackPointExtension>
     </extensions>
   </trkpt>
   <trkpt lat="-2.5962700" lon="-43.0663110">
    <ele>24.8</ele>
    <time>2026-06-17T10:25:37Z</time>
     <extensions>
      <gpxtpx:TrackPointExtension>
       <gpxtpx:hr>130</gpxtpx:hr>
      </gpxtpx:TrackPointExtension>
     </extensions>
   </trkpt>
   <trkpt lat="-2.5962490" lon="-43.0663340">
    <ele>24.6</ele>
    <time>2026-06-17T10:25:42Z</time>
     <extensions>
      <gpxtpx:TrackPointExtension>
       <gpxtpx:hr>127</gpxtpx:hr>
      </gpxtpx:TrackPointExtension>
     </extensions>
   </trkpt>
   <trkpt lat="-2.5962140" lon="-43.0663640">
    <ele>24.4</ele>
    <time>2026-06-17T10:25:47Z</time>
     <extensions>
      <gpxtpx:TrackPointExtension>
       <gpxtpx:hr>125</gpxtpx:hr>
      </gpxtpx:TrackPointExtension>
     </extensions>
   </trkpt>
   <trkpt lat="-2.5961800" lon="-43.0663920">
    <ele>24.0</ele>
    <time>2026-06-17T10:25:52Z</time>
     <extensions>
      <gpxtpx:TrackPointExtension>
       <gpxtpx:hr>122</gpxtpx:hr>
      </gpxtpx:TrackPointExtension>
     </extensions>
   </trkpt>
   <trkpt lat="-2.5961480" lon="-43.0664220">
    <ele>23.6</ele>
    <time>2026-06-17T10:25:57Z</time>
     <extensions>
      <gpxtpx:TrackPointExtension>
       <gpxtpx:hr>121</gpxtpx:hr>
      </gpxtpx:TrackPointExtension>
     </extensions>
   </trkpt>
   <trkpt lat="-2.5961100" lon="-43.0664550">
    <ele>23.0</ele>
    <time>2026-06-17T10:26:02Z</time>
     <extensions>
      <gpxtpx:TrackPointExtension>
       <gpxtpx:hr>111</gpxtpx:hr>
      </gpxtpx:TrackPointExtension>
     </extensions>
   </trkpt>
   <trkpt lat="-2.5960820" lon="-43.0665010">
    <ele>22.6</ele>
    <time>2026-06-17T10:26:07Z</time>
     <extensions>
      <gpxtpx:TrackPointExtension>
       <gpxtpx:hr>103</gpxtpx:hr>
      </gpxtpx:TrackPointExtension>
     </extensions>
   </trkpt>
   <trkpt lat="-2.5960570" lon="-43.0665410">
    <ele>22.0</ele>
    <time>2026-06-17T10:26:12Z</time>
     <extensions>
      <gpxtpx:TrackPointExtension>
       <gpxtpx:hr>101</gpxtpx:hr>
      </gpxtpx:TrackPointExtension>
     </extensions>
   </trkpt>
   <trkpt lat="-2.5960310" lon="-43.0665810">
    <ele>21.8</ele>
    <time>2026-06-17T10:26:17Z</time>
     <extensions>
      <gpxtpx:TrackPointExtension>
       <gpxtpx:hr>99</gpxtpx:hr>
      </gpxtpx:TrackPointExtension>
     </extensions>
   </trkpt>
   <trkpt lat="-2.5960030" lon="-43.0666010">
    <ele>22.0</ele>
    <time>2026-06-17T10:26:22Z</time>
     <extensions>
      <gpxtpx:TrackPointExtension>
       <gpxtpx:hr>103</gpxtpx:hr>
      </gpxtpx:TrackPointExtension>
     </extensions>
   </trkpt>
   <trkpt lat="-2.5959680" lon="-43.0666270">
    <ele>22.4</ele>
    <time>2026-06-17T10:26:27Z</time>
     <extensions>
      <gpxtpx:TrackPointExtension>
       <gpxtpx:hr>103</gpxtpx:hr>
      </gpxtpx:TrackPointExtension>
     </extensions>
   </trkpt>
   <trkpt lat="-2.5959270" lon="-43.0666600">
    <ele>22.4</ele>
    <time>2026-06-17T10:26:32Z</time>
     <extensions>
      <gpxtpx:TrackPointExtension>
       <gpxtpx:hr>109</gpxtpx:hr>
      </gpxtpx:TrackPointExtension>
     </extensions>
   </trkpt>
   <trkpt lat="-2.5958870" lon="-43.0666950">
    <ele>22.2</ele>
    <time>2026-06-17T10:26:37Z</time>
     <extensions>
      <gpxtpx:TrackPointExtension>
       <gpxtpx:hr>113</gpxtpx:hr>
      </gpxtpx:TrackPointExtension>
     </extensions>
   </trkpt>
   <trkpt lat="-2.5958460" lon="-43.0667270">
    <ele>21.6</ele>
    <time>2026-06-17T10:26:42Z</time>
     <extensions>
      <gpxtpx:TrackPointExtension>
       <gpxtpx:hr>112</gpxtpx:hr>
      </gpxtpx:TrackPointExtension>
     </extensions>
   </trkpt>
   <trkpt lat="-2.5957940" lon="-43.0667460">
    <ele>20.8</ele>
    <time>2026-06-17T10:26:47Z</time>
     <extensions>
      <gpxtpx:TrackPointExtension>
       <gpxtpx:hr>113</gpxtpx:hr>
      </gpxtpx:TrackPointExtension>
     </extensions>
   </trkpt>
   <trkpt lat="-2.5957390" lon="-43.0667710">
    <ele>20.2</ele>
    <time>2026-06-17T10:26:52Z</time>
     <extensions>
      <gpxtpx:TrackPointExtension>
       <gpxtpx:hr>108</gpxtpx:hr>
      </gpxtpx:TrackPointExtension>
     </extensions>
   </trkpt>
   <trkpt lat="-2.5956870" lon="-43.0667980">
    <ele>20.0</ele>
    <time>2026-06-17T10:26:57Z</time>
     <extensions>
      <gpxtpx:TrackPointExtension>
       <gpxtpx:hr>110</gpxtpx:hr>
      </gpxtpx:TrackPointExtension>
     </extensions>
   </trkpt>
   <trkpt lat="-2.5956580" lon="-43.0668110">
    <ele>20.2</ele>
    <time>2026-06-17T10:27:02Z</time>
     <extensions>
      <gpxtpx:TrackPointExtension>
       <gpxtpx:hr>101</gpxtpx:hr>
      </gpxtpx:TrackPointExtension>
     </extensions>
   </trkpt>
   <trkpt lat="-2.5956330" lon="-43.0668250">
    <ele>20.8</ele>
    <time>2026-06-17T10:27:07Z</time>
     <extensions>
      <gpxtpx:TrackPointExtension>
       <gpxtpx:hr>104</gpxtpx:hr>
      </gpxtpx:TrackPointExtension>
     </extensions>
   </trkpt>
   <trkpt lat="-2.5956050" lon="-43.0668380">
    <ele>21.4</ele>
    <time>2026-06-17T10:27:12Z</time>
     <extensions>
      <gpxtpx:TrackPointExtension>
       <gpxtpx:hr>105</gpxtpx:hr>
      </gpxtpx:TrackPointExtension>
     </extensions>
   </trkpt>
   <trkpt lat="-2.5955800" lon="-43.0668490">
    <ele>22.2</ele>
    <time>2026-06-17T10:27:17Z</time>
     <extensions>
      <gpxtpx:TrackPointExtension>
       <gpxtpx:hr>114</gpxtpx:hr>
      </gpxtpx:TrackPointExtension>
     </extensions>
   </trkpt>
   <trkpt lat="-2.5955550" lon="-43.0668520">
    <ele>22.8</ele>
    <time>2026-06-17T10:27:22Z</time>
     <extensions>
      <gpxtpx:TrackPointExtension>
       <gpxtpx:hr>121</gpxtpx:hr>
      </gpxtpx:TrackPointExtension>
     </extensions>
   </trkpt>
   <trkpt lat="-2.5955300" lon="-43.0668400">
    <ele>23.4</ele>
    <time>2026-06-17T10:27:27Z</time>
     <extensions>
      <gpxtpx:TrackPointExtension>
       <gpxtpx:hr>122</gpxtpx:hr>
      </gpxtpx:TrackPointExtension>
     </extensions>
   </trkpt>
   <trkpt lat="-2.5955020" lon="-43.0668300">
    <ele>24.0</ele>
    <time>2026-06-17T10:27:32Z</time>
     <extensions>
      <gpxtpx:TrackPointExtension>
       <gpxtpx:hr>127</gpxtpx:hr>
      </gpxtpx:TrackPointExtension>
     </extensions>
   </trkpt>
   <trkpt lat="-2.5954450" lon="-43.0668310">
    <ele>24.4</ele>
    <time>2026-06-17T10:27:37Z</time>
     <extensions>
      <gpxtpx:TrackPointExtension>
       <gpxtpx:hr>127</gpxtpx:hr>
      </gpxtpx:TrackPointExtension>
     </extensions>
   </trkpt>
   <trkpt lat="-2.5953810" lon="-43.0668230">
    <ele>24.4</ele>
    <time>2026-06-17T10:27:42Z</time>
     <extensions>
      <gpxtpx:TrackPointExtension>
       <gpxtpx:hr>125</gpxtpx:hr>
      </gpxtpx:TrackPointExtension>
     </extensions>
   </trkpt>
   <trkpt lat="-2.5953250" lon="-43.0668180">
    <ele>24.4</ele>
    <time>2026-06-17T10:27:47Z</time>
     <extensions>
      <gpxtpx:TrackPointExtension>
       <gpxtpx:hr>126</gpxtpx:hr>
      </gpxtpx:TrackPointExtension>
     </extensions>
   </trkpt>
   <trkpt lat="-2.5952700" lon="-43.0668210">
    <ele>24.6</ele>
    <time>2026-06-17T10:27:52Z</time>
     <extensions>
      <gpxtpx:TrackPointExtension>
       <gpxtpx:hr>126</gpxtpx:hr>
      </gpxtpx:TrackPointExtension>
     </extensions>
   </trkpt>
   <trkpt lat="-2.5952170" lon="-43.0668310">
    <ele>24.6</ele>
    <time>2026-06-17T10:27:57Z</time>
     <extensions>
      <gpxtpx:TrackPointExtension>
       <gpxtpx:hr>123</gpxtpx:hr>
      </gpxtpx:TrackPointExtension>
     </extensions>
   </trkpt>
   <trkpt lat="-2.5951660" lon="-43.0668450">
    <ele>24.8</ele>
    <time>2026-06-17T10:28:02Z</time>
     <extensions>
      <gpxtpx:TrackPointExtension>
       <gpxtpx:hr>124</gpxtpx:hr>
      </gpxtpx:TrackPointExtension>
     </extensions>
   </trkpt>
   <trkpt lat="-2.5951160" lon="-43.0668620">
    <ele>24.8</ele>
    <time>2026-06-17T10:28:07Z</time>
     <extensions>
      <gpxtpx:TrackPointExtension>
       <gpxtpx:hr>126</gpxtpx:hr>
      </gpxtpx:TrackPointExtension>
     </extensions>
   </trkpt>
   <trkpt lat="-2.5950710" lon="-43.0668830">
    <ele>24.8</ele>
    <time>2026-06-17T10:28:12Z</time>
     <extensions>
      <gpxtpx:TrackPointExtension>
       <gpxtpx:hr>125</gpxtpx:hr>
      </gpxtpx:TrackPointExtension>
     </extensions>
   </trkpt>
   <trkpt lat="-2.5950350" lon="-43.0668930">
    <ele>25.2</ele>
    <time>2026-06-17T10:28:17Z</time>
     <extensions>
      <gpxtpx:TrackPointExtension>
       <gpxtpx:hr>125</gpxtpx:hr>
      </gpxtpx:TrackPointExtension>
     </extensions>
   </trkpt>
   <trkpt lat="-2.5949880" lon="-43.0668870">
    <ele>25.4</ele>
    <time>2026-06-17T10:28:22Z</time>
     <extensions>
      <gpxtpx:TrackPointExtension>
       <gpxtpx:hr>129</gpxtpx:hr>
      </gpxtpx:TrackPointExtension>
     </extensions>
   </trkpt>
   <trkpt lat="-2.5949450" lon="-43.0668720">
    <ele>25.6</ele>
    <time>2026-06-17T10:28:27Z</time>
     <extensions>
      <gpxtpx:TrackPointExtension>
       <gpxtpx:hr>129</gpxtpx:hr>
      </gpxtpx:TrackPointExtension>
     </extensions>
   </trkpt>
   <trkpt lat="-2.5948960" lon="-43.0668580">
    <ele>25.4</ele>
    <time>2026-06-17T10:28:32Z</time>
     <extensions>
      <gpxtpx:TrackPointExtension>
       <gpxtpx:hr>122</gpxtpx:hr>
      </gpxtpx:TrackPointExtension>
     </extensions>
   </trkpt>
   <trkpt lat="-2.5948470" lon="-43.0668590">
    <ele>24.8</ele>
    <time>2026-06-17T10:28:37Z</time>
     <extensions>
      <gpxtpx:TrackPointExtension>
       <gpxtpx:hr>122</gpxtpx:hr>
      </gpxtpx:TrackPointExtension>
     </extensions>
   </trkpt>
   <trkpt lat="-2.5947970" lon="-43.0668860">
    <ele>23.8</ele>
    <time>2026-06-17T10:28:42Z</time>
     <extensions>
      <gpxtpx:TrackPointExtension>
       <gpxtpx:hr>124</gpxtpx:hr>
      </gpxtpx:TrackPointExtension>
     </extensions>
   </trkpt>
   <trkpt lat="-2.5947510" lon="-43.0669230">
    <ele>23.0</ele>
    <time>2026-06-17T10:28:47Z</time>
     <extensions>
      <gpxtpx:TrackPointExtension>
       <gpxtpx:hr>123</gpxtpx:hr>
      </gpxtpx:TrackPointExtension>
     </extensions>
   </trkpt>
   <trkpt lat="-2.5947300" lon="-43.0669810">
    <ele>22.4</ele>
    <time>2026-06-17T10:28:52Z</time>
     <extensions>
      <gpxtpx:TrackPointExtension>
       <gpxtpx:hr>121</gpxtpx:hr>
      </gpxtpx:TrackPointExtension>
     </extensions>
   </trkpt>
   <trkpt lat="-2.5947300" lon="-43.0670350">
    <ele>22.2</ele>
    <time>2026-06-17T10:28:57Z</time>
     <extensions>
      <gpxtpx:TrackPointExtension>
       <gpxtpx:hr>112</gpxtpx:hr>
      </gpxtpx:TrackPointExtension>
     </extensions>
   </trkpt>
   <trkpt lat="-2.5947260" lon="-43.0670930">
    <ele>22.0</ele>
    <time>2026-06-17T10:29:02Z</time>
     <extensions>
      <gpxtpx:TrackPointExtension>
       <gpxtpx:hr>109</gpxtpx:hr>
      </gpxtpx:TrackPointExtension>
     </extensions>
   </trkpt>
   <trkpt lat="-2.5947250" lon="-43.0671420">
    <ele>21.8</ele>
    <time>2026-06-17T10:29:07Z</time>
     <extensions>
      <gpxtpx:TrackPointExtension>
       <gpxtpx:hr>108</gpxtpx:hr>
      </gpxtpx:TrackPointExtension>
     </extensions>
   </trkpt>
   <trkpt lat="-2.5947130" lon="-43.0671860">
    <ele>22.0</ele>
    <time>2026-06-17T10:29:12Z</time>
     <extensions>
      <gpxtpx:TrackPointExtension>
       <gpxtpx:hr>116</gpxtpx:hr>
      </gpxtpx:TrackPointExtension>
     </extensions>
   </trkpt>
   <trkpt lat="-2.5947020" lon="-43.0672250">
    <ele>21.8</ele>
    <time>2026-06-17T10:29:17Z</time>
     <extensions>
      <gpxtpx:TrackPointExtension>
       <gpxtpx:hr>115</gpxtpx:hr>
      </gpxtpx:TrackPointExtension>
     </extensions>
   </trkpt>
   <trkpt lat="-2.5946880" lon="-43.0672460">
    <ele>21.6</ele>
    <time>2026-06-17T10:29:22Z</time>
     <extensions>
      <gpxtpx:TrackPointExtension>
       <gpxtpx:hr>115</gpxtpx:hr>
      </gpxtpx:TrackPointExtension>
     </extensions>
   </trkpt>
   <trkpt lat="-2.5946890" lon="-43.0672380">
    <ele>21.4</ele>
    <time>2026-06-17T10:29:27Z</time>
     <extensions>
      <gpxtpx:TrackPointExtension>
       <gpxtpx:hr>113</gpxtpx:hr>
      </gpxtpx:TrackPointExtension>
     </extensions>
   </trkpt>
   <trkpt lat="-2.5946900" lon="-43.0672370">
    <ele>21.2</ele>
    <time>2026-06-17T10:29:32Z</time>
     <extensions>
      <gpxtpx:TrackPointExtension>
       <gpxtpx:hr>114</gpxtpx:hr>
      </gpxtpx:TrackPointExtension>
     </extensions>
   </trkpt>
   <trkpt lat="-2.5946860" lon="-43.0672450">
    <ele>21.2</ele>
    <time>2026-06-17T10:29:37Z</time>
     <extensions>
      <gpxtpx:TrackPointExtension>
       <gpxtpx:hr>120</gpxtpx:hr>
      </gpxtpx:TrackPointExtension>
     </extensions>
   </trkpt>
   <trkpt lat="-2.5946690" lon="-43.0672660">
    <ele>20.8</ele>
    <time>2026-06-17T10:29:42Z</time>
     <extensions>
      <gpxtpx:TrackPointExtension>
       <gpxtpx:hr>108</gpxtpx:hr>
      </gpxtpx:TrackPointExtension>
     </extensions>
   </trkpt>
   <trkpt lat="-2.5946470" lon="-43.0673070">
    <ele>20.2</ele>
    <time>2026-06-17T10:29:47Z</time>
     <extensions>
      <gpxtpx:TrackPointExtension>
       <gpxtpx:hr>105</gpxtpx:hr>
      </gpxtpx:TrackPointExtension>
     </extensions>
   </trkpt>
   <trkpt lat="-2.5946390" lon="-43.0673700">
    <ele>19.6</ele>
    <time>2026-06-17T10:29:52Z</time>
     <extensions>
      <gpxtpx:TrackPointExtension>
       <gpxtpx:hr>107</gpxtpx:hr>
      </gpxtpx:TrackPointExtension>
     </extensions>
   </trkpt>
   <trkpt lat="-2.5946110" lon="-43.0674120">
    <ele>19.0</ele>
    <time>2026-06-17T10:29:57Z</time>
     <extensions>
      <gpxtpx:TrackPointExtension>
       <gpxtpx:hr>110</gpxtpx:hr>
      </gpxtpx:TrackPointExtension>
     </extensions>
   </trkpt>
   <trkpt lat="-2.5945910" lon="-43.0674560">
    <ele>19.0</ele>
    <time>2026-06-17T10:30:02Z</time>
     <extensions>
      <gpxtpx:TrackPointExtension>
       <gpxtpx:hr>111</gpxtpx:hr>
      </gpxtpx:TrackPointExtension>
     </extensions>
   </trkpt>
   <trkpt lat="-2.5945740" lon="-43.0675000">
    <ele>18.8</ele>
    <time>2026-06-17T10:30:07Z</time>
     <extensions>
      <gpxtpx:TrackPointExtension>
       <gpxtpx:hr>109</gpxtpx:hr>
      </gpxtpx:TrackPointExtension>
     </extensions>
   </trkpt>
   <trkpt lat="-2.5945560" lon="-43.0675450">
    <ele>18.6</ele>
    <time>2026-06-17T10:30:12Z</time>
     <extensions>
      <gpxtpx:TrackPointExtension>
       <gpxtpx:hr>111</gpxtpx:hr>
      </gpxtpx:TrackPointExtension>
     </extensions>
   </trkpt>
   <trkpt lat="-2.5945390" lon="-43.0675910">
    <ele>18.4</ele>
    <time>2026-06-17T10:30:17Z</time>
     <extensions>
      <gpxtpx:TrackPointExtension>
       <gpxtpx:hr>113</gpxtpx:hr>
      </gpxtpx:TrackPointExtension>
     </extensions>
   </trkpt>
   <trkpt lat="-2.5945350" lon="-43.0676450">
    <ele>18.0</ele>
    <time>2026-06-17T10:30:22Z</time>
     <extensions>
      <gpxtpx:TrackPointExtension>
       <gpxtpx:hr>113</gpxtpx:hr>
      </gpxtpx:TrackPointExtension>
     </extensions>
   </trkpt>
   <trkpt lat="-2.5945270" lon="-43.0676980">
    <ele>17.4</ele>
    <time>2026-06-17T10:30:28Z</time>
     <extensions>
      <gpxtpx:TrackPointExtension>
       <gpxtpx:hr>116</gpxtpx:hr>
      </gpxtpx:TrackPointExtension>
     </extensions>
   </trkpt>
   <trkpt lat="-2.5945160" lon="-43.0677430">
    <ele>17.0</ele>
    <time>2026-06-17T10:30:33Z</time>
     <extensions>
      <gpxtpx:TrackPointExtension>
       <gpxtpx:hr>117</gpxtpx:hr>
      </gpxtpx:TrackPointExtension>
     </extensions>
   </trkpt>
   <trkpt lat="-2.5945010" lon="-43.0677880">
    <ele>16.6</ele>
    <time>2026-06-17T10:30:38Z</time>
     <extensions>
      <gpxtpx:TrackPointExtension>
       <gpxtpx:hr>117</gpxtpx:hr>
      </gpxtpx:TrackPointExtension>
     </extensions>
   </trkpt>
   <trkpt lat="-2.5944910" lon="-43.0678360">
    <ele>16.2</ele>
    <time>2026-06-17T10:30:43Z</time>
     <extensions>
      <gpxtpx:TrackPointExtension>
       <gpxtpx:hr>110</gpxtpx:hr>
      </gpxtpx:TrackPointExtension>
     </extensions>
   </trkpt>
   <trkpt lat="-2.5944900" lon="-43.0678880">
    <ele>16.0</ele>
    <time>2026-06-17T10:30:48Z</time>
     <extensions>
      <gpxtpx:TrackPointExtension>
       <gpxtpx:hr>111</gpxtpx:hr>
      </gpxtpx:TrackPointExtension>
     </extensions>
   </trkpt>
   <trkpt lat="-2.5944820" lon="-43.0679390">
    <ele>15.8</ele>
    <time>2026-06-17T10:30:53Z</time>
     <extensions>
      <gpxtpx:TrackPointExtension>
       <gpxtpx:hr>110</gpxtpx:hr>
      </gpxtpx:TrackPointExtension>
     </extensions>
   </trkpt>
   <trkpt lat="-2.5944820" lon="-43.0679940">
    <ele>15.8</ele>
    <time>2026-06-17T10:30:58Z</time>
     <extensions>
      <gpxtpx:TrackPointExtension>
       <gpxtpx:hr>114</gpxtpx:hr>
      </gpxtpx:TrackPointExtension>
     </extensions>
   </trkpt>
   <trkpt lat="-2.5944740" lon="-43.0680480">
    <ele>15.8</ele>
    <time>2026-06-17T10:31:03Z</time>
     <extensions>
      <gpxtpx:TrackPointExtension>
       <gpxtpx:hr>115</gpxtpx:hr>
      </gpxtpx:TrackPointExtension>
     </extensions>
   </trkpt>
   <trkpt lat="-2.5944570" lon="-43.0680990">
    <ele>15.8</ele>
    <time>2026-06-17T10:31:08Z</time>
     <extensions>
      <gpxtpx:TrackPointExtension>
       <gpxtpx:hr>116</gpxtpx:hr>
      </gpxtpx:TrackPointExtension>
     </extensions>
   </trkpt>
   <trkpt lat="-2.5944380" lon="-43.0681560">
    <ele>15.8</ele>
    <time>2026-06-17T10:31:13Z</time>
     <extensions>
      <gpxtpx:TrackPointExtension>
       <gpxtpx:hr>118</gpxtpx:hr>
      </gpxtpx:TrackPointExtension>
     </extensions>
   </trkpt>
   <trkpt lat="-2.5944150" lon="-43.0682020">
    <ele>15.8</ele>
    <time>2026-06-17T10:31:18Z</time>
     <extensions>
      <gpxtpx:TrackPointExtension>
       <gpxtpx:hr>118</gpxtpx:hr>
      </gpxtpx:TrackPointExtension>
     </extensions>
   </trkpt>
   <trkpt lat="-2.5943990" lon="-43.0682580">
    <ele>15.8</ele>
    <time>2026-06-17T10:31:23Z</time>
     <extensions>
      <gpxtpx:TrackPointExtension>
       <gpxtpx:hr>116</gpxtpx:hr>
      </gpxtpx:TrackPointExtension>
     </extensions>
   </trkpt>
   <trkpt lat="-2.5943980" lon="-43.0683170">
    <ele>15.8</ele>
    <time>2026-06-17T10:31:28Z</time>
     <extensions>
      <gpxtpx:TrackPointExtension>
       <gpxtpx:hr>115</gpxtpx:hr>
      </gpxtpx:TrackPointExtension>
     </extensions>
   </trkpt>
   <trkpt lat="-2.5943920" lon="-43.0683730">
    <ele>15.6</ele>
    <time>2026-06-17T10:31:33Z</time>
     <extensions>
      <gpxtpx:TrackPointExtension>
       <gpxtpx:hr>114</gpxtpx:hr>
      </gpxtpx:TrackPointExtension>
     </extensions>
   </trkpt>
   <trkpt lat="-2.5943920" lon="-43.0684180">
    <ele>15.4</ele>
    <time>2026-06-17T10:31:38Z</time>
     <extensions>
      <gpxtpx:TrackPointExtension>
       <gpxtpx:hr>115</gpxtpx:hr>
      </gpxtpx:TrackPointExtension>
     </extensions>
   </trkpt>
   <trkpt lat="-2.5943990" lon="-43.0684670">
    <ele>15.4</ele>
    <time>2026-06-17T10:31:43Z</time>
     <extensions>
      <gpxtpx:TrackPointExtension>
       <gpxtpx:hr>115</gpxtpx:hr>
      </gpxtpx:TrackPointExtension>
     </extensions>
   </trkpt>
   <trkpt lat="-2.5944080" lon="-43.0685210">
    <ele>15.6</ele>
    <time>2026-06-17T10:31:48Z</time>
     <extensions>
      <gpxtpx:TrackPointExtension>
       <gpxtpx:hr>115</gpxtpx:hr>
      </gpxtpx:TrackPointExtension>
     </extensions>
   </trkpt>
   <trkpt lat="-2.5944200" lon="-43.0685770">
    <ele>15.6</ele>
    <time>2026-06-17T10:31:53Z</time>
     <extensions>
      <gpxtpx:TrackPointExtension>
       <gpxtpx:hr>116</gpxtpx:hr>
      </gpxtpx:TrackPointExtension>
     </extensions>
   </trkpt>
   <trkpt lat="-2.5944330" lon="-43.0686270">
    <ele>15.8</ele>
    <time>2026-06-17T10:31:58Z</time>
     <extensions>
      <gpxtpx:TrackPointExtension>
       <gpxtpx:hr>115</gpxtpx:hr>
      </gpxtpx:TrackPointExtension>
     </extensions>
   </trkpt>
   <trkpt lat="-2.5944440" lon="-43.0686780">
    <ele>16.0</ele>
    <time>2026-06-17T10:32:03Z</time>
     <extensions>
      <gpxtpx:TrackPointExtension>
       <gpxtpx:hr>114</gpxtpx:hr>
      </gpxtpx:TrackPointExtension>
     </extensions>
   </trkpt>
   <trkpt lat="-2.5944460" lon="-43.0687310">
    <ele>16.0</ele>
    <time>2026-06-17T10:32:08Z</time>
     <extensions>
      <gpxtpx:TrackPointExtension>
       <gpxtpx:hr>116</gpxtpx:hr>
      </gpxtpx:TrackPointExtension>
     </extensions>
   </trkpt>
   <trkpt lat="-2.5944510" lon="-43.0687850">
    <ele>16.0</ele>
    <time>2026-06-17T10:32:13Z</time>
     <extensions>
      <gpxtpx:TrackPointExtension>
       <gpxtpx:hr>116</gpxtpx:hr>
      </gpxtpx:TrackPointExtension>
     </extensions>
   </trkpt>
   <trkpt lat="-2.5944530" lon="-43.0688340">
    <ele>15.8</ele>
    <time>2026-06-17T10:32:18Z</time>
     <extensions>
      <gpxtpx:TrackPointExtension>
       <gpxtpx:hr>116</gpxtpx:hr>
      </gpxtpx:TrackPointExtension>
     </extensions>
   </trkpt>
   <trkpt lat="-2.5944560" lon="-43.0688850">
    <ele>15.8</ele>
    <time>2026-06-17T10:32:23Z</time>
     <extensions>
      <gpxtpx:TrackPointExtension>
       <gpxtpx:hr>116</gpxtpx:hr>
      </gpxtpx:TrackPointExtension>
     </extensions>
   </trkpt>
   <trkpt lat="-2.5944630" lon="-43.0689370">
    <ele>15.6</ele>
    <time>2026-06-17T10:32:28Z</time>
     <extensions>
      <gpxtpx:TrackPointExtension>
       <gpxtpx:hr>120</gpxtpx:hr>
      </gpxtpx:TrackPointExtension>
     </extensions>
   </trkpt>
   <trkpt lat="-2.5944670" lon="-43.0689900">
    <ele>15.6</ele>
    <time>2026-06-17T10:32:33Z</time>
     <extensions>
      <gpxtpx:TrackPointExtension>
       <gpxtpx:hr>120</gpxtpx:hr>
      </gpxtpx:TrackPointExtension>
     </extensions>
   </trkpt>
   <trkpt lat="-2.5944830" lon="-43.0690470">
    <ele>15.6</ele>
    <time>2026-06-17T10:32:38Z</time>
     <extensions>
      <gpxtpx:TrackPointExtension>
       <gpxtpx:hr>116</gpxtpx:hr>
      </gpxtpx:TrackPointExtension>
     </extensions>
   </trkpt>
   <trkpt lat="-2.5945020" lon="-43.0691060">
    <ele>15.4</ele>
    <time>2026-06-17T10:32:43Z</time>
     <extensions>
      <gpxtpx:TrackPointExtension>
       <gpxtpx:hr>116</gpxtpx:hr>
      </gpxtpx:TrackPointExtension>
     </extensions>
   </trkpt>
   <trkpt lat="-2.5945220" lon="-43.0691540">
    <ele>15.4</ele>
    <time>2026-06-17T10:32:48Z</time>
     <extensions>
      <gpxtpx:TrackPointExtension>
       <gpxtpx:hr>115</gpxtpx:hr>
      </gpxtpx:TrackPointExtension>
     </extensions>
   </trkpt>
   <trkpt lat="-2.5945260" lon="-43.0692040">
    <ele>15.4</ele>
    <time>2026-06-17T10:32:53Z</time>
     <extensions>
      <gpxtpx:TrackPointExtension>
       <gpxtpx:hr>108</gpxtpx:hr>
      </gpxtpx:TrackPointExtension>
     </extensions>
   </trkpt>
   <trkpt lat="-2.5945170" lon="-43.0692380">
    <ele>15.4</ele>
    <time>2026-06-17T10:32:58Z</time>
     <extensions>
      <gpxtpx:TrackPointExtension>
       <gpxtpx:hr>108</gpxtpx:hr>
      </gpxtpx:TrackPointExtension>
     </extensions>
   </trkpt>
   <trkpt lat="-2.5945130" lon="-43.0692360">
    <ele>15.6</ele>
    <time>2026-06-17T10:33:03Z</time>
     <extensions>
      <gpxtpx:TrackPointExtension>
       <gpxtpx:hr>113</gpxtpx:hr>
      </gpxtpx:TrackPointExtension>
     </extensions>
   </trkpt>
   <trkpt lat="-2.5945120" lon="-43.0692360">
    <ele>15.6</ele>
    <time>2026-06-17T10:33:08Z</time>
     <extensions>
      <gpxtpx:TrackPointExtension>
       <gpxtpx:hr>113</gpxtpx:hr>
      </gpxtpx:TrackPointExtension>
     </extensions>
   </trkpt>
   <trkpt lat="-2.5945150" lon="-43.0692340">
    <ele>15.6</ele>
    <time>2026-06-17T10:33:13Z</time>
     <extensions>
      <gpxtpx:TrackPointExtension>
       <gpxtpx:hr>113</gpxtpx:hr>
      </gpxtpx:TrackPointExtension>
     </extensions>
   </trkpt>
   <trkpt lat="-2.5945170" lon="-43.0692320">
    <ele>15.6</ele>
    <time>2026-06-17T10:33:18Z</time>
     <extensions>
      <gpxtpx:TrackPointExtension>
       <gpxtpx:hr>112</gpxtpx:hr>
      </gpxtpx:TrackPointExtension>
     </extensions>
   </trkpt>
   <trkpt lat="-2.5945150" lon="-43.0692370">
    <ele>15.6</ele>
    <time>2026-06-17T10:33:23Z</time>
     <extensions>
      <gpxtpx:TrackPointExtension>
       <gpxtpx:hr>111</gpxtpx:hr>
      </gpxtpx:TrackPointExtension>
     </extensions>
   </trkpt>
   <trkpt lat="-2.5945160" lon="-43.0692340">
    <ele>15.6</ele>
    <time>2026-06-17T10:33:28Z</time>
     <extensions>
      <gpxtpx:TrackPointExtension>
       <gpxtpx:hr>116</gpxtpx:hr>
      </gpxtpx:TrackPointExtension>
     </extensions>
   </trkpt>
   <trkpt lat="-2.5945150" lon="-43.0692310">
    <ele>15.4</ele>
    <time>2026-06-17T10:33:33Z</time>
     <extensions>
      <gpxtpx:TrackPointExtension>
       <gpxtpx:hr>111</gpxtpx:hr>
      </gpxtpx:TrackPointExtension>
     </extensions>
   </trkpt>
   <trkpt lat="-2.5945150" lon="-43.0692310">
    <ele>15.4</ele>
    <time>2026-06-17T10:33:38Z</time>
     <extensions>
      <gpxtpx:TrackPointExtension>
       <gpxtpx:hr>111</gpxtpx:hr>
      </gpxtpx:TrackPointExtension>
     </extensions>
   </trkpt>
   <trkpt lat="-2.5945130" lon="-43.0692300">
    <ele>15.4</ele>
    <time>2026-06-17T10:33:43Z</time>
     <extensions>
      <gpxtpx:TrackPointExtension>
       <gpxtpx:hr>98</gpxtpx:hr>
      </gpxtpx:TrackPointExtension>
     </extensions>
   </trkpt>
   <trkpt lat="-2.5945140" lon="-43.0692310">
    <ele>15.6</ele>
    <time>2026-06-17T10:33:48Z</time>
     <extensions>
      <gpxtpx:TrackPointExtension>
       <gpxtpx:hr>98</gpxtpx:hr>
      </gpxtpx:TrackPointExtension>
     </extensions>
   </trkpt>
   <trkpt lat="-2.5945210" lon="-43.0692430">
    <ele>15.6</ele>
    <time>2026-06-17T10:33:53Z</time>
     <extensions>
      <gpxtpx:TrackPointExtension>
       <gpxtpx:hr>101</gpxtpx:hr>
      </gpxtpx:TrackPointExtension>
     </extensions>
   </trkpt>
   <trkpt lat="-2.5945310" lon="-43.0692930">
    <ele>15.4</ele>
    <time>2026-06-17T10:33:58Z</time>
     <extensions>
      <gpxtpx:TrackPointExtension>
       <gpxtpx:hr>97</gpxtpx:hr>
      </gpxtpx:TrackPointExtension>
     </extensions>
   </trkpt>
   <trkpt lat="-2.5945290" lon="-43.0693300">
    <ele>15.4</ele>
    <time>2026-06-17T10:34:03Z</time>
     <extensions>
      <gpxtpx:TrackPointExtension>
       <gpxtpx:hr>97</gpxtpx:hr>
      </gpxtpx:TrackPointExtension>
     </extensions>
   </trkpt>
   <trkpt lat="-2.5945120" lon="-43.0693650">
    <ele>15.4</ele>
    <time>2026-06-17T10:34:08Z</time>
     <extensions>
      <gpxtpx:TrackPointExtension>
       <gpxtpx:hr>101</gpxtpx:hr>
      </gpxtpx:TrackPointExtension>
     </extensions>
   </trkpt>
   <trkpt lat="-2.5944950" lon="-43.0694090">
    <ele>15.4</ele>
    <time>2026-06-17T10:34:13Z</time>
     <extensions>
      <gpxtpx:TrackPointExtension>
       <gpxtpx:hr>102</gpxtpx:hr>
      </gpxtpx:TrackPointExtension>
     </extensions>
   </trkpt>
   <trkpt lat="-2.5944650" lon="-43.0694430">
    <ele>15.4</ele>
    <time>2026-06-17T10:34:18Z</time>
     <extensions>
      <gpxtpx:TrackPointExtension>
       <gpxtpx:hr>102</gpxtpx:hr>
      </gpxtpx:TrackPointExtension>
     </extensions>
   </trkpt>
   <trkpt lat="-2.5944360" lon="-43.0694760">
    <ele>15.4</ele>
    <time>2026-06-17T10:34:23Z</time>
     <extensions>
      <gpxtpx:TrackPointExtension>
       <gpxtpx:hr>105</gpxtpx:hr>
      </gpxtpx:TrackPointExtension>
     </extensions>
   </trkpt>
   <trkpt lat="-2.5944040" lon="-43.0695130">
    <ele>15.4</ele>
    <time>2026-06-17T10:34:28Z</time>
     <extensions>
      <gpxtpx:TrackPointExtension>
       <gpxtpx:hr>105</gpxtpx:hr>
      </gpxtpx:TrackPointExtension>
     </extensions>
   </trkpt>
   <trkpt lat="-2.5943720" lon="-43.0695500">
    <ele>15.4</ele>
    <time>2026-06-17T10:34:33Z</time>
     <extensions>
      <gpxtpx:TrackPointExtension>
       <gpxtpx:hr>105</gpxtpx:hr>
      </gpxtpx:TrackPointExtension>
     </extensions>
   </trkpt>
   <trkpt lat="-2.5943290" lon="-43.0695830">
    <ele>15.2</ele>
    <time>2026-06-17T10:34:38Z</time>
     <extensions>
      <gpxtpx:TrackPointExtension>
       <gpxtpx:hr>107</gpxtpx:hr>
      </gpxtpx:TrackPointExtension>
     </extensions>
   </trkpt>
   <trkpt lat="-2.5942850" lon="-43.0696090">
    <ele>15.4</ele>
    <time>2026-06-17T10:34:43Z</time>
     <extensions>
      <gpxtpx:TrackPointExtension>
       <gpxtpx:hr>109</gpxtpx:hr>
      </gpxtpx:TrackPointExtension>
     </extensions>
   </trkpt>
   <trkpt lat="-2.5942440" lon="-43.0696370">
    <ele>15.4</ele>
    <time>2026-06-17T10:34:48Z</time>
     <extensions>
      <gpxtpx:TrackPointExtension>
       <gpxtpx:hr>109</gpxtpx:hr>
      </gpxtpx:TrackPointExtension>
     </extensions>
   </trkpt>
   <trkpt lat="-2.5942020" lon="-43.0696620">
    <ele>15.4</ele>
    <time>2026-06-17T10:34:53Z</time>
     <extensions>
      <gpxtpx:TrackPointExtension>
       <gpxtpx:hr>109</gpxtpx:hr>
      </gpxtpx:TrackPointExtension>
     </extensions>
   </trkpt>
   <trkpt lat="-2.5941620" lon="-43.0696930">
    <ele>15.4</ele>
    <time>2026-06-17T10:34:58Z</time>
     <extensions>
      <gpxtpx:TrackPointExtension>
       <gpxtpx:hr>111</gpxtpx:hr>
      </gpxtpx:TrackPointExtension>
     </extensions>
   </trkpt>
   <trkpt lat="-2.5941300" lon="-43.0697220">
    <ele>15.6</ele>
    <time>2026-06-17T10:35:03Z</time>
     <extensions>
      <gpxtpx:TrackPointExtension>
       <gpxtpx:hr>109</gpxtpx:hr>
      </gpxtpx:TrackPointExtension>
     </extensions>
   </trkpt>
   <trkpt lat="-2.5940960" lon="-43.0697550">
    <ele>15.6</ele>
    <time>2026-06-17T10:35:08Z</time>
     <extensions>
      <gpxtpx:TrackPointExtension>
       <gpxtpx:hr>110</gpxtpx:hr>
      </gpxtpx:TrackPointExtension>
     </extensions>
   </trkpt>
   <trkpt lat="-2.5940700" lon="-43.0697910">
    <ele>15.8</ele>
    <time>2026-06-17T10:35:13Z</time>
     <extensions>
      <gpxtpx:TrackPointExtension>
       <gpxtpx:hr>110</gpxtpx:hr>
      </gpxtpx:TrackPointExtension>
     </extensions>
   </trkpt>
   <trkpt lat="-2.5940440" lon="-43.0698250">
    <ele>15.8</ele>
    <time>2026-06-17T10:35:18Z</time>
     <extensions>
      <gpxtpx:TrackPointExtension>
       <gpxtpx:hr>110</gpxtpx:hr>
      </gpxtpx:TrackPointExtension>
     </extensions>
   </trkpt>
   <trkpt lat="-2.5940180" lon="-43.0698650">
    <ele>15.8</ele>
    <time>2026-06-17T10:35:23Z</time>
     <extensions>
      <gpxtpx:TrackPointExtension>
       <gpxtpx:hr>111</gpxtpx:hr>
      </gpxtpx:TrackPointExtension>
     </extensions>
   </trkpt>
   <trkpt lat="-2.5939900" lon="-43.0699020">
    <ele>15.8</ele>
    <time>2026-06-17T10:35:28Z</time>
     <extensions>
      <gpxtpx:TrackPointExtension>
       <gpxtpx:hr>115</gpxtpx:hr>
      </gpxtpx:TrackPointExtension>
     </extensions>
   </trkpt>
   <trkpt lat="-2.5939670" lon="-43.0699440">
    <ele>15.6</ele>
    <time>2026-06-17T10:35:33Z</time>
     <extensions>
      <gpxtpx:TrackPointExtension>
       <gpxtpx:hr>115</gpxtpx:hr>
      </gpxtpx:TrackPointExtension>
     </extensions>
   </trkpt>
   <trkpt lat="-2.5939500" lon="-43.0699920">
    <ele>15.6</ele>
    <time>2026-06-17T10:35:38Z</time>
     <extensions>
      <gpxtpx:TrackPointExtension>
       <gpxtpx:hr>117</gpxtpx:hr>
      </gpxtpx:TrackPointExtension>
     </extensions>
   </trkpt>
   <trkpt lat="-2.5939440" lon="-43.0700380">
    <ele>15.6</ele>
    <time>2026-06-17T10:35:43Z</time>
     <extensions>
      <gpxtpx:TrackPointExtension>
       <gpxtpx:hr>117</gpxtpx:hr>
      </gpxtpx:TrackPointExtension>
     </extensions>
   </trkpt>
   <trkpt lat="-2.5939380" lon="-43.0700820">
    <ele>15.6</ele>
    <time>2026-06-17T10:35:48Z</time>
     <extensions>
      <gpxtpx:TrackPointExtension>
       <gpxtpx:hr>114</gpxtpx:hr>
      </gpxtpx:TrackPointExtension>
     </extensions>
   </trkpt>
   <trkpt lat="-2.5939250" lon="-43.0701290">
    <ele>15.8</ele>
    <time>2026-06-17T10:35:53Z</time>
     <extensions>
      <gpxtpx:TrackPointExtension>
       <gpxtpx:hr>116</gpxtpx:hr>
      </gpxtpx:TrackPointExtension>
     </extensions>
   </trkpt>
   <trkpt lat="-2.5939030" lon="-43.0701710">
    <ele>15.6</ele>
    <time>2026-06-17T10:35:58Z</time>
     <extensions>
      <gpxtpx:TrackPointExtension>
       <gpxtpx:hr>116</gpxtpx:hr>
      </gpxtpx:TrackPointExtension>
     </extensions>
   </trkpt>
   <trkpt lat="-2.5938800" lon="-43.0702050">
    <ele>15.6</ele>
    <time>2026-06-17T10:36:03Z</time>
     <extensions>
      <gpxtpx:TrackPointExtension>
       <gpxtpx:hr>116</gpxtpx:hr>
      </gpxtpx:TrackPointExtension>
     </extensions>
   </trkpt>
   <trkpt lat="-2.5938500" lon="-43.0702390">
    <ele>15.6</ele>
    <time>2026-06-17T10:36:08Z</time>
     <extensions>
      <gpxtpx:TrackPointExtension>
       <gpxtpx:hr>117</gpxtpx:hr>
      </gpxtpx:TrackPointExtension>
     </extensions>
   </trkpt>
   <trkpt lat="-2.5938240" lon="-43.0702720">
    <ele>15.6</ele>
    <time>2026-06-17T10:36:13Z</time>
     <extensions>
      <gpxtpx:TrackPointExtension>
       <gpxtpx:hr>117</gpxtpx:hr>
      </gpxtpx:TrackPointExtension>
     </extensions>
   </trkpt>
   <trkpt lat="-2.5937940" lon="-43.0703020">
    <ele>15.6</ele>
    <time>2026-06-17T10:36:18Z</time>
     <extensions>
      <gpxtpx:TrackPointExtension>
       <gpxtpx:hr>122</gpxtpx:hr>
      </gpxtpx:TrackPointExtension>
     </extensions>
   </trkpt>
   <trkpt lat="-2.5937630" lon="-43.0703350">
    <ele>15.6</ele>
    <time>2026-06-17T10:36:23Z</time>
     <extensions>
      <gpxtpx:TrackPointExtension>
       <gpxtpx:hr>122</gpxtpx:hr>
      </gpxtpx:TrackPointExtension>
     </extensions>
   </trkpt>
   <trkpt lat="-2.5937380" lon="-43.0703670">
    <ele>15.4</ele>
    <time>2026-06-17T10:36:28Z</time>
     <extensions>
      <gpxtpx:TrackPointExtension>
       <gpxtpx:hr>115</gpxtpx:hr>
      </gpxtpx:TrackPointExtension>
     </extensions>
   </trkpt>
   <trkpt lat="-2.5937050" lon="-43.0704020">
    <ele>15.4</ele>
    <time>2026-06-17T10:36:33Z</time>
     <extensions>
      <gpxtpx:TrackPointExtension>
       <gpxtpx:hr>116</gpxtpx:hr>
      </gpxtpx:TrackPointExtension>
     </extensions>
   </trkpt>
   <trkpt lat="-2.5936800" lon="-43.0704420">
    <ele>15.4</ele>
    <time>2026-06-17T10:36:38Z</time>
     <extensions>
      <gpxtpx:TrackPointExtension>
       <gpxtpx:hr>116</gpxtpx:hr>
      </gpxtpx:TrackPointExtension>
     </extensions>
   </trkpt>
   <trkpt lat="-2.5936560" lon="-43.0704750">
    <ele>15.6</ele>
    <time>2026-06-17T10:36:43Z</time>
     <extensions>
      <gpxtpx:TrackPointExtension>
       <gpxtpx:hr>115</gpxtpx:hr>
      </gpxtpx:TrackPointExtension>
     </extensions>
   </trkpt>
   <trkpt lat="-2.5936360" lon="-43.0705230">
    <ele>15.6</ele>
    <time>2026-06-17T10:36:48Z</time>
     <extensions>
      <gpxtpx:TrackPointExtension>
       <gpxtpx:hr>120</gpxtpx:hr>
      </gpxtpx:TrackPointExtension>
     </extensions>
   </trkpt>
   <trkpt lat="-2.5936150" lon="-43.0705630">
    <ele>15.6</ele>
    <time>2026-06-17T10:36:53Z</time>
     <extensions>
      <gpxtpx:TrackPointExtension>
       <gpxtpx:hr>120</gpxtpx:hr>
      </gpxtpx:TrackPointExtension>
     </extensions>
   </trkpt>
   <trkpt lat="-2.5935920" lon="-43.0705950">
    <ele>15.6</ele>
    <time>2026-06-17T10:36:58Z</time>
     <extensions>
      <gpxtpx:TrackPointExtension>
       <gpxtpx:hr>118</gpxtpx:hr>
      </gpxtpx:TrackPointExtension>
     </extensions>
   </trkpt>
   <trkpt lat="-2.5935660" lon="-43.0706300">
    <ele>15.6</ele>
    <time>2026-06-17T10:37:03Z</time>
     <extensions>
      <gpxtpx:TrackPointExtension>
       <gpxtpx:hr>118</gpxtpx:hr>
      </gpxtpx:TrackPointExtension>
     </extensions>
   </trkpt>
   <trkpt lat="-2.5935390" lon="-43.0706650">
    <ele>15.6</ele>
    <time>2026-06-17T10:37:08Z</time>
     <extensions>
      <gpxtpx:TrackPointExtension>
       <gpxtpx:hr>118</gpxtpx:hr>
      </gpxtpx:TrackPointExtension>
     </extensions>
   </trkpt>
   <trkpt lat="-2.5935150" lon="-43.0707020">
    <ele>15.4</ele>
    <time>2026-06-17T10:37:13Z</time>
     <extensions>
      <gpxtpx:TrackPointExtension>
       <gpxtpx:hr>116</gpxtpx:hr>
      </gpxtpx:TrackPointExtension>
     </extensions>
   </trkpt>
   <trkpt lat="-2.5935000" lon="-43.0707300">
    <ele>15.4</ele>
    <time>2026-06-17T10:37:18Z</time>
     <extensions>
      <gpxtpx:TrackPointExtension>
       <gpxtpx:hr>115</gpxtpx:hr>
      </gpxtpx:TrackPointExtension>
     </extensions>
   </trkpt>
   <trkpt lat="-2.5934920" lon="-43.0707430">
    <ele>15.4</ele>
    <time>2026-06-17T10:37:23Z</time>
     <extensions>
      <gpxtpx:TrackPointExtension>
       <gpxtpx:hr>113</gpxtpx:hr>
      </gpxtpx:TrackPointExtension>
     </extensions>
   </trkpt>
   <trkpt lat="-2.5934760" lon="-43.0707830">
    <ele>15.4</ele>
    <time>2026-06-17T10:37:28Z</time>
     <extensions>
      <gpxtpx:TrackPointExtension>
       <gpxtpx:hr>112</gpxtpx:hr>
      </gpxtpx:TrackPointExtension>
     </extensions>
   </trkpt>
   <trkpt lat="-2.5934690" lon="-43.0708010">
    <ele>15.4</ele>
    <time>2026-06-17T10:37:33Z</time>
     <extensions>
      <gpxtpx:TrackPointExtension>
       <gpxtpx:hr>112</gpxtpx:hr>
      </gpxtpx:TrackPointExtension>
     </extensions>
   </trkpt>
   <trkpt lat="-2.5934750" lon="-43.0707930">
    <ele>15.4</ele>
    <time>2026-06-17T10:37:38Z</time>
     <extensions>
      <gpxtpx:TrackPointExtension>
       <gpxtpx:hr>116</gpxtpx:hr>
      </gpxtpx:TrackPointExtension>
     </extensions>
   </trkpt>
   <trkpt lat="-2.5934730" lon="-43.0708140">
    <ele>15.4</ele>
    <time>2026-06-17T10:37:43Z</time>
     <extensions>
      <gpxtpx:TrackPointExtension>
       <gpxtpx:hr>121</gpxtpx:hr>
      </gpxtpx:TrackPointExtension>
     </extensions>
   </trkpt>
   <trkpt lat="-2.5934560" lon="-43.0708570">
    <ele>15.4</ele>
    <time>2026-06-17T10:37:48Z</time>
     <extensions>
      <gpxtpx:TrackPointExtension>
       <gpxtpx:hr>122</gpxtpx:hr>
      </gpxtpx:TrackPointExtension>
     </extensions>
   </trkpt>
   <trkpt lat="-2.5934360" lon="-43.0709060">
    <ele>15.2</ele>
    <time>2026-06-17T10:37:53Z</time>
     <extensions>
      <gpxtpx:TrackPointExtension>
       <gpxtpx:hr>122</gpxtpx:hr>
      </gpxtpx:TrackPointExtension>
     </extensions>
   </trkpt>
   <trkpt lat="-2.5934170" lon="-43.0709620">
    <ele>15.2</ele>
    <time>2026-06-17T10:37:58Z</time>
     <extensions>
      <gpxtpx:TrackPointExtension>
       <gpxtpx:hr>119</gpxtpx:hr>
      </gpxtpx:TrackPointExtension>
     </extensions>
   </trkpt>
   <trkpt lat="-2.5934050" lon="-43.0710130">
    <ele>15.2</ele>
    <time>2026-06-17T10:38:03Z</time>
     <extensions>
      <gpxtpx:TrackPointExtension>
       <gpxtpx:hr>118</gpxtpx:hr>
      </gpxtpx:TrackPointExtension>
     </extensions>
   </trkpt>
   <trkpt lat="-2.5933890" lon="-43.0710650">
    <ele>15.2</ele>
    <time>2026-06-17T10:38:08Z</time>
     <extensions>
      <gpxtpx:TrackPointExtension>
       <gpxtpx:hr>118</gpxtpx:hr>
      </gpxtpx:TrackPointExtension>
     </extensions>
   </trkpt>
   <trkpt lat="-2.5933790" lon="-43.0711180">
    <ele>15.0</ele>
    <time>2026-06-17T10:38:13Z</time>
     <extensions>
      <gpxtpx:TrackPointExtension>
       <gpxtpx:hr>118</gpxtpx:hr>
      </gpxtpx:TrackPointExtension>
     </extensions>
   </trkpt>
   <trkpt lat="-2.5933690" lon="-43.0711680">
    <ele>15.0</ele>
    <time>2026-06-17T10:38:18Z</time>
     <extensions>
      <gpxtpx:TrackPointExtension>
       <gpxtpx:hr>118</gpxtpx:hr>
      </gpxtpx:TrackPointExtension>
     </extensions>
   </trkpt>
   <trkpt lat="-2.5933700" lon="-43.0712200">
    <ele>14.8</ele>
    <time>2026-06-17T10:38:23Z</time>
     <extensions>
      <gpxtpx:TrackPointExtension>
       <gpxtpx:hr>118</gpxtpx:hr>
      </gpxtpx:TrackPointExtension>
     </extensions>
   </trkpt>
   <trkpt lat="-2.5933730" lon="-43.0712780">
    <ele>14.8</ele>
    <time>2026-06-17T10:38:28Z</time>
     <extensions>
      <gpxtpx:TrackPointExtension>
       <gpxtpx:hr>115</gpxtpx:hr>
      </gpxtpx:TrackPointExtension>
     </extensions>
   </trkpt>
   <trkpt lat="-2.5933880" lon="-43.0713370">
    <ele>14.8</ele>
    <time>2026-06-17T10:38:33Z</time>
     <extensions>
      <gpxtpx:TrackPointExtension>
       <gpxtpx:hr>116</gpxtpx:hr>
      </gpxtpx:TrackPointExtension>
     </extensions>
   </trkpt>
   <trkpt lat="-2.5934060" lon="-43.0713850">
    <ele>15.0</ele>
    <time>2026-06-17T10:38:38Z</time>
     <extensions>
      <gpxtpx:TrackPointExtension>
       <gpxtpx:hr>115</gpxtpx:hr>
      </gpxtpx:TrackPointExtension>
     </extensions>
   </trkpt>
   <trkpt lat="-2.5934220" lon="-43.0714350">
    <ele>14.8</ele>
    <time>2026-06-17T10:38:43Z</time>
     <extensions>
      <gpxtpx:TrackPointExtension>
       <gpxtpx:hr>116</gpxtpx:hr>
      </gpxtpx:TrackPointExtension>
     </extensions>
   </trkpt>
   <trkpt lat="-2.5934420" lon="-43.0714840">
    <ele>14.8</ele>
    <time>2026-06-17T10:38:48Z</time>
     <extensions>
      <gpxtpx:TrackPointExtension>
       <gpxtpx:hr>116</gpxtpx:hr>
      </gpxtpx:TrackPointExtension>
     </extensions>
   </trkpt>
   <trkpt lat="-2.5934650" lon="-43.0715330">
    <ele>14.6</ele>
    <time>2026-06-17T10:38:53Z</time>
     <extensions>
      <gpxtpx:TrackPointExtension>
       <gpxtpx:hr>117</gpxtpx:hr>
      </gpxtpx:TrackPointExtension>
     </extensions>
   </trkpt>
   <trkpt lat="-2.5934730" lon="-43.0715810">
    <ele>14.6</ele>
    <time>2026-06-17T10:38:58Z</time>
     <extensions>
      <gpxtpx:TrackPointExtension>
       <gpxtpx:hr>117</gpxtpx:hr>
      </gpxtpx:TrackPointExtension>
     </extensions>
   </trkpt>
   <trkpt lat="-2.5934610" lon="-43.0716330">
    <ele>14.4</ele>
    <time>2026-06-17T10:39:03Z</time>
     <extensions>
      <gpxtpx:TrackPointExtension>
       <gpxtpx:hr>117</gpxtpx:hr>
      </gpxtpx:TrackPointExtension>
     </extensions>
   </trkpt>
   <trkpt lat="-2.5934300" lon="-43.0716710">
    <ele>14.4</ele>
    <time>2026-06-17T10:39:08Z</time>
     <extensions>
      <gpxtpx:TrackPointExtension>
       <gpxtpx:hr>117</gpxtpx:hr>
      </gpxtpx:TrackPointExtension>
     </extensions>
   </trkpt>
   <trkpt lat="-2.5934030" lon="-43.0716900">
    <ele>14.6</ele>
    <time>2026-06-17T10:39:13Z</time>
     <extensions>
      <gpxtpx:TrackPointExtension>
       <gpxtpx:hr>116</gpxtpx:hr>
      </gpxtpx:TrackPointExtension>
     </extensions>
   </trkpt>
   <trkpt lat="-2.5933860" lon="-43.0717040">
    <ele>15.0</ele>
    <time>2026-06-17T10:39:18Z</time>
     <extensions>
      <gpxtpx:TrackPointExtension>
       <gpxtpx:hr>121</gpxtpx:hr>
      </gpxtpx:TrackPointExtension>
     </extensions>
   </trkpt>
   <trkpt lat="-2.5933710" lon="-43.0717150">
    <ele>15.4</ele>
    <time>2026-06-17T10:39:23Z</time>
     <extensions>
      <gpxtpx:TrackPointExtension>
       <gpxtpx:hr>126</gpxtpx:hr>
      </gpxtpx:TrackPointExtension>
     </extensions>
   </trkpt>
   <trkpt lat="-2.5933570" lon="-43.0717350">
    <ele>15.8</ele>
    <time>2026-06-17T10:39:28Z</time>
     <extensions>
      <gpxtpx:TrackPointExtension>
       <gpxtpx:hr>130</gpxtpx:hr>
      </gpxtpx:TrackPointExtension>
     </extensions>
   </trkpt>
   <trkpt lat="-2.5933430" lon="-43.0717450">
    <ele>16.2</ele>
    <time>2026-06-17T10:39:33Z</time>
     <extensions>
      <gpxtpx:TrackPointExtension>
       <gpxtpx:hr>130</gpxtpx:hr>
      </gpxtpx:TrackPointExtension>
     </extensions>
   </trkpt>
   <trkpt lat="-2.5933350" lon="-43.0717570">
    <ele>16.6</ele>
    <time>2026-06-17T10:39:38Z</time>
     <extensions>
      <gpxtpx:TrackPointExtension>
       <gpxtpx:hr>135</gpxtpx:hr>
      </gpxtpx:TrackPointExtension>
     </extensions>
   </trkpt>
   <trkpt lat="-2.5933210" lon="-43.0717750">
    <ele>17.0</ele>
    <time>2026-06-17T10:39:43Z</time>
     <extensions>
      <gpxtpx:TrackPointExtension>
       <gpxtpx:hr>134</gpxtpx:hr>
      </gpxtpx:TrackPointExtension>
     </extensions>
   </trkpt>
   <trkpt lat="-2.5933040" lon="-43.0717900">
    <ele>17.6</ele>
    <time>2026-06-17T10:39:48Z</time>
     <extensions>
      <gpxtpx:TrackPointExtension>
       <gpxtpx:hr>134</gpxtpx:hr>
      </gpxtpx:TrackPointExtension>
     </extensions>
   </trkpt>
   <trkpt lat="-2.5932880" lon="-43.0718110">
    <ele>18.0</ele>
    <time>2026-06-17T10:39:53Z</time>
     <extensions>
      <gpxtpx:TrackPointExtension>
       <gpxtpx:hr>134</gpxtpx:hr>
      </gpxtpx:TrackPointExtension>
     </extensions>
   </trkpt>
   <trkpt lat="-2.5932780" lon="-43.0718300">
    <ele>18.6</ele>
    <time>2026-06-17T10:39:58Z</time>
     <extensions>
      <gpxtpx:TrackPointExtension>
       <gpxtpx:hr>135</gpxtpx:hr>
      </gpxtpx:TrackPointExtension>
     </extensions>
   </trkpt>
   <trkpt lat="-2.5932640" lon="-43.0718470">
    <ele>19.0</ele>
    <time>2026-06-17T10:40:03Z</time>
     <extensions>
      <gpxtpx:TrackPointExtension>
       <gpxtpx:hr>135</gpxtpx:hr>
      </gpxtpx:TrackPointExtension>
     </extensions>
   </trkpt>
   <trkpt lat="-2.5932510" lon="-43.0718670">
    <ele>19.6</ele>
    <time>2026-06-17T10:40:08Z</time>
     <extensions>
      <gpxtpx:TrackPointExtension>
       <gpxtpx:hr>138</gpxtpx:hr>
      </gpxtpx:TrackPointExtension>
     </extensions>
   </trkpt>
   <trkpt lat="-2.5932390" lon="-43.0718800">
    <ele>20.0</ele>
    <time>2026-06-17T10:40:13Z</time>
     <extensions>
      <gpxtpx:TrackPointExtension>
       <gpxtpx:hr>140</gpxtpx:hr>
      </gpxtpx:TrackPointExtension>
     </extensions>
   </trkpt>
   <trkpt lat="-2.5932260" lon="-43.0719000">
    <ele>20.4</ele>
    <time>2026-06-17T10:40:18Z</time>
     <extensions>
      <gpxtpx:TrackPointExtension>
       <gpxtpx:hr>143</gpxtpx:hr>
      </gpxtpx:TrackPointExtension>
     </extensions>
   </trkpt>
   <trkpt lat="-2.5932350" lon="-43.0719510">
    <ele>20.8</ele>
    <time>2026-06-17T10:40:23Z</time>
     <extensions>
      <gpxtpx:TrackPointExtension>
       <gpxtpx:hr>141</gpxtpx:hr>
      </gpxtpx:TrackPointExtension>
     </extensions>
   </trkpt>
   <trkpt lat="-2.5932150" lon="-43.0719760">
    <ele>21.4</ele>
    <time>2026-06-17T10:40:28Z</time>
     <extensions>
      <gpxtpx:TrackPointExtension>
       <gpxtpx:hr>138</gpxtpx:hr>
      </gpxtpx:TrackPointExtension>
     </extensions>
   </trkpt>
   <trkpt lat="-2.5932000" lon="-43.0719910">
    <ele>22.2</ele>
    <time>2026-06-17T10:40:33Z</time>
     <extensions>
      <gpxtpx:TrackPointExtension>
       <gpxtpx:hr>138</gpxtpx:hr>
      </gpxtpx:TrackPointExtension>
     </extensions>
   </trkpt>
   <trkpt lat="-2.5931950" lon="-43.0720080">
    <ele>22.8</ele>
    <time>2026-06-17T10:40:38Z</time>
     <extensions>
      <gpxtpx:TrackPointExtension>
       <gpxtpx:hr>147</gpxtpx:hr>
      </gpxtpx:TrackPointExtension>
     </extensions>
   </trkpt>
   <trkpt lat="-2.5931840" lon="-43.0720310">
    <ele>23.2</ele>
    <time>2026-06-17T10:40:43Z</time>
     <extensions>
      <gpxtpx:TrackPointExtension>
       <gpxtpx:hr>149</gpxtpx:hr>
      </gpxtpx:TrackPointExtension>
     </extensions>
   </trkpt>
   <trkpt lat="-2.5931690" lon="-43.0720530">
    <ele>23.6</ele>
    <time>2026-06-17T10:40:48Z</time>
     <extensions>
      <gpxtpx:TrackPointExtension>
       <gpxtpx:hr>148</gpxtpx:hr>
      </gpxtpx:TrackPointExtension>
     </extensions>
   </trkpt>
   <trkpt lat="-2.5931590" lon="-43.0720760">
    <ele>23.8</ele>
    <time>2026-06-17T10:40:53Z</time>
     <extensions>
      <gpxtpx:TrackPointExtension>
       <gpxtpx:hr>148</gpxtpx:hr>
      </gpxtpx:TrackPointExtension>
     </extensions>
   </trkpt>
   <trkpt lat="-2.5931460" lon="-43.0721200">
    <ele>24.2</ele>
    <time>2026-06-17T10:40:58Z</time>
     <extensions>
      <gpxtpx:TrackPointExtension>
       <gpxtpx:hr>148</gpxtpx:hr>
      </gpxtpx:TrackPointExtension>
     </extensions>
   </trkpt>
   <trkpt lat="-2.5931210" lon="-43.0721720">
    <ele>24.4</ele>
    <time>2026-06-17T10:41:03Z</time>
     <extensions>
      <gpxtpx:TrackPointExtension>
       <gpxtpx:hr>148</gpxtpx:hr>
      </gpxtpx:TrackPointExtension>
     </extensions>
   </trkpt>
   <trkpt lat="-2.5931120" lon="-43.0722230">
    <ele>24.8</ele>
    <time>2026-06-17T10:41:08Z</time>
     <extensions>
      <gpxtpx:TrackPointExtension>
       <gpxtpx:hr>147</gpxtpx:hr>
      </gpxtpx:TrackPointExtension>
     </extensions>
   </trkpt>
   <trkpt lat="-2.5931110" lon="-43.0722820">
    <ele>24.8</ele>
    <time>2026-06-17T10:41:13Z</time>
     <extensions>
      <gpxtpx:TrackPointExtension>
       <gpxtpx:hr>146</gpxtpx:hr>
      </gpxtpx:TrackPointExtension>
     </extensions>
   </trkpt>
   <trkpt lat="-2.5931040" lon="-43.0723390">
    <ele>24.8</ele>
    <time>2026-06-17T10:41:18Z</time>
     <extensions>
      <gpxtpx:TrackPointExtension>
       <gpxtpx:hr>146</gpxtpx:hr>
      </gpxtpx:TrackPointExtension>
     </extensions>
   </trkpt>
   <trkpt lat="-2.5930880" lon="-43.0723890">
    <ele>24.8</ele>
    <time>2026-06-17T10:41:23Z</time>
     <extensions>
      <gpxtpx:TrackPointExtension>
       <gpxtpx:hr>141</gpxtpx:hr>
      </gpxtpx:TrackPointExtension>
     </extensions>
   </trkpt>
   <trkpt lat="-2.5930630" lon="-43.0724390">
    <ele>24.6</ele>
    <time>2026-06-17T10:41:28Z</time>
     <extensions>
      <gpxtpx:TrackPointExtension>
       <gpxtpx:hr>140</gpxtpx:hr>
      </gpxtpx:TrackPointExtension>
     </extensions>
   </trkpt>
   <trkpt lat="-2.5930340" lon="-43.0724870">
    <ele>24.4</ele>
    <time>2026-06-17T10:41:33Z</time>
     <extensions>
      <gpxtpx:TrackPointExtension>
       <gpxtpx:hr>137</gpxtpx:hr>
      </gpxtpx:TrackPointExtension>
     </extensions>
   </trkpt>
   <trkpt lat="-2.5930070" lon="-43.0725320">
    <ele>24.2</ele>
    <time>2026-06-17T10:41:38Z</time>
     <extensions>
      <gpxtpx:TrackPointExtension>
       <gpxtpx:hr>135</gpxtpx:hr>
      </gpxtpx:TrackPointExtension>
     </extensions>
   </trkpt>
   <trkpt lat="-2.5929830" lon="-43.0725720">
    <ele>23.8</ele>
    <time>2026-06-17T10:41:43Z</time>
     <extensions>
      <gpxtpx:TrackPointExtension>
       <gpxtpx:hr>130</gpxtpx:hr>
      </gpxtpx:TrackPointExtension>
     </extensions>
   </trkpt>
   <trkpt lat="-2.5929660" lon="-43.0726150">
    <ele>23.0</ele>
    <time>2026-06-17T10:41:48Z</time>
     <extensions>
      <gpxtpx:TrackPointExtension>
       <gpxtpx:hr>129</gpxtpx:hr>
      </gpxtpx:TrackPointExtension>
     </extensions>
   </trkpt>
   <trkpt lat="-2.5929470" lon="-43.0726720">
    <ele>22.4</ele>
    <time>2026-06-17T10:41:53Z</time>
     <extensions>
      <gpxtpx:TrackPointExtension>
       <gpxtpx:hr>129</gpxtpx:hr>
      </gpxtpx:TrackPointExtension>
     </extensions>
   </trkpt>
   <trkpt lat="-2.5929320" lon="-43.0727220">
    <ele>21.8</ele>
    <time>2026-06-17T10:41:58Z</time>
     <extensions>
      <gpxtpx:TrackPointExtension>
       <gpxtpx:hr>132</gpxtpx:hr>
      </gpxtpx:TrackPointExtension>
     </extensions>
   </trkpt>
   <trkpt lat="-2.5929020" lon="-43.0727720">
    <ele>21.0</ele>
    <time>2026-06-17T10:42:03Z</time>
     <extensions>
      <gpxtpx:TrackPointExtension>
       <gpxtpx:hr>126</gpxtpx:hr>
      </gpxtpx:TrackPointExtension>
     </extensions>
   </trkpt>
   <trkpt lat="-2.5928790" lon="-43.0728180">
    <ele>20.2</ele>
    <time>2026-06-17T10:42:08Z</time>
     <extensions>
      <gpxtpx:TrackPointExtension>
       <gpxtpx:hr>124</gpxtpx:hr>
      </gpxtpx:TrackPointExtension>
     </extensions>
   </trkpt>
   <trkpt lat="-2.5928670" lon="-43.0728640">
    <ele>19.6</ele>
    <time>2026-06-17T10:42:13Z</time>
     <extensions>
      <gpxtpx:TrackPointExtension>
       <gpxtpx:hr>125</gpxtpx:hr>
      </gpxtpx:TrackPointExtension>
     </extensions>
   </trkpt>
   <trkpt lat="-2.5928590" lon="-43.0729130">
    <ele>19.4</ele>
    <time>2026-06-17T10:42:18Z</time>
     <extensions>
      <gpxtpx:TrackPointExtension>
       <gpxtpx:hr>125</gpxtpx:hr>
      </gpxtpx:TrackPointExtension>
     </extensions>
   </trkpt>
   <trkpt lat="-2.5928590" lon="-43.0729590">
    <ele>19.2</ele>
    <time>2026-06-17T10:42:23Z</time>
     <extensions>
      <gpxtpx:TrackPointExtension>
       <gpxtpx:hr>117</gpxtpx:hr>
      </gpxtpx:TrackPointExtension>
     </extensions>
   </trkpt>
   <trkpt lat="-2.5928490" lon="-43.0730120">
    <ele>19.0</ele>
    <time>2026-06-17T10:42:28Z</time>
     <extensions>
      <gpxtpx:TrackPointExtension>
       <gpxtpx:hr>117</gpxtpx:hr>
      </gpxtpx:TrackPointExtension>
     </extensions>
   </trkpt>
   <trkpt lat="-2.5928430" lon="-43.0730580">
    <ele>18.8</ele>
    <time>2026-06-17T10:42:33Z</time>
     <extensions>
      <gpxtpx:TrackPointExtension>
       <gpxtpx:hr>114</gpxtpx:hr>
      </gpxtpx:TrackPointExtension>
     </extensions>
   </trkpt>
   <trkpt lat="-2.5928340" lon="-43.0731110">
    <ele>18.6</ele>
    <time>2026-06-17T10:42:38Z</time>
     <extensions>
      <gpxtpx:TrackPointExtension>
       <gpxtpx:hr>108</gpxtpx:hr>
      </gpxtpx:TrackPointExtension>
     </extensions>
   </trkpt>
   <trkpt lat="-2.5928300" lon="-43.0731620">
    <ele>18.6</ele>
    <time>2026-06-17T10:42:43Z</time>
     <extensions>
      <gpxtpx:TrackPointExtension>
       <gpxtpx:hr>115</gpxtpx:hr>
      </gpxtpx:TrackPointExtension>
     </extensions>
   </trkpt>
   <trkpt lat="-2.5928260" lon="-43.0732160">
    <ele>18.6</ele>
    <time>2026-06-17T10:42:48Z</time>
     <extensions>
      <gpxtpx:TrackPointExtension>
       <gpxtpx:hr>115</gpxtpx:hr>
      </gpxtpx:TrackPointExtension>
     </extensions>
   </trkpt>
   <trkpt lat="-2.5928210" lon="-43.0732700">
    <ele>18.6</ele>
    <time>2026-06-17T10:42:53Z</time>
     <extensions>
      <gpxtpx:TrackPointExtension>
       <gpxtpx:hr>116</gpxtpx:hr>
      </gpxtpx:TrackPointExtension>
     </extensions>
   </trkpt>
   <trkpt lat="-2.5928160" lon="-43.0733170">
    <ele>18.4</ele>
    <time>2026-06-17T10:42:58Z</time>
     <extensions>
      <gpxtpx:TrackPointExtension>
       <gpxtpx:hr>114</gpxtpx:hr>
      </gpxtpx:TrackPointExtension>
     </extensions>
   </trkpt>
   <trkpt lat="-2.5928180" lon="-43.0733730">
    <ele>18.2</ele>
    <time>2026-06-17T10:43:03Z</time>
     <extensions>
      <gpxtpx:TrackPointExtension>
       <gpxtpx:hr>115</gpxtpx:hr>
      </gpxtpx:TrackPointExtension>
     </extensions>
   </trkpt>
   <trkpt lat="-2.5928140" lon="-43.0734300">
    <ele>18.0</ele>
    <time>2026-06-17T10:43:08Z</time>
     <extensions>
      <gpxtpx:TrackPointExtension>
       <gpxtpx:hr>115</gpxtpx:hr>
      </gpxtpx:TrackPointExtension>
     </extensions>
   </trkpt>
   <trkpt lat="-2.5928080" lon="-43.0734840">
    <ele>17.8</ele>
    <time>2026-06-17T10:43:13Z</time>
     <extensions>
      <gpxtpx:TrackPointExtension>
       <gpxtpx:hr>113</gpxtpx:hr>
      </gpxtpx:TrackPointExtension>
     </extensions>
   </trkpt>
   <trkpt lat="-2.5928020" lon="-43.0735390">
    <ele>17.8</ele>
    <time>2026-06-17T10:43:18Z</time>
     <extensions>
      <gpxtpx:TrackPointExtension>
       <gpxtpx:hr>113</gpxtpx:hr>
      </gpxtpx:TrackPointExtension>
     </extensions>
   </trkpt>
   <trkpt lat="-2.5927950" lon="-43.0735910">
    <ele>18.0</ele>
    <time>2026-06-17T10:43:23Z</time>
     <extensions>
      <gpxtpx:TrackPointExtension>
       <gpxtpx:hr>114</gpxtpx:hr>
      </gpxtpx:TrackPointExtension>
     </extensions>
   </trkpt>
   <trkpt lat="-2.5927760" lon="-43.0736420">
    <ele>18.4</ele>
    <time>2026-06-17T10:43:28Z</time>
     <extensions>
      <gpxtpx:TrackPointExtension>
       <gpxtpx:hr>114</gpxtpx:hr>
      </gpxtpx:TrackPointExtension>
     </extensions>
   </trkpt>
   <trkpt lat="-2.5927570" lon="-43.0736910">
    <ele>18.8</ele>
    <time>2026-06-17T10:43:33Z</time>
     <extensions>
      <gpxtpx:TrackPointExtension>
       <gpxtpx:hr>121</gpxtpx:hr>
      </gpxtpx:TrackPointExtension>
     </extensions>
   </trkpt>
   <trkpt lat="-2.5927390" lon="-43.0737390">
    <ele>19.6</ele>
    <time>2026-06-17T10:43:38Z</time>
     <extensions>
      <gpxtpx:TrackPointExtension>
       <gpxtpx:hr>121</gpxtpx:hr>
      </gpxtpx:TrackPointExtension>
     </extensions>
   </trkpt>
   <trkpt lat="-2.5927150" lon="-43.0737890">
    <ele>20.4</ele>
    <time>2026-06-17T10:43:43Z</time>
     <extensions>
      <gpxtpx:TrackPointExtension>
       <gpxtpx:hr>124</gpxtpx:hr>
      </gpxtpx:TrackPointExtension>
     </extensions>
   </trkpt>
   <trkpt lat="-2.5926800" lon="-43.0738110">
    <ele>21.2</ele>
    <time>2026-06-17T10:43:48Z</time>
     <extensions>
      <gpxtpx:TrackPointExtension>
       <gpxtpx:hr>129</gpxtpx:hr>
      </gpxtpx:TrackPointExtension>
     </extensions>
   </trkpt>
   <trkpt lat="-2.5926420" lon="-43.0738000">
    <ele>22.2</ele>
    <time>2026-06-17T10:43:53Z</time>
     <extensions>
      <gpxtpx:TrackPointExtension>
       <gpxtpx:hr>131</gpxtpx:hr>
      </gpxtpx:TrackPointExtension>
     </extensions>
   </trkpt>
   <trkpt lat="-2.5926010" lon="-43.0737790">
    <ele>23.0</ele>
    <time>2026-06-17T10:43:58Z</time>
     <extensions>
      <gpxtpx:TrackPointExtension>
       <gpxtpx:hr>132</gpxtpx:hr>
      </gpxtpx:TrackPointExtension>
     </extensions>
   </trkpt>
   <trkpt lat="-2.5925580" lon="-43.0737660">
    <ele>23.2</ele>
    <time>2026-06-17T10:44:03Z</time>
     <extensions>
      <gpxtpx:TrackPointExtension>
       <gpxtpx:hr>131</gpxtpx:hr>
      </gpxtpx:TrackPointExtension>
     </extensions>
   </trkpt>
   <trkpt lat="-2.5925180" lon="-43.0737570">
    <ele>23.4</ele>
    <time>2026-06-17T10:44:08Z</time>
     <extensions>
      <gpxtpx:TrackPointExtension>
       <gpxtpx:hr>134</gpxtpx:hr>
      </gpxtpx:TrackPointExtension>
     </extensions>
   </trkpt>
   <trkpt lat="-2.5924860" lon="-43.0737520">
    <ele>23.2</ele>
    <time>2026-06-17T10:44:13Z</time>
     <extensions>
      <gpxtpx:TrackPointExtension>
       <gpxtpx:hr>135</gpxtpx:hr>
      </gpxtpx:TrackPointExtension>
     </extensions>
   </trkpt>
   <trkpt lat="-2.5924550" lon="-43.0737550">
    <ele>23.4</ele>
    <time>2026-06-17T10:44:18Z</time>
     <extensions>
      <gpxtpx:TrackPointExtension>
       <gpxtpx:hr>138</gpxtpx:hr>
      </gpxtpx:TrackPointExtension>
     </extensions>
   </trkpt>
   <trkpt lat="-2.5924250" lon="-43.0737590">
    <ele>23.4</ele>
    <time>2026-06-17T10:44:23Z</time>
     <extensions>
      <gpxtpx:TrackPointExtension>
       <gpxtpx:hr>137</gpxtpx:hr>
      </gpxtpx:TrackPointExtension>
     </extensions>
   </trkpt>
   <trkpt lat="-2.5923860" lon="-43.0737710">
    <ele>23.4</ele>
    <time>2026-06-17T10:44:28Z</time>
     <extensions>
      <gpxtpx:TrackPointExtension>
       <gpxtpx:hr>136</gpxtpx:hr>
      </gpxtpx:TrackPointExtension>
     </extensions>
   </trkpt>
   <trkpt lat="-2.5923450" lon="-43.0737880">
    <ele>23.6</ele>
    <time>2026-06-17T10:44:33Z</time>
     <extensions>
      <gpxtpx:TrackPointExtension>
       <gpxtpx:hr>137</gpxtpx:hr>
      </gpxtpx:TrackPointExtension>
     </extensions>
   </trkpt>
   <trkpt lat="-2.5922990" lon="-43.0738140">
    <ele>23.6</ele>
    <time>2026-06-17T10:44:38Z</time>
     <extensions>
      <gpxtpx:TrackPointExtension>
       <gpxtpx:hr>135</gpxtpx:hr>
      </gpxtpx:TrackPointExtension>
     </extensions>
   </trkpt>
   <trkpt lat="-2.5922510" lon="-43.0738350">
    <ele>23.4</ele>
    <time>2026-06-17T10:44:43Z</time>
     <extensions>
      <gpxtpx:TrackPointExtension>
       <gpxtpx:hr>138</gpxtpx:hr>
      </gpxtpx:TrackPointExtension>
     </extensions>
   </trkpt>
   <trkpt lat="-2.5921980" lon="-43.0738570">
    <ele>23.4</ele>
    <time>2026-06-17T10:44:48Z</time>
     <extensions>
      <gpxtpx:TrackPointExtension>
       <gpxtpx:hr>134</gpxtpx:hr>
      </gpxtpx:TrackPointExtension>
     </extensions>
   </trkpt>
   <trkpt lat="-2.5921480" lon="-43.0738740">
    <ele>23.6</ele>
    <time>2026-06-17T10:44:53Z</time>
     <extensions>
      <gpxtpx:TrackPointExtension>
       <gpxtpx:hr>134</gpxtpx:hr>
      </gpxtpx:TrackPointExtension>
     </extensions>
   </trkpt>
   <trkpt lat="-2.5920990" lon="-43.0738800">
    <ele>23.6</ele>
    <time>2026-06-17T10:44:58Z</time>
     <extensions>
      <gpxtpx:TrackPointExtension>
       <gpxtpx:hr>126</gpxtpx:hr>
      </gpxtpx:TrackPointExtension>
     </extensions>
   </trkpt>
   <trkpt lat="-2.5920650" lon="-43.0738930">
    <ele>23.6</ele>
    <time>2026-06-17T10:45:03Z</time>
     <extensions>
      <gpxtpx:TrackPointExtension>
       <gpxtpx:hr>126</gpxtpx:hr>
      </gpxtpx:TrackPointExtension>
     </extensions>
   </trkpt>
   <trkpt lat="-2.5920340" lon="-43.0738950">
    <ele>23.6</ele>
    <time>2026-06-17T10:45:08Z</time>
     <extensions>
      <gpxtpx:TrackPointExtension>
       <gpxtpx:hr>126</gpxtpx:hr>
      </gpxtpx:TrackPointExtension>
     </extensions>
   </trkpt>
   <trkpt lat="-2.5919910" lon="-43.0738950">
    <ele>23.6</ele>
    <time>2026-06-17T10:45:13Z</time>
     <extensions>
      <gpxtpx:TrackPointExtension>
       <gpxtpx:hr>126</gpxtpx:hr>
      </gpxtpx:TrackPointExtension>
     </extensions>
   </trkpt>
   <trkpt lat="-2.5919460" lon="-43.0738980">
    <ele>23.6</ele>
    <time>2026-06-17T10:45:18Z</time>
     <extensions>
      <gpxtpx:TrackPointExtension>
       <gpxtpx:hr>126</gpxtpx:hr>
      </gpxtpx:TrackPointExtension>
     </extensions>
   </trkpt>
   <trkpt lat="-2.5919010" lon="-43.0739050">
    <ele>23.4</ele>
    <time>2026-06-17T10:45:23Z</time>
     <extensions>
      <gpxtpx:TrackPointExtension>
       <gpxtpx:hr>123</gpxtpx:hr>
      </gpxtpx:TrackPointExtension>
     </extensions>
   </trkpt>
   <trkpt lat="-2.5918610" lon="-43.0739160">
    <ele>23.0</ele>
    <time>2026-06-17T10:45:28Z</time>
     <extensions>
      <gpxtpx:TrackPointExtension>
       <gpxtpx:hr>122</gpxtpx:hr>
      </gpxtpx:TrackPointExtension>
     </extensions>
   </trkpt>
   <trkpt lat="-2.5918170" lon="-43.0739210">
    <ele>22.6</ele>
    <time>2026-06-17T10:45:33Z</time>
     <extensions>
      <gpxtpx:TrackPointExtension>
       <gpxtpx:hr>120</gpxtpx:hr>
      </gpxtpx:TrackPointExtension>
     </extensions>
   </trkpt>
   <trkpt lat="-2.5917710" lon="-43.0739210">
    <ele>22.2</ele>
    <time>2026-06-17T10:45:38Z</time>
     <extensions>
      <gpxtpx:TrackPointExtension>
       <gpxtpx:hr>120</gpxtpx:hr>
      </gpxtpx:TrackPointExtension>
     </extensions>
   </trkpt>
   <trkpt lat="-2.5917170" lon="-43.0739300">
    <ele>21.6</ele>
    <time>2026-06-17T10:45:43Z</time>
     <extensions>
      <gpxtpx:TrackPointExtension>
       <gpxtpx:hr>110</gpxtpx:hr>
      </gpxtpx:TrackPointExtension>
     </extensions>
   </trkpt>
   <trkpt lat="-2.5916590" lon="-43.0739370">
    <ele>21.2</ele>
    <time>2026-06-17T10:45:48Z</time>
     <extensions>
      <gpxtpx:TrackPointExtension>
       <gpxtpx:hr>108</gpxtpx:hr>
      </gpxtpx:TrackPointExtension>
     </extensions>
   </trkpt>
   <trkpt lat="-2.5916140" lon="-43.0739490">
    <ele>20.6</ele>
    <time>2026-06-17T10:45:53Z</time>
     <extensions>
      <gpxtpx:TrackPointExtension>
       <gpxtpx:hr>108</gpxtpx:hr>
      </gpxtpx:TrackPointExtension>
     </extensions>
   </trkpt>
   <trkpt lat="-2.5915690" lon="-43.0739510">
    <ele>20.2</ele>
    <time>2026-06-17T10:45:58Z</time>
     <extensions>
      <gpxtpx:TrackPointExtension>
       <gpxtpx:hr>109</gpxtpx:hr>
      </gpxtpx:TrackPointExtension>
     </extensions>
   </trkpt>
   <trkpt lat="-2.5915220" lon="-43.0739550">
    <ele>19.8</ele>
    <time>2026-06-17T10:46:03Z</time>
     <extensions>
      <gpxtpx:TrackPointExtension>
       <gpxtpx:hr>109</gpxtpx:hr>
      </gpxtpx:TrackPointExtension>
     </extensions>
   </trkpt>
   <trkpt lat="-2.5914830" lon="-43.0739570">
    <ele>19.6</ele>
    <time>2026-06-17T10:46:08Z</time>
     <extensions>
      <gpxtpx:TrackPointExtension>
       <gpxtpx:hr>104</gpxtpx:hr>
      </gpxtpx:TrackPointExtension>
     </extensions>
   </trkpt>
   <trkpt lat="-2.5914900" lon="-43.0739500">
    <ele>19.6</ele>
    <time>2026-06-17T10:46:13Z</time>
     <extensions>
      <gpxtpx:TrackPointExtension>
       <gpxtpx:hr>104</gpxtpx:hr>
      </gpxtpx:TrackPointExtension>
     </extensions>
   </trkpt>
   <trkpt lat="-2.5914940" lon="-43.0739580">
    <ele>19.6</ele>
    <time>2026-06-17T10:46:18Z</time>
     <extensions>
      <gpxtpx:TrackPointExtension>
       <gpxtpx:hr>98</gpxtpx:hr>
      </gpxtpx:TrackPointExtension>
     </extensions>
   </trkpt>
   <trkpt lat="-2.5914970" lon="-43.0739630">
    <ele>19.4</ele>
    <time>2026-06-17T10:46:23Z</time>
     <extensions>
      <gpxtpx:TrackPointExtension>
       <gpxtpx:hr>100</gpxtpx:hr>
      </gpxtpx:TrackPointExtension>
     </extensions>
   </trkpt>
   <trkpt lat="-2.5914950" lon="-43.0739710">
    <ele>19.4</ele>
    <time>2026-06-17T10:46:28Z</time>
     <extensions>
      <gpxtpx:TrackPointExtension>
       <gpxtpx:hr>114</gpxtpx:hr>
      </gpxtpx:TrackPointExtension>
     </extensions>
   </trkpt>
   <trkpt lat="-2.5914880" lon="-43.0739760">
    <ele>19.4</ele>
    <time>2026-06-17T10:46:33Z</time>
     <extensions>
      <gpxtpx:TrackPointExtension>
       <gpxtpx:hr>115</gpxtpx:hr>
      </gpxtpx:TrackPointExtension>
     </extensions>
   </trkpt>
   <trkpt lat="-2.5914810" lon="-43.0739740">
    <ele>19.4</ele>
    <time>2026-06-17T10:46:38Z</time>
     <extensions>
      <gpxtpx:TrackPointExtension>
       <gpxtpx:hr>115</gpxtpx:hr>
      </gpxtpx:TrackPointExtension>
     </extensions>
   </trkpt>
   <trkpt lat="-2.5914390" lon="-43.0739810">
    <ele>19.2</ele>
    <time>2026-06-17T10:46:43Z</time>
     <extensions>
      <gpxtpx:TrackPointExtension>
       <gpxtpx:hr>115</gpxtpx:hr>
      </gpxtpx:TrackPointExtension>
     </extensions>
   </trkpt>
   <trkpt lat="-2.5913990" lon="-43.0739880">
    <ele>19.0</ele>
    <time>2026-06-17T10:46:48Z</time>
     <extensions>
      <gpxtpx:TrackPointExtension>
       <gpxtpx:hr>115</gpxtpx:hr>
      </gpxtpx:TrackPointExtension>
     </extensions>
   </trkpt>
   <trkpt lat="-2.5913460" lon="-43.0740000">
    <ele>18.8</ele>
    <time>2026-06-17T10:46:53Z</time>
     <extensions>
      <gpxtpx:TrackPointExtension>
       <gpxtpx:hr>110</gpxtpx:hr>
      </gpxtpx:TrackPointExtension>
     </extensions>
   </trkpt>
   <trkpt lat="-2.5912970" lon="-43.0740130">
    <ele>18.8</ele>
    <time>2026-06-17T10:46:58Z</time>
     <extensions>
      <gpxtpx:TrackPointExtension>
       <gpxtpx:hr>110</gpxtpx:hr>
      </gpxtpx:TrackPointExtension>
     </extensions>
   </trkpt>
   <trkpt lat="-2.5912520" lon="-43.0740190">
    <ele>18.8</ele>
    <time>2026-06-17T10:47:03Z</time>
     <extensions>
      <gpxtpx:TrackPointExtension>
       <gpxtpx:hr>111</gpxtpx:hr>
      </gpxtpx:TrackPointExtension>
     </extensions>
   </trkpt>
   <trkpt lat="-2.5912000" lon="-43.0740220">
    <ele>19.0</ele>
    <time>2026-06-17T10:47:08Z</time>
     <extensions>
      <gpxtpx:TrackPointExtension>
       <gpxtpx:hr>114</gpxtpx:hr>
      </gpxtpx:TrackPointExtension>
     </extensions>
   </trkpt>
   <trkpt lat="-2.5911510" lon="-43.0740310">
    <ele>18.8</ele>
    <time>2026-06-17T10:47:13Z</time>
     <extensions>
      <gpxtpx:TrackPointExtension>
       <gpxtpx:hr>109</gpxtpx:hr>
      </gpxtpx:TrackPointExtension>
     </extensions>
   </trkpt>
   <trkpt lat="-2.5911050" lon="-43.0740450">
    <ele>18.8</ele>
    <time>2026-06-17T10:47:18Z</time>
     <extensions>
      <gpxtpx:TrackPointExtension>
       <gpxtpx:hr>110</gpxtpx:hr>
      </gpxtpx:TrackPointExtension>
     </extensions>
   </trkpt>
   <trkpt lat="-2.5910590" lon="-43.0740570">
    <ele>18.8</ele>
    <time>2026-06-17T10:47:23Z</time>
     <extensions>
      <gpxtpx:TrackPointExtension>
       <gpxtpx:hr>114</gpxtpx:hr>
      </gpxtpx:TrackPointExtension>
     </extensions>
   </trkpt>
   <trkpt lat="-2.5910130" lon="-43.0740680">
    <ele>18.8</ele>
    <time>2026-06-17T10:47:28Z</time>
     <extensions>
      <gpxtpx:TrackPointExtension>
       <gpxtpx:hr>111</gpxtpx:hr>
      </gpxtpx:TrackPointExtension>
     </extensions>
   </trkpt>
   <trkpt lat="-2.5909650" lon="-43.0740710">
    <ele>18.8</ele>
    <time>2026-06-17T10:47:33Z</time>
     <extensions>
      <gpxtpx:TrackPointExtension>
       <gpxtpx:hr>110</gpxtpx:hr>
      </gpxtpx:TrackPointExtension>
     </extensions>
   </trkpt>
   <trkpt lat="-2.5909200" lon="-43.0740770">
    <ele>18.8</ele>
    <time>2026-06-17T10:47:38Z</time>
     <extensions>
      <gpxtpx:TrackPointExtension>
       <gpxtpx:hr>111</gpxtpx:hr>
      </gpxtpx:TrackPointExtension>
     </extensions>
   </trkpt>
   <trkpt lat="-2.5908800" lon="-43.0740830">
    <ele>18.8</ele>
    <time>2026-06-17T10:47:43Z</time>
     <extensions>
      <gpxtpx:TrackPointExtension>
       <gpxtpx:hr>111</gpxtpx:hr>
      </gpxtpx:TrackPointExtension>
     </extensions>
   </trkpt>
   <trkpt lat="-2.5908380" lon="-43.0740980">
    <ele>19.0</ele>
    <time>2026-06-17T10:47:48Z</time>
     <extensions>
      <gpxtpx:TrackPointExtension>
       <gpxtpx:hr>112</gpxtpx:hr>
      </gpxtpx:TrackPointExtension>
     </extensions>
   </trkpt>
   <trkpt lat="-2.5907940" lon="-43.0741140">
    <ele>19.0</ele>
    <time>2026-06-17T10:47:53Z</time>
     <extensions>
      <gpxtpx:TrackPointExtension>
       <gpxtpx:hr>112</gpxtpx:hr>
      </gpxtpx:TrackPointExtension>
     </extensions>
   </trkpt>
   <trkpt lat="-2.5907470" lon="-43.0741270">
    <ele>19.4</ele>
    <time>2026-06-17T10:47:58Z</time>
     <extensions>
      <gpxtpx:TrackPointExtension>
       <gpxtpx:hr>118</gpxtpx:hr>
      </gpxtpx:TrackPointExtension>
     </extensions>
   </trkpt>
   <trkpt lat="-2.5907050" lon="-43.0741370">
    <ele>19.6</ele>
    <time>2026-06-17T10:48:03Z</time>
     <extensions>
      <gpxtpx:TrackPointExtension>
       <gpxtpx:hr>118</gpxtpx:hr>
      </gpxtpx:TrackPointExtension>
     </extensions>
   </trkpt>
   <trkpt lat="-2.5906670" lon="-43.0741430">
    <ele>20.0</ele>
    <time>2026-06-17T10:48:08Z</time>
     <extensions>
      <gpxtpx:TrackPointExtension>
       <gpxtpx:hr>115</gpxtpx:hr>
      </gpxtpx:TrackPointExtension>
     </extensions>
   </trkpt>
   <trkpt lat="-2.5906260" lon="-43.0741540">
    <ele>20.4</ele>
    <time>2026-06-17T10:48:13Z</time>
     <extensions>
      <gpxtpx:TrackPointExtension>
       <gpxtpx:hr>121</gpxtpx:hr>
      </gpxtpx:TrackPointExtension>
     </extensions>
   </trkpt>
   <trkpt lat="-2.5905850" lon="-43.0741640">
    <ele>20.8</ele>
    <time>2026-06-17T10:48:18Z</time>
     <extensions>
      <gpxtpx:TrackPointExtension>
       <gpxtpx:hr>122</gpxtpx:hr>
      </gpxtpx:TrackPointExtension>
     </extensions>
   </trkpt>
   <trkpt lat="-2.5905420" lon="-43.0741730">
    <ele>21.4</ele>
    <time>2026-06-17T10:48:23Z</time>
     <extensions>
      <gpxtpx:TrackPointExtension>
       <gpxtpx:hr>123</gpxtpx:hr>
      </gpxtpx:TrackPointExtension>
     </extensions>
   </trkpt>
   <trkpt lat="-2.5905010" lon="-43.0741790">
    <ele>21.8</ele>
    <time>2026-06-17T10:48:28Z</time>
     <extensions>
      <gpxtpx:TrackPointExtension>
       <gpxtpx:hr>123</gpxtpx:hr>
      </gpxtpx:TrackPointExtension>
     </extensions>
   </trkpt>
   <trkpt lat="-2.5904620" lon="-43.0741950">
    <ele>22.0</ele>
    <time>2026-06-17T10:48:33Z</time>
     <extensions>
      <gpxtpx:TrackPointExtension>
       <gpxtpx:hr>123</gpxtpx:hr>
      </gpxtpx:TrackPointExtension>
     </extensions>
   </trkpt>
   <trkpt lat="-2.5904270" lon="-43.0742150">
    <ele>22.2</ele>
    <time>2026-06-17T10:48:38Z</time>
     <extensions>
      <gpxtpx:TrackPointExtension>
       <gpxtpx:hr>130</gpxtpx:hr>
      </gpxtpx:TrackPointExtension>
     </extensions>
   </trkpt>
   <trkpt lat="-2.5903910" lon="-43.0742340">
    <ele>22.0</ele>
    <time>2026-06-17T10:48:43Z</time>
     <extensions>
      <gpxtpx:TrackPointExtension>
       <gpxtpx:hr>129</gpxtpx:hr>
      </gpxtpx:TrackPointExtension>
     </extensions>
   </trkpt>
   <trkpt lat="-2.5903560" lon="-43.0742510">
    <ele>21.8</ele>
    <time>2026-06-17T10:48:48Z</time>
     <extensions>
      <gpxtpx:TrackPointExtension>
       <gpxtpx:hr>129</gpxtpx:hr>
      </gpxtpx:TrackPointExtension>
     </extensions>
   </trkpt>
   <trkpt lat="-2.5903210" lon="-43.0742710">
    <ele>21.6</ele>
    <time>2026-06-17T10:48:53Z</time>
     <extensions>
      <gpxtpx:TrackPointExtension>
       <gpxtpx:hr>127</gpxtpx:hr>
      </gpxtpx:TrackPointExtension>
     </extensions>
   </trkpt>
   <trkpt lat="-2.5902920" lon="-43.0742970">
    <ele>21.2</ele>
    <time>2026-06-17T10:48:58Z</time>
     <extensions>
      <gpxtpx:TrackPointExtension>
       <gpxtpx:hr>128</gpxtpx:hr>
      </gpxtpx:TrackPointExtension>
     </extensions>
   </trkpt>
   <trkpt lat="-2.5902690" lon="-43.0743100">
    <ele>21.0</ele>
    <time>2026-06-17T10:49:03Z</time>
     <extensions>
      <gpxtpx:TrackPointExtension>
       <gpxtpx:hr>128</gpxtpx:hr>
      </gpxtpx:TrackPointExtension>
     </extensions>
   </trkpt>
   <trkpt lat="-2.5902410" lon="-43.0743260">
    <ele>21.0</ele>
    <time>2026-06-17T10:49:08Z</time>
     <extensions>
      <gpxtpx:TrackPointExtension>
       <gpxtpx:hr>128</gpxtpx:hr>
      </gpxtpx:TrackPointExtension>
     </extensions>
   </trkpt>
   <trkpt lat="-2.5901950" lon="-43.0743460">
    <ele>20.6</ele>
    <time>2026-06-17T10:49:13Z</time>
     <extensions>
      <gpxtpx:TrackPointExtension>
       <gpxtpx:hr>117</gpxtpx:hr>
      </gpxtpx:TrackPointExtension>
     </extensions>
   </trkpt>
   <trkpt lat="-2.5901400" lon="-43.0743640">
    <ele>20.2</ele>
    <time>2026-06-17T10:49:18Z</time>
     <extensions>
      <gpxtpx:TrackPointExtension>
       <gpxtpx:hr>117</gpxtpx:hr>
      </gpxtpx:TrackPointExtension>
     </extensions>
   </trkpt>
   <trkpt lat="-2.5900840" lon="-43.0743710">
    <ele>20.0</ele>
    <time>2026-06-17T10:49:23Z</time>
     <extensions>
      <gpxtpx:TrackPointExtension>
       <gpxtpx:hr>108</gpxtpx:hr>
      </gpxtpx:TrackPointExtension>
     </extensions>
   </trkpt>
   <trkpt lat="-2.5900370" lon="-43.0743790">
    <ele>19.6</ele>
    <time>2026-06-17T10:49:28Z</time>
     <extensions>
      <gpxtpx:TrackPointExtension>
       <gpxtpx:hr>109</gpxtpx:hr>
      </gpxtpx:TrackPointExtension>
     </extensions>
   </trkpt>
   <trkpt lat="-2.5899960" lon="-43.0743850">
    <ele>19.2</ele>
    <time>2026-06-17T10:49:33Z</time>
     <extensions>
      <gpxtpx:TrackPointExtension>
       <gpxtpx:hr>105</gpxtpx:hr>
      </gpxtpx:TrackPointExtension>
     </extensions>
   </trkpt>
   <trkpt lat="-2.5899520" lon="-43.0743900">
    <ele>18.8</ele>
    <time>2026-06-17T10:49:38Z</time>
     <extensions>
      <gpxtpx:TrackPointExtension>
       <gpxtpx:hr>105</gpxtpx:hr>
      </gpxtpx:TrackPointExtension>
     </extensions>
   </trkpt>
   <trkpt lat="-2.5899110" lon="-43.0743930">
    <ele>18.2</ele>
    <time>2026-06-17T10:49:43Z</time>
     <extensions>
      <gpxtpx:TrackPointExtension>
       <gpxtpx:hr>104</gpxtpx:hr>
      </gpxtpx:TrackPointExtension>
     </extensions>
   </trkpt>
   <trkpt lat="-2.5898960" lon="-43.0743940">
    <ele>17.6</ele>
    <time>2026-06-17T10:49:48Z</time>
     <extensions>
      <gpxtpx:TrackPointExtension>
       <gpxtpx:hr>104</gpxtpx:hr>
      </gpxtpx:TrackPointExtension>
     </extensions>
   </trkpt>
   <trkpt lat="-2.5898990" lon="-43.0743960">
    <ele>17.4</ele>
    <time>2026-06-17T10:49:53Z</time>
     <extensions>
      <gpxtpx:TrackPointExtension>
       <gpxtpx:hr>104</gpxtpx:hr>
      </gpxtpx:TrackPointExtension>
     </extensions>
   </trkpt>
   <trkpt lat="-2.5899000" lon="-43.0744000">
    <ele>17.4</ele>
    <time>2026-06-17T10:49:58Z</time>
     <extensions>
      <gpxtpx:TrackPointExtension>
       <gpxtpx:hr>104</gpxtpx:hr>
      </gpxtpx:TrackPointExtension>
     </extensions>
   </trkpt>
   <trkpt lat="-2.5899040" lon="-43.0744030">
    <ele>17.6</ele>
    <time>2026-06-17T10:50:03Z</time>
     <extensions>
      <gpxtpx:TrackPointExtension>
       <gpxtpx:hr>108</gpxtpx:hr>
      </gpxtpx:TrackPointExtension>
     </extensions>
   </trkpt>
   <trkpt lat="-2.5899050" lon="-43.0744220">
    <ele>17.4</ele>
    <time>2026-06-17T10:50:08Z</time>
     <extensions>
      <gpxtpx:TrackPointExtension>
       <gpxtpx:hr>113</gpxtpx:hr>
      </gpxtpx:TrackPointExtension>
     </extensions>
   </trkpt>
   <trkpt lat="-2.5899140" lon="-43.0744620">
    <ele>16.8</ele>
    <time>2026-06-17T10:50:13Z</time>
     <extensions>
      <gpxtpx:TrackPointExtension>
       <gpxtpx:hr>110</gpxtpx:hr>
      </gpxtpx:TrackPointExtension>
     </extensions>
   </trkpt>
   <trkpt lat="-2.5899310" lon="-43.0745140">
    <ele>16.0</ele>
    <time>2026-06-17T10:50:18Z</time>
     <extensions>
      <gpxtpx:TrackPointExtension>
       <gpxtpx:hr>110</gpxtpx:hr>
      </gpxtpx:TrackPointExtension>
     </extensions>
   </trkpt>
   <trkpt lat="-2.5899450" lon="-43.0745700">
    <ele>15.0</ele>
    <time>2026-06-17T10:50:23Z</time>
     <extensions>
      <gpxtpx:TrackPointExtension>
       <gpxtpx:hr>102</gpxtpx:hr>
      </gpxtpx:TrackPointExtension>
     </extensions>
   </trkpt>
   <trkpt lat="-2.5899510" lon="-43.0746300">
    <ele>13.8</ele>
    <time>2026-06-17T10:50:28Z</time>
     <extensions>
      <gpxtpx:TrackPointExtension>
       <gpxtpx:hr>104</gpxtpx:hr>
      </gpxtpx:TrackPointExtension>
     </extensions>
   </trkpt>
   <trkpt lat="-2.5899530" lon="-43.0746830">
    <ele>13.0</ele>
    <time>2026-06-17T10:50:33Z</time>
     <extensions>
      <gpxtpx:TrackPointExtension>
       <gpxtpx:hr>107</gpxtpx:hr>
      </gpxtpx:TrackPointExtension>
     </extensions>
   </trkpt>
   <trkpt lat="-2.5899410" lon="-43.0747340">
    <ele>12.6</ele>
    <time>2026-06-17T10:50:38Z</time>
     <extensions>
      <gpxtpx:TrackPointExtension>
       <gpxtpx:hr>107</gpxtpx:hr>
      </gpxtpx:TrackPointExtension>
     </extensions>
   </trkpt>
   <trkpt lat="-2.5899310" lon="-43.0747750">
    <ele>12.6</ele>
    <time>2026-06-17T10:50:43Z</time>
     <extensions>
      <gpxtpx:TrackPointExtension>
       <gpxtpx:hr>109</gpxtpx:hr>
      </gpxtpx:TrackPointExtension>
     </extensions>
   </trkpt>
   <trkpt lat="-2.5899260" lon="-43.0747790">
    <ele>12.6</ele>
    <time>2026-06-17T10:50:48Z</time>
     <extensions>
      <gpxtpx:TrackPointExtension>
       <gpxtpx:hr>106</gpxtpx:hr>
      </gpxtpx:TrackPointExtension>
     </extensions>
   </trkpt>
   <trkpt lat="-2.5898990" lon="-43.0748140">
    <ele>12.6</ele>
    <time>2026-06-17T10:50:53Z</time>
     <extensions>
      <gpxtpx:TrackPointExtension>
       <gpxtpx:hr>106</gpxtpx:hr>
      </gpxtpx:TrackPointExtension>
     </extensions>
   </trkpt>
   <trkpt lat="-2.5898660" lon="-43.0748450">
    <ele>12.6</ele>
    <time>2026-06-17T10:50:58Z</time>
     <extensions>
      <gpxtpx:TrackPointExtension>
       <gpxtpx:hr>109</gpxtpx:hr>
      </gpxtpx:TrackPointExtension>
     </extensions>
   </trkpt>
   <trkpt lat="-2.5898430" lon="-43.0748820">
    <ele>12.6</ele>
    <time>2026-06-17T10:51:03Z</time>
     <extensions>
      <gpxtpx:TrackPointExtension>
       <gpxtpx:hr>109</gpxtpx:hr>
      </gpxtpx:TrackPointExtension>
     </extensions>
   </trkpt>
   <trkpt lat="-2.5898150" lon="-43.0749340">
    <ele>12.8</ele>
    <time>2026-06-17T10:51:08Z</time>
     <extensions>
      <gpxtpx:TrackPointExtension>
       <gpxtpx:hr>113</gpxtpx:hr>
      </gpxtpx:TrackPointExtension>
     </extensions>
   </trkpt>
   <trkpt lat="-2.5897870" lon="-43.0749790">
    <ele>12.8</ele>
    <time>2026-06-17T10:51:13Z</time>
     <extensions>
      <gpxtpx:TrackPointExtension>
       <gpxtpx:hr>117</gpxtpx:hr>
      </gpxtpx:TrackPointExtension>
     </extensions>
   </trkpt>
   <trkpt lat="-2.5897550" lon="-43.0750160">
    <ele>12.8</ele>
    <time>2026-06-17T10:51:18Z</time>
     <extensions>
      <gpxtpx:TrackPointExtension>
       <gpxtpx:hr>118</gpxtpx:hr>
      </gpxtpx:TrackPointExtension>
     </extensions>
   </trkpt>
   <trkpt lat="-2.5897230" lon="-43.0750530">
    <ele>12.8</ele>
    <time>2026-06-17T10:51:23Z</time>
     <extensions>
      <gpxtpx:TrackPointExtension>
       <gpxtpx:hr>117</gpxtpx:hr>
      </gpxtpx:TrackPointExtension>
     </extensions>
   </trkpt>
   <trkpt lat="-2.5896910" lon="-43.0750880">
    <ele>12.8</ele>
    <time>2026-06-17T10:51:28Z</time>
     <extensions>
      <gpxtpx:TrackPointExtension>
       <gpxtpx:hr>117</gpxtpx:hr>
      </gpxtpx:TrackPointExtension>
     </extensions>
   </trkpt>
   <trkpt lat="-2.5896540" lon="-43.0751230">
    <ele>12.8</ele>
    <time>2026-06-17T10:51:33Z</time>
     <extensions>
      <gpxtpx:TrackPointExtension>
       <gpxtpx:hr>115</gpxtpx:hr>
      </gpxtpx:TrackPointExtension>
     </extensions>
   </trkpt>
   <trkpt lat="-2.5896220" lon="-43.0751620">
    <ele>12.8</ele>
    <time>2026-06-17T10:51:38Z</time>
     <extensions>
      <gpxtpx:TrackPointExtension>
       <gpxtpx:hr>116</gpxtpx:hr>
      </gpxtpx:TrackPointExtension>
     </extensions>
   </trkpt>
   <trkpt lat="-2.5895970" lon="-43.0752040">
    <ele>13.0</ele>
    <time>2026-06-17T10:51:43Z</time>
     <extensions>
      <gpxtpx:TrackPointExtension>
       <gpxtpx:hr>116</gpxtpx:hr>
      </gpxtpx:TrackPointExtension>
     </extensions>
   </trkpt>
   <trkpt lat="-2.5895830" lon="-43.0752530">
    <ele>14.0</ele>
    <time>2026-06-17T10:51:48Z</time>
     <extensions>
      <gpxtpx:TrackPointExtension>
       <gpxtpx:hr>114</gpxtpx:hr>
      </gpxtpx:TrackPointExtension>
     </extensions>
   </trkpt>
   <trkpt lat="-2.5895690" lon="-43.0752990">
    <ele>15.8</ele>
    <time>2026-06-17T10:51:53Z</time>
     <extensions>
      <gpxtpx:TrackPointExtension>
       <gpxtpx:hr>114</gpxtpx:hr>
      </gpxtpx:TrackPointExtension>
     </extensions>
   </trkpt>
   <trkpt lat="-2.5895530" lon="-43.0753380">
    <ele>16.8</ele>
    <time>2026-06-17T10:51:58Z</time>
     <extensions>
      <gpxtpx:TrackPointExtension>
       <gpxtpx:hr>113</gpxtpx:hr>
      </gpxtpx:TrackPointExtension>
     </extensions>
   </trkpt>
   <trkpt lat="-2.5895370" lon="-43.0753820">
    <ele>16.8</ele>
    <time>2026-06-17T10:52:03Z</time>
     <extensions>
      <gpxtpx:TrackPointExtension>
       <gpxtpx:hr>113</gpxtpx:hr>
      </gpxtpx:TrackPointExtension>
     </extensions>
   </trkpt>
   <trkpt lat="-2.5895280" lon="-43.0754070">
    <ele>16.8</ele>
    <time>2026-06-17T10:52:08Z</time>
     <extensions>
      <gpxtpx:TrackPointExtension>
       <gpxtpx:hr>115</gpxtpx:hr>
      </gpxtpx:TrackPointExtension>
     </extensions>
   </trkpt>
   <trkpt lat="-2.5895290" lon="-43.0754210">
    <ele>17.0</ele>
    <time>2026-06-17T10:52:13Z</time>
     <extensions>
      <gpxtpx:TrackPointExtension>
       <gpxtpx:hr>111</gpxtpx:hr>
      </gpxtpx:TrackPointExtension>
     </extensions>
   </trkpt>
   <trkpt lat="-2.5895380" lon="-43.0754440">
    <ele>17.0</ele>
    <time>2026-06-17T10:52:18Z</time>
     <extensions>
      <gpxtpx:TrackPointExtension>
       <gpxtpx:hr>113</gpxtpx:hr>
      </gpxtpx:TrackPointExtension>
     </extensions>
   </trkpt>
   <trkpt lat="-2.5895380" lon="-43.0754420">
    <ele>16.8</ele>
    <time>2026-06-17T10:52:23Z</time>
     <extensions>
      <gpxtpx:TrackPointExtension>
       <gpxtpx:hr>115</gpxtpx:hr>
      </gpxtpx:TrackPointExtension>
     </extensions>
   </trkpt>
   <trkpt lat="-2.5895460" lon="-43.0754450">
    <ele>15.4</ele>
    <time>2026-06-17T10:52:28Z</time>
     <extensions>
      <gpxtpx:TrackPointExtension>
       <gpxtpx:hr>117</gpxtpx:hr>
      </gpxtpx:TrackPointExtension>
     </extensions>
   </trkpt>
   <trkpt lat="-2.5895350" lon="-43.0755410">
    <ele>19.6</ele>
    <time>2026-06-17T11:38:42Z</time>
     <extensions>
      <gpxtpx:TrackPointExtension>
       <gpxtpx:hr>117</gpxtpx:hr>
      </gpxtpx:TrackPointExtension>
     </extensions>
   </trkpt>
   <trkpt lat="-2.5895240" lon="-43.0755790">
    <ele>17.6</ele>
    <time>2026-06-17T11:38:47Z</time>
     <extensions>
      <gpxtpx:TrackPointExtension>
       <gpxtpx:hr>121</gpxtpx:hr>
      </gpxtpx:TrackPointExtension>
     </extensions>
   </trkpt>
   <trkpt lat="-2.5895120" lon="-43.0756210">
    <ele>17.2</ele>
    <time>2026-06-17T11:38:52Z</time>
     <extensions>
      <gpxtpx:TrackPointExtension>
       <gpxtpx:hr>120</gpxtpx:hr>
      </gpxtpx:TrackPointExtension>
     </extensions>
   </trkpt>
   <trkpt lat="-2.5894920" lon="-43.0756750">
    <ele>17.2</ele>
    <time>2026-06-17T11:38:57Z</time>
     <extensions>
      <gpxtpx:TrackPointExtension>
       <gpxtpx:hr>120</gpxtpx:hr>
      </gpxtpx:TrackPointExtension>
     </extensions>
   </trkpt>
   <trkpt lat="-2.5894750" lon="-43.0757300">
    <ele>17.2</ele>
    <time>2026-06-17T11:39:02Z</time>
     <extensions>
      <gpxtpx:TrackPointExtension>
       <gpxtpx:hr>120</gpxtpx:hr>
      </gpxtpx:TrackPointExtension>
     </extensions>
   </trkpt>
   <trkpt lat="-2.5894730" lon="-43.0757760">
    <ele>17.4</ele>
    <time>2026-06-17T11:39:07Z</time>
     <extensions>
      <gpxtpx:TrackPointExtension>
       <gpxtpx:hr>118</gpxtpx:hr>
      </gpxtpx:TrackPointExtension>
     </extensions>
   </trkpt>
   <trkpt lat="-2.5894690" lon="-43.0758250">
    <ele>17.8</ele>
    <time>2026-06-17T11:39:12Z</time>
     <extensions>
      <gpxtpx:TrackPointExtension>
       <gpxtpx:hr>118</gpxtpx:hr>
      </gpxtpx:TrackPointExtension>
     </extensions>
   </trkpt>
   <trkpt lat="-2.5894720" lon="-43.0758670">
    <ele>18.0</ele>
    <time>2026-06-17T11:39:17Z</time>
     <extensions>
      <gpxtpx:TrackPointExtension>
       <gpxtpx:hr>117</gpxtpx:hr>
      </gpxtpx:TrackPointExtension>
     </extensions>
   </trkpt>
   <trkpt lat="-2.5894700" lon="-43.0759190">
    <ele>18.2</ele>
    <time>2026-06-17T11:39:22Z</time>
     <extensions>
      <gpxtpx:TrackPointExtension>
       <gpxtpx:hr>115</gpxtpx:hr>
      </gpxtpx:TrackPointExtension>
     </extensions>
   </trkpt>
   <trkpt lat="-2.5894660" lon="-43.0759720">
    <ele>18.2</ele>
    <time>2026-06-17T11:39:27Z</time>
     <extensions>
      <gpxtpx:TrackPointExtension>
       <gpxtpx:hr>114</gpxtpx:hr>
      </gpxtpx:TrackPointExtension>
     </extensions>
   </trkpt>
   <trkpt lat="-2.5894650" lon="-43.0760170">
    <ele>18.4</ele>
    <time>2026-06-17T11:39:32Z</time>
     <extensions>
      <gpxtpx:TrackPointExtension>
       <gpxtpx:hr>112</gpxtpx:hr>
      </gpxtpx:TrackPointExtension>
     </extensions>
   </trkpt>
   <trkpt lat="-2.5894610" lon="-43.0760650">
    <ele>18.2</ele>
    <time>2026-06-17T11:39:37Z</time>
     <extensions>
      <gpxtpx:TrackPointExtension>
       <gpxtpx:hr>110</gpxtpx:hr>
      </gpxtpx:TrackPointExtension>
     </extensions>
   </trkpt>
   <trkpt lat="-2.5894530" lon="-43.0761080">
    <ele>18.2</ele>
    <time>2026-06-17T11:39:42Z</time>
     <extensions>
      <gpxtpx:TrackPointExtension>
       <gpxtpx:hr>110</gpxtpx:hr>
      </gpxtpx:TrackPointExtension>
     </extensions>
   </trkpt>
   <trkpt lat="-2.5894480" lon="-43.0761580">
    <ele>17.8</ele>
    <time>2026-06-17T11:39:47Z</time>
     <extensions>
      <gpxtpx:TrackPointExtension>
       <gpxtpx:hr>111</gpxtpx:hr>
      </gpxtpx:TrackPointExtension>
     </extensions>
   </trkpt>
   <trkpt lat="-2.5894320" lon="-43.0762120">
    <ele>17.6</ele>
    <time>2026-06-17T11:39:52Z</time>
     <extensions>
      <gpxtpx:TrackPointExtension>
       <gpxtpx:hr>108</gpxtpx:hr>
      </gpxtpx:TrackPointExtension>
     </extensions>
   </trkpt>
   <trkpt lat="-2.5894170" lon="-43.0762580">
    <ele>17.2</ele>
    <time>2026-06-17T11:39:57Z</time>
     <extensions>
      <gpxtpx:TrackPointExtension>
       <gpxtpx:hr>104</gpxtpx:hr>
      </gpxtpx:TrackPointExtension>
     </extensions>
   </trkpt>
   <trkpt lat="-2.5893910" lon="-43.0763120">
    <ele>17.0</ele>
    <time>2026-06-17T11:40:02Z</time>
     <extensions>
      <gpxtpx:TrackPointExtension>
       <gpxtpx:hr>104</gpxtpx:hr>
      </gpxtpx:TrackPointExtension>
     </extensions>
   </trkpt>
   <trkpt lat="-2.5893620" lon="-43.0763550">
    <ele>16.8</ele>
    <time>2026-06-17T11:40:07Z</time>
     <extensions>
      <gpxtpx:TrackPointExtension>
       <gpxtpx:hr>105</gpxtpx:hr>
      </gpxtpx:TrackPointExtension>
     </extensions>
   </trkpt>
   <trkpt lat="-2.5893190" lon="-43.0763870">
    <ele>16.4</ele>
    <time>2026-06-17T11:40:12Z</time>
     <extensions>
      <gpxtpx:TrackPointExtension>
       <gpxtpx:hr>105</gpxtpx:hr>
      </gpxtpx:TrackPointExtension>
     </extensions>
   </trkpt>
   <trkpt lat="-2.5892750" lon="-43.0764160">
    <ele>15.8</ele>
    <time>2026-06-17T11:40:17Z</time>
     <extensions>
      <gpxtpx:TrackPointExtension>
       <gpxtpx:hr>108</gpxtpx:hr>
      </gpxtpx:TrackPointExtension>
     </extensions>
   </trkpt>
   <trkpt lat="-2.5892330" lon="-43.0764300">
    <ele>15.6</ele>
    <time>2026-06-17T11:40:22Z</time>
     <extensions>
      <gpxtpx:TrackPointExtension>
       <gpxtpx:hr>109</gpxtpx:hr>
      </gpxtpx:TrackPointExtension>
     </extensions>
   </trkpt>
   <trkpt lat="-2.5891920" lon="-43.0764540">
    <ele>15.4</ele>
    <time>2026-06-17T11:40:27Z</time>
     <extensions>
      <gpxtpx:TrackPointExtension>
       <gpxtpx:hr>112</gpxtpx:hr>
      </gpxtpx:TrackPointExtension>
     </extensions>
   </trkpt>
   <trkpt lat="-2.5891550" lon="-43.0764780">
    <ele>15.2</ele>
    <time>2026-06-17T11:40:32Z</time>
     <extensions>
      <gpxtpx:TrackPointExtension>
       <gpxtpx:hr>112</gpxtpx:hr>
      </gpxtpx:TrackPointExtension>
     </extensions>
   </trkpt>
   <trkpt lat="-2.5891220" lon="-43.0764960">
    <ele>15.2</ele>
    <time>2026-06-17T11:40:37Z</time>
     <extensions>
      <gpxtpx:TrackPointExtension>
       <gpxtpx:hr>105</gpxtpx:hr>
      </gpxtpx:TrackPointExtension>
     </extensions>
   </trkpt>
   <trkpt lat="-2.5890990" lon="-43.0765040">
    <ele>15.2</ele>
    <time>2026-06-17T11:40:42Z</time>
     <extensions>
      <gpxtpx:TrackPointExtension>
       <gpxtpx:hr>107</gpxtpx:hr>
      </gpxtpx:TrackPointExtension>
     </extensions>
   </trkpt>
   <trkpt lat="-2.5890840" lon="-43.0765200">
    <ele>15.4</ele>
    <time>2026-06-17T11:40:47Z</time>
     <extensions>
      <gpxtpx:TrackPointExtension>
       <gpxtpx:hr>114</gpxtpx:hr>
      </gpxtpx:TrackPointExtension>
     </extensions>
   </trkpt>
   <trkpt lat="-2.5890640" lon="-43.0765340">
    <ele>15.4</ele>
    <time>2026-06-17T11:40:52Z</time>
     <extensions>
      <gpxtpx:TrackPointExtension>
       <gpxtpx:hr>115</gpxtpx:hr>
      </gpxtpx:TrackPointExtension>
     </extensions>
   </trkpt>
   <trkpt lat="-2.5890510" lon="-43.0765480">
    <ele>15.6</ele>
    <time>2026-06-17T11:40:57Z</time>
     <extensions>
      <gpxtpx:TrackPointExtension>
       <gpxtpx:hr>115</gpxtpx:hr>
      </gpxtpx:TrackPointExtension>
     </extensions>
   </trkpt>
   <trkpt lat="-2.5890400" lon="-43.0765630">
    <ele>15.4</ele>
    <time>2026-06-17T11:41:02Z</time>
     <extensions>
      <gpxtpx:TrackPointExtension>
       <gpxtpx:hr>124</gpxtpx:hr>
      </gpxtpx:TrackPointExtension>
     </extensions>
   </trkpt>
   <trkpt lat="-2.5890250" lon="-43.0765790">
    <ele>15.4</ele>
    <time>2026-06-17T11:41:07Z</time>
     <extensions>
      <gpxtpx:TrackPointExtension>
       <gpxtpx:hr>123</gpxtpx:hr>
      </gpxtpx:TrackPointExtension>
     </extensions>
   </trkpt>
   <trkpt lat="-2.5890150" lon="-43.0765920">
    <ele>15.2</ele>
    <time>2026-06-17T11:41:12Z</time>
     <extensions>
      <gpxtpx:TrackPointExtension>
       <gpxtpx:hr>123</gpxtpx:hr>
      </gpxtpx:TrackPointExtension>
     </extensions>
   </trkpt>
   <trkpt lat="-2.5890030" lon="-43.0766100">
    <ele>15.4</ele>
    <time>2026-06-17T11:41:17Z</time>
     <extensions>
      <gpxtpx:TrackPointExtension>
       <gpxtpx:hr>122</gpxtpx:hr>
      </gpxtpx:TrackPointExtension>
     </extensions>
   </trkpt>
   <trkpt lat="-2.5889820" lon="-43.0766220">
    <ele>15.6</ele>
    <time>2026-06-17T11:41:22Z</time>
     <extensions>
      <gpxtpx:TrackPointExtension>
       <gpxtpx:hr>129</gpxtpx:hr>
      </gpxtpx:TrackPointExtension>
     </extensions>
   </trkpt>
   <trkpt lat="-2.5889620" lon="-43.0766330">
    <ele>16.0</ele>
    <time>2026-06-17T11:41:27Z</time>
     <extensions>
      <gpxtpx:TrackPointExtension>
       <gpxtpx:hr>131</gpxtpx:hr>
      </gpxtpx:TrackPointExtension>
     </extensions>
   </trkpt>
   <trkpt lat="-2.5889440" lon="-43.0766450">
    <ele>16.2</ele>
    <time>2026-06-17T11:41:32Z</time>
     <extensions>
      <gpxtpx:TrackPointExtension>
       <gpxtpx:hr>130</gpxtpx:hr>
      </gpxtpx:TrackPointExtension>
     </extensions>
   </trkpt>
   <trkpt lat="-2.5889260" lon="-43.0766560">
    <ele>16.4</ele>
    <time>2026-06-17T11:41:37Z</time>
     <extensions>
      <gpxtpx:TrackPointExtension>
       <gpxtpx:hr>129</gpxtpx:hr>
      </gpxtpx:TrackPointExtension>
     </extensions>
   </trkpt>
   <trkpt lat="-2.5889050" lon="-43.0766670">
    <ele>16.6</ele>
    <time>2026-06-17T11:41:42Z</time>
     <extensions>
      <gpxtpx:TrackPointExtension>
       <gpxtpx:hr>132</gpxtpx:hr>
      </gpxtpx:TrackPointExtension>
     </extensions>
   </trkpt>
   <trkpt lat="-2.5888920" lon="-43.0766820">
    <ele>16.8</ele>
    <time>2026-06-17T11:41:47Z</time>
     <extensions>
      <gpxtpx:TrackPointExtension>
       <gpxtpx:hr>132</gpxtpx:hr>
      </gpxtpx:TrackPointExtension>
     </extensions>
   </trkpt>
   <trkpt lat="-2.5888650" lon="-43.0767010">
    <ele>16.8</ele>
    <time>2026-06-17T11:41:52Z</time>
     <extensions>
      <gpxtpx:TrackPointExtension>
       <gpxtpx:hr>133</gpxtpx:hr>
      </gpxtpx:TrackPointExtension>
     </extensions>
   </trkpt>
   <trkpt lat="-2.5888190" lon="-43.0767350">
    <ele>17.2</ele>
    <time>2026-06-17T11:41:57Z</time>
     <extensions>
      <gpxtpx:TrackPointExtension>
       <gpxtpx:hr>133</gpxtpx:hr>
      </gpxtpx:TrackPointExtension>
     </extensions>
   </trkpt>
   <trkpt lat="-2.5887540" lon="-43.0767380">
    <ele>17.2</ele>
    <time>2026-06-17T11:42:02Z</time>
     <extensions>
      <gpxtpx:TrackPointExtension>
       <gpxtpx:hr>134</gpxtpx:hr>
      </gpxtpx:TrackPointExtension>
     </extensions>
   </trkpt>
   <trkpt lat="-2.5887040" lon="-43.0767410">
    <ele>17.4</ele>
    <time>2026-06-17T11:42:07Z</time>
     <extensions>
      <gpxtpx:TrackPointExtension>
       <gpxtpx:hr>137</gpxtpx:hr>
      </gpxtpx:TrackPointExtension>
     </extensions>
   </trkpt>
   <trkpt lat="-2.5886580" lon="-43.0767410">
    <ele>17.2</ele>
    <time>2026-06-17T11:42:12Z</time>
     <extensions>
      <gpxtpx:TrackPointExtension>
       <gpxtpx:hr>137</gpxtpx:hr>
      </gpxtpx:TrackPointExtension>
     </extensions>
   </trkpt>
   <trkpt lat="-2.5886010" lon="-43.0767230">
    <ele>17.4</ele>
    <time>2026-06-17T11:42:17Z</time>
     <extensions>
      <gpxtpx:TrackPointExtension>
       <gpxtpx:hr>134</gpxtpx:hr>
      </gpxtpx:TrackPointExtension>
     </extensions>
   </trkpt>
   <trkpt lat="-2.5885450" lon="-43.0767120">
    <ele>17.4</ele>
    <time>2026-06-17T11:42:22Z</time>
     <extensions>
      <gpxtpx:TrackPointExtension>
       <gpxtpx:hr>134</gpxtpx:hr>
      </gpxtpx:TrackPointExtension>
     </extensions>
   </trkpt>
   <trkpt lat="-2.5884930" lon="-43.0767000">
    <ele>17.6</ele>
    <time>2026-06-17T11:42:27Z</time>
     <extensions>
      <gpxtpx:TrackPointExtension>
       <gpxtpx:hr>136</gpxtpx:hr>
      </gpxtpx:TrackPointExtension>
     </extensions>
   </trkpt>
   <trkpt lat="-2.5884460" lon="-43.0766950">
    <ele>18.0</ele>
    <time>2026-06-17T11:42:32Z</time>
     <extensions>
      <gpxtpx:TrackPointExtension>
       <gpxtpx:hr>132</gpxtpx:hr>
      </gpxtpx:TrackPointExtension>
     </extensions>
   </trkpt>
   <trkpt lat="-2.5883990" lon="-43.0766890">
    <ele>18.4</ele>
    <time>2026-06-17T11:42:37Z</time>
     <extensions>
      <gpxtpx:TrackPointExtension>
       <gpxtpx:hr>132</gpxtpx:hr>
      </gpxtpx:TrackPointExtension>
     </extensions>
   </trkpt>
   <trkpt lat="-2.5883470" lon="-43.0766880">
    <ele>19.0</ele>
    <time>2026-06-17T11:42:42Z</time>
     <extensions>
      <gpxtpx:TrackPointExtension>
       <gpxtpx:hr>132</gpxtpx:hr>
      </gpxtpx:TrackPointExtension>
     </extensions>
   </trkpt>
   <trkpt lat="-2.5882960" lon="-43.0766920">
    <ele>19.8</ele>
    <time>2026-06-17T11:42:47Z</time>
     <extensions>
      <gpxtpx:TrackPointExtension>
       <gpxtpx:hr>125</gpxtpx:hr>
      </gpxtpx:TrackPointExtension>
     </extensions>
   </trkpt>
   <trkpt lat="-2.5882390" lon="-43.0766960">
    <ele>20.4</ele>
    <time>2026-06-17T11:42:52Z</time>
     <extensions>
      <gpxtpx:TrackPointExtension>
       <gpxtpx:hr>125</gpxtpx:hr>
      </gpxtpx:TrackPointExtension>
     </extensions>
   </trkpt>
   <trkpt lat="-2.5881870" lon="-43.0766930">
    <ele>21.0</ele>
    <time>2026-06-17T11:42:57Z</time>
     <extensions>
      <gpxtpx:TrackPointExtension>
       <gpxtpx:hr>128</gpxtpx:hr>
      </gpxtpx:TrackPointExtension>
     </extensions>
   </trkpt>
   <trkpt lat="-2.5881420" lon="-43.0766930">
    <ele>21.4</ele>
    <time>2026-06-17T11:43:02Z</time>
     <extensions>
      <gpxtpx:TrackPointExtension>
       <gpxtpx:hr>123</gpxtpx:hr>
      </gpxtpx:TrackPointExtension>
     </extensions>
   </trkpt>
   <trkpt lat="-2.5880930" lon="-43.0766890">
    <ele>21.8</ele>
    <time>2026-06-17T11:43:07Z</time>
     <extensions>
      <gpxtpx:TrackPointExtension>
       <gpxtpx:hr>126</gpxtpx:hr>
      </gpxtpx:TrackPointExtension>
     </extensions>
   </trkpt>
   <trkpt lat="-2.5880380" lon="-43.0766920">
    <ele>22.2</ele>
    <time>2026-06-17T11:43:12Z</time>
     <extensions>
      <gpxtpx:TrackPointExtension>
       <gpxtpx:hr>126</gpxtpx:hr>
      </gpxtpx:TrackPointExtension>
     </extensions>
   </trkpt>
   <trkpt lat="-2.5879990" lon="-43.0767040">
    <ele>22.6</ele>
    <time>2026-06-17T11:43:17Z</time>
     <extensions>
      <gpxtpx:TrackPointExtension>
       <gpxtpx:hr>131</gpxtpx:hr>
      </gpxtpx:TrackPointExtension>
     </extensions>
   </trkpt>
   <trkpt lat="-2.5879550" lon="-43.0767230">
    <ele>22.8</ele>
    <time>2026-06-17T11:43:22Z</time>
     <extensions>
      <gpxtpx:TrackPointExtension>
       <gpxtpx:hr>130</gpxtpx:hr>
      </gpxtpx:TrackPointExtension>
     </extensions>
   </trkpt>
   <trkpt lat="-2.5879170" lon="-43.0767520">
    <ele>23.0</ele>
    <time>2026-06-17T11:43:27Z</time>
     <extensions>
      <gpxtpx:TrackPointExtension>
       <gpxtpx:hr>130</gpxtpx:hr>
      </gpxtpx:TrackPointExtension>
     </extensions>
   </trkpt>
   <trkpt lat="-2.5878810" lon="-43.0767810">
    <ele>23.0</ele>
    <time>2026-06-17T11:43:32Z</time>
     <extensions>
      <gpxtpx:TrackPointExtension>
       <gpxtpx:hr>124</gpxtpx:hr>
      </gpxtpx:TrackPointExtension>
     </extensions>
   </trkpt>
   <trkpt lat="-2.5878540" lon="-43.0768090">
    <ele>23.0</ele>
    <time>2026-06-17T11:43:37Z</time>
     <extensions>
      <gpxtpx:TrackPointExtension>
       <gpxtpx:hr>123</gpxtpx:hr>
      </gpxtpx:TrackPointExtension>
     </extensions>
   </trkpt>
   <trkpt lat="-2.5878340" lon="-43.0768480">
    <ele>23.0</ele>
    <time>2026-06-17T11:43:42Z</time>
     <extensions>
      <gpxtpx:TrackPointExtension>
       <gpxtpx:hr>119</gpxtpx:hr>
      </gpxtpx:TrackPointExtension>
     </extensions>
   </trkpt>
   <trkpt lat="-2.5878130" lon="-43.0768850">
    <ele>22.8</ele>
    <time>2026-06-17T11:43:47Z</time>
     <extensions>
      <gpxtpx:TrackPointExtension>
       <gpxtpx:hr>119</gpxtpx:hr>
      </gpxtpx:TrackPointExtension>
     </extensions>
   </trkpt>
   <trkpt lat="-2.5878000" lon="-43.0769300">
    <ele>22.6</ele>
    <time>2026-06-17T11:43:52Z</time>
     <extensions>
      <gpxtpx:TrackPointExtension>
       <gpxtpx:hr>118</gpxtpx:hr>
      </gpxtpx:TrackPointExtension>
     </extensions>
   </trkpt>
   <trkpt lat="-2.5877850" lon="-43.0769730">
    <ele>22.2</ele>
    <time>2026-06-17T11:43:57Z</time>
     <extensions>
      <gpxtpx:TrackPointExtension>
       <gpxtpx:hr>116</gpxtpx:hr>
      </gpxtpx:TrackPointExtension>
     </extensions>
   </trkpt>
   <trkpt lat="-2.5877720" lon="-43.0770140">
    <ele>21.8</ele>
    <time>2026-06-17T11:44:02Z</time>
     <extensions>
      <gpxtpx:TrackPointExtension>
       <gpxtpx:hr>112</gpxtpx:hr>
      </gpxtpx:TrackPointExtension>
     </extensions>
   </trkpt>
   <trkpt lat="-2.5877540" lon="-43.0770550">
    <ele>21.6</ele>
    <time>2026-06-17T11:44:07Z</time>
     <extensions>
      <gpxtpx:TrackPointExtension>
       <gpxtpx:hr>110</gpxtpx:hr>
      </gpxtpx:TrackPointExtension>
     </extensions>
   </trkpt>
   <trkpt lat="-2.5877270" lon="-43.0771060">
    <ele>21.4</ele>
    <time>2026-06-17T11:44:12Z</time>
     <extensions>
      <gpxtpx:TrackPointExtension>
       <gpxtpx:hr>110</gpxtpx:hr>
      </gpxtpx:TrackPointExtension>
     </extensions>
   </trkpt>
   <trkpt lat="-2.5876910" lon="-43.0771510">
    <ele>21.4</ele>
    <time>2026-06-17T11:44:17Z</time>
     <extensions>
      <gpxtpx:TrackPointExtension>
       <gpxtpx:hr>109</gpxtpx:hr>
      </gpxtpx:TrackPointExtension>
     </extensions>
   </trkpt>
   <trkpt lat="-2.5876580" lon="-43.0771950">
    <ele>21.6</ele>
    <time>2026-06-17T11:44:22Z</time>
     <extensions>
      <gpxtpx:TrackPointExtension>
       <gpxtpx:hr>105</gpxtpx:hr>
      </gpxtpx:TrackPointExtension>
     </extensions>
   </trkpt>
   <trkpt lat="-2.5876200" lon="-43.0772350">
    <ele>21.6</ele>
    <time>2026-06-17T11:44:27Z</time>
     <extensions>
      <gpxtpx:TrackPointExtension>
       <gpxtpx:hr>105</gpxtpx:hr>
      </gpxtpx:TrackPointExtension>
     </extensions>
   </trkpt>
   <trkpt lat="-2.5875860" lon="-43.0772770">
    <ele>21.6</ele>
    <time>2026-06-17T11:44:32Z</time>
     <extensions>
      <gpxtpx:TrackPointExtension>
       <gpxtpx:hr>108</gpxtpx:hr>
      </gpxtpx:TrackPointExtension>
     </extensions>
   </trkpt>
   <trkpt lat="-2.5875520" lon="-43.0773190">
    <ele>21.4</ele>
    <time>2026-06-17T11:44:37Z</time>
     <extensions>
      <gpxtpx:TrackPointExtension>
       <gpxtpx:hr>104</gpxtpx:hr>
      </gpxtpx:TrackPointExtension>
     </extensions>
   </trkpt>
   <trkpt lat="-2.5875200" lon="-43.0773560">
    <ele>21.2</ele>
    <time>2026-06-17T11:44:42Z</time>
     <extensions>
      <gpxtpx:TrackPointExtension>
       <gpxtpx:hr>104</gpxtpx:hr>
      </gpxtpx:TrackPointExtension>
     </extensions>
   </trkpt>
   <trkpt lat="-2.5874860" lon="-43.0773900">
    <ele>21.0</ele>
    <time>2026-06-17T11:44:47Z</time>
     <extensions>
      <gpxtpx:TrackPointExtension>
       <gpxtpx:hr>108</gpxtpx:hr>
      </gpxtpx:TrackPointExtension>
     </extensions>
   </trkpt>
   <trkpt lat="-2.5874550" lon="-43.0774320">
    <ele>20.8</ele>
    <time>2026-06-17T11:44:52Z</time>
     <extensions>
      <gpxtpx:TrackPointExtension>
       <gpxtpx:hr>108</gpxtpx:hr>
      </gpxtpx:TrackPointExtension>
     </extensions>
   </trkpt>
   <trkpt lat="-2.5874290" lon="-43.0774720">
    <ele>20.6</ele>
    <time>2026-06-17T11:44:57Z</time>
     <extensions>
      <gpxtpx:TrackPointExtension>
       <gpxtpx:hr>108</gpxtpx:hr>
      </gpxtpx:TrackPointExtension>
     </extensions>
   </trkpt>
   <trkpt lat="-2.5874030" lon="-43.0775130">
    <ele>20.4</ele>
    <time>2026-06-17T11:45:02Z</time>
     <extensions>
      <gpxtpx:TrackPointExtension>
       <gpxtpx:hr>108</gpxtpx:hr>
      </gpxtpx:TrackPointExtension>
     </extensions>
   </trkpt>
   <trkpt lat="-2.5873840" lon="-43.0775670">
    <ele>20.2</ele>
    <time>2026-06-17T11:45:07Z</time>
     <extensions>
      <gpxtpx:TrackPointExtension>
       <gpxtpx:hr>105</gpxtpx:hr>
      </gpxtpx:TrackPointExtension>
     </extensions>
   </trkpt>
   <trkpt lat="-2.5873700" lon="-43.0776080">
    <ele>20.0</ele>
    <time>2026-06-17T11:45:12Z</time>
     <extensions>
      <gpxtpx:TrackPointExtension>
       <gpxtpx:hr>105</gpxtpx:hr>
      </gpxtpx:TrackPointExtension>
     </extensions>
   </trkpt>
   <trkpt lat="-2.5873470" lon="-43.0776310">
    <ele>20.0</ele>
    <time>2026-06-17T11:45:17Z</time>
     <extensions>
      <gpxtpx:TrackPointExtension>
       <gpxtpx:hr>108</gpxtpx:hr>
      </gpxtpx:TrackPointExtension>
     </extensions>
   </trkpt>
   <trkpt lat="-2.5872980" lon="-43.0776260">
    <ele>19.8</ele>
    <time>2026-06-17T11:45:22Z</time>
     <extensions>
      <gpxtpx:TrackPointExtension>
       <gpxtpx:hr>104</gpxtpx:hr>
      </gpxtpx:TrackPointExtension>
     </extensions>
   </trkpt>
   <trkpt lat="-2.5872430" lon="-43.0776210">
    <ele>20.0</ele>
    <time>2026-06-17T11:45:27Z</time>
     <extensions>
      <gpxtpx:TrackPointExtension>
       <gpxtpx:hr>105</gpxtpx:hr>
      </gpxtpx:TrackPointExtension>
     </extensions>
   </trkpt>
   <trkpt lat="-2.5871890" lon="-43.0776240">
    <ele>20.0</ele>
    <time>2026-06-17T11:45:32Z</time>
     <extensions>
      <gpxtpx:TrackPointExtension>
       <gpxtpx:hr>105</gpxtpx:hr>
      </gpxtpx:TrackPointExtension>
     </extensions>
   </trkpt>
   <trkpt lat="-2.5871380" lon="-43.0776330">
    <ele>20.2</ele>
    <time>2026-06-17T11:45:37Z</time>
     <extensions>
      <gpxtpx:TrackPointExtension>
       <gpxtpx:hr>105</gpxtpx:hr>
      </gpxtpx:TrackPointExtension>
     </extensions>
   </trkpt>
   <trkpt lat="-2.5870870" lon="-43.0776500">
    <ele>20.2</ele>
    <time>2026-06-17T11:45:42Z</time>
     <extensions>
      <gpxtpx:TrackPointExtension>
       <gpxtpx:hr>105</gpxtpx:hr>
      </gpxtpx:TrackPointExtension>
     </extensions>
   </trkpt>
   <trkpt lat="-2.5870400" lon="-43.0776740">
    <ele>20.4</ele>
    <time>2026-06-17T11:45:47Z</time>
     <extensions>
      <gpxtpx:TrackPointExtension>
       <gpxtpx:hr>105</gpxtpx:hr>
      </gpxtpx:TrackPointExtension>
     </extensions>
   </trkpt>
   <trkpt lat="-2.5870030" lon="-43.0777010">
    <ele>20.8</ele>
    <time>2026-06-17T11:45:52Z</time>
     <extensions>
      <gpxtpx:TrackPointExtension>
       <gpxtpx:hr>105</gpxtpx:hr>
      </gpxtpx:TrackPointExtension>
     </extensions>
   </trkpt>
   <trkpt lat="-2.5869760" lon="-43.0777280">
    <ele>21.2</ele>
    <time>2026-06-17T11:45:57Z</time>
     <extensions>
      <gpxtpx:TrackPointExtension>
       <gpxtpx:hr>105</gpxtpx:hr>
      </gpxtpx:TrackPointExtension>
     </extensions>
   </trkpt>
   <trkpt lat="-2.5869530" lon="-43.0777520">
    <ele>21.6</ele>
    <time>2026-06-17T11:46:02Z</time>
     <extensions>
      <gpxtpx:TrackPointExtension>
       <gpxtpx:hr>103</gpxtpx:hr>
      </gpxtpx:TrackPointExtension>
     </extensions>
   </trkpt>
   <trkpt lat="-2.5869280" lon="-43.0777770">
    <ele>22.0</ele>
    <time>2026-06-17T11:46:07Z</time>
     <extensions>
      <gpxtpx:TrackPointExtension>
       <gpxtpx:hr>108</gpxtpx:hr>
      </gpxtpx:TrackPointExtension>
     </extensions>
   </trkpt>
   <trkpt lat="-2.5869080" lon="-43.0778110">
    <ele>22.4</ele>
    <time>2026-06-17T11:46:12Z</time>
     <extensions>
      <gpxtpx:TrackPointExtension>
       <gpxtpx:hr>114</gpxtpx:hr>
      </gpxtpx:TrackPointExtension>
     </extensions>
   </trkpt>
   <trkpt lat="-2.5868880" lon="-43.0778390">
    <ele>22.6</ele>
    <time>2026-06-17T11:46:17Z</time>
     <extensions>
      <gpxtpx:TrackPointExtension>
       <gpxtpx:hr>121</gpxtpx:hr>
      </gpxtpx:TrackPointExtension>
     </extensions>
   </trkpt>
   <trkpt lat="-2.5868720" lon="-43.0778730">
    <ele>22.8</ele>
    <time>2026-06-17T11:46:22Z</time>
     <extensions>
      <gpxtpx:TrackPointExtension>
       <gpxtpx:hr>123</gpxtpx:hr>
      </gpxtpx:TrackPointExtension>
     </extensions>
   </trkpt>
   <trkpt lat="-2.5868650" lon="-43.0778950">
    <ele>22.8</ele>
    <time>2026-06-17T11:46:27Z</time>
     <extensions>
      <gpxtpx:TrackPointExtension>
       <gpxtpx:hr>131</gpxtpx:hr>
      </gpxtpx:TrackPointExtension>
     </extensions>
   </trkpt>
   <trkpt lat="-2.5868760" lon="-43.0779270">
    <ele>22.8</ele>
    <time>2026-06-17T11:46:32Z</time>
     <extensions>
      <gpxtpx:TrackPointExtension>
       <gpxtpx:hr>130</gpxtpx:hr>
      </gpxtpx:TrackPointExtension>
     </extensions>
   </trkpt>
   <trkpt lat="-2.5869030" lon="-43.0779590">
    <ele>22.6</ele>
    <time>2026-06-17T11:46:37Z</time>
     <extensions>
      <gpxtpx:TrackPointExtension>
       <gpxtpx:hr>126</gpxtpx:hr>
      </gpxtpx:TrackPointExtension>
     </extensions>
   </trkpt>
   <trkpt lat="-2.5869370" lon="-43.0779900">
    <ele>22.2</ele>
    <time>2026-06-17T11:46:42Z</time>
     <extensions>
      <gpxtpx:TrackPointExtension>
       <gpxtpx:hr>126</gpxtpx:hr>
      </gpxtpx:TrackPointExtension>
     </extensions>
   </trkpt>
   <trkpt lat="-2.5869610" lon="-43.0780360">
    <ele>21.8</ele>
    <time>2026-06-17T11:46:47Z</time>
     <extensions>
      <gpxtpx:TrackPointExtension>
       <gpxtpx:hr>126</gpxtpx:hr>
      </gpxtpx:TrackPointExtension>
     </extensions>
   </trkpt>
   <trkpt lat="-2.5869820" lon="-43.0780810">
    <ele>21.4</ele>
    <time>2026-06-17T11:46:52Z</time>
     <extensions>
      <gpxtpx:TrackPointExtension>
       <gpxtpx:hr>119</gpxtpx:hr>
      </gpxtpx:TrackPointExtension>
     </extensions>
   </trkpt>
   <trkpt lat="-2.5869890" lon="-43.0781110">
    <ele>21.0</ele>
    <time>2026-06-17T11:46:57Z</time>
     <extensions>
      <gpxtpx:TrackPointExtension>
       <gpxtpx:hr>119</gpxtpx:hr>
      </gpxtpx:TrackPointExtension>
     </extensions>
   </trkpt>
   <trkpt lat="-2.5869890" lon="-43.0781500">
    <ele>20.8</ele>
    <time>2026-06-17T11:47:02Z</time>
     <extensions>
      <gpxtpx:TrackPointExtension>
       <gpxtpx:hr>115</gpxtpx:hr>
      </gpxtpx:TrackPointExtension>
     </extensions>
   </trkpt>
   <trkpt lat="-2.5870010" lon="-43.0781930">
    <ele>20.6</ele>
    <time>2026-06-17T11:47:07Z</time>
     <extensions>
      <gpxtpx:TrackPointExtension>
       <gpxtpx:hr>115</gpxtpx:hr>
      </gpxtpx:TrackPointExtension>
     </extensions>
   </trkpt>
   <trkpt lat="-2.5870090" lon="-43.0782300">
    <ele>20.6</ele>
    <time>2026-06-17T11:47:12Z</time>
     <extensions>
      <gpxtpx:TrackPointExtension>
       <gpxtpx:hr>116</gpxtpx:hr>
      </gpxtpx:TrackPointExtension>
     </extensions>
   </trkpt>
   <trkpt lat="-2.5870120" lon="-43.0782730">
    <ele>20.4</ele>
    <time>2026-06-17T11:47:17Z</time>
     <extensions>
      <gpxtpx:TrackPointExtension>
       <gpxtpx:hr>122</gpxtpx:hr>
      </gpxtpx:TrackPointExtension>
     </extensions>
   </trkpt>
   <trkpt lat="-2.5870070" lon="-43.0783150">
    <ele>20.2</ele>
    <time>2026-06-17T11:47:22Z</time>
     <extensions>
      <gpxtpx:TrackPointExtension>
       <gpxtpx:hr>122</gpxtpx:hr>
      </gpxtpx:TrackPointExtension>
     </extensions>
   </trkpt>
   <trkpt lat="-2.5869880" lon="-43.0783560">
    <ele>20.2</ele>
    <time>2026-06-17T11:47:27Z</time>
     <extensions>
      <gpxtpx:TrackPointExtension>
       <gpxtpx:hr>112</gpxtpx:hr>
      </gpxtpx:TrackPointExtension>
     </extensions>
   </trkpt>
   <trkpt lat="-2.5869680" lon="-43.0784060">
    <ele>20.2</ele>
    <time>2026-06-17T11:47:32Z</time>
     <extensions>
      <gpxtpx:TrackPointExtension>
       <gpxtpx:hr>110</gpxtpx:hr>
      </gpxtpx:TrackPointExtension>
     </extensions>
   </trkpt>
   <trkpt lat="-2.5869480" lon="-43.0784580">
    <ele>20.2</ele>
    <time>2026-06-17T11:47:37Z</time>
     <extensions>
      <gpxtpx:TrackPointExtension>
       <gpxtpx:hr>113</gpxtpx:hr>
      </gpxtpx:TrackPointExtension>
     </extensions>
   </trkpt>
   <trkpt lat="-2.5869240" lon="-43.0785050">
    <ele>20.4</ele>
    <time>2026-06-17T11:47:42Z</time>
     <extensions>
      <gpxtpx:TrackPointExtension>
       <gpxtpx:hr>113</gpxtpx:hr>
      </gpxtpx:TrackPointExtension>
     </extensions>
   </trkpt>
   <trkpt lat="-2.5868910" lon="-43.0785400">
    <ele>20.6</ele>
    <time>2026-06-17T11:47:47Z</time>
     <extensions>
      <gpxtpx:TrackPointExtension>
       <gpxtpx:hr>107</gpxtpx:hr>
      </gpxtpx:TrackPointExtension>
     </extensions>
   </trkpt>
   <trkpt lat="-2.5868630" lon="-43.0785660">
    <ele>20.8</ele>
    <time>2026-06-17T11:47:52Z</time>
     <extensions>
      <gpxtpx:TrackPointExtension>
       <gpxtpx:hr>113</gpxtpx:hr>
      </gpxtpx:TrackPointExtension>
     </extensions>
   </trkpt>
   <trkpt lat="-2.5868370" lon="-43.0785910">
    <ele>21.0</ele>
    <time>2026-06-17T11:47:57Z</time>
     <extensions>
      <gpxtpx:TrackPointExtension>
       <gpxtpx:hr>113</gpxtpx:hr>
      </gpxtpx:TrackPointExtension>
     </extensions>
   </trkpt>
   <trkpt lat="-2.5868120" lon="-43.0786130">
    <ele>21.4</ele>
    <time>2026-06-17T11:48:02Z</time>
     <extensions>
      <gpxtpx:TrackPointExtension>
       <gpxtpx:hr>121</gpxtpx:hr>
      </gpxtpx:TrackPointExtension>
     </extensions>
   </trkpt>
   <trkpt lat="-2.5867810" lon="-43.0786320">
    <ele>21.6</ele>
    <time>2026-06-17T11:48:07Z</time>
     <extensions>
      <gpxtpx:TrackPointExtension>
       <gpxtpx:hr>123</gpxtpx:hr>
      </gpxtpx:TrackPointExtension>
     </extensions>
   </trkpt>
   <trkpt lat="-2.5867540" lon="-43.0786560">
    <ele>21.8</ele>
    <time>2026-06-17T11:48:12Z</time>
     <extensions>
      <gpxtpx:TrackPointExtension>
       <gpxtpx:hr>127</gpxtpx:hr>
      </gpxtpx:TrackPointExtension>
     </extensions>
   </trkpt>
   <trkpt lat="-2.5867220" lon="-43.0786860">
    <ele>22.0</ele>
    <time>2026-06-17T11:48:17Z</time>
     <extensions>
      <gpxtpx:TrackPointExtension>
       <gpxtpx:hr>127</gpxtpx:hr>
      </gpxtpx:TrackPointExtension>
     </extensions>
   </trkpt>
   <trkpt lat="-2.5866880" lon="-43.0787220">
    <ele>22.2</ele>
    <time>2026-06-17T11:48:22Z</time>
     <extensions>
      <gpxtpx:TrackPointExtension>
       <gpxtpx:hr>138</gpxtpx:hr>
      </gpxtpx:TrackPointExtension>
     </extensions>
   </trkpt>
   <trkpt lat="-2.5866540" lon="-43.0787480">
    <ele>22.0</ele>
    <time>2026-06-17T11:48:27Z</time>
     <extensions>
      <gpxtpx:TrackPointExtension>
       <gpxtpx:hr>138</gpxtpx:hr>
      </gpxtpx:TrackPointExtension>
     </extensions>
   </trkpt>
   <trkpt lat="-2.5866200" lon="-43.0787730">
    <ele>21.8</ele>
    <time>2026-06-17T11:48:32Z</time>
     <extensions>
      <gpxtpx:TrackPointExtension>
       <gpxtpx:hr>139</gpxtpx:hr>
      </gpxtpx:TrackPointExtension>
     </extensions>
   </trkpt>
   <trkpt lat="-2.5865840" lon="-43.0787990">
    <ele>21.6</ele>
    <time>2026-06-17T11:48:37Z</time>
     <extensions>
      <gpxtpx:TrackPointExtension>
       <gpxtpx:hr>137</gpxtpx:hr>
      </gpxtpx:TrackPointExtension>
     </extensions>
   </trkpt>
   <trkpt lat="-2.5865470" lon="-43.0788260">
    <ele>21.4</ele>
    <time>2026-06-17T11:48:42Z</time>
     <extensions>
      <gpxtpx:TrackPointExtension>
       <gpxtpx:hr>131</gpxtpx:hr>
      </gpxtpx:TrackPointExtension>
     </extensions>
   </trkpt>
   <trkpt lat="-2.5865100" lon="-43.0788400">
    <ele>21.4</ele>
    <time>2026-06-17T11:48:47Z</time>
     <extensions>
      <gpxtpx:TrackPointExtension>
       <gpxtpx:hr>131</gpxtpx:hr>
      </gpxtpx:TrackPointExtension>
     </extensions>
   </trkpt>
   <trkpt lat="-2.5864760" lon="-43.0788580">
    <ele>21.0</ele>
    <time>2026-06-17T11:48:52Z</time>
     <extensions>
      <gpxtpx:TrackPointExtension>
       <gpxtpx:hr>123</gpxtpx:hr>
      </gpxtpx:TrackPointExtension>
     </extensions>
   </trkpt>
   <trkpt lat="-2.5864400" lon="-43.0788890">
    <ele>20.8</ele>
    <time>2026-06-17T11:48:57Z</time>
     <extensions>
      <gpxtpx:TrackPointExtension>
       <gpxtpx:hr>123</gpxtpx:hr>
      </gpxtpx:TrackPointExtension>
     </extensions>
   </trkpt>
   <trkpt lat="-2.5864050" lon="-43.0789270">
    <ele>20.6</ele>
    <time>2026-06-17T11:49:02Z</time>
     <extensions>
      <gpxtpx:TrackPointExtension>
       <gpxtpx:hr>109</gpxtpx:hr>
      </gpxtpx:TrackPointExtension>
     </extensions>
   </trkpt>
   <trkpt lat="-2.5863710" lon="-43.0789690">
    <ele>20.4</ele>
    <time>2026-06-17T11:49:07Z</time>
     <extensions>
      <gpxtpx:TrackPointExtension>
       <gpxtpx:hr>109</gpxtpx:hr>
      </gpxtpx:TrackPointExtension>
     </extensions>
   </trkpt>
   <trkpt lat="-2.5863370" lon="-43.0790060">
    <ele>20.2</ele>
    <time>2026-06-17T11:49:12Z</time>
     <extensions>
      <gpxtpx:TrackPointExtension>
       <gpxtpx:hr>102</gpxtpx:hr>
      </gpxtpx:TrackPointExtension>
     </extensions>
   </trkpt>
   <trkpt lat="-2.5863020" lon="-43.0790450">
    <ele>20.2</ele>
    <time>2026-06-17T11:49:17Z</time>
     <extensions>
      <gpxtpx:TrackPointExtension>
       <gpxtpx:hr>101</gpxtpx:hr>
      </gpxtpx:TrackPointExtension>
     </extensions>
   </trkpt>
   <trkpt lat="-2.5862710" lon="-43.0790870">
    <ele>20.2</ele>
    <time>2026-06-17T11:49:22Z</time>
     <extensions>
      <gpxtpx:TrackPointExtension>
       <gpxtpx:hr>102</gpxtpx:hr>
      </gpxtpx:TrackPointExtension>
     </extensions>
   </trkpt>
   <trkpt lat="-2.5862360" lon="-43.0791210">
    <ele>20.2</ele>
    <time>2026-06-17T11:49:27Z</time>
     <extensions>
      <gpxtpx:TrackPointExtension>
       <gpxtpx:hr>102</gpxtpx:hr>
      </gpxtpx:TrackPointExtension>
     </extensions>
   </trkpt>
   <trkpt lat="-2.5862030" lon="-43.0791530">
    <ele>20.4</ele>
    <time>2026-06-17T11:49:32Z</time>
     <extensions>
      <gpxtpx:TrackPointExtension>
       <gpxtpx:hr>97</gpxtpx:hr>
      </gpxtpx:TrackPointExtension>
     </extensions>
   </trkpt>
   <trkpt lat="-2.5861650" lon="-43.0791840">
    <ele>20.2</ele>
    <time>2026-06-17T11:49:37Z</time>
     <extensions>
      <gpxtpx:TrackPointExtension>
       <gpxtpx:hr>97</gpxtpx:hr>
      </gpxtpx:TrackPointExtension>
     </extensions>
   </trkpt>
   <trkpt lat="-2.5861270" lon="-43.0792120">
    <ele>20.2</ele>
    <time>2026-06-17T11:49:42Z</time>
     <extensions>
      <gpxtpx:TrackPointExtension>
       <gpxtpx:hr>103</gpxtpx:hr>
      </gpxtpx:TrackPointExtension>
     </extensions>
   </trkpt>
   <trkpt lat="-2.5860890" lon="-43.0792440">
    <ele>20.2</ele>
    <time>2026-06-17T11:49:47Z</time>
     <extensions>
      <gpxtpx:TrackPointExtension>
       <gpxtpx:hr>103</gpxtpx:hr>
      </gpxtpx:TrackPointExtension>
     </extensions>
   </trkpt>
   <trkpt lat="-2.5860540" lon="-43.0792750">
    <ele>20.2</ele>
    <time>2026-06-17T11:49:52Z</time>
     <extensions>
      <gpxtpx:TrackPointExtension>
       <gpxtpx:hr>103</gpxtpx:hr>
      </gpxtpx:TrackPointExtension>
     </extensions>
   </trkpt>
   <trkpt lat="-2.5860200" lon="-43.0793060">
    <ele>20.2</ele>
    <time>2026-06-17T11:49:57Z</time>
     <extensions>
      <gpxtpx:TrackPointExtension>
       <gpxtpx:hr>99</gpxtpx:hr>
      </gpxtpx:TrackPointExtension>
     </extensions>
   </trkpt>
   <trkpt lat="-2.5859780" lon="-43.0793370">
    <ele>20.0</ele>
    <time>2026-06-17T11:50:02Z</time>
     <extensions>
      <gpxtpx:TrackPointExtension>
       <gpxtpx:hr>99</gpxtpx:hr>
      </gpxtpx:TrackPointExtension>
     </extensions>
   </trkpt>
   <trkpt lat="-2.5859460" lon="-43.0793660">
    <ele>20.0</ele>
    <time>2026-06-17T11:50:07Z</time>
     <extensions>
      <gpxtpx:TrackPointExtension>
       <gpxtpx:hr>99</gpxtpx:hr>
      </gpxtpx:TrackPointExtension>
     </extensions>
   </trkpt>
   <trkpt lat="-2.5859070" lon="-43.0793870">
    <ele>19.8</ele>
    <time>2026-06-17T11:50:12Z</time>
     <extensions>
      <gpxtpx:TrackPointExtension>
       <gpxtpx:hr>99</gpxtpx:hr>
      </gpxtpx:TrackPointExtension>
     </extensions>
   </trkpt>
   <trkpt lat="-2.5858670" lon="-43.0794030">
    <ele>19.8</ele>
    <time>2026-06-17T11:50:17Z</time>
     <extensions>
      <gpxtpx:TrackPointExtension>
       <gpxtpx:hr>101</gpxtpx:hr>
      </gpxtpx:TrackPointExtension>
     </extensions>
   </trkpt>
   <trkpt lat="-2.5858250" lon="-43.0794320">
    <ele>19.8</ele>
    <time>2026-06-17T11:50:22Z</time>
     <extensions>
      <gpxtpx:TrackPointExtension>
       <gpxtpx:hr>101</gpxtpx:hr>
      </gpxtpx:TrackPointExtension>
     </extensions>
   </trkpt>
   <trkpt lat="-2.5857870" lon="-43.0794660">
    <ele>19.8</ele>
    <time>2026-06-17T11:50:27Z</time>
     <extensions>
      <gpxtpx:TrackPointExtension>
       <gpxtpx:hr>99</gpxtpx:hr>
      </gpxtpx:TrackPointExtension>
     </extensions>
   </trkpt>
   <trkpt lat="-2.5857490" lon="-43.0794980">
    <ele>19.6</ele>
    <time>2026-06-17T11:50:32Z</time>
     <extensions>
      <gpxtpx:TrackPointExtension>
       <gpxtpx:hr>98</gpxtpx:hr>
      </gpxtpx:TrackPointExtension>
     </extensions>
   </trkpt>
   <trkpt lat="-2.5857110" lon="-43.0795190">
    <ele>19.6</ele>
    <time>2026-06-17T11:50:37Z</time>
     <extensions>
      <gpxtpx:TrackPointExtension>
       <gpxtpx:hr>97</gpxtpx:hr>
      </gpxtpx:TrackPointExtension>
     </extensions>
   </trkpt>
   <trkpt lat="-2.5856860" lon="-43.0795410">
    <ele>19.6</ele>
    <time>2026-06-17T11:50:42Z</time>
     <extensions>
      <gpxtpx:TrackPointExtension>
       <gpxtpx:hr>97</gpxtpx:hr>
      </gpxtpx:TrackPointExtension>
     </extensions>
   </trkpt>
   <trkpt lat="-2.5856770" lon="-43.0795490">
    <ele>19.8</ele>
    <time>2026-06-17T11:50:47Z</time>
     <extensions>
      <gpxtpx:TrackPointExtension>
       <gpxtpx:hr>102</gpxtpx:hr>
      </gpxtpx:TrackPointExtension>
     </extensions>
   </trkpt>
   <trkpt lat="-2.5856790" lon="-43.0795470">
    <ele>19.8</ele>
    <time>2026-06-17T11:50:52Z</time>
     <extensions>
      <gpxtpx:TrackPointExtension>
       <gpxtpx:hr>97</gpxtpx:hr>
      </gpxtpx:TrackPointExtension>
     </extensions>
   </trkpt>
   <trkpt lat="-2.5856760" lon="-43.0795500">
    <ele>19.8</ele>
    <time>2026-06-17T11:50:57Z</time>
     <extensions>
      <gpxtpx:TrackPointExtension>
       <gpxtpx:hr>97</gpxtpx:hr>
      </gpxtpx:TrackPointExtension>
     </extensions>
   </trkpt>
   <trkpt lat="-2.5856690" lon="-43.0795490">
    <ele>19.6</ele>
    <time>2026-06-17T11:51:02Z</time>
     <extensions>
      <gpxtpx:TrackPointExtension>
       <gpxtpx:hr>96</gpxtpx:hr>
      </gpxtpx:TrackPointExtension>
     </extensions>
   </trkpt>
   <trkpt lat="-2.5856700" lon="-43.0795430">
    <ele>19.6</ele>
    <time>2026-06-17T11:51:07Z</time>
     <extensions>
      <gpxtpx:TrackPointExtension>
       <gpxtpx:hr>99</gpxtpx:hr>
      </gpxtpx:TrackPointExtension>
     </extensions>
   </trkpt>
   <trkpt lat="-2.5856720" lon="-43.0795410">
    <ele>19.6</ele>
    <time>2026-06-17T11:51:12Z</time>
     <extensions>
      <gpxtpx:TrackPointExtension>
       <gpxtpx:hr>107</gpxtpx:hr>
      </gpxtpx:TrackPointExtension>
     </extensions>
   </trkpt>
   <trkpt lat="-2.5856710" lon="-43.0795400">
    <ele>19.8</ele>
    <time>2026-06-17T11:51:17Z</time>
     <extensions>
      <gpxtpx:TrackPointExtension>
       <gpxtpx:hr>102</gpxtpx:hr>
      </gpxtpx:TrackPointExtension>
     </extensions>
   </trkpt>
   <trkpt lat="-2.5856710" lon="-43.0795400">
    <ele>19.8</ele>
    <time>2026-06-17T11:51:22Z</time>
     <extensions>
      <gpxtpx:TrackPointExtension>
       <gpxtpx:hr>104</gpxtpx:hr>
      </gpxtpx:TrackPointExtension>
     </extensions>
   </trkpt>
   <trkpt lat="-2.5856710" lon="-43.0795400">
    <ele>20.0</ele>
    <time>2026-06-17T11:51:27Z</time>
     <extensions>
      <gpxtpx:TrackPointExtension>
       <gpxtpx:hr>104</gpxtpx:hr>
      </gpxtpx:TrackPointExtension>
     </extensions>
   </trkpt>
   <trkpt lat="-2.5856710" lon="-43.0795380">
    <ele>20.0</ele>
    <time>2026-06-17T11:51:32Z</time>
     <extensions>
      <gpxtpx:TrackPointExtension>
       <gpxtpx:hr>97</gpxtpx:hr>
      </gpxtpx:TrackPointExtension>
     </extensions>
   </trkpt>
   <trkpt lat="-2.5856700" lon="-43.0795370">
    <ele>20.0</ele>
    <time>2026-06-17T11:51:37Z</time>
     <extensions>
      <gpxtpx:TrackPointExtension>
       <gpxtpx:hr>92</gpxtpx:hr>
      </gpxtpx:TrackPointExtension>
     </extensions>
   </trkpt>
   <trkpt lat="-2.5856700" lon="-43.0795350">
    <ele>20.0</ele>
    <time>2026-06-17T11:51:42Z</time>
     <extensions>
      <gpxtpx:TrackPointExtension>
       <gpxtpx:hr>92</gpxtpx:hr>
      </gpxtpx:TrackPointExtension>
     </extensions>
   </trkpt>
   <trkpt lat="-2.5856690" lon="-43.0795350">
    <ele>20.2</ele>
    <time>2026-06-17T11:51:47Z</time>
     <extensions>
      <gpxtpx:TrackPointExtension>
       <gpxtpx:hr>97</gpxtpx:hr>
      </gpxtpx:TrackPointExtension>
     </extensions>
   </trkpt>
   <trkpt lat="-2.5856710" lon="-43.0795390">
    <ele>20.2</ele>
    <time>2026-06-17T11:51:52Z</time>
     <extensions>
      <gpxtpx:TrackPointExtension>
       <gpxtpx:hr>97</gpxtpx:hr>
      </gpxtpx:TrackPointExtension>
     </extensions>
   </trkpt>
   <trkpt lat="-2.5856750" lon="-43.0795420">
    <ele>20.4</ele>
    <time>2026-06-17T11:51:57Z</time>
     <extensions>
      <gpxtpx:TrackPointExtension>
       <gpxtpx:hr>101</gpxtpx:hr>
      </gpxtpx:TrackPointExtension>
     </extensions>
   </trkpt>
   <trkpt lat="-2.5856730" lon="-43.0795430">
    <ele>20.4</ele>
    <time>2026-06-17T11:52:02Z</time>
     <extensions>
      <gpxtpx:TrackPointExtension>
       <gpxtpx:hr>97</gpxtpx:hr>
      </gpxtpx:TrackPointExtension>
     </extensions>
   </trkpt>
   <trkpt lat="-2.5856740" lon="-43.0795380">
    <ele>20.2</ele>
    <time>2026-06-17T11:52:07Z</time>
     <extensions>
      <gpxtpx:TrackPointExtension>
       <gpxtpx:hr>97</gpxtpx:hr>
      </gpxtpx:TrackPointExtension>
     </extensions>
   </trkpt>
   <trkpt lat="-2.5856740" lon="-43.0795310">
    <ele>20.2</ele>
    <time>2026-06-17T11:52:12Z</time>
     <extensions>
      <gpxtpx:TrackPointExtension>
       <gpxtpx:hr>95</gpxtpx:hr>
      </gpxtpx:TrackPointExtension>
     </extensions>
   </trkpt>
   <trkpt lat="-2.5856720" lon="-43.0795320">
    <ele>20.0</ele>
    <time>2026-06-17T11:52:17Z</time>
     <extensions>
      <gpxtpx:TrackPointExtension>
       <gpxtpx:hr>92</gpxtpx:hr>
      </gpxtpx:TrackPointExtension>
     </extensions>
   </trkpt>
   <trkpt lat="-2.5856740" lon="-43.0795300">
    <ele>19.8</ele>
    <time>2026-06-17T11:52:22Z</time>
     <extensions>
      <gpxtpx:TrackPointExtension>
       <gpxtpx:hr>93</gpxtpx:hr>
      </gpxtpx:TrackPointExtension>
     </extensions>
   </trkpt>
   <trkpt lat="-2.5856740" lon="-43.0795380">
    <ele>20.0</ele>
    <time>2026-06-17T11:52:27Z</time>
     <extensions>
      <gpxtpx:TrackPointExtension>
       <gpxtpx:hr>97</gpxtpx:hr>
      </gpxtpx:TrackPointExtension>
     </extensions>
   </trkpt>
   <trkpt lat="-2.5856750" lon="-43.0795390">
    <ele>20.2</ele>
    <time>2026-06-17T11:52:32Z</time>
     <extensions>
      <gpxtpx:TrackPointExtension>
       <gpxtpx:hr>97</gpxtpx:hr>
      </gpxtpx:TrackPointExtension>
     </extensions>
   </trkpt>
   <trkpt lat="-2.5856810" lon="-43.0795360">
    <ele>20.4</ele>
    <time>2026-06-17T11:52:37Z</time>
     <extensions>
      <gpxtpx:TrackPointExtension>
       <gpxtpx:hr>97</gpxtpx:hr>
      </gpxtpx:TrackPointExtension>
     </extensions>
   </trkpt>
   <trkpt lat="-2.5856810" lon="-43.0795360">
    <ele>20.4</ele>
    <time>2026-06-17T11:52:42Z</time>
     <extensions>
      <gpxtpx:TrackPointExtension>
       <gpxtpx:hr>98</gpxtpx:hr>
      </gpxtpx:TrackPointExtension>
     </extensions>
   </trkpt>
   <trkpt lat="-2.5856770" lon="-43.0795370">
    <ele>20.2</ele>
    <time>2026-06-17T11:52:47Z</time>
     <extensions>
      <gpxtpx:TrackPointExtension>
       <gpxtpx:hr>101</gpxtpx:hr>
      </gpxtpx:TrackPointExtension>
     </extensions>
   </trkpt>
   <trkpt lat="-2.5856690" lon="-43.0795450">
    <ele>20.2</ele>
    <time>2026-06-17T11:52:52Z</time>
     <extensions>
      <gpxtpx:TrackPointExtension>
       <gpxtpx:hr>104</gpxtpx:hr>
      </gpxtpx:TrackPointExtension>
     </extensions>
   </trkpt>
   <trkpt lat="-2.5856490" lon="-43.0795620">
    <ele>20.0</ele>
    <time>2026-06-17T11:52:57Z</time>
     <extensions>
      <gpxtpx:TrackPointExtension>
       <gpxtpx:hr>103</gpxtpx:hr>
      </gpxtpx:TrackPointExtension>
     </extensions>
   </trkpt>
   <trkpt lat="-2.5856220" lon="-43.0795830">
    <ele>19.8</ele>
    <time>2026-06-17T11:53:02Z</time>
     <extensions>
      <gpxtpx:TrackPointExtension>
       <gpxtpx:hr>107</gpxtpx:hr>
      </gpxtpx:TrackPointExtension>
     </extensions>
   </trkpt>
   <trkpt lat="-2.5855890" lon="-43.0795990">
    <ele>19.8</ele>
    <time>2026-06-17T11:53:07Z</time>
     <extensions>
      <gpxtpx:TrackPointExtension>
       <gpxtpx:hr>107</gpxtpx:hr>
      </gpxtpx:TrackPointExtension>
     </extensions>
   </trkpt>
   <trkpt lat="-2.5855650" lon="-43.0796040">
    <ele>19.8</ele>
    <time>2026-06-17T11:53:12Z</time>
     <extensions>
      <gpxtpx:TrackPointExtension>
       <gpxtpx:hr>104</gpxtpx:hr>
      </gpxtpx:TrackPointExtension>
     </extensions>
   </trkpt>
   <trkpt lat="-2.5855530" lon="-43.0796120">
    <ele>19.8</ele>
    <time>2026-06-17T11:53:17Z</time>
     <extensions>
      <gpxtpx:TrackPointExtension>
       <gpxtpx:hr>105</gpxtpx:hr>
      </gpxtpx:TrackPointExtension>
     </extensions>
   </trkpt>
   <trkpt lat="-2.5855420" lon="-43.0796190">
    <ele>19.8</ele>
    <time>2026-06-17T11:53:22Z</time>
     <extensions>
      <gpxtpx:TrackPointExtension>
       <gpxtpx:hr>109</gpxtpx:hr>
      </gpxtpx:TrackPointExtension>
     </extensions>
   </trkpt>
   <trkpt lat="-2.5855230" lon="-43.0796400">
    <ele>20.0</ele>
    <time>2026-06-17T11:53:28Z</time>
     <extensions>
      <gpxtpx:TrackPointExtension>
       <gpxtpx:hr>110</gpxtpx:hr>
      </gpxtpx:TrackPointExtension>
     </extensions>
   </trkpt>
   <trkpt lat="-2.5855050" lon="-43.0796670">
    <ele>20.0</ele>
    <time>2026-06-17T11:53:33Z</time>
     <extensions>
      <gpxtpx:TrackPointExtension>
       <gpxtpx:hr>109</gpxtpx:hr>
      </gpxtpx:TrackPointExtension>
     </extensions>
   </trkpt>
   <trkpt lat="-2.5854940" lon="-43.0796920">
    <ele>20.0</ele>
    <time>2026-06-17T11:53:38Z</time>
     <extensions>
      <gpxtpx:TrackPointExtension>
       <gpxtpx:hr>110</gpxtpx:hr>
      </gpxtpx:TrackPointExtension>
     </extensions>
   </trkpt>
   <trkpt lat="-2.5854760" lon="-43.0797140">
    <ele>19.8</ele>
    <time>2026-06-17T11:53:43Z</time>
     <extensions>
      <gpxtpx:TrackPointExtension>
       <gpxtpx:hr>123</gpxtpx:hr>
      </gpxtpx:TrackPointExtension>
     </extensions>
   </trkpt>
   <trkpt lat="-2.5854520" lon="-43.0797330">
    <ele>19.8</ele>
    <time>2026-06-17T11:53:48Z</time>
     <extensions>
      <gpxtpx:TrackPointExtension>
       <gpxtpx:hr>122</gpxtpx:hr>
      </gpxtpx:TrackPointExtension>
     </extensions>
   </trkpt>
   <trkpt lat="-2.5854190" lon="-43.0797660">
    <ele>19.8</ele>
    <time>2026-06-17T11:53:53Z</time>
     <extensions>
      <gpxtpx:TrackPointExtension>
       <gpxtpx:hr>120</gpxtpx:hr>
      </gpxtpx:TrackPointExtension>
     </extensions>
   </trkpt>
   <trkpt lat="-2.5853960" lon="-43.0797780">
    <ele>20.0</ele>
    <time>2026-06-17T11:53:58Z</time>
     <extensions>
      <gpxtpx:TrackPointExtension>
       <gpxtpx:hr>124</gpxtpx:hr>
      </gpxtpx:TrackPointExtension>
     </extensions>
   </trkpt>
   <trkpt lat="-2.5853670" lon="-43.0797850">
    <ele>20.0</ele>
    <time>2026-06-17T11:54:03Z</time>
     <extensions>
      <gpxtpx:TrackPointExtension>
       <gpxtpx:hr>124</gpxtpx:hr>
      </gpxtpx:TrackPointExtension>
     </extensions>
   </trkpt>
   <trkpt lat="-2.5853240" lon="-43.0797890">
    <ele>20.0</ele>
    <time>2026-06-17T11:54:08Z</time>
     <extensions>
      <gpxtpx:TrackPointExtension>
       <gpxtpx:hr>124</gpxtpx:hr>
      </gpxtpx:TrackPointExtension>
     </extensions>
   </trkpt>
   <trkpt lat="-2.5852770" lon="-43.0798090">
    <ele>19.8</ele>
    <time>2026-06-17T11:54:14Z</time>
     <extensions>
      <gpxtpx:TrackPointExtension>
       <gpxtpx:hr>131</gpxtpx:hr>
      </gpxtpx:TrackPointExtension>
     </extensions>
   </trkpt>
   <trkpt lat="-2.5852310" lon="-43.0798390">
    <ele>19.6</ele>
    <time>2026-06-17T11:54:20Z</time>
     <extensions>
      <gpxtpx:TrackPointExtension>
       <gpxtpx:hr>131</gpxtpx:hr>
      </gpxtpx:TrackPointExtension>
     </extensions>
   </trkpt>
   <trkpt lat="-2.5852130" lon="-43.0798780">
    <ele>19.4</ele>
    <time>2026-06-17T11:54:25Z</time>
     <extensions>
      <gpxtpx:TrackPointExtension>
       <gpxtpx:hr>131</gpxtpx:hr>
      </gpxtpx:TrackPointExtension>
     </extensions>
   </trkpt>
   <trkpt lat="-2.5851890" lon="-43.0799210">
    <ele>19.4</ele>
    <time>2026-06-17T11:54:30Z</time>
     <extensions>
      <gpxtpx:TrackPointExtension>
       <gpxtpx:hr>130</gpxtpx:hr>
      </gpxtpx:TrackPointExtension>
     </extensions>
   </trkpt>
   <trkpt lat="-2.5851650" lon="-43.0799580">
    <ele>19.2</ele>
    <time>2026-06-17T11:54:35Z</time>
     <extensions>
      <gpxtpx:TrackPointExtension>
       <gpxtpx:hr>130</gpxtpx:hr>
      </gpxtpx:TrackPointExtension>
     </extensions>
   </trkpt>
   <trkpt lat="-2.5851360" lon="-43.0799910">
    <ele>19.0</ele>
    <time>2026-06-17T11:54:40Z</time>
     <extensions>
      <gpxtpx:TrackPointExtension>
       <gpxtpx:hr>130</gpxtpx:hr>
      </gpxtpx:TrackPointExtension>
     </extensions>
   </trkpt>
   <trkpt lat="-2.5851090" lon="-43.0800320">
    <ele>18.8</ele>
    <time>2026-06-17T11:54:45Z</time>
     <extensions>
      <gpxtpx:TrackPointExtension>
       <gpxtpx:hr>116</gpxtpx:hr>
      </gpxtpx:TrackPointExtension>
     </extensions>
   </trkpt>
   <trkpt lat="-2.5850940" lon="-43.0800790">
    <ele>18.6</ele>
    <time>2026-06-17T11:54:50Z</time>
     <extensions>
      <gpxtpx:TrackPointExtension>
       <gpxtpx:hr>116</gpxtpx:hr>
      </gpxtpx:TrackPointExtension>
     </extensions>
   </trkpt>
   <trkpt lat="-2.5850800" lon="-43.0801220">
    <ele>18.6</ele>
    <time>2026-06-17T11:54:55Z</time>
     <extensions>
      <gpxtpx:TrackPointExtension>
       <gpxtpx:hr>122</gpxtpx:hr>
      </gpxtpx:TrackPointExtension>
     </extensions>
   </trkpt>
   <trkpt lat="-2.5850770" lon="-43.0801680">
    <ele>18.8</ele>
    <time>2026-06-17T11:55:00Z</time>
     <extensions>
      <gpxtpx:TrackPointExtension>
       <gpxtpx:hr>116</gpxtpx:hr>
      </gpxtpx:TrackPointExtension>
     </extensions>
   </trkpt>
   <trkpt lat="-2.5850710" lon="-43.0802170">
    <ele>19.0</ele>
    <time>2026-06-17T11:55:05Z</time>
     <extensions>
      <gpxtpx:TrackPointExtension>
       <gpxtpx:hr>115</gpxtpx:hr>
      </gpxtpx:TrackPointExtension>
     </extensions>
   </trkpt>
   <trkpt lat="-2.5850500" lon="-43.0802560">
    <ele>19.2</ele>
    <time>2026-06-17T11:55:10Z</time>
     <extensions>
      <gpxtpx:TrackPointExtension>
       <gpxtpx:hr>115</gpxtpx:hr>
      </gpxtpx:TrackPointExtension>
     </extensions>
   </trkpt>
   <trkpt lat="-2.5850190" lon="-43.0802980">
    <ele>19.4</ele>
    <time>2026-06-17T11:55:15Z</time>
     <extensions>
      <gpxtpx:TrackPointExtension>
       <gpxtpx:hr>121</gpxtpx:hr>
      </gpxtpx:TrackPointExtension>
     </extensions>
   </trkpt>
   <trkpt lat="-2.5849920" lon="-43.0803410">
    <ele>19.6</ele>
    <time>2026-06-17T11:55:20Z</time>
     <extensions>
      <gpxtpx:TrackPointExtension>
       <gpxtpx:hr>119</gpxtpx:hr>
      </gpxtpx:TrackPointExtension>
     </extensions>
   </trkpt>
   <trkpt lat="-2.5849640" lon="-43.0803850">
    <ele>19.6</ele>
    <time>2026-06-17T11:55:25Z</time>
     <extensions>
      <gpxtpx:TrackPointExtension>
       <gpxtpx:hr>119</gpxtpx:hr>
      </gpxtpx:TrackPointExtension>
     </extensions>
   </trkpt>
   <trkpt lat="-2.5849400" lon="-43.0804310">
    <ele>19.6</ele>
    <time>2026-06-17T11:55:30Z</time>
     <extensions>
      <gpxtpx:TrackPointExtension>
       <gpxtpx:hr>114</gpxtpx:hr>
      </gpxtpx:TrackPointExtension>
     </extensions>
   </trkpt>
   <trkpt lat="-2.5849170" lon="-43.0804790">
    <ele>19.8</ele>
    <time>2026-06-17T11:55:35Z</time>
     <extensions>
      <gpxtpx:TrackPointExtension>
       <gpxtpx:hr>114</gpxtpx:hr>
      </gpxtpx:TrackPointExtension>
     </extensions>
   </trkpt>
   <trkpt lat="-2.5848860" lon="-43.0805160">
    <ele>19.8</ele>
    <time>2026-06-17T11:55:40Z</time>
     <extensions>
      <gpxtpx:TrackPointExtension>
       <gpxtpx:hr>105</gpxtpx:hr>
      </gpxtpx:TrackPointExtension>
     </extensions>
   </trkpt>
   <trkpt lat="-2.5848460" lon="-43.0805530">
    <ele>19.8</ele>
    <time>2026-06-17T11:55:45Z</time>
     <extensions>
      <gpxtpx:TrackPointExtension>
       <gpxtpx:hr>110</gpxtpx:hr>
      </gpxtpx:TrackPointExtension>
     </extensions>
   </trkpt>
   <trkpt lat="-2.5848000" lon="-43.0805890">
    <ele>20.0</ele>
    <time>2026-06-17T11:55:50Z</time>
     <extensions>
      <gpxtpx:TrackPointExtension>
       <gpxtpx:hr>110</gpxtpx:hr>
      </gpxtpx:TrackPointExtension>
     </extensions>
   </trkpt>
   <trkpt lat="-2.5847670" lon="-43.0806200">
    <ele>20.0</ele>
    <time>2026-06-17T11:55:55Z</time>
     <extensions>
      <gpxtpx:TrackPointExtension>
       <gpxtpx:hr>112</gpxtpx:hr>
      </gpxtpx:TrackPointExtension>
     </extensions>
   </trkpt>
   <trkpt lat="-2.5847390" lon="-43.0806550">
    <ele>20.0</ele>
    <time>2026-06-17T11:56:00Z</time>
     <extensions>
      <gpxtpx:TrackPointExtension>
       <gpxtpx:hr>118</gpxtpx:hr>
      </gpxtpx:TrackPointExtension>
     </extensions>
   </trkpt>
   <trkpt lat="-2.5847080" lon="-43.0806900">
    <ele>20.2</ele>
    <time>2026-06-17T11:56:05Z</time>
     <extensions>
      <gpxtpx:TrackPointExtension>
       <gpxtpx:hr>115</gpxtpx:hr>
      </gpxtpx:TrackPointExtension>
     </extensions>
   </trkpt>
   <trkpt lat="-2.5846830" lon="-43.0807230">
    <ele>20.2</ele>
    <time>2026-06-17T11:56:10Z</time>
     <extensions>
      <gpxtpx:TrackPointExtension>
       <gpxtpx:hr>109</gpxtpx:hr>
      </gpxtpx:TrackPointExtension>
     </extensions>
   </trkpt>
   <trkpt lat="-2.5846470" lon="-43.0807480">
    <ele>20.2</ele>
    <time>2026-06-17T11:56:15Z</time>
     <extensions>
      <gpxtpx:TrackPointExtension>
       <gpxtpx:hr>109</gpxtpx:hr>
      </gpxtpx:TrackPointExtension>
     </extensions>
   </trkpt>
   <trkpt lat="-2.5846200" lon="-43.0807870">
    <ele>20.2</ele>
    <time>2026-06-17T11:56:20Z</time>
     <extensions>
      <gpxtpx:TrackPointExtension>
       <gpxtpx:hr>111</gpxtpx:hr>
      </gpxtpx:TrackPointExtension>
     </extensions>
   </trkpt>
   <trkpt lat="-2.5845940" lon="-43.0808320">
    <ele>20.2</ele>
    <time>2026-06-17T11:56:25Z</time>
     <extensions>
      <gpxtpx:TrackPointExtension>
       <gpxtpx:hr>109</gpxtpx:hr>
      </gpxtpx:TrackPointExtension>
     </extensions>
   </trkpt>
   <trkpt lat="-2.5845650" lon="-43.0808750">
    <ele>20.2</ele>
    <time>2026-06-17T11:56:30Z</time>
     <extensions>
      <gpxtpx:TrackPointExtension>
       <gpxtpx:hr>111</gpxtpx:hr>
      </gpxtpx:TrackPointExtension>
     </extensions>
   </trkpt>
   <trkpt lat="-2.5845370" lon="-43.0809100">
    <ele>20.2</ele>
    <time>2026-06-17T11:56:35Z</time>
     <extensions>
      <gpxtpx:TrackPointExtension>
       <gpxtpx:hr>111</gpxtpx:hr>
      </gpxtpx:TrackPointExtension>
     </extensions>
   </trkpt>
   <trkpt lat="-2.5845080" lon="-43.0809430">
    <ele>20.4</ele>
    <time>2026-06-17T11:56:40Z</time>
     <extensions>
      <gpxtpx:TrackPointExtension>
       <gpxtpx:hr>113</gpxtpx:hr>
      </gpxtpx:TrackPointExtension>
     </extensions>
   </trkpt>
   <trkpt lat="-2.5844850" lon="-43.0809580">
    <ele>20.4</ele>
    <time>2026-06-17T11:56:45Z</time>
     <extensions>
      <gpxtpx:TrackPointExtension>
       <gpxtpx:hr>113</gpxtpx:hr>
      </gpxtpx:TrackPointExtension>
     </extensions>
   </trkpt>
   <trkpt lat="-2.5844820" lon="-43.0809650">
    <ele>20.4</ele>
    <time>2026-06-17T11:56:50Z</time>
     <extensions>
      <gpxtpx:TrackPointExtension>
       <gpxtpx:hr>114</gpxtpx:hr>
      </gpxtpx:TrackPointExtension>
     </extensions>
   </trkpt>
   <trkpt lat="-2.5844680" lon="-43.0809910">
    <ele>20.4</ele>
    <time>2026-06-17T11:56:55Z</time>
     <extensions>
      <gpxtpx:TrackPointExtension>
       <gpxtpx:hr>114</gpxtpx:hr>
      </gpxtpx:TrackPointExtension>
     </extensions>
   </trkpt>
   <trkpt lat="-2.5844410" lon="-43.0810310">
    <ele>20.2</ele>
    <time>2026-06-17T11:57:00Z</time>
     <extensions>
      <gpxtpx:TrackPointExtension>
       <gpxtpx:hr>117</gpxtpx:hr>
      </gpxtpx:TrackPointExtension>
     </extensions>
   </trkpt>
   <trkpt lat="-2.5844220" lon="-43.0810840">
    <ele>20.0</ele>
    <time>2026-06-17T11:57:05Z</time>
     <extensions>
      <gpxtpx:TrackPointExtension>
       <gpxtpx:hr>119</gpxtpx:hr>
      </gpxtpx:TrackPointExtension>
     </extensions>
   </trkpt>
   <trkpt lat="-2.5844060" lon="-43.0811300">
    <ele>20.0</ele>
    <time>2026-06-17T11:57:10Z</time>
     <extensions>
      <gpxtpx:TrackPointExtension>
       <gpxtpx:hr>116</gpxtpx:hr>
      </gpxtpx:TrackPointExtension>
     </extensions>
   </trkpt>
   <trkpt lat="-2.5843800" lon="-43.0811770">
    <ele>19.8</ele>
    <time>2026-06-17T11:57:15Z</time>
     <extensions>
      <gpxtpx:TrackPointExtension>
       <gpxtpx:hr>116</gpxtpx:hr>
      </gpxtpx:TrackPointExtension>
     </extensions>
   </trkpt>
   <trkpt lat="-2.5843490" lon="-43.0812210">
    <ele>19.8</ele>
    <time>2026-06-17T11:57:20Z</time>
     <extensions>
      <gpxtpx:TrackPointExtension>
       <gpxtpx:hr>113</gpxtpx:hr>
      </gpxtpx:TrackPointExtension>
     </extensions>
   </trkpt>
   <trkpt lat="-2.5843180" lon="-43.0812460">
    <ele>19.8</ele>
    <time>2026-06-17T11:57:25Z</time>
     <extensions>
      <gpxtpx:TrackPointExtension>
       <gpxtpx:hr>118</gpxtpx:hr>
      </gpxtpx:TrackPointExtension>
     </extensions>
   </trkpt>
   <trkpt lat="-2.5842890" lon="-43.0812650">
    <ele>19.6</ele>
    <time>2026-06-17T11:57:30Z</time>
     <extensions>
      <gpxtpx:TrackPointExtension>
       <gpxtpx:hr>118</gpxtpx:hr>
      </gpxtpx:TrackPointExtension>
     </extensions>
   </trkpt>
   <trkpt lat="-2.5842660" lon="-43.0812960">
    <ele>19.6</ele>
    <time>2026-06-17T11:57:35Z</time>
     <extensions>
      <gpxtpx:TrackPointExtension>
       <gpxtpx:hr>113</gpxtpx:hr>
      </gpxtpx:TrackPointExtension>
     </extensions>
   </trkpt>
   <trkpt lat="-2.5842510" lon="-43.0813360">
    <ele>19.4</ele>
    <time>2026-06-17T11:57:40Z</time>
     <extensions>
      <gpxtpx:TrackPointExtension>
       <gpxtpx:hr>113</gpxtpx:hr>
      </gpxtpx:TrackPointExtension>
     </extensions>
   </trkpt>
   <trkpt lat="-2.5842340" lon="-43.0813690">
    <ele>19.4</ele>
    <time>2026-06-17T11:57:45Z</time>
     <extensions>
      <gpxtpx:TrackPointExtension>
       <gpxtpx:hr>114</gpxtpx:hr>
      </gpxtpx:TrackPointExtension>
     </extensions>
   </trkpt>
   <trkpt lat="-2.5842180" lon="-43.0814110">
    <ele>19.2</ele>
    <time>2026-06-17T11:57:50Z</time>
     <extensions>
      <gpxtpx:TrackPointExtension>
       <gpxtpx:hr>122</gpxtpx:hr>
      </gpxtpx:TrackPointExtension>
     </extensions>
   </trkpt>
   <trkpt lat="-2.5842010" lon="-43.0814550">
    <ele>19.2</ele>
    <time>2026-06-17T11:57:55Z</time>
     <extensions>
      <gpxtpx:TrackPointExtension>
       <gpxtpx:hr>127</gpxtpx:hr>
      </gpxtpx:TrackPointExtension>
     </extensions>
   </trkpt>
   <trkpt lat="-2.5841760" lon="-43.0814960">
    <ele>19.0</ele>
    <time>2026-06-17T11:58:00Z</time>
     <extensions>
      <gpxtpx:TrackPointExtension>
       <gpxtpx:hr>127</gpxtpx:hr>
      </gpxtpx:TrackPointExtension>
     </extensions>
   </trkpt>
   <trkpt lat="-2.5841450" lon="-43.0815370">
    <ele>19.0</ele>
    <time>2026-06-17T11:58:05Z</time>
     <extensions>
      <gpxtpx:TrackPointExtension>
       <gpxtpx:hr>126</gpxtpx:hr>
      </gpxtpx:TrackPointExtension>
     </extensions>
   </trkpt>
   <trkpt lat="-2.5841210" lon="-43.0815790">
    <ele>18.8</ele>
    <time>2026-06-17T11:58:10Z</time>
     <extensions>
      <gpxtpx:TrackPointExtension>
       <gpxtpx:hr>117</gpxtpx:hr>
      </gpxtpx:TrackPointExtension>
     </extensions>
   </trkpt>
   <trkpt lat="-2.5841040" lon="-43.0816160">
    <ele>19.0</ele>
    <time>2026-06-17T11:58:15Z</time>
     <extensions>
      <gpxtpx:TrackPointExtension>
       <gpxtpx:hr>123</gpxtpx:hr>
      </gpxtpx:TrackPointExtension>
     </extensions>
   </trkpt>
   <trkpt lat="-2.5840850" lon="-43.0816570">
    <ele>19.0</ele>
    <time>2026-06-17T11:58:20Z</time>
     <extensions>
      <gpxtpx:TrackPointExtension>
       <gpxtpx:hr>123</gpxtpx:hr>
      </gpxtpx:TrackPointExtension>
     </extensions>
   </trkpt>
   <trkpt lat="-2.5840520" lon="-43.0816830">
    <ele>19.2</ele>
    <time>2026-06-17T11:58:25Z</time>
     <extensions>
      <gpxtpx:TrackPointExtension>
       <gpxtpx:hr>112</gpxtpx:hr>
      </gpxtpx:TrackPointExtension>
     </extensions>
   </trkpt>
   <trkpt lat="-2.5840510" lon="-43.0817270">
    <ele>19.4</ele>
    <time>2026-06-17T11:58:30Z</time>
     <extensions>
      <gpxtpx:TrackPointExtension>
       <gpxtpx:hr>112</gpxtpx:hr>
      </gpxtpx:TrackPointExtension>
     </extensions>
   </trkpt>
   <trkpt lat="-2.5840400" lon="-43.0817700">
    <ele>19.8</ele>
    <time>2026-06-17T11:58:35Z</time>
     <extensions>
      <gpxtpx:TrackPointExtension>
       <gpxtpx:hr>114</gpxtpx:hr>
      </gpxtpx:TrackPointExtension>
     </extensions>
   </trkpt>
   <trkpt lat="-2.5840240" lon="-43.0818060">
    <ele>20.0</ele>
    <time>2026-06-17T11:58:40Z</time>
     <extensions>
      <gpxtpx:TrackPointExtension>
       <gpxtpx:hr>118</gpxtpx:hr>
      </gpxtpx:TrackPointExtension>
     </extensions>
   </trkpt>
   <trkpt lat="-2.5840020" lon="-43.0818550">
    <ele>20.4</ele>
    <time>2026-06-17T11:58:45Z</time>
     <extensions>
      <gpxtpx:TrackPointExtension>
       <gpxtpx:hr>118</gpxtpx:hr>
      </gpxtpx:TrackPointExtension>
     </extensions>
   </trkpt>
   <trkpt lat="-2.5839700" lon="-43.0819050">
    <ele>20.6</ele>
    <time>2026-06-17T11:58:50Z</time>
     <extensions>
      <gpxtpx:TrackPointExtension>
       <gpxtpx:hr>126</gpxtpx:hr>
      </gpxtpx:TrackPointExtension>
     </extensions>
   </trkpt>
   <trkpt lat="-2.5839320" lon="-43.0819440">
    <ele>20.8</ele>
    <time>2026-06-17T11:58:55Z</time>
     <extensions>
      <gpxtpx:TrackPointExtension>
       <gpxtpx:hr>126</gpxtpx:hr>
      </gpxtpx:TrackPointExtension>
     </extensions>
   </trkpt>
   <trkpt lat="-2.5838960" lon="-43.0819800">
    <ele>21.0</ele>
    <time>2026-06-17T11:59:00Z</time>
     <extensions>
      <gpxtpx:TrackPointExtension>
       <gpxtpx:hr>134</gpxtpx:hr>
      </gpxtpx:TrackPointExtension>
     </extensions>
   </trkpt>
   <trkpt lat="-2.5838530" lon="-43.0820190">
    <ele>21.0</ele>
    <time>2026-06-17T11:59:05Z</time>
     <extensions>
      <gpxtpx:TrackPointExtension>
       <gpxtpx:hr>138</gpxtpx:hr>
      </gpxtpx:TrackPointExtension>
     </extensions>
   </trkpt>
   <trkpt lat="-2.5838050" lon="-43.0820450">
    <ele>20.8</ele>
    <time>2026-06-17T11:59:10Z</time>
     <extensions>
      <gpxtpx:TrackPointExtension>
       <gpxtpx:hr>136</gpxtpx:hr>
      </gpxtpx:TrackPointExtension>
     </extensions>
   </trkpt>
   <trkpt lat="-2.5837520" lon="-43.0820590">
    <ele>20.8</ele>
    <time>2026-06-17T11:59:15Z</time>
     <extensions>
      <gpxtpx:TrackPointExtension>
       <gpxtpx:hr>136</gpxtpx:hr>
      </gpxtpx:TrackPointExtension>
     </extensions>
   </trkpt>
   <trkpt lat="-2.5837170" lon="-43.0820820">
    <ele>20.8</ele>
    <time>2026-06-17T11:59:20Z</time>
     <extensions>
      <gpxtpx:TrackPointExtension>
       <gpxtpx:hr>137</gpxtpx:hr>
      </gpxtpx:TrackPointExtension>
     </extensions>
   </trkpt>
   <trkpt lat="-2.5837200" lon="-43.0820780">
    <ele>20.6</ele>
    <time>2026-06-17T11:59:25Z</time>
     <extensions>
      <gpxtpx:TrackPointExtension>
       <gpxtpx:hr>144</gpxtpx:hr>
      </gpxtpx:TrackPointExtension>
     </extensions>
   </trkpt>
   <trkpt lat="-2.5837000" lon="-43.0820930">
    <ele>20.2</ele>
    <time>2026-06-17T11:59:30Z</time>
     <extensions>
      <gpxtpx:TrackPointExtension>
       <gpxtpx:hr>144</gpxtpx:hr>
      </gpxtpx:TrackPointExtension>
     </extensions>
   </trkpt>
   <trkpt lat="-2.5836790" lon="-43.0820980">
    <ele>20.0</ele>
    <time>2026-06-17T11:59:35Z</time>
     <extensions>
      <gpxtpx:TrackPointExtension>
       <gpxtpx:hr>139</gpxtpx:hr>
      </gpxtpx:TrackPointExtension>
     </extensions>
   </trkpt>
   <trkpt lat="-2.5836770" lon="-43.0821080">
    <ele>19.6</ele>
    <time>2026-06-17T11:59:40Z</time>
     <extensions>
      <gpxtpx:TrackPointExtension>
       <gpxtpx:hr>133</gpxtpx:hr>
      </gpxtpx:TrackPointExtension>
     </extensions>
   </trkpt>
   <trkpt lat="-2.5836710" lon="-43.0821220">
    <ele>19.4</ele>
    <time>2026-06-17T11:59:45Z</time>
     <extensions>
      <gpxtpx:TrackPointExtension>
       <gpxtpx:hr>130</gpxtpx:hr>
      </gpxtpx:TrackPointExtension>
     </extensions>
   </trkpt>
   <trkpt lat="-2.5836620" lon="-43.0821260">
    <ele>19.6</ele>
    <time>2026-06-17T11:59:50Z</time>
     <extensions>
      <gpxtpx:TrackPointExtension>
       <gpxtpx:hr>130</gpxtpx:hr>
      </gpxtpx:TrackPointExtension>
     </extensions>
   </trkpt>
   <trkpt lat="-2.5836410" lon="-43.0821500">
    <ele>19.8</ele>
    <time>2026-06-17T11:59:55Z</time>
     <extensions>
      <gpxtpx:TrackPointExtension>
       <gpxtpx:hr>124</gpxtpx:hr>
      </gpxtpx:TrackPointExtension>
     </extensions>
   </trkpt>
   <trkpt lat="-2.5836080" lon="-43.0821860">
    <ele>19.8</ele>
    <time>2026-06-17T12:00:00Z</time>
     <extensions>
      <gpxtpx:TrackPointExtension>
       <gpxtpx:hr>120</gpxtpx:hr>
      </gpxtpx:TrackPointExtension>
     </extensions>
   </trkpt>
   <trkpt lat="-2.5835680" lon="-43.0822160">
    <ele>19.6</ele>
    <time>2026-06-17T12:00:05Z</time>
     <extensions>
      <gpxtpx:TrackPointExtension>
       <gpxtpx:hr>126</gpxtpx:hr>
      </gpxtpx:TrackPointExtension>
     </extensions>
   </trkpt>
   <trkpt lat="-2.5835360" lon="-43.0822530">
    <ele>19.2</ele>
    <time>2026-06-17T12:00:10Z</time>
     <extensions>
      <gpxtpx:TrackPointExtension>
       <gpxtpx:hr>126</gpxtpx:hr>
      </gpxtpx:TrackPointExtension>
     </extensions>
   </trkpt>
   <trkpt lat="-2.5835000" lon="-43.0822740">
    <ele>18.8</ele>
    <time>2026-06-17T12:00:15Z</time>
     <extensions>
      <gpxtpx:TrackPointExtension>
       <gpxtpx:hr>122</gpxtpx:hr>
      </gpxtpx:TrackPointExtension>
     </extensions>
   </trkpt>
   <trkpt lat="-2.5834650" lon="-43.0823010">
    <ele>18.2</ele>
    <time>2026-06-17T12:00:20Z</time>
     <extensions>
      <gpxtpx:TrackPointExtension>
       <gpxtpx:hr>122</gpxtpx:hr>
      </gpxtpx:TrackPointExtension>
     </extensions>
   </trkpt>
   <trkpt lat="-2.5834420" lon="-43.0823390">
    <ele>17.8</ele>
    <time>2026-06-17T12:00:25Z</time>
     <extensions>
      <gpxtpx:TrackPointExtension>
       <gpxtpx:hr>116</gpxtpx:hr>
      </gpxtpx:TrackPointExtension>
     </extensions>
   </trkpt>
   <trkpt lat="-2.5834150" lon="-43.0823690">
    <ele>17.4</ele>
    <time>2026-06-17T12:00:30Z</time>
     <extensions>
      <gpxtpx:TrackPointExtension>
       <gpxtpx:hr>120</gpxtpx:hr>
      </gpxtpx:TrackPointExtension>
     </extensions>
   </trkpt>
   <trkpt lat="-2.5833930" lon="-43.0823990">
    <ele>17.0</ele>
    <time>2026-06-17T12:00:35Z</time>
     <extensions>
      <gpxtpx:TrackPointExtension>
       <gpxtpx:hr>116</gpxtpx:hr>
      </gpxtpx:TrackPointExtension>
     </extensions>
   </trkpt>
   <trkpt lat="-2.5833770" lon="-43.0824230">
    <ele>16.8</ele>
    <time>2026-06-17T12:00:40Z</time>
     <extensions>
      <gpxtpx:TrackPointExtension>
       <gpxtpx:hr>116</gpxtpx:hr>
      </gpxtpx:TrackPointExtension>
     </extensions>
   </trkpt>
   <trkpt lat="-2.5833590" lon="-43.0824440">
    <ele>16.6</ele>
    <time>2026-06-17T12:00:45Z</time>
     <extensions>
      <gpxtpx:TrackPointExtension>
       <gpxtpx:hr>114</gpxtpx:hr>
      </gpxtpx:TrackPointExtension>
     </extensions>
   </trkpt>
   <trkpt lat="-2.5833430" lon="-43.0824620">
    <ele>16.6</ele>
    <time>2026-06-17T12:00:50Z</time>
     <extensions>
      <gpxtpx:TrackPointExtension>
       <gpxtpx:hr>113</gpxtpx:hr>
      </gpxtpx:TrackPointExtension>
     </extensions>
   </trkpt>
   <trkpt lat="-2.5833230" lon="-43.0824800">
    <ele>16.6</ele>
    <time>2026-06-17T12:00:55Z</time>
     <extensions>
      <gpxtpx:TrackPointExtension>
       <gpxtpx:hr>113</gpxtpx:hr>
      </gpxtpx:TrackPointExtension>
     </extensions>
   </trkpt>
   <trkpt lat="-2.5833050" lon="-43.0824970">
    <ele>16.6</ele>
    <time>2026-06-17T12:01:00Z</time>
     <extensions>
      <gpxtpx:TrackPointExtension>
       <gpxtpx:hr>116</gpxtpx:hr>
      </gpxtpx:TrackPointExtension>
     </extensions>
   </trkpt>
   <trkpt lat="-2.5832830" lon="-43.0825120">
    <ele>16.6</ele>
    <time>2026-06-17T12:01:05Z</time>
     <extensions>
      <gpxtpx:TrackPointExtension>
       <gpxtpx:hr>119</gpxtpx:hr>
      </gpxtpx:TrackPointExtension>
     </extensions>
   </trkpt>
   <trkpt lat="-2.5832640" lon="-43.0825260">
    <ele>16.6</ele>
    <time>2026-06-17T12:01:10Z</time>
     <extensions>
      <gpxtpx:TrackPointExtension>
       <gpxtpx:hr>119</gpxtpx:hr>
      </gpxtpx:TrackPointExtension>
     </extensions>
   </trkpt>
   <trkpt lat="-2.5832500" lon="-43.0825410">
    <ele>16.6</ele>
    <time>2026-06-17T12:01:15Z</time>
     <extensions>
      <gpxtpx:TrackPointExtension>
       <gpxtpx:hr>116</gpxtpx:hr>
      </gpxtpx:TrackPointExtension>
     </extensions>
   </trkpt>
   <trkpt lat="-2.5832380" lon="-43.0825620">
    <ele>16.6</ele>
    <time>2026-06-17T12:01:20Z</time>
     <extensions>
      <gpxtpx:TrackPointExtension>
       <gpxtpx:hr>116</gpxtpx:hr>
      </gpxtpx:TrackPointExtension>
     </extensions>
   </trkpt>
   <trkpt lat="-2.5832240" lon="-43.0825860">
    <ele>16.8</ele>
    <time>2026-06-17T12:01:25Z</time>
     <extensions>
      <gpxtpx:TrackPointExtension>
       <gpxtpx:hr>116</gpxtpx:hr>
      </gpxtpx:TrackPointExtension>
     </extensions>
   </trkpt>
   <trkpt lat="-2.5832100" lon="-43.0826080">
    <ele>16.8</ele>
    <time>2026-06-17T12:01:30Z</time>
     <extensions>
      <gpxtpx:TrackPointExtension>
       <gpxtpx:hr>116</gpxtpx:hr>
      </gpxtpx:TrackPointExtension>
     </extensions>
   </trkpt>
   <trkpt lat="-2.5832020" lon="-43.0826380">
    <ele>17.0</ele>
    <time>2026-06-17T12:01:35Z</time>
     <extensions>
      <gpxtpx:TrackPointExtension>
       <gpxtpx:hr>116</gpxtpx:hr>
      </gpxtpx:TrackPointExtension>
     </extensions>
   </trkpt>
   <trkpt lat="-2.5831670" lon="-43.0826540">
    <ele>17.2</ele>
    <time>2026-06-17T12:01:40Z</time>
     <extensions>
      <gpxtpx:TrackPointExtension>
       <gpxtpx:hr>119</gpxtpx:hr>
      </gpxtpx:TrackPointExtension>
     </extensions>
   </trkpt>
   <trkpt lat="-2.5831330" lon="-43.0826630">
    <ele>17.6</ele>
    <time>2026-06-17T12:01:45Z</time>
     <extensions>
      <gpxtpx:TrackPointExtension>
       <gpxtpx:hr>115</gpxtpx:hr>
      </gpxtpx:TrackPointExtension>
     </extensions>
   </trkpt>
   <trkpt lat="-2.5831050" lon="-43.0826760">
    <ele>18.0</ele>
    <time>2026-06-17T12:01:50Z</time>
     <extensions>
      <gpxtpx:TrackPointExtension>
       <gpxtpx:hr>122</gpxtpx:hr>
      </gpxtpx:TrackPointExtension>
     </extensions>
   </trkpt>
   <trkpt lat="-2.5830820" lon="-43.0827090">
    <ele>18.4</ele>
    <time>2026-06-17T12:01:55Z</time>
     <extensions>
      <gpxtpx:TrackPointExtension>
       <gpxtpx:hr>121</gpxtpx:hr>
      </gpxtpx:TrackPointExtension>
     </extensions>
   </trkpt>
   <trkpt lat="-2.5830500" lon="-43.0827400">
    <ele>18.8</ele>
    <time>2026-06-17T12:02:00Z</time>
     <extensions>
      <gpxtpx:TrackPointExtension>
       <gpxtpx:hr>119</gpxtpx:hr>
      </gpxtpx:TrackPointExtension>
     </extensions>
   </trkpt>
   <trkpt lat="-2.5830240" lon="-43.0827620">
    <ele>19.2</ele>
    <time>2026-06-17T12:02:05Z</time>
     <extensions>
      <gpxtpx:TrackPointExtension>
       <gpxtpx:hr>123</gpxtpx:hr>
      </gpxtpx:TrackPointExtension>
     </extensions>
   </trkpt>
   <trkpt lat="-2.5830000" lon="-43.0827880">
    <ele>19.4</ele>
    <time>2026-06-17T12:02:10Z</time>
     <extensions>
      <gpxtpx:TrackPointExtension>
       <gpxtpx:hr>114</gpxtpx:hr>
      </gpxtpx:TrackPointExtension>
     </extensions>
   </trkpt>
   <trkpt lat="-2.5829690" lon="-43.0828250">
    <ele>19.8</ele>
    <time>2026-06-17T12:02:15Z</time>
     <extensions>
      <gpxtpx:TrackPointExtension>
       <gpxtpx:hr>116</gpxtpx:hr>
      </gpxtpx:TrackPointExtension>
     </extensions>
   </trkpt>
   <trkpt lat="-2.5829390" lon="-43.0828570">
    <ele>20.0</ele>
    <time>2026-06-17T12:02:20Z</time>
     <extensions>
      <gpxtpx:TrackPointExtension>
       <gpxtpx:hr>116</gpxtpx:hr>
      </gpxtpx:TrackPointExtension>
     </extensions>
   </trkpt>
   <trkpt lat="-2.5829030" lon="-43.0828890">
    <ele>20.2</ele>
    <time>2026-06-17T12:02:25Z</time>
     <extensions>
      <gpxtpx:TrackPointExtension>
       <gpxtpx:hr>117</gpxtpx:hr>
      </gpxtpx:TrackPointExtension>
     </extensions>
   </trkpt>
   <trkpt lat="-2.5828640" lon="-43.0829230">
    <ele>20.2</ele>
    <time>2026-06-17T12:02:30Z</time>
     <extensions>
      <gpxtpx:TrackPointExtension>
       <gpxtpx:hr>117</gpxtpx:hr>
      </gpxtpx:TrackPointExtension>
     </extensions>
   </trkpt>
   <trkpt lat="-2.5828250" lon="-43.0829560">
    <ele>20.2</ele>
    <time>2026-06-17T12:02:35Z</time>
     <extensions>
      <gpxtpx:TrackPointExtension>
       <gpxtpx:hr>115</gpxtpx:hr>
      </gpxtpx:TrackPointExtension>
     </extensions>
   </trkpt>
   <trkpt lat="-2.5827940" lon="-43.0829860">
    <ele>20.2</ele>
    <time>2026-06-17T12:02:40Z</time>
     <extensions>
      <gpxtpx:TrackPointExtension>
       <gpxtpx:hr>112</gpxtpx:hr>
      </gpxtpx:TrackPointExtension>
     </extensions>
   </trkpt>
   <trkpt lat="-2.5827730" lon="-43.0830280">
    <ele>20.4</ele>
    <time>2026-06-17T12:02:45Z</time>
     <extensions>
      <gpxtpx:TrackPointExtension>
       <gpxtpx:hr>112</gpxtpx:hr>
      </gpxtpx:TrackPointExtension>
     </extensions>
   </trkpt>
   <trkpt lat="-2.5827350" lon="-43.0830610">
    <ele>20.6</ele>
    <time>2026-06-17T12:02:50Z</time>
     <extensions>
      <gpxtpx:TrackPointExtension>
       <gpxtpx:hr>110</gpxtpx:hr>
      </gpxtpx:TrackPointExtension>
     </extensions>
   </trkpt>
   <trkpt lat="-2.5826980" lon="-43.0830850">
    <ele>21.0</ele>
    <time>2026-06-17T12:02:55Z</time>
     <extensions>
      <gpxtpx:TrackPointExtension>
       <gpxtpx:hr>110</gpxtpx:hr>
      </gpxtpx:TrackPointExtension>
     </extensions>
   </trkpt>
   <trkpt lat="-2.5826820" lon="-43.0831220">
    <ele>21.2</ele>
    <time>2026-06-17T12:03:00Z</time>
     <extensions>
      <gpxtpx:TrackPointExtension>
       <gpxtpx:hr>116</gpxtpx:hr>
      </gpxtpx:TrackPointExtension>
     </extensions>
   </trkpt>
   <trkpt lat="-2.5826680" lon="-43.0831670">
    <ele>21.4</ele>
    <time>2026-06-17T12:03:05Z</time>
     <extensions>
      <gpxtpx:TrackPointExtension>
       <gpxtpx:hr>114</gpxtpx:hr>
      </gpxtpx:TrackPointExtension>
     </extensions>
   </trkpt>
   <trkpt lat="-2.5826490" lon="-43.0832130">
    <ele>21.6</ele>
    <time>2026-06-17T12:03:10Z</time>
     <extensions>
      <gpxtpx:TrackPointExtension>
       <gpxtpx:hr>114</gpxtpx:hr>
      </gpxtpx:TrackPointExtension>
     </extensions>
   </trkpt>
   <trkpt lat="-2.5826200" lon="-43.0832530">
    <ele>21.4</ele>
    <time>2026-06-17T12:03:15Z</time>
     <extensions>
      <gpxtpx:TrackPointExtension>
       <gpxtpx:hr>115</gpxtpx:hr>
      </gpxtpx:TrackPointExtension>
     </extensions>
   </trkpt>
   <trkpt lat="-2.5825940" lon="-43.0832790">
    <ele>21.2</ele>
    <time>2026-06-17T12:03:20Z</time>
     <extensions>
      <gpxtpx:TrackPointExtension>
       <gpxtpx:hr>117</gpxtpx:hr>
      </gpxtpx:TrackPointExtension>
     </extensions>
   </trkpt>
   <trkpt lat="-2.5825640" lon="-43.0833020">
    <ele>20.6</ele>
    <time>2026-06-17T12:03:25Z</time>
     <extensions>
      <gpxtpx:TrackPointExtension>
       <gpxtpx:hr>117</gpxtpx:hr>
      </gpxtpx:TrackPointExtension>
     </extensions>
   </trkpt>
   <trkpt lat="-2.5825220" lon="-43.0833280">
    <ele>20.4</ele>
    <time>2026-06-17T12:03:30Z</time>
     <extensions>
      <gpxtpx:TrackPointExtension>
       <gpxtpx:hr>126</gpxtpx:hr>
      </gpxtpx:TrackPointExtension>
     </extensions>
   </trkpt>
   <trkpt lat="-2.5824770" lon="-43.0833540">
    <ele>20.4</ele>
    <time>2026-06-17T12:03:35Z</time>
     <extensions>
      <gpxtpx:TrackPointExtension>
       <gpxtpx:hr>128</gpxtpx:hr>
      </gpxtpx:TrackPointExtension>
     </extensions>
   </trkpt>
   <trkpt lat="-2.5824340" lon="-43.0833800">
    <ele>20.4</ele>
    <time>2026-06-17T12:03:40Z</time>
     <extensions>
      <gpxtpx:TrackPointExtension>
       <gpxtpx:hr>126</gpxtpx:hr>
      </gpxtpx:TrackPointExtension>
     </extensions>
   </trkpt>
   <trkpt lat="-2.5823930" lon="-43.0834010">
    <ele>20.2</ele>
    <time>2026-06-17T12:03:45Z</time>
     <extensions>
      <gpxtpx:TrackPointExtension>
       <gpxtpx:hr>125</gpxtpx:hr>
      </gpxtpx:TrackPointExtension>
     </extensions>
   </trkpt>
   <trkpt lat="-2.5823520" lon="-43.0834170">
    <ele>20.2</ele>
    <time>2026-06-17T12:03:50Z</time>
     <extensions>
      <gpxtpx:TrackPointExtension>
       <gpxtpx:hr>119</gpxtpx:hr>
      </gpxtpx:TrackPointExtension>
     </extensions>
   </trkpt>
   <trkpt lat="-2.5823080" lon="-43.0834400">
    <ele>20.2</ele>
    <time>2026-06-17T12:03:55Z</time>
     <extensions>
      <gpxtpx:TrackPointExtension>
       <gpxtpx:hr>117</gpxtpx:hr>
      </gpxtpx:TrackPointExtension>
     </extensions>
   </trkpt>
   <trkpt lat="-2.5822600" lon="-43.0834520">
    <ele>20.4</ele>
    <time>2026-06-17T12:04:00Z</time>
     <extensions>
      <gpxtpx:TrackPointExtension>
       <gpxtpx:hr>121</gpxtpx:hr>
      </gpxtpx:TrackPointExtension>
     </extensions>
   </trkpt>
   <trkpt lat="-2.5822190" lon="-43.0834580">
    <ele>20.6</ele>
    <time>2026-06-17T12:04:05Z</time>
     <extensions>
      <gpxtpx:TrackPointExtension>
       <gpxtpx:hr>121</gpxtpx:hr>
      </gpxtpx:TrackPointExtension>
     </extensions>
   </trkpt>
   <trkpt lat="-2.5821780" lon="-43.0834610">
    <ele>21.0</ele>
    <time>2026-06-17T12:04:10Z</time>
     <extensions>
      <gpxtpx:TrackPointExtension>
       <gpxtpx:hr>111</gpxtpx:hr>
      </gpxtpx:TrackPointExtension>
     </extensions>
   </trkpt>
   <trkpt lat="-2.5821620" lon="-43.0834480">
    <ele>21.2</ele>
    <time>2026-06-17T12:04:15Z</time>
     <extensions>
      <gpxtpx:TrackPointExtension>
       <gpxtpx:hr>111</gpxtpx:hr>
      </gpxtpx:TrackPointExtension>
     </extensions>
   </trkpt>
   <trkpt lat="-2.5821590" lon="-43.0834380">
    <ele>21.4</ele>
    <time>2026-06-17T12:04:20Z</time>
     <extensions>
      <gpxtpx:TrackPointExtension>
       <gpxtpx:hr>111</gpxtpx:hr>
      </gpxtpx:TrackPointExtension>
     </extensions>
   </trkpt>
   <trkpt lat="-2.5821610" lon="-43.0834360">
    <ele>21.4</ele>
    <time>2026-06-17T12:04:25Z</time>
     <extensions>
      <gpxtpx:TrackPointExtension>
       <gpxtpx:hr>111</gpxtpx:hr>
      </gpxtpx:TrackPointExtension>
     </extensions>
   </trkpt>
   <trkpt lat="-2.5821610" lon="-43.0834360">
    <ele>21.6</ele>
    <time>2026-06-17T12:04:30Z</time>
     <extensions>
      <gpxtpx:TrackPointExtension>
       <gpxtpx:hr>111</gpxtpx:hr>
      </gpxtpx:TrackPointExtension>
     </extensions>
   </trkpt>
   <trkpt lat="-2.5821630" lon="-43.0834350">
    <ele>21.6</ele>
    <time>2026-06-17T12:04:35Z</time>
     <extensions>
      <gpxtpx:TrackPointExtension>
       <gpxtpx:hr>111</gpxtpx:hr>
      </gpxtpx:TrackPointExtension>
     </extensions>
   </trkpt>
   <trkpt lat="-2.5821660" lon="-43.0834320">
    <ele>21.6</ele>
    <time>2026-06-17T12:04:40Z</time>
     <extensions>
      <gpxtpx:TrackPointExtension>
       <gpxtpx:hr>107</gpxtpx:hr>
      </gpxtpx:TrackPointExtension>
     </extensions>
   </trkpt>
   <trkpt lat="-2.5821620" lon="-43.0834250">
    <ele>21.6</ele>
    <time>2026-06-17T12:04:45Z</time>
     <extensions>
      <gpxtpx:TrackPointExtension>
       <gpxtpx:hr>107</gpxtpx:hr>
      </gpxtpx:TrackPointExtension>
     </extensions>
   </trkpt>
   <trkpt lat="-2.5821630" lon="-43.0834250">
    <ele>21.4</ele>
    <time>2026-06-17T12:04:50Z</time>
     <extensions>
      <gpxtpx:TrackPointExtension>
       <gpxtpx:hr>109</gpxtpx:hr>
      </gpxtpx:TrackPointExtension>
     </extensions>
   </trkpt>
   <trkpt lat="-2.5821670" lon="-43.0834240">
    <ele>21.4</ele>
    <time>2026-06-17T12:04:55Z</time>
     <extensions>
      <gpxtpx:TrackPointExtension>
       <gpxtpx:hr>104</gpxtpx:hr>
      </gpxtpx:TrackPointExtension>
     </extensions>
   </trkpt>
   <trkpt lat="-2.5821700" lon="-43.0834220">
    <ele>21.4</ele>
    <time>2026-06-17T12:05:00Z</time>
     <extensions>
      <gpxtpx:TrackPointExtension>
       <gpxtpx:hr>104</gpxtpx:hr>
      </gpxtpx:TrackPointExtension>
     </extensions>
   </trkpt>
   <trkpt lat="-2.5821710" lon="-43.0834210">
    <ele>21.4</ele>
    <time>2026-06-17T12:05:05Z</time>
     <extensions>
      <gpxtpx:TrackPointExtension>
       <gpxtpx:hr>95</gpxtpx:hr>
      </gpxtpx:TrackPointExtension>
     </extensions>
   </trkpt>
   <trkpt lat="-2.5821710" lon="-43.0834210">
    <ele>21.4</ele>
    <time>2026-06-17T12:05:10Z</time>
     <extensions>
      <gpxtpx:TrackPointExtension>
       <gpxtpx:hr>95</gpxtpx:hr>
      </gpxtpx:TrackPointExtension>
     </extensions>
   </trkpt>
   <trkpt lat="-2.5821710" lon="-43.0834210">
    <ele>21.4</ele>
    <time>2026-06-17T12:05:15Z</time>
     <extensions>
      <gpxtpx:TrackPointExtension>
       <gpxtpx:hr>96</gpxtpx:hr>
      </gpxtpx:TrackPointExtension>
     </extensions>
   </trkpt>
   <trkpt lat="-2.5821720" lon="-43.0834200">
    <ele>21.4</ele>
    <time>2026-06-17T12:05:20Z</time>
     <extensions>
      <gpxtpx:TrackPointExtension>
       <gpxtpx:hr>97</gpxtpx:hr>
      </gpxtpx:TrackPointExtension>
     </extensions>
   </trkpt>
   <trkpt lat="-2.5821740" lon="-43.0834170">
    <ele>21.4</ele>
    <time>2026-06-17T12:05:25Z</time>
     <extensions>
      <gpxtpx:TrackPointExtension>
       <gpxtpx:hr>96</gpxtpx:hr>
      </gpxtpx:TrackPointExtension>
     </extensions>
   </trkpt>
   <trkpt lat="-2.5821750" lon="-43.0834170">
    <ele>21.2</ele>
    <time>2026-06-17T12:05:30Z</time>
     <extensions>
      <gpxtpx:TrackPointExtension>
       <gpxtpx:hr>94</gpxtpx:hr>
      </gpxtpx:TrackPointExtension>
     </extensions>
   </trkpt>
   <trkpt lat="-2.5821750" lon="-43.0834190">
    <ele>21.2</ele>
    <time>2026-06-17T12:05:35Z</time>
     <extensions>
      <gpxtpx:TrackPointExtension>
       <gpxtpx:hr>93</gpxtpx:hr>
      </gpxtpx:TrackPointExtension>
     </extensions>
   </trkpt>
   <trkpt lat="-2.5821730" lon="-43.0834230">
    <ele>21.2</ele>
    <time>2026-06-17T12:05:40Z</time>
     <extensions>
      <gpxtpx:TrackPointExtension>
       <gpxtpx:hr>95</gpxtpx:hr>
      </gpxtpx:TrackPointExtension>
     </extensions>
   </trkpt>
   <trkpt lat="-2.5821700" lon="-43.0834300">
    <ele>21.2</ele>
    <time>2026-06-17T12:05:45Z</time>
     <extensions>
      <gpxtpx:TrackPointExtension>
       <gpxtpx:hr>95</gpxtpx:hr>
      </gpxtpx:TrackPointExtension>
     </extensions>
   </trkpt>
   <trkpt lat="-2.5821610" lon="-43.0834480">
    <ele>21.4</ele>
    <time>2026-06-17T12:05:50Z</time>
     <extensions>
      <gpxtpx:TrackPointExtension>
       <gpxtpx:hr>107</gpxtpx:hr>
      </gpxtpx:TrackPointExtension>
     </extensions>
   </trkpt>
   <trkpt lat="-2.5821320" lon="-43.0834710">
    <ele>21.2</ele>
    <time>2026-06-17T12:05:55Z</time>
     <extensions>
      <gpxtpx:TrackPointExtension>
       <gpxtpx:hr>109</gpxtpx:hr>
      </gpxtpx:TrackPointExtension>
     </extensions>
   </trkpt>
   <trkpt lat="-2.5820830" lon="-43.0834970">
    <ele>21.2</ele>
    <time>2026-06-17T12:06:00Z</time>
     <extensions>
      <gpxtpx:TrackPointExtension>
       <gpxtpx:hr>109</gpxtpx:hr>
      </gpxtpx:TrackPointExtension>
     </extensions>
   </trkpt>
   <trkpt lat="-2.5820450" lon="-43.0835120">
    <ele>21.2</ele>
    <time>2026-06-17T12:06:05Z</time>
     <extensions>
      <gpxtpx:TrackPointExtension>
       <gpxtpx:hr>95</gpxtpx:hr>
      </gpxtpx:TrackPointExtension>
     </extensions>
   </trkpt>
   <trkpt lat="-2.5819910" lon="-43.0835220">
    <ele>21.2</ele>
    <time>2026-06-17T12:06:10Z</time>
     <extensions>
      <gpxtpx:TrackPointExtension>
       <gpxtpx:hr>98</gpxtpx:hr>
      </gpxtpx:TrackPointExtension>
     </extensions>
   </trkpt>
   <trkpt lat="-2.5819450" lon="-43.0835350">
    <ele>21.2</ele>
    <time>2026-06-17T12:06:15Z</time>
     <extensions>
      <gpxtpx:TrackPointExtension>
       <gpxtpx:hr>98</gpxtpx:hr>
      </gpxtpx:TrackPointExtension>
     </extensions>
   </trkpt>
   <trkpt lat="-2.5819040" lon="-43.0835570">
    <ele>21.4</ele>
    <time>2026-06-17T12:06:20Z</time>
     <extensions>
      <gpxtpx:TrackPointExtension>
       <gpxtpx:hr>102</gpxtpx:hr>
      </gpxtpx:TrackPointExtension>
     </extensions>
   </trkpt>
   <trkpt lat="-2.5818670" lon="-43.0835810">
    <ele>21.6</ele>
    <time>2026-06-17T12:06:25Z</time>
     <extensions>
      <gpxtpx:TrackPointExtension>
       <gpxtpx:hr>108</gpxtpx:hr>
      </gpxtpx:TrackPointExtension>
     </extensions>
   </trkpt>
   <trkpt lat="-2.5818240" lon="-43.0836070">
    <ele>21.8</ele>
    <time>2026-06-17T12:06:30Z</time>
     <extensions>
      <gpxtpx:TrackPointExtension>
       <gpxtpx:hr>108</gpxtpx:hr>
      </gpxtpx:TrackPointExtension>
     </extensions>
   </trkpt>
   <trkpt lat="-2.5817880" lon="-43.0836420">
    <ele>22.2</ele>
    <time>2026-06-17T12:06:35Z</time>
     <extensions>
      <gpxtpx:TrackPointExtension>
       <gpxtpx:hr>115</gpxtpx:hr>
      </gpxtpx:TrackPointExtension>
     </extensions>
   </trkpt>
   <trkpt lat="-2.5817740" lon="-43.0836590">
    <ele>22.6</ele>
    <time>2026-06-17T12:06:40Z</time>
     <extensions>
      <gpxtpx:TrackPointExtension>
       <gpxtpx:hr>115</gpxtpx:hr>
      </gpxtpx:TrackPointExtension>
     </extensions>
   </trkpt>
   <trkpt lat="-2.5817610" lon="-43.0836790">
    <ele>23.0</ele>
    <time>2026-06-17T12:06:45Z</time>
     <extensions>
      <gpxtpx:TrackPointExtension>
       <gpxtpx:hr>123</gpxtpx:hr>
      </gpxtpx:TrackPointExtension>
     </extensions>
   </trkpt>
   <trkpt lat="-2.5817430" lon="-43.0837000">
    <ele>23.2</ele>
    <time>2026-06-17T12:06:50Z</time>
     <extensions>
      <gpxtpx:TrackPointExtension>
       <gpxtpx:hr>123</gpxtpx:hr>
      </gpxtpx:TrackPointExtension>
     </extensions>
   </trkpt>
   <trkpt lat="-2.5817200" lon="-43.0837210">
    <ele>23.2</ele>
    <time>2026-06-17T12:06:55Z</time>
     <extensions>
      <gpxtpx:TrackPointExtension>
       <gpxtpx:hr>130</gpxtpx:hr>
      </gpxtpx:TrackPointExtension>
     </extensions>
   </trkpt>
   <trkpt lat="-2.5816980" lon="-43.0837420">
    <ele>23.2</ele>
    <time>2026-06-17T12:07:00Z</time>
     <extensions>
      <gpxtpx:TrackPointExtension>
       <gpxtpx:hr>130</gpxtpx:hr>
      </gpxtpx:TrackPointExtension>
     </extensions>
   </trkpt>
   <trkpt lat="-2.5816750" lon="-43.0837670">
    <ele>23.4</ele>
    <time>2026-06-17T12:07:05Z</time>
     <extensions>
      <gpxtpx:TrackPointExtension>
       <gpxtpx:hr>141</gpxtpx:hr>
      </gpxtpx:TrackPointExtension>
     </extensions>
   </trkpt>
   <trkpt lat="-2.5816560" lon="-43.0837950">
    <ele>23.4</ele>
    <time>2026-06-17T12:07:10Z</time>
     <extensions>
      <gpxtpx:TrackPointExtension>
       <gpxtpx:hr>141</gpxtpx:hr>
      </gpxtpx:TrackPointExtension>
     </extensions>
   </trkpt>
   <trkpt lat="-2.5816410" lon="-43.0838250">
    <ele>23.4</ele>
    <time>2026-06-17T12:07:15Z</time>
     <extensions>
      <gpxtpx:TrackPointExtension>
       <gpxtpx:hr>145</gpxtpx:hr>
      </gpxtpx:TrackPointExtension>
     </extensions>
   </trkpt>
   <trkpt lat="-2.5816270" lon="-43.0838490">
    <ele>23.4</ele>
    <time>2026-06-17T12:07:20Z</time>
     <extensions>
      <gpxtpx:TrackPointExtension>
       <gpxtpx:hr>144</gpxtpx:hr>
      </gpxtpx:TrackPointExtension>
     </extensions>
   </trkpt>
   <trkpt lat="-2.5816050" lon="-43.0838770">
    <ele>23.4</ele>
    <time>2026-06-17T12:07:25Z</time>
     <extensions>
      <gpxtpx:TrackPointExtension>
       <gpxtpx:hr>141</gpxtpx:hr>
      </gpxtpx:TrackPointExtension>
     </extensions>
   </trkpt>
   <trkpt lat="-2.5815630" lon="-43.0839010">
    <ele>23.2</ele>
    <time>2026-06-17T12:07:30Z</time>
     <extensions>
      <gpxtpx:TrackPointExtension>
       <gpxtpx:hr>140</gpxtpx:hr>
      </gpxtpx:TrackPointExtension>
     </extensions>
   </trkpt>
   <trkpt lat="-2.5815170" lon="-43.0839240">
    <ele>23.0</ele>
    <time>2026-06-17T12:07:35Z</time>
     <extensions>
      <gpxtpx:TrackPointExtension>
       <gpxtpx:hr>140</gpxtpx:hr>
      </gpxtpx:TrackPointExtension>
     </extensions>
   </trkpt>
   <trkpt lat="-2.5814720" lon="-43.0839430">
    <ele>23.0</ele>
    <time>2026-06-17T12:07:40Z</time>
     <extensions>
      <gpxtpx:TrackPointExtension>
       <gpxtpx:hr>142</gpxtpx:hr>
      </gpxtpx:TrackPointExtension>
     </extensions>
   </trkpt>
   <trkpt lat="-2.5814320" lon="-43.0839750">
    <ele>22.8</ele>
    <time>2026-06-17T12:07:45Z</time>
     <extensions>
      <gpxtpx:TrackPointExtension>
       <gpxtpx:hr>142</gpxtpx:hr>
      </gpxtpx:TrackPointExtension>
     </extensions>
   </trkpt>
   <trkpt lat="-2.5814010" lon="-43.0840150">
    <ele>22.4</ele>
    <time>2026-06-17T12:07:50Z</time>
     <extensions>
      <gpxtpx:TrackPointExtension>
       <gpxtpx:hr>149</gpxtpx:hr>
      </gpxtpx:TrackPointExtension>
     </extensions>
   </trkpt>
   <trkpt lat="-2.5813780" lon="-43.0840530">
    <ele>22.0</ele>
    <time>2026-06-17T12:07:55Z</time>
     <extensions>
      <gpxtpx:TrackPointExtension>
       <gpxtpx:hr>151</gpxtpx:hr>
      </gpxtpx:TrackPointExtension>
     </extensions>
   </trkpt>
   <trkpt lat="-2.5813520" lon="-43.0840930">
    <ele>21.6</ele>
    <time>2026-06-17T12:08:00Z</time>
     <extensions>
      <gpxtpx:TrackPointExtension>
       <gpxtpx:hr>152</gpxtpx:hr>
      </gpxtpx:TrackPointExtension>
     </extensions>
   </trkpt>
   <trkpt lat="-2.5813230" lon="-43.0841380">
    <ele>21.0</ele>
    <time>2026-06-17T12:08:05Z</time>
     <extensions>
      <gpxtpx:TrackPointExtension>
       <gpxtpx:hr>152</gpxtpx:hr>
      </gpxtpx:TrackPointExtension>
     </extensions>
   </trkpt>
   <trkpt lat="-2.5812950" lon="-43.0841850">
    <ele>20.4</ele>
    <time>2026-06-17T12:08:10Z</time>
     <extensions>
      <gpxtpx:TrackPointExtension>
       <gpxtpx:hr>152</gpxtpx:hr>
      </gpxtpx:TrackPointExtension>
     </extensions>
   </trkpt>
   <trkpt lat="-2.5812690" lon="-43.0842360">
    <ele>19.8</ele>
    <time>2026-06-17T12:08:15Z</time>
     <extensions>
      <gpxtpx:TrackPointExtension>
       <gpxtpx:hr>150</gpxtpx:hr>
      </gpxtpx:TrackPointExtension>
     </extensions>
   </trkpt>
   <trkpt lat="-2.5812100" lon="-43.0842800">
    <ele>19.0</ele>
    <time>2026-06-17T12:08:21Z</time>
     <extensions>
      <gpxtpx:TrackPointExtension>
       <gpxtpx:hr>150</gpxtpx:hr>
      </gpxtpx:TrackPointExtension>
     </extensions>
   </trkpt>
   <trkpt lat="-2.5811650" lon="-43.0843060">
    <ele>18.4</ele>
    <time>2026-06-17T12:08:26Z</time>
     <extensions>
      <gpxtpx:TrackPointExtension>
       <gpxtpx:hr>138</gpxtpx:hr>
      </gpxtpx:TrackPointExtension>
     </extensions>
   </trkpt>
   <trkpt lat="-2.5811220" lon="-43.0843150">
    <ele>17.6</ele>
    <time>2026-06-17T12:08:31Z</time>
     <extensions>
      <gpxtpx:TrackPointExtension>
       <gpxtpx:hr>138</gpxtpx:hr>
      </gpxtpx:TrackPointExtension>
     </extensions>
   </trkpt>
   <trkpt lat="-2.5810820" lon="-43.0843380">
    <ele>16.8</ele>
    <time>2026-06-17T12:08:36Z</time>
     <extensions>
      <gpxtpx:TrackPointExtension>
       <gpxtpx:hr>133</gpxtpx:hr>
      </gpxtpx:TrackPointExtension>
     </extensions>
   </trkpt>
   <trkpt lat="-2.5810470" lon="-43.0843700">
    <ele>16.2</ele>
    <time>2026-06-17T12:08:41Z</time>
     <extensions>
      <gpxtpx:TrackPointExtension>
       <gpxtpx:hr>127</gpxtpx:hr>
      </gpxtpx:TrackPointExtension>
     </extensions>
   </trkpt>
   <trkpt lat="-2.5810240" lon="-43.0844190">
    <ele>15.8</ele>
    <time>2026-06-17T12:08:46Z</time>
     <extensions>
      <gpxtpx:TrackPointExtension>
       <gpxtpx:hr>127</gpxtpx:hr>
      </gpxtpx:TrackPointExtension>
     </extensions>
   </trkpt>
   <trkpt lat="-2.5810040" lon="-43.0844720">
    <ele>15.6</ele>
    <time>2026-06-17T12:08:51Z</time>
     <extensions>
      <gpxtpx:TrackPointExtension>
       <gpxtpx:hr>114</gpxtpx:hr>
      </gpxtpx:TrackPointExtension>
     </extensions>
   </trkpt>
   <trkpt lat="-2.5809780" lon="-43.0845160">
    <ele>15.2</ele>
    <time>2026-06-17T12:08:56Z</time>
     <extensions>
      <gpxtpx:TrackPointExtension>
       <gpxtpx:hr>114</gpxtpx:hr>
      </gpxtpx:TrackPointExtension>
     </extensions>
   </trkpt>
   <trkpt lat="-2.5809560" lon="-43.0845690">
    <ele>15.0</ele>
    <time>2026-06-17T12:09:01Z</time>
     <extensions>
      <gpxtpx:TrackPointExtension>
       <gpxtpx:hr>114</gpxtpx:hr>
      </gpxtpx:TrackPointExtension>
     </extensions>
   </trkpt>
   <trkpt lat="-2.5809300" lon="-43.0846220">
    <ele>14.8</ele>
    <time>2026-06-17T12:09:06Z</time>
     <extensions>
      <gpxtpx:TrackPointExtension>
       <gpxtpx:hr>110</gpxtpx:hr>
      </gpxtpx:TrackPointExtension>
     </extensions>
   </trkpt>
   <trkpt lat="-2.5809110" lon="-43.0846770">
    <ele>14.8</ele>
    <time>2026-06-17T12:09:11Z</time>
     <extensions>
      <gpxtpx:TrackPointExtension>
       <gpxtpx:hr>110</gpxtpx:hr>
      </gpxtpx:TrackPointExtension>
     </extensions>
   </trkpt>
   <trkpt lat="-2.5808980" lon="-43.0847340">
    <ele>14.8</ele>
    <time>2026-06-17T12:09:16Z</time>
     <extensions>
      <gpxtpx:TrackPointExtension>
       <gpxtpx:hr>112</gpxtpx:hr>
      </gpxtpx:TrackPointExtension>
     </extensions>
   </trkpt>
   <trkpt lat="-2.5808880" lon="-43.0847840">
    <ele>15.0</ele>
    <time>2026-06-17T12:09:21Z</time>
     <extensions>
      <gpxtpx:TrackPointExtension>
       <gpxtpx:hr>106</gpxtpx:hr>
      </gpxtpx:TrackPointExtension>
     </extensions>
   </trkpt>
   <trkpt lat="-2.5808770" lon="-43.0848290">
    <ele>15.0</ele>
    <time>2026-06-17T12:09:26Z</time>
     <extensions>
      <gpxtpx:TrackPointExtension>
       <gpxtpx:hr>106</gpxtpx:hr>
      </gpxtpx:TrackPointExtension>
     </extensions>
   </trkpt>
   <trkpt lat="-2.5808510" lon="-43.0848750">
    <ele>15.2</ele>
    <time>2026-06-17T12:09:31Z</time>
     <extensions>
      <gpxtpx:TrackPointExtension>
       <gpxtpx:hr>107</gpxtpx:hr>
      </gpxtpx:TrackPointExtension>
     </extensions>
   </trkpt>
   <trkpt lat="-2.5808260" lon="-43.0849300">
    <ele>15.4</ele>
    <time>2026-06-17T12:09:36Z</time>
     <extensions>
      <gpxtpx:TrackPointExtension>
       <gpxtpx:hr>114</gpxtpx:hr>
      </gpxtpx:TrackPointExtension>
     </extensions>
   </trkpt>
   <trkpt lat="-2.5807990" lon="-43.0849840">
    <ele>15.4</ele>
    <time>2026-06-17T12:09:41Z</time>
     <extensions>
      <gpxtpx:TrackPointExtension>
       <gpxtpx:hr>115</gpxtpx:hr>
      </gpxtpx:TrackPointExtension>
     </extensions>
   </trkpt>
   <trkpt lat="-2.5807680" lon="-43.0850340">
    <ele>15.2</ele>
    <time>2026-06-17T12:09:46Z</time>
     <extensions>
      <gpxtpx:TrackPointExtension>
       <gpxtpx:hr>115</gpxtpx:hr>
      </gpxtpx:TrackPointExtension>
     </extensions>
   </trkpt>
   <trkpt lat="-2.5807410" lon="-43.0850810">
    <ele>14.8</ele>
    <time>2026-06-17T12:09:51Z</time>
     <extensions>
      <gpxtpx:TrackPointExtension>
       <gpxtpx:hr>117</gpxtpx:hr>
      </gpxtpx:TrackPointExtension>
     </extensions>
   </trkpt>
   <trkpt lat="-2.5807120" lon="-43.0851280">
    <ele>14.2</ele>
    <time>2026-06-17T12:09:56Z</time>
     <extensions>
      <gpxtpx:TrackPointExtension>
       <gpxtpx:hr>118</gpxtpx:hr>
      </gpxtpx:TrackPointExtension>
     </extensions>
   </trkpt>
   <trkpt lat="-2.5806810" lon="-43.0851730">
    <ele>13.6</ele>
    <time>2026-06-17T12:10:01Z</time>
     <extensions>
      <gpxtpx:TrackPointExtension>
       <gpxtpx:hr>117</gpxtpx:hr>
      </gpxtpx:TrackPointExtension>
     </extensions>
   </trkpt>
   <trkpt lat="-2.5806550" lon="-43.0852210">
    <ele>13.0</ele>
    <time>2026-06-17T12:10:06Z</time>
     <extensions>
      <gpxtpx:TrackPointExtension>
       <gpxtpx:hr>120</gpxtpx:hr>
      </gpxtpx:TrackPointExtension>
     </extensions>
   </trkpt>
   <trkpt lat="-2.5806290" lon="-43.0852720">
    <ele>12.8</ele>
    <time>2026-06-17T12:10:11Z</time>
     <extensions>
      <gpxtpx:TrackPointExtension>
       <gpxtpx:hr>120</gpxtpx:hr>
      </gpxtpx:TrackPointExtension>
     </extensions>
   </trkpt>
   <trkpt lat="-2.5805960" lon="-43.0853110">
    <ele>12.6</ele>
    <time>2026-06-17T12:10:16Z</time>
     <extensions>
      <gpxtpx:TrackPointExtension>
       <gpxtpx:hr>112</gpxtpx:hr>
      </gpxtpx:TrackPointExtension>
     </extensions>
   </trkpt>
   <trkpt lat="-2.5805630" lon="-43.0853510">
    <ele>12.6</ele>
    <time>2026-06-17T12:10:21Z</time>
     <extensions>
      <gpxtpx:TrackPointExtension>
       <gpxtpx:hr>116</gpxtpx:hr>
      </gpxtpx:TrackPointExtension>
     </extensions>
   </trkpt>
   <trkpt lat="-2.5805240" lon="-43.0853900">
    <ele>12.6</ele>
    <time>2026-06-17T12:10:26Z</time>
     <extensions>
      <gpxtpx:TrackPointExtension>
       <gpxtpx:hr>115</gpxtpx:hr>
      </gpxtpx:TrackPointExtension>
     </extensions>
   </trkpt>
   <trkpt lat="-2.5804860" lon="-43.0854300">
    <ele>12.6</ele>
    <time>2026-06-17T12:10:31Z</time>
     <extensions>
      <gpxtpx:TrackPointExtension>
       <gpxtpx:hr>115</gpxtpx:hr>
      </gpxtpx:TrackPointExtension>
     </extensions>
   </trkpt>
   <trkpt lat="-2.5804460" lon="-43.0854610">
    <ele>12.4</ele>
    <time>2026-06-17T12:10:36Z</time>
     <extensions>
      <gpxtpx:TrackPointExtension>
       <gpxtpx:hr>126</gpxtpx:hr>
      </gpxtpx:TrackPointExtension>
     </extensions>
   </trkpt>
   <trkpt lat="-2.5804050" lon="-43.0854880">
    <ele>12.4</ele>
    <time>2026-06-17T12:10:41Z</time>
     <extensions>
      <gpxtpx:TrackPointExtension>
       <gpxtpx:hr>129</gpxtpx:hr>
      </gpxtpx:TrackPointExtension>
     </extensions>
   </trkpt>
   <trkpt lat="-2.5803670" lon="-43.0855130">
    <ele>12.2</ele>
    <time>2026-06-17T12:10:46Z</time>
     <extensions>
      <gpxtpx:TrackPointExtension>
       <gpxtpx:hr>127</gpxtpx:hr>
      </gpxtpx:TrackPointExtension>
     </extensions>
   </trkpt>
   <trkpt lat="-2.5803310" lon="-43.0855410">
    <ele>12.2</ele>
    <time>2026-06-17T12:10:51Z</time>
     <extensions>
      <gpxtpx:TrackPointExtension>
       <gpxtpx:hr>127</gpxtpx:hr>
      </gpxtpx:TrackPointExtension>
     </extensions>
   </trkpt>
   <trkpt lat="-2.5802910" lon="-43.0855700">
    <ele>12.0</ele>
    <time>2026-06-17T12:10:56Z</time>
     <extensions>
      <gpxtpx:TrackPointExtension>
       <gpxtpx:hr>126</gpxtpx:hr>
      </gpxtpx:TrackPointExtension>
     </extensions>
   </trkpt>
   <trkpt lat="-2.5802520" lon="-43.0856020">
    <ele>12.0</ele>
    <time>2026-06-17T12:11:01Z</time>
     <extensions>
      <gpxtpx:TrackPointExtension>
       <gpxtpx:hr>122</gpxtpx:hr>
      </gpxtpx:TrackPointExtension>
     </extensions>
   </trkpt>
   <trkpt lat="-2.5802060" lon="-43.0856380">
    <ele>12.2</ele>
    <time>2026-06-17T12:11:06Z</time>
     <extensions>
      <gpxtpx:TrackPointExtension>
       <gpxtpx:hr>117</gpxtpx:hr>
      </gpxtpx:TrackPointExtension>
     </extensions>
   </trkpt>
   <trkpt lat="-2.5801680" lon="-43.0856670">
    <ele>12.4</ele>
    <time>2026-06-17T12:11:11Z</time>
     <extensions>
      <gpxtpx:TrackPointExtension>
       <gpxtpx:hr>117</gpxtpx:hr>
      </gpxtpx:TrackPointExtension>
     </extensions>
   </trkpt>
   <trkpt lat="-2.5801250" lon="-43.0856900">
    <ele>12.6</ele>
    <time>2026-06-17T12:11:16Z</time>
     <extensions>
      <gpxtpx:TrackPointExtension>
       <gpxtpx:hr>114</gpxtpx:hr>
      </gpxtpx:TrackPointExtension>
     </extensions>
   </trkpt>
   <trkpt lat="-2.5800870" lon="-43.0857120">
    <ele>12.8</ele>
    <time>2026-06-17T12:11:21Z</time>
     <extensions>
      <gpxtpx:TrackPointExtension>
       <gpxtpx:hr>111</gpxtpx:hr>
      </gpxtpx:TrackPointExtension>
     </extensions>
   </trkpt>
   <trkpt lat="-2.5800550" lon="-43.0857270">
    <ele>13.0</ele>
    <time>2026-06-17T12:11:26Z</time>
     <extensions>
      <gpxtpx:TrackPointExtension>
       <gpxtpx:hr>111</gpxtpx:hr>
      </gpxtpx:TrackPointExtension>
     </extensions>
   </trkpt>
   <trkpt lat="-2.5800170" lon="-43.0857460">
    <ele>13.2</ele>
    <time>2026-06-17T12:11:31Z</time>
     <extensions>
      <gpxtpx:TrackPointExtension>
       <gpxtpx:hr>109</gpxtpx:hr>
      </gpxtpx:TrackPointExtension>
     </extensions>
   </trkpt>
   <trkpt lat="-2.5799760" lon="-43.0857670">
    <ele>13.6</ele>
    <time>2026-06-17T12:11:36Z</time>
     <extensions>
      <gpxtpx:TrackPointExtension>
       <gpxtpx:hr>120</gpxtpx:hr>
      </gpxtpx:TrackPointExtension>
     </extensions>
   </trkpt>
   <trkpt lat="-2.5799330" lon="-43.0857900">
    <ele>13.8</ele>
    <time>2026-06-17T12:11:41Z</time>
     <extensions>
      <gpxtpx:TrackPointExtension>
       <gpxtpx:hr>121</gpxtpx:hr>
      </gpxtpx:TrackPointExtension>
     </extensions>
   </trkpt>
   <trkpt lat="-2.5798940" lon="-43.0858110">
    <ele>13.8</ele>
    <time>2026-06-17T12:11:46Z</time>
     <extensions>
      <gpxtpx:TrackPointExtension>
       <gpxtpx:hr>133</gpxtpx:hr>
      </gpxtpx:TrackPointExtension>
     </extensions>
   </trkpt>
   <trkpt lat="-2.5798530" lon="-43.0858260">
    <ele>14.0</ele>
    <time>2026-06-17T12:11:51Z</time>
     <extensions>
      <gpxtpx:TrackPointExtension>
       <gpxtpx:hr>136</gpxtpx:hr>
      </gpxtpx:TrackPointExtension>
     </extensions>
   </trkpt>
   <trkpt lat="-2.5798100" lon="-43.0858410">
    <ele>14.0</ele>
    <time>2026-06-17T12:11:56Z</time>
     <extensions>
      <gpxtpx:TrackPointExtension>
       <gpxtpx:hr>135</gpxtpx:hr>
      </gpxtpx:TrackPointExtension>
     </extensions>
   </trkpt>
   <trkpt lat="-2.5797720" lon="-43.0858560">
    <ele>14.2</ele>
    <time>2026-06-17T12:12:01Z</time>
     <extensions>
      <gpxtpx:TrackPointExtension>
       <gpxtpx:hr>135</gpxtpx:hr>
      </gpxtpx:TrackPointExtension>
     </extensions>
   </trkpt>
   <trkpt lat="-2.5797270" lon="-43.0858710">
    <ele>14.2</ele>
    <time>2026-06-17T12:12:06Z</time>
     <extensions>
      <gpxtpx:TrackPointExtension>
       <gpxtpx:hr>135</gpxtpx:hr>
      </gpxtpx:TrackPointExtension>
     </extensions>
   </trkpt>
   <trkpt lat="-2.5796740" lon="-43.0858830">
    <ele>14.2</ele>
    <time>2026-06-17T12:12:11Z</time>
     <extensions>
      <gpxtpx:TrackPointExtension>
       <gpxtpx:hr>136</gpxtpx:hr>
      </gpxtpx:TrackPointExtension>
     </extensions>
   </trkpt>
   <trkpt lat="-2.5796260" lon="-43.0858930">
    <ele>14.4</ele>
    <time>2026-06-17T12:12:16Z</time>
     <extensions>
      <gpxtpx:TrackPointExtension>
       <gpxtpx:hr>134</gpxtpx:hr>
      </gpxtpx:TrackPointExtension>
     </extensions>
   </trkpt>
   <trkpt lat="-2.5795750" lon="-43.0858990">
    <ele>14.6</ele>
    <time>2026-06-17T12:12:21Z</time>
     <extensions>
      <gpxtpx:TrackPointExtension>
       <gpxtpx:hr>134</gpxtpx:hr>
      </gpxtpx:TrackPointExtension>
     </extensions>
   </trkpt>
   <trkpt lat="-2.5795230" lon="-43.0859100">
    <ele>14.6</ele>
    <time>2026-06-17T12:12:26Z</time>
     <extensions>
      <gpxtpx:TrackPointExtension>
       <gpxtpx:hr>131</gpxtpx:hr>
      </gpxtpx:TrackPointExtension>
     </extensions>
   </trkpt>
   <trkpt lat="-2.5794780" lon="-43.0859270">
    <ele>14.8</ele>
    <time>2026-06-17T12:12:31Z</time>
     <extensions>
      <gpxtpx:TrackPointExtension>
       <gpxtpx:hr>128</gpxtpx:hr>
      </gpxtpx:TrackPointExtension>
     </extensions>
   </trkpt>
   <trkpt lat="-2.5794390" lon="-43.0859410">
    <ele>15.0</ele>
    <time>2026-06-17T12:12:36Z</time>
     <extensions>
      <gpxtpx:TrackPointExtension>
       <gpxtpx:hr>126</gpxtpx:hr>
      </gpxtpx:TrackPointExtension>
     </extensions>
   </trkpt>
   <trkpt lat="-2.5793960" lon="-43.0859580">
    <ele>15.0</ele>
    <time>2026-06-17T12:12:41Z</time>
     <extensions>
      <gpxtpx:TrackPointExtension>
       <gpxtpx:hr>132</gpxtpx:hr>
      </gpxtpx:TrackPointExtension>
     </extensions>
   </trkpt>
   <trkpt lat="-2.5793480" lon="-43.0859660">
    <ele>15.2</ele>
    <time>2026-06-17T12:12:46Z</time>
     <extensions>
      <gpxtpx:TrackPointExtension>
       <gpxtpx:hr>132</gpxtpx:hr>
      </gpxtpx:TrackPointExtension>
     </extensions>
   </trkpt>
   <trkpt lat="-2.5792990" lon="-43.0859660">
    <ele>15.4</ele>
    <time>2026-06-17T12:12:51Z</time>
     <extensions>
      <gpxtpx:TrackPointExtension>
       <gpxtpx:hr>135</gpxtpx:hr>
      </gpxtpx:TrackPointExtension>
     </extensions>
   </trkpt>
   <trkpt lat="-2.5792580" lon="-43.0859700">
    <ele>15.6</ele>
    <time>2026-06-17T12:12:56Z</time>
     <extensions>
      <gpxtpx:TrackPointExtension>
       <gpxtpx:hr>135</gpxtpx:hr>
      </gpxtpx:TrackPointExtension>
     </extensions>
   </trkpt>
   <trkpt lat="-2.5792230" lon="-43.0859730">
    <ele>15.6</ele>
    <time>2026-06-17T12:13:01Z</time>
     <extensions>
      <gpxtpx:TrackPointExtension>
       <gpxtpx:hr>136</gpxtpx:hr>
      </gpxtpx:TrackPointExtension>
     </extensions>
   </trkpt>
   <trkpt lat="-2.5791830" lon="-43.0859820">
    <ele>15.6</ele>
    <time>2026-06-17T12:13:06Z</time>
     <extensions>
      <gpxtpx:TrackPointExtension>
       <gpxtpx:hr>138</gpxtpx:hr>
      </gpxtpx:TrackPointExtension>
     </extensions>
   </trkpt>
   <trkpt lat="-2.5791420" lon="-43.0859960">
    <ele>15.6</ele>
    <time>2026-06-17T12:13:11Z</time>
     <extensions>
      <gpxtpx:TrackPointExtension>
       <gpxtpx:hr>134</gpxtpx:hr>
      </gpxtpx:TrackPointExtension>
     </extensions>
   </trkpt>
   <trkpt lat="-2.5790920" lon="-43.0860000">
    <ele>15.6</ele>
    <time>2026-06-17T12:13:16Z</time>
     <extensions>
      <gpxtpx:TrackPointExtension>
       <gpxtpx:hr>135</gpxtpx:hr>
      </gpxtpx:TrackPointExtension>
     </extensions>
   </trkpt>
   <trkpt lat="-2.5790410" lon="-43.0860000">
    <ele>15.6</ele>
    <time>2026-06-17T12:13:21Z</time>
     <extensions>
      <gpxtpx:TrackPointExtension>
       <gpxtpx:hr>135</gpxtpx:hr>
      </gpxtpx:TrackPointExtension>
     </extensions>
   </trkpt>
   <trkpt lat="-2.5789930" lon="-43.0859970">
    <ele>15.6</ele>
    <time>2026-06-17T12:13:26Z</time>
     <extensions>
      <gpxtpx:TrackPointExtension>
       <gpxtpx:hr>135</gpxtpx:hr>
      </gpxtpx:TrackPointExtension>
     </extensions>
   </trkpt>
   <trkpt lat="-2.5789470" lon="-43.0859930">
    <ele>15.8</ele>
    <time>2026-06-17T12:13:31Z</time>
     <extensions>
      <gpxtpx:TrackPointExtension>
       <gpxtpx:hr>139</gpxtpx:hr>
      </gpxtpx:TrackPointExtension>
     </extensions>
   </trkpt>
   <trkpt lat="-2.5789030" lon="-43.0859860">
    <ele>15.8</ele>
    <time>2026-06-17T12:13:36Z</time>
     <extensions>
      <gpxtpx:TrackPointExtension>
       <gpxtpx:hr>137</gpxtpx:hr>
      </gpxtpx:TrackPointExtension>
     </extensions>
   </trkpt>
   <trkpt lat="-2.5788580" lon="-43.0859830">
    <ele>16.0</ele>
    <time>2026-06-17T12:13:41Z</time>
     <extensions>
      <gpxtpx:TrackPointExtension>
       <gpxtpx:hr>137</gpxtpx:hr>
      </gpxtpx:TrackPointExtension>
     </extensions>
   </trkpt>
   <trkpt lat="-2.5788130" lon="-43.0859800">
    <ele>16.2</ele>
    <time>2026-06-17T12:13:46Z</time>
     <extensions>
      <gpxtpx:TrackPointExtension>
       <gpxtpx:hr>144</gpxtpx:hr>
      </gpxtpx:TrackPointExtension>
     </extensions>
   </trkpt>
   <trkpt lat="-2.5787680" lon="-43.0859780">
    <ele>16.4</ele>
    <time>2026-06-17T12:13:51Z</time>
     <extensions>
      <gpxtpx:TrackPointExtension>
       <gpxtpx:hr>149</gpxtpx:hr>
      </gpxtpx:TrackPointExtension>
     </extensions>
   </trkpt>
   <trkpt lat="-2.5787250" lon="-43.0859680">
    <ele>16.4</ele>
    <time>2026-06-17T12:13:56Z</time>
     <extensions>
      <gpxtpx:TrackPointExtension>
       <gpxtpx:hr>152</gpxtpx:hr>
      </gpxtpx:TrackPointExtension>
     </extensions>
   </trkpt>
   <trkpt lat="-2.5786750" lon="-43.0859670">
    <ele>16.6</ele>
    <time>2026-06-17T12:14:01Z</time>
     <extensions>
      <gpxtpx:TrackPointExtension>
       <gpxtpx:hr>152</gpxtpx:hr>
      </gpxtpx:TrackPointExtension>
     </extensions>
   </trkpt>
   <trkpt lat="-2.5786250" lon="-43.0859790">
    <ele>16.6</ele>
    <time>2026-06-17T12:14:06Z</time>
     <extensions>
      <gpxtpx:TrackPointExtension>
       <gpxtpx:hr>152</gpxtpx:hr>
      </gpxtpx:TrackPointExtension>
     </extensions>
   </trkpt>
   <trkpt lat="-2.5785830" lon="-43.0859950">
    <ele>16.8</ele>
    <time>2026-06-17T12:14:11Z</time>
     <extensions>
      <gpxtpx:TrackPointExtension>
       <gpxtpx:hr>150</gpxtpx:hr>
      </gpxtpx:TrackPointExtension>
     </extensions>
   </trkpt>
   <trkpt lat="-2.5785340" lon="-43.0860160">
    <ele>16.6</ele>
    <time>2026-06-17T12:14:16Z</time>
     <extensions>
      <gpxtpx:TrackPointExtension>
       <gpxtpx:hr>150</gpxtpx:hr>
      </gpxtpx:TrackPointExtension>
     </extensions>
   </trkpt>
   <trkpt lat="-2.5784900" lon="-43.0860310">
    <ele>16.6</ele>
    <time>2026-06-17T12:14:21Z</time>
     <extensions>
      <gpxtpx:TrackPointExtension>
       <gpxtpx:hr>144</gpxtpx:hr>
      </gpxtpx:TrackPointExtension>
     </extensions>
   </trkpt>
   <trkpt lat="-2.5784510" lon="-43.0860460">
    <ele>16.8</ele>
    <time>2026-06-17T12:14:26Z</time>
     <extensions>
      <gpxtpx:TrackPointExtension>
       <gpxtpx:hr>139</gpxtpx:hr>
      </gpxtpx:TrackPointExtension>
     </extensions>
   </trkpt>
   <trkpt lat="-2.5784190" lon="-43.0860690">
    <ele>16.8</ele>
    <time>2026-06-17T12:14:31Z</time>
     <extensions>
      <gpxtpx:TrackPointExtension>
       <gpxtpx:hr>138</gpxtpx:hr>
      </gpxtpx:TrackPointExtension>
     </extensions>
   </trkpt>
   <trkpt lat="-2.5784000" lon="-43.0860900">
    <ele>16.8</ele>
    <time>2026-06-17T12:14:36Z</time>
     <extensions>
      <gpxtpx:TrackPointExtension>
       <gpxtpx:hr>133</gpxtpx:hr>
      </gpxtpx:TrackPointExtension>
     </extensions>
   </trkpt>
   <trkpt lat="-2.5784000" lon="-43.0860890">
    <ele>16.8</ele>
    <time>2026-06-17T12:14:41Z</time>
     <extensions>
      <gpxtpx:TrackPointExtension>
       <gpxtpx:hr>133</gpxtpx:hr>
      </gpxtpx:TrackPointExtension>
     </extensions>
   </trkpt>
   <trkpt lat="-2.5784060" lon="-43.0860830">
    <ele>16.8</ele>
    <time>2026-06-17T12:14:46Z</time>
     <extensions>
      <gpxtpx:TrackPointExtension>
       <gpxtpx:hr>134</gpxtpx:hr>
      </gpxtpx:TrackPointExtension>
     </extensions>
   </trkpt>
   <trkpt lat="-2.5784090" lon="-43.0860810">
    <ele>16.8</ele>
    <time>2026-06-17T12:14:51Z</time>
     <extensions>
      <gpxtpx:TrackPointExtension>
       <gpxtpx:hr>130</gpxtpx:hr>
      </gpxtpx:TrackPointExtension>
     </extensions>
   </trkpt>
   <trkpt lat="-2.5784110" lon="-43.0860860">
    <ele>16.8</ele>
    <time>2026-06-17T12:14:56Z</time>
     <extensions>
      <gpxtpx:TrackPointExtension>
       <gpxtpx:hr>132</gpxtpx:hr>
      </gpxtpx:TrackPointExtension>
     </extensions>
   </trkpt>
   <trkpt lat="-2.5784040" lon="-43.0860960">
    <ele>16.8</ele>
    <time>2026-06-17T12:15:01Z</time>
     <extensions>
      <gpxtpx:TrackPointExtension>
       <gpxtpx:hr>125</gpxtpx:hr>
      </gpxtpx:TrackPointExtension>
     </extensions>
   </trkpt>
   <trkpt lat="-2.5783750" lon="-43.0861240">
    <ele>17.0</ele>
    <time>2026-06-17T12:15:06Z</time>
     <extensions>
      <gpxtpx:TrackPointExtension>
       <gpxtpx:hr>127</gpxtpx:hr>
      </gpxtpx:TrackPointExtension>
     </extensions>
   </trkpt>
   <trkpt lat="-2.5783430" lon="-43.0861550">
    <ele>17.0</ele>
    <time>2026-06-17T12:15:11Z</time>
     <extensions>
      <gpxtpx:TrackPointExtension>
       <gpxtpx:hr>117</gpxtpx:hr>
      </gpxtpx:TrackPointExtension>
     </extensions>
   </trkpt>
   <trkpt lat="-2.5783060" lon="-43.0861870">
    <ele>17.2</ele>
    <time>2026-06-17T12:15:16Z</time>
     <extensions>
      <gpxtpx:TrackPointExtension>
       <gpxtpx:hr>117</gpxtpx:hr>
      </gpxtpx:TrackPointExtension>
     </extensions>
   </trkpt>
   <trkpt lat="-2.5782630" lon="-43.0862200">
    <ele>17.4</ele>
    <time>2026-06-17T12:15:21Z</time>
     <extensions>
      <gpxtpx:TrackPointExtension>
       <gpxtpx:hr>110</gpxtpx:hr>
      </gpxtpx:TrackPointExtension>
     </extensions>
   </trkpt>
   <trkpt lat="-2.5782230" lon="-43.0862550">
    <ele>17.8</ele>
    <time>2026-06-17T12:15:26Z</time>
     <extensions>
      <gpxtpx:TrackPointExtension>
       <gpxtpx:hr>110</gpxtpx:hr>
      </gpxtpx:TrackPointExtension>
     </extensions>
   </trkpt>
   <trkpt lat="-2.5781740" lon="-43.0862870">
    <ele>18.0</ele>
    <time>2026-06-17T12:15:31Z</time>
     <extensions>
      <gpxtpx:TrackPointExtension>
       <gpxtpx:hr>111</gpxtpx:hr>
      </gpxtpx:TrackPointExtension>
     </extensions>
   </trkpt>
   <trkpt lat="-2.5781210" lon="-43.0863200">
    <ele>18.2</ele>
    <time>2026-06-17T12:15:36Z</time>
     <extensions>
      <gpxtpx:TrackPointExtension>
       <gpxtpx:hr>115</gpxtpx:hr>
      </gpxtpx:TrackPointExtension>
     </extensions>
   </trkpt>
   <trkpt lat="-2.5780700" lon="-43.0863520">
    <ele>18.4</ele>
    <time>2026-06-17T12:15:41Z</time>
     <extensions>
      <gpxtpx:TrackPointExtension>
       <gpxtpx:hr>115</gpxtpx:hr>
      </gpxtpx:TrackPointExtension>
     </extensions>
   </trkpt>
   <trkpt lat="-2.5780240" lon="-43.0863750">
    <ele>18.4</ele>
    <time>2026-06-17T12:15:46Z</time>
     <extensions>
      <gpxtpx:TrackPointExtension>
       <gpxtpx:hr>112</gpxtpx:hr>
      </gpxtpx:TrackPointExtension>
     </extensions>
   </trkpt>
   <trkpt lat="-2.5779790" lon="-43.0864050">
    <ele>18.4</ele>
    <time>2026-06-17T12:15:51Z</time>
     <extensions>
      <gpxtpx:TrackPointExtension>
       <gpxtpx:hr>112</gpxtpx:hr>
      </gpxtpx:TrackPointExtension>
     </extensions>
   </trkpt>
   <trkpt lat="-2.5779390" lon="-43.0864330">
    <ele>18.6</ele>
    <time>2026-06-17T12:15:56Z</time>
     <extensions>
      <gpxtpx:TrackPointExtension>
       <gpxtpx:hr>108</gpxtpx:hr>
      </gpxtpx:TrackPointExtension>
     </extensions>
   </trkpt>
   <trkpt lat="-2.5778940" lon="-43.0864620">
    <ele>18.6</ele>
    <time>2026-06-17T12:16:02Z</time>
     <extensions>
      <gpxtpx:TrackPointExtension>
       <gpxtpx:hr>109</gpxtpx:hr>
      </gpxtpx:TrackPointExtension>
     </extensions>
   </trkpt>
   <trkpt lat="-2.5778520" lon="-43.0864910">
    <ele>18.6</ele>
    <time>2026-06-17T12:16:07Z</time>
     <extensions>
      <gpxtpx:TrackPointExtension>
       <gpxtpx:hr>112</gpxtpx:hr>
      </gpxtpx:TrackPointExtension>
     </extensions>
   </trkpt>
   <trkpt lat="-2.5778140" lon="-43.0865180">
    <ele>18.6</ele>
    <time>2026-06-17T12:16:12Z</time>
     <extensions>
      <gpxtpx:TrackPointExtension>
       <gpxtpx:hr>117</gpxtpx:hr>
      </gpxtpx:TrackPointExtension>
     </extensions>
   </trkpt>
   <trkpt lat="-2.5777750" lon="-43.0865440">
    <ele>18.6</ele>
    <time>2026-06-17T12:16:17Z</time>
     <extensions>
      <gpxtpx:TrackPointExtension>
       <gpxtpx:hr>116</gpxtpx:hr>
      </gpxtpx:TrackPointExtension>
     </extensions>
   </trkpt>
   <trkpt lat="-2.5777340" lon="-43.0865740">
    <ele>18.6</ele>
    <time>2026-06-17T12:16:22Z</time>
     <extensions>
      <gpxtpx:TrackPointExtension>
       <gpxtpx:hr>116</gpxtpx:hr>
      </gpxtpx:TrackPointExtension>
     </extensions>
   </trkpt>
   <trkpt lat="-2.5777020" lon="-43.0866090">
    <ele>18.8</ele>
    <time>2026-06-17T12:16:27Z</time>
     <extensions>
      <gpxtpx:TrackPointExtension>
       <gpxtpx:hr>114</gpxtpx:hr>
      </gpxtpx:TrackPointExtension>
     </extensions>
   </trkpt>
   <trkpt lat="-2.5776910" lon="-43.0866270">
    <ele>19.0</ele>
    <time>2026-06-17T12:16:32Z</time>
     <extensions>
      <gpxtpx:TrackPointExtension>
       <gpxtpx:hr>114</gpxtpx:hr>
      </gpxtpx:TrackPointExtension>
     </extensions>
   </trkpt>
   <trkpt lat="-2.5776480" lon="-43.0866620">
    <ele>19.2</ele>
    <time>2026-06-17T12:16:37Z</time>
     <extensions>
      <gpxtpx:TrackPointExtension>
       <gpxtpx:hr>115</gpxtpx:hr>
      </gpxtpx:TrackPointExtension>
     </extensions>
   </trkpt>
   <trkpt lat="-2.5776050" lon="-43.0866900">
    <ele>19.2</ele>
    <time>2026-06-17T12:16:42Z</time>
     <extensions>
      <gpxtpx:TrackPointExtension>
       <gpxtpx:hr>114</gpxtpx:hr>
      </gpxtpx:TrackPointExtension>
     </extensions>
   </trkpt>
   <trkpt lat="-2.5775650" lon="-43.0867150">
    <ele>19.2</ele>
    <time>2026-06-17T12:16:47Z</time>
     <extensions>
      <gpxtpx:TrackPointExtension>
       <gpxtpx:hr>114</gpxtpx:hr>
      </gpxtpx:TrackPointExtension>
     </extensions>
   </trkpt>
   <trkpt lat="-2.5775220" lon="-43.0867410">
    <ele>19.4</ele>
    <time>2026-06-17T12:16:52Z</time>
     <extensions>
      <gpxtpx:TrackPointExtension>
       <gpxtpx:hr>123</gpxtpx:hr>
      </gpxtpx:TrackPointExtension>
     </extensions>
   </trkpt>
   <trkpt lat="-2.5774780" lon="-43.0867740">
    <ele>19.4</ele>
    <time>2026-06-17T12:16:57Z</time>
     <extensions>
      <gpxtpx:TrackPointExtension>
       <gpxtpx:hr>123</gpxtpx:hr>
      </gpxtpx:TrackPointExtension>
     </extensions>
   </trkpt>
   <trkpt lat="-2.5774340" lon="-43.0868010">
    <ele>19.2</ele>
    <time>2026-06-17T12:17:02Z</time>
     <extensions>
      <gpxtpx:TrackPointExtension>
       <gpxtpx:hr>128</gpxtpx:hr>
      </gpxtpx:TrackPointExtension>
     </extensions>
   </trkpt>
   <trkpt lat="-2.5773890" lon="-43.0868240">
    <ele>19.0</ele>
    <time>2026-06-17T12:17:07Z</time>
     <extensions>
      <gpxtpx:TrackPointExtension>
       <gpxtpx:hr>126</gpxtpx:hr>
      </gpxtpx:TrackPointExtension>
     </extensions>
   </trkpt>
   <trkpt lat="-2.5773500" lon="-43.0868520">
    <ele>18.6</ele>
    <time>2026-06-17T12:17:13Z</time>
     <extensions>
      <gpxtpx:TrackPointExtension>
       <gpxtpx:hr>129</gpxtpx:hr>
      </gpxtpx:TrackPointExtension>
     </extensions>
   </trkpt>
   <trkpt lat="-2.5773060" lon="-43.0868670">
    <ele>18.2</ele>
    <time>2026-06-17T12:17:18Z</time>
     <extensions>
      <gpxtpx:TrackPointExtension>
       <gpxtpx:hr>132</gpxtpx:hr>
      </gpxtpx:TrackPointExtension>
     </extensions>
   </trkpt>
   <trkpt lat="-2.5772590" lon="-43.0868840">
    <ele>18.0</ele>
    <time>2026-06-17T12:17:23Z</time>
     <extensions>
      <gpxtpx:TrackPointExtension>
       <gpxtpx:hr>134</gpxtpx:hr>
      </gpxtpx:TrackPointExtension>
     </extensions>
   </trkpt>
   <trkpt lat="-2.5772090" lon="-43.0869020">
    <ele>17.6</ele>
    <time>2026-06-17T12:17:28Z</time>
     <extensions>
      <gpxtpx:TrackPointExtension>
       <gpxtpx:hr>134</gpxtpx:hr>
      </gpxtpx:TrackPointExtension>
     </extensions>
   </trkpt>
   <trkpt lat="-2.5771590" lon="-43.0869290">
    <ele>17.4</ele>
    <time>2026-06-17T12:17:33Z</time>
     <extensions>
      <gpxtpx:TrackPointExtension>
       <gpxtpx:hr>134</gpxtpx:hr>
      </gpxtpx:TrackPointExtension>
     </extensions>
   </trkpt>
   <trkpt lat="-2.5771100" lon="-43.0869540">
    <ele>17.2</ele>
    <time>2026-06-17T12:17:38Z</time>
     <extensions>
      <gpxtpx:TrackPointExtension>
       <gpxtpx:hr>134</gpxtpx:hr>
      </gpxtpx:TrackPointExtension>
     </extensions>
   </trkpt>
   <trkpt lat="-2.5770610" lon="-43.0869810">
    <ele>17.2</ele>
    <time>2026-06-17T12:17:43Z</time>
     <extensions>
      <gpxtpx:TrackPointExtension>
       <gpxtpx:hr>137</gpxtpx:hr>
      </gpxtpx:TrackPointExtension>
     </extensions>
   </trkpt>
   <trkpt lat="-2.5770130" lon="-43.0869990">
    <ele>17.0</ele>
    <time>2026-06-17T12:17:48Z</time>
     <extensions>
      <gpxtpx:TrackPointExtension>
       <gpxtpx:hr>136</gpxtpx:hr>
      </gpxtpx:TrackPointExtension>
     </extensions>
   </trkpt>
   <trkpt lat="-2.5769680" lon="-43.0870210">
    <ele>17.0</ele>
    <time>2026-06-17T12:17:53Z</time>
     <extensions>
      <gpxtpx:TrackPointExtension>
       <gpxtpx:hr>137</gpxtpx:hr>
      </gpxtpx:TrackPointExtension>
     </extensions>
   </trkpt>
   <trkpt lat="-2.5769300" lon="-43.0870540">
    <ele>16.8</ele>
    <time>2026-06-17T12:17:58Z</time>
     <extensions>
      <gpxtpx:TrackPointExtension>
       <gpxtpx:hr>137</gpxtpx:hr>
      </gpxtpx:TrackPointExtension>
     </extensions>
   </trkpt>
   <trkpt lat="-2.5768980" lon="-43.0870900">
    <ele>16.4</ele>
    <time>2026-06-17T12:18:03Z</time>
     <extensions>
      <gpxtpx:TrackPointExtension>
       <gpxtpx:hr>136</gpxtpx:hr>
      </gpxtpx:TrackPointExtension>
     </extensions>
   </trkpt>
   <trkpt lat="-2.5768630" lon="-43.0871220">
    <ele>16.2</ele>
    <time>2026-06-17T12:18:08Z</time>
     <extensions>
      <gpxtpx:TrackPointExtension>
       <gpxtpx:hr>132</gpxtpx:hr>
      </gpxtpx:TrackPointExtension>
     </extensions>
   </trkpt>
   <trkpt lat="-2.5768330" lon="-43.0871560">
    <ele>15.8</ele>
    <time>2026-06-17T12:18:13Z</time>
     <extensions>
      <gpxtpx:TrackPointExtension>
       <gpxtpx:hr>133</gpxtpx:hr>
      </gpxtpx:TrackPointExtension>
     </extensions>
   </trkpt>
   <trkpt lat="-2.5767980" lon="-43.0871840">
    <ele>15.6</ele>
    <time>2026-06-17T12:18:18Z</time>
     <extensions>
      <gpxtpx:TrackPointExtension>
       <gpxtpx:hr>130</gpxtpx:hr>
      </gpxtpx:TrackPointExtension>
     </extensions>
   </trkpt>
   <trkpt lat="-2.5767660" lon="-43.0871960">
    <ele>15.4</ele>
    <time>2026-06-17T12:18:23Z</time>
     <extensions>
      <gpxtpx:TrackPointExtension>
       <gpxtpx:hr>130</gpxtpx:hr>
      </gpxtpx:TrackPointExtension>
     </extensions>
   </trkpt>
   <trkpt lat="-2.5767530" lon="-43.0871940">
    <ele>15.2</ele>
    <time>2026-06-17T12:18:28Z</time>
     <extensions>
      <gpxtpx:TrackPointExtension>
       <gpxtpx:hr>126</gpxtpx:hr>
      </gpxtpx:TrackPointExtension>
     </extensions>
   </trkpt>
   <trkpt lat="-2.5767520" lon="-43.0871850">
    <ele>15.2</ele>
    <time>2026-06-17T12:18:33Z</time>
     <extensions>
      <gpxtpx:TrackPointExtension>
       <gpxtpx:hr>126</gpxtpx:hr>
      </gpxtpx:TrackPointExtension>
     </extensions>
   </trkpt>
   <trkpt lat="-2.5767390" lon="-43.0871840">
    <ele>15.2</ele>
    <time>2026-06-17T12:18:38Z</time>
     <extensions>
      <gpxtpx:TrackPointExtension>
       <gpxtpx:hr>131</gpxtpx:hr>
      </gpxtpx:TrackPointExtension>
     </extensions>
   </trkpt>
   <trkpt lat="-2.5767370" lon="-43.0871770">
    <ele>15.2</ele>
    <time>2026-06-17T12:18:43Z</time>
     <extensions>
      <gpxtpx:TrackPointExtension>
       <gpxtpx:hr>124</gpxtpx:hr>
      </gpxtpx:TrackPointExtension>
     </extensions>
   </trkpt>
   <trkpt lat="-2.5767340" lon="-43.0871740">
    <ele>15.0</ele>
    <time>2026-06-17T12:18:48Z</time>
     <extensions>
      <gpxtpx:TrackPointExtension>
       <gpxtpx:hr>125</gpxtpx:hr>
      </gpxtpx:TrackPointExtension>
     </extensions>
   </trkpt>
   <trkpt lat="-2.5767280" lon="-43.0871810">
    <ele>15.0</ele>
    <time>2026-06-17T12:18:53Z</time>
     <extensions>
      <gpxtpx:TrackPointExtension>
       <gpxtpx:hr>126</gpxtpx:hr>
      </gpxtpx:TrackPointExtension>
     </extensions>
   </trkpt>
   <trkpt lat="-2.5767190" lon="-43.0871980">
    <ele>14.6</ele>
    <time>2026-06-17T12:18:58Z</time>
     <extensions>
      <gpxtpx:TrackPointExtension>
       <gpxtpx:hr>128</gpxtpx:hr>
      </gpxtpx:TrackPointExtension>
     </extensions>
   </trkpt>
   <trkpt lat="-2.5767020" lon="-43.0872250">
    <ele>14.6</ele>
    <time>2026-06-17T12:19:03Z</time>
     <extensions>
      <gpxtpx:TrackPointExtension>
       <gpxtpx:hr>121</gpxtpx:hr>
      </gpxtpx:TrackPointExtension>
     </extensions>
   </trkpt>
   <trkpt lat="-2.5766890" lon="-43.0872450">
    <ele>14.6</ele>
    <time>2026-06-17T12:19:08Z</time>
     <extensions>
      <gpxtpx:TrackPointExtension>
       <gpxtpx:hr>130</gpxtpx:hr>
      </gpxtpx:TrackPointExtension>
     </extensions>
   </trkpt>
   <trkpt lat="-2.5766730" lon="-43.0872710">
    <ele>15.2</ele>
    <time>2026-06-17T12:19:14Z</time>
     <extensions>
      <gpxtpx:TrackPointExtension>
       <gpxtpx:hr>128</gpxtpx:hr>
      </gpxtpx:TrackPointExtension>
     </extensions>
   </trkpt>
   <trkpt lat="-2.5766580" lon="-43.0873120">
    <ele>16.0</ele>
    <time>2026-06-17T12:19:19Z</time>
     <extensions>
      <gpxtpx:TrackPointExtension>
       <gpxtpx:hr>133</gpxtpx:hr>
      </gpxtpx:TrackPointExtension>
     </extensions>
   </trkpt>
   <trkpt lat="-2.5766260" lon="-43.0873550">
    <ele>17.0</ele>
    <time>2026-06-17T12:19:24Z</time>
     <extensions>
      <gpxtpx:TrackPointExtension>
       <gpxtpx:hr>133</gpxtpx:hr>
      </gpxtpx:TrackPointExtension>
     </extensions>
   </trkpt>
   <trkpt lat="-2.5765840" lon="-43.0873900">
    <ele>17.8</ele>
    <time>2026-06-17T12:19:29Z</time>
     <extensions>
      <gpxtpx:TrackPointExtension>
       <gpxtpx:hr>139</gpxtpx:hr>
      </gpxtpx:TrackPointExtension>
     </extensions>
   </trkpt>
   <trkpt lat="-2.5765420" lon="-43.0874190">
    <ele>18.6</ele>
    <time>2026-06-17T12:19:34Z</time>
     <extensions>
      <gpxtpx:TrackPointExtension>
       <gpxtpx:hr>140</gpxtpx:hr>
      </gpxtpx:TrackPointExtension>
     </extensions>
   </trkpt>
   <trkpt lat="-2.5764930" lon="-43.0874380">
    <ele>19.4</ele>
    <time>2026-06-17T12:19:39Z</time>
     <extensions>
      <gpxtpx:TrackPointExtension>
       <gpxtpx:hr>143</gpxtpx:hr>
      </gpxtpx:TrackPointExtension>
     </extensions>
   </trkpt>
   <trkpt lat="-2.5764590" lon="-43.0874570">
    <ele>20.0</ele>
    <time>2026-06-17T12:19:44Z</time>
     <extensions>
      <gpxtpx:TrackPointExtension>
       <gpxtpx:hr>143</gpxtpx:hr>
      </gpxtpx:TrackPointExtension>
     </extensions>
   </trkpt>
   <trkpt lat="-2.5764250" lon="-43.0874860">
    <ele>20.4</ele>
    <time>2026-06-17T12:19:49Z</time>
     <extensions>
      <gpxtpx:TrackPointExtension>
       <gpxtpx:hr>143</gpxtpx:hr>
      </gpxtpx:TrackPointExtension>
     </extensions>
   </trkpt>
   <trkpt lat="-2.5763990" lon="-43.0875100">
    <ele>20.6</ele>
    <time>2026-06-17T12:19:54Z</time>
     <extensions>
      <gpxtpx:TrackPointExtension>
       <gpxtpx:hr>146</gpxtpx:hr>
      </gpxtpx:TrackPointExtension>
     </extensions>
   </trkpt>
   <trkpt lat="-2.5763660" lon="-43.0875280">
    <ele>20.6</ele>
    <time>2026-06-17T12:19:59Z</time>
     <extensions>
      <gpxtpx:TrackPointExtension>
       <gpxtpx:hr>148</gpxtpx:hr>
      </gpxtpx:TrackPointExtension>
     </extensions>
   </trkpt>
   <trkpt lat="-2.5763360" lon="-43.0875510">
    <ele>20.4</ele>
    <time>2026-06-17T12:20:04Z</time>
     <extensions>
      <gpxtpx:TrackPointExtension>
       <gpxtpx:hr>148</gpxtpx:hr>
      </gpxtpx:TrackPointExtension>
     </extensions>
   </trkpt>
   <trkpt lat="-2.5762990" lon="-43.0875720">
    <ele>20.2</ele>
    <time>2026-06-17T12:20:09Z</time>
     <extensions>
      <gpxtpx:TrackPointExtension>
       <gpxtpx:hr>148</gpxtpx:hr>
      </gpxtpx:TrackPointExtension>
     </extensions>
   </trkpt>
   <trkpt lat="-2.5762620" lon="-43.0875950">
    <ele>20.2</ele>
    <time>2026-06-17T12:20:14Z</time>
     <extensions>
      <gpxtpx:TrackPointExtension>
       <gpxtpx:hr>149</gpxtpx:hr>
      </gpxtpx:TrackPointExtension>
     </extensions>
   </trkpt>
   <trkpt lat="-2.5762230" lon="-43.0876160">
    <ele>20.2</ele>
    <time>2026-06-17T12:20:19Z</time>
     <extensions>
      <gpxtpx:TrackPointExtension>
       <gpxtpx:hr>145</gpxtpx:hr>
      </gpxtpx:TrackPointExtension>
     </extensions>
   </trkpt>
   <trkpt lat="-2.5761820" lon="-43.0876440">
    <ele>20.4</ele>
    <time>2026-06-17T12:20:24Z</time>
     <extensions>
      <gpxtpx:TrackPointExtension>
       <gpxtpx:hr>137</gpxtpx:hr>
      </gpxtpx:TrackPointExtension>
     </extensions>
   </trkpt>
   <trkpt lat="-2.5761450" lon="-43.0876830">
    <ele>20.8</ele>
    <time>2026-06-17T12:20:29Z</time>
     <extensions>
      <gpxtpx:TrackPointExtension>
       <gpxtpx:hr>134</gpxtpx:hr>
      </gpxtpx:TrackPointExtension>
     </extensions>
   </trkpt>
   <trkpt lat="-2.5761080" lon="-43.0877130">
    <ele>21.2</ele>
    <time>2026-06-17T12:20:34Z</time>
     <extensions>
      <gpxtpx:TrackPointExtension>
       <gpxtpx:hr>124</gpxtpx:hr>
      </gpxtpx:TrackPointExtension>
     </extensions>
   </trkpt>
   <trkpt lat="-2.5760670" lon="-43.0877380">
    <ele>21.6</ele>
    <time>2026-06-17T12:20:39Z</time>
     <extensions>
      <gpxtpx:TrackPointExtension>
       <gpxtpx:hr>124</gpxtpx:hr>
      </gpxtpx:TrackPointExtension>
     </extensions>
   </trkpt>
   <trkpt lat="-2.5760280" lon="-43.0877630">
    <ele>21.8</ele>
    <time>2026-06-17T12:20:44Z</time>
     <extensions>
      <gpxtpx:TrackPointExtension>
       <gpxtpx:hr>124</gpxtpx:hr>
      </gpxtpx:TrackPointExtension>
     </extensions>
   </trkpt>
   <trkpt lat="-2.5759890" lon="-43.0877870">
    <ele>22.0</ele>
    <time>2026-06-17T12:20:49Z</time>
     <extensions>
      <gpxtpx:TrackPointExtension>
       <gpxtpx:hr>124</gpxtpx:hr>
      </gpxtpx:TrackPointExtension>
     </extensions>
   </trkpt>
   <trkpt lat="-2.5759490" lon="-43.0878130">
    <ele>22.2</ele>
    <time>2026-06-17T12:20:54Z</time>
     <extensions>
      <gpxtpx:TrackPointExtension>
       <gpxtpx:hr>123</gpxtpx:hr>
      </gpxtpx:TrackPointExtension>
     </extensions>
   </trkpt>
   <trkpt lat="-2.5759070" lon="-43.0878320">
    <ele>22.2</ele>
    <time>2026-06-17T12:20:59Z</time>
     <extensions>
      <gpxtpx:TrackPointExtension>
       <gpxtpx:hr>128</gpxtpx:hr>
      </gpxtpx:TrackPointExtension>
     </extensions>
   </trkpt>
   <trkpt lat="-2.5758690" lon="-43.0878550">
    <ele>22.0</ele>
    <time>2026-06-17T12:21:04Z</time>
     <extensions>
      <gpxtpx:TrackPointExtension>
       <gpxtpx:hr>126</gpxtpx:hr>
      </gpxtpx:TrackPointExtension>
     </extensions>
   </trkpt>
   <trkpt lat="-2.5758310" lon="-43.0878740">
    <ele>21.8</ele>
    <time>2026-06-17T12:21:09Z</time>
     <extensions>
      <gpxtpx:TrackPointExtension>
       <gpxtpx:hr>127</gpxtpx:hr>
      </gpxtpx:TrackPointExtension>
     </extensions>
   </trkpt>
   <trkpt lat="-2.5757880" lon="-43.0878950">
    <ele>21.8</ele>
    <time>2026-06-17T12:21:14Z</time>
     <extensions>
      <gpxtpx:TrackPointExtension>
       <gpxtpx:hr>128</gpxtpx:hr>
      </gpxtpx:TrackPointExtension>
     </extensions>
   </trkpt>
   <trkpt lat="-2.5757450" lon="-43.0879150">
    <ele>21.6</ele>
    <time>2026-06-17T12:21:19Z</time>
     <extensions>
      <gpxtpx:TrackPointExtension>
       <gpxtpx:hr>129</gpxtpx:hr>
      </gpxtpx:TrackPointExtension>
     </extensions>
   </trkpt>
   <trkpt lat="-2.5757000" lon="-43.0879370">
    <ele>21.6</ele>
    <time>2026-06-17T12:21:24Z</time>
     <extensions>
      <gpxtpx:TrackPointExtension>
       <gpxtpx:hr>129</gpxtpx:hr>
      </gpxtpx:TrackPointExtension>
     </extensions>
   </trkpt>
   <trkpt lat="-2.5756550" lon="-43.0879600">
    <ele>21.8</ele>
    <time>2026-06-17T12:21:29Z</time>
     <extensions>
      <gpxtpx:TrackPointExtension>
       <gpxtpx:hr>133</gpxtpx:hr>
      </gpxtpx:TrackPointExtension>
     </extensions>
   </trkpt>
   <trkpt lat="-2.5756100" lon="-43.0879780">
    <ele>22.0</ele>
    <time>2026-06-17T12:21:34Z</time>
     <extensions>
      <gpxtpx:TrackPointExtension>
       <gpxtpx:hr>133</gpxtpx:hr>
      </gpxtpx:TrackPointExtension>
     </extensions>
   </trkpt>
   <trkpt lat="-2.5755680" lon="-43.0879900">
    <ele>22.2</ele>
    <time>2026-06-17T12:21:39Z</time>
     <extensions>
      <gpxtpx:TrackPointExtension>
       <gpxtpx:hr>133</gpxtpx:hr>
      </gpxtpx:TrackPointExtension>
     </extensions>
   </trkpt>
   <trkpt lat="-2.5755290" lon="-43.0880020">
    <ele>22.2</ele>
    <time>2026-06-17T12:21:44Z</time>
     <extensions>
      <gpxtpx:TrackPointExtension>
       <gpxtpx:hr>130</gpxtpx:hr>
      </gpxtpx:TrackPointExtension>
     </extensions>
   </trkpt>
   <trkpt lat="-2.5754880" lon="-43.0880170">
    <ele>22.2</ele>
    <time>2026-06-17T12:21:49Z</time>
     <extensions>
      <gpxtpx:TrackPointExtension>
       <gpxtpx:hr>131</gpxtpx:hr>
      </gpxtpx:TrackPointExtension>
     </extensions>
   </trkpt>
   <trkpt lat="-2.5754460" lon="-43.0880360">
    <ele>22.0</ele>
    <time>2026-06-17T12:21:54Z</time>
     <extensions>
      <gpxtpx:TrackPointExtension>
       <gpxtpx:hr>131</gpxtpx:hr>
      </gpxtpx:TrackPointExtension>
     </extensions>
   </trkpt>
   <trkpt lat="-2.5754020" lon="-43.0880540">
    <ele>21.6</ele>
    <time>2026-06-17T12:21:59Z</time>
     <extensions>
      <gpxtpx:TrackPointExtension>
       <gpxtpx:hr>136</gpxtpx:hr>
      </gpxtpx:TrackPointExtension>
     </extensions>
   </trkpt>
   <trkpt lat="-2.5753560" lon="-43.0880680">
    <ele>21.0</ele>
    <time>2026-06-17T12:22:04Z</time>
     <extensions>
      <gpxtpx:TrackPointExtension>
       <gpxtpx:hr>134</gpxtpx:hr>
      </gpxtpx:TrackPointExtension>
     </extensions>
   </trkpt>
   <trkpt lat="-2.5753130" lon="-43.0880860">
    <ele>20.2</ele>
    <time>2026-06-17T12:22:09Z</time>
     <extensions>
      <gpxtpx:TrackPointExtension>
       <gpxtpx:hr>135</gpxtpx:hr>
      </gpxtpx:TrackPointExtension>
     </extensions>
   </trkpt>
   <trkpt lat="-2.5752750" lon="-43.0881100">
    <ele>19.4</ele>
    <time>2026-06-17T12:22:14Z</time>
     <extensions>
      <gpxtpx:TrackPointExtension>
       <gpxtpx:hr>135</gpxtpx:hr>
      </gpxtpx:TrackPointExtension>
     </extensions>
   </trkpt>
   <trkpt lat="-2.5752340" lon="-43.0881310">
    <ele>18.6</ele>
    <time>2026-06-17T12:22:19Z</time>
     <extensions>
      <gpxtpx:TrackPointExtension>
       <gpxtpx:hr>135</gpxtpx:hr>
      </gpxtpx:TrackPointExtension>
     </extensions>
   </trkpt>
   <trkpt lat="-2.5751910" lon="-43.0881480">
    <ele>17.8</ele>
    <time>2026-06-17T12:22:24Z</time>
     <extensions>
      <gpxtpx:TrackPointExtension>
       <gpxtpx:hr>134</gpxtpx:hr>
      </gpxtpx:TrackPointExtension>
     </extensions>
   </trkpt>
   <trkpt lat="-2.5751480" lon="-43.0881610">
    <ele>17.2</ele>
    <time>2026-06-17T12:22:29Z</time>
     <extensions>
      <gpxtpx:TrackPointExtension>
       <gpxtpx:hr>131</gpxtpx:hr>
      </gpxtpx:TrackPointExtension>
     </extensions>
   </trkpt>
   <trkpt lat="-2.5751020" lon="-43.0881770">
    <ele>16.6</ele>
    <time>2026-06-17T12:22:34Z</time>
     <extensions>
      <gpxtpx:TrackPointExtension>
       <gpxtpx:hr>131</gpxtpx:hr>
      </gpxtpx:TrackPointExtension>
     </extensions>
   </trkpt>
   <trkpt lat="-2.5750600" lon="-43.0881960">
    <ele>16.0</ele>
    <time>2026-06-17T12:22:39Z</time>
     <extensions>
      <gpxtpx:TrackPointExtension>
       <gpxtpx:hr>129</gpxtpx:hr>
      </gpxtpx:TrackPointExtension>
     </extensions>
   </trkpt>
   <trkpt lat="-2.5750170" lon="-43.0882180">
    <ele>15.4</ele>
    <time>2026-06-17T12:22:44Z</time>
     <extensions>
      <gpxtpx:TrackPointExtension>
       <gpxtpx:hr>125</gpxtpx:hr>
      </gpxtpx:TrackPointExtension>
     </extensions>
   </trkpt>
   <trkpt lat="-2.5749680" lon="-43.0882310">
    <ele>14.8</ele>
    <time>2026-06-17T12:22:49Z</time>
     <extensions>
      <gpxtpx:TrackPointExtension>
       <gpxtpx:hr>125</gpxtpx:hr>
      </gpxtpx:TrackPointExtension>
     </extensions>
   </trkpt>
   <trkpt lat="-2.5749230" lon="-43.0882530">
    <ele>14.4</ele>
    <time>2026-06-17T12:22:54Z</time>
     <extensions>
      <gpxtpx:TrackPointExtension>
       <gpxtpx:hr>125</gpxtpx:hr>
      </gpxtpx:TrackPointExtension>
     </extensions>
   </trkpt>
   <trkpt lat="-2.5748740" lon="-43.0882760">
    <ele>14.2</ele>
    <time>2026-06-17T12:22:59Z</time>
     <extensions>
      <gpxtpx:TrackPointExtension>
       <gpxtpx:hr>125</gpxtpx:hr>
      </gpxtpx:TrackPointExtension>
     </extensions>
   </trkpt>
   <trkpt lat="-2.5748260" lon="-43.0882980">
    <ele>14.2</ele>
    <time>2026-06-17T12:23:04Z</time>
     <extensions>
      <gpxtpx:TrackPointExtension>
       <gpxtpx:hr>128</gpxtpx:hr>
      </gpxtpx:TrackPointExtension>
     </extensions>
   </trkpt>
   <trkpt lat="-2.5747770" lon="-43.0883230">
    <ele>14.2</ele>
    <time>2026-06-17T12:23:09Z</time>
     <extensions>
      <gpxtpx:TrackPointExtension>
       <gpxtpx:hr>128</gpxtpx:hr>
      </gpxtpx:TrackPointExtension>
     </extensions>
   </trkpt>
   <trkpt lat="-2.5747300" lon="-43.0883540">
    <ele>14.2</ele>
    <time>2026-06-17T12:23:14Z</time>
     <extensions>
      <gpxtpx:TrackPointExtension>
       <gpxtpx:hr>128</gpxtpx:hr>
      </gpxtpx:TrackPointExtension>
     </extensions>
   </trkpt>
   <trkpt lat="-2.5746830" lon="-43.0883840">
    <ele>14.2</ele>
    <time>2026-06-17T12:23:19Z</time>
     <extensions>
      <gpxtpx:TrackPointExtension>
       <gpxtpx:hr>126</gpxtpx:hr>
      </gpxtpx:TrackPointExtension>
     </extensions>
   </trkpt>
   <trkpt lat="-2.5746340" lon="-43.0884060">
    <ele>14.2</ele>
    <time>2026-06-17T12:23:24Z</time>
     <extensions>
      <gpxtpx:TrackPointExtension>
       <gpxtpx:hr>127</gpxtpx:hr>
      </gpxtpx:TrackPointExtension>
     </extensions>
   </trkpt>
   <trkpt lat="-2.5745900" lon="-43.0884350">
    <ele>14.0</ele>
    <time>2026-06-17T12:23:29Z</time>
     <extensions>
      <gpxtpx:TrackPointExtension>
       <gpxtpx:hr>127</gpxtpx:hr>
      </gpxtpx:TrackPointExtension>
     </extensions>
   </trkpt>
   <trkpt lat="-2.5745420" lon="-43.0884630">
    <ele>13.6</ele>
    <time>2026-06-17T12:23:34Z</time>
     <extensions>
      <gpxtpx:TrackPointExtension>
       <gpxtpx:hr>131</gpxtpx:hr>
      </gpxtpx:TrackPointExtension>
     </extensions>
   </trkpt>
   <trkpt lat="-2.5744950" lon="-43.0884910">
    <ele>13.8</ele>
    <time>2026-06-17T12:23:39Z</time>
     <extensions>
      <gpxtpx:TrackPointExtension>
       <gpxtpx:hr>131</gpxtpx:hr>
      </gpxtpx:TrackPointExtension>
     </extensions>
   </trkpt>
   <trkpt lat="-2.5744480" lon="-43.0885210">
    <ele>13.8</ele>
    <time>2026-06-17T12:23:44Z</time>
     <extensions>
      <gpxtpx:TrackPointExtension>
       <gpxtpx:hr>131</gpxtpx:hr>
      </gpxtpx:TrackPointExtension>
     </extensions>
   </trkpt>
   <trkpt lat="-2.5744010" lon="-43.0885510">
    <ele>13.8</ele>
    <time>2026-06-17T12:23:49Z</time>
     <extensions>
      <gpxtpx:TrackPointExtension>
       <gpxtpx:hr>131</gpxtpx:hr>
      </gpxtpx:TrackPointExtension>
     </extensions>
   </trkpt>
   <trkpt lat="-2.5743580" lon="-43.0885840">
    <ele>13.8</ele>
    <time>2026-06-17T12:23:54Z</time>
     <extensions>
      <gpxtpx:TrackPointExtension>
       <gpxtpx:hr>133</gpxtpx:hr>
      </gpxtpx:TrackPointExtension>
     </extensions>
   </trkpt>
   <trkpt lat="-2.5743160" lon="-43.0886180">
    <ele>13.2</ele>
    <time>2026-06-17T12:23:59Z</time>
     <extensions>
      <gpxtpx:TrackPointExtension>
       <gpxtpx:hr>133</gpxtpx:hr>
      </gpxtpx:TrackPointExtension>
     </extensions>
   </trkpt>
   <trkpt lat="-2.5742840" lon="-43.0886570">
    <ele>13.4</ele>
    <time>2026-06-17T12:24:04Z</time>
     <extensions>
      <gpxtpx:TrackPointExtension>
       <gpxtpx:hr>129</gpxtpx:hr>
      </gpxtpx:TrackPointExtension>
     </extensions>
   </trkpt>
   <trkpt lat="-2.5742680" lon="-43.0886990">
    <ele>13.8</ele>
    <time>2026-06-17T12:24:09Z</time>
     <extensions>
      <gpxtpx:TrackPointExtension>
       <gpxtpx:hr>129</gpxtpx:hr>
      </gpxtpx:TrackPointExtension>
     </extensions>
   </trkpt>
   <trkpt lat="-2.5742610" lon="-43.0887320">
    <ele>12.6</ele>
    <time>2026-06-17T12:24:14Z</time>
     <extensions>
      <gpxtpx:TrackPointExtension>
       <gpxtpx:hr>126</gpxtpx:hr>
      </gpxtpx:TrackPointExtension>
     </extensions>
   </trkpt>
   <trkpt lat="-2.5742060" lon="-43.0887540">
    <ele>14.2</ele>
    <time>2026-06-17T13:03:10Z</time>
     <extensions>
      <gpxtpx:TrackPointExtension>
       <gpxtpx:hr>126</gpxtpx:hr>
      </gpxtpx:TrackPointExtension>
     </extensions>
   </trkpt>
   <trkpt lat="-2.5742090" lon="-43.0887720">
    <ele>11.4</ele>
    <time>2026-06-17T13:03:15Z</time>
     <extensions>
      <gpxtpx:TrackPointExtension>
       <gpxtpx:hr>102</gpxtpx:hr>
      </gpxtpx:TrackPointExtension>
     </extensions>
   </trkpt>
   <trkpt lat="-2.5741940" lon="-43.0887970">
    <ele>10.6</ele>
    <time>2026-06-17T13:03:20Z</time>
     <extensions>
      <gpxtpx:TrackPointExtension>
       <gpxtpx:hr>102</gpxtpx:hr>
      </gpxtpx:TrackPointExtension>
     </extensions>
   </trkpt>
   <trkpt lat="-2.5741810" lon="-43.0888370">
    <ele>10.8</ele>
    <time>2026-06-17T13:03:25Z</time>
     <extensions>
      <gpxtpx:TrackPointExtension>
       <gpxtpx:hr>102</gpxtpx:hr>
      </gpxtpx:TrackPointExtension>
     </extensions>
   </trkpt>
   <trkpt lat="-2.5741620" lon="-43.0888660">
    <ele>11.2</ele>
    <time>2026-06-17T13:03:30Z</time>
     <extensions>
      <gpxtpx:TrackPointExtension>
       <gpxtpx:hr>104</gpxtpx:hr>
      </gpxtpx:TrackPointExtension>
     </extensions>
   </trkpt>
   <trkpt lat="-2.5741320" lon="-43.0889050">
    <ele>11.8</ele>
    <time>2026-06-17T13:03:35Z</time>
     <extensions>
      <gpxtpx:TrackPointExtension>
       <gpxtpx:hr>114</gpxtpx:hr>
      </gpxtpx:TrackPointExtension>
     </extensions>
   </trkpt>
   <trkpt lat="-2.5741020" lon="-43.0889400">
    <ele>12.8</ele>
    <time>2026-06-17T13:03:40Z</time>
     <extensions>
      <gpxtpx:TrackPointExtension>
       <gpxtpx:hr>114</gpxtpx:hr>
      </gpxtpx:TrackPointExtension>
     </extensions>
   </trkpt>
   <trkpt lat="-2.5740960" lon="-43.0889870">
    <ele>14.0</ele>
    <time>2026-06-17T13:03:45Z</time>
     <extensions>
      <gpxtpx:TrackPointExtension>
       <gpxtpx:hr>116</gpxtpx:hr>
      </gpxtpx:TrackPointExtension>
     </extensions>
   </trkpt>
   <trkpt lat="-2.5740880" lon="-43.0890210">
    <ele>14.8</ele>
    <time>2026-06-17T13:03:50Z</time>
     <extensions>
      <gpxtpx:TrackPointExtension>
       <gpxtpx:hr>117</gpxtpx:hr>
      </gpxtpx:TrackPointExtension>
     </extensions>
   </trkpt>
   <trkpt lat="-2.5740700" lon="-43.0890560">
    <ele>15.6</ele>
    <time>2026-06-17T13:03:55Z</time>
     <extensions>
      <gpxtpx:TrackPointExtension>
       <gpxtpx:hr>117</gpxtpx:hr>
      </gpxtpx:TrackPointExtension>
     </extensions>
   </trkpt>
   <trkpt lat="-2.5740560" lon="-43.0890880">
    <ele>16.0</ele>
    <time>2026-06-17T13:04:00Z</time>
     <extensions>
      <gpxtpx:TrackPointExtension>
       <gpxtpx:hr>117</gpxtpx:hr>
      </gpxtpx:TrackPointExtension>
     </extensions>
   </trkpt>
   <trkpt lat="-2.5740420" lon="-43.0891200">
    <ele>16.2</ele>
    <time>2026-06-17T13:04:05Z</time>
     <extensions>
      <gpxtpx:TrackPointExtension>
       <gpxtpx:hr>121</gpxtpx:hr>
      </gpxtpx:TrackPointExtension>
     </extensions>
   </trkpt>
   <trkpt lat="-2.5740260" lon="-43.0891490">
    <ele>16.2</ele>
    <time>2026-06-17T13:04:10Z</time>
     <extensions>
      <gpxtpx:TrackPointExtension>
       <gpxtpx:hr>121</gpxtpx:hr>
      </gpxtpx:TrackPointExtension>
     </extensions>
   </trkpt>
   <trkpt lat="-2.5740110" lon="-43.0891830">
    <ele>16.4</ele>
    <time>2026-06-17T13:04:15Z</time>
     <extensions>
      <gpxtpx:TrackPointExtension>
       <gpxtpx:hr>124</gpxtpx:hr>
      </gpxtpx:TrackPointExtension>
     </extensions>
   </trkpt>
   <trkpt lat="-2.5739920" lon="-43.0892200">
    <ele>16.4</ele>
    <time>2026-06-17T13:04:20Z</time>
     <extensions>
      <gpxtpx:TrackPointExtension>
       <gpxtpx:hr>126</gpxtpx:hr>
      </gpxtpx:TrackPointExtension>
     </extensions>
   </trkpt>
   <trkpt lat="-2.5739740" lon="-43.0892510">
    <ele>16.2</ele>
    <time>2026-06-17T13:04:25Z</time>
     <extensions>
      <gpxtpx:TrackPointExtension>
       <gpxtpx:hr>128</gpxtpx:hr>
      </gpxtpx:TrackPointExtension>
     </extensions>
   </trkpt>
   <trkpt lat="-2.5739550" lon="-43.0892850">
    <ele>16.0</ele>
    <time>2026-06-17T13:04:30Z</time>
     <extensions>
      <gpxtpx:TrackPointExtension>
       <gpxtpx:hr>132</gpxtpx:hr>
      </gpxtpx:TrackPointExtension>
     </extensions>
   </trkpt>
   <trkpt lat="-2.5739340" lon="-43.0893120">
    <ele>15.8</ele>
    <time>2026-06-17T13:04:35Z</time>
     <extensions>
      <gpxtpx:TrackPointExtension>
       <gpxtpx:hr>126</gpxtpx:hr>
      </gpxtpx:TrackPointExtension>
     </extensions>
   </trkpt>
   <trkpt lat="-2.5739180" lon="-43.0893340">
    <ele>15.8</ele>
    <time>2026-06-17T13:04:40Z</time>
     <extensions>
      <gpxtpx:TrackPointExtension>
       <gpxtpx:hr>126</gpxtpx:hr>
      </gpxtpx:TrackPointExtension>
     </extensions>
   </trkpt>
   <trkpt lat="-2.5739000" lon="-43.0893490">
    <ele>15.6</ele>
    <time>2026-06-17T13:04:45Z</time>
     <extensions>
      <gpxtpx:TrackPointExtension>
       <gpxtpx:hr>125</gpxtpx:hr>
      </gpxtpx:TrackPointExtension>
     </extensions>
   </trkpt>
   <trkpt lat="-2.5738740" lon="-43.0893780">
    <ele>15.2</ele>
    <time>2026-06-17T13:04:50Z</time>
     <extensions>
      <gpxtpx:TrackPointExtension>
       <gpxtpx:hr>124</gpxtpx:hr>
      </gpxtpx:TrackPointExtension>
     </extensions>
   </trkpt>
   <trkpt lat="-2.5738470" lon="-43.0894010">
    <ele>15.0</ele>
    <time>2026-06-17T13:04:55Z</time>
     <extensions>
      <gpxtpx:TrackPointExtension>
       <gpxtpx:hr>125</gpxtpx:hr>
      </gpxtpx:TrackPointExtension>
     </extensions>
   </trkpt>
   <trkpt lat="-2.5738230" lon="-43.0894320">
    <ele>14.8</ele>
    <time>2026-06-17T13:05:00Z</time>
     <extensions>
      <gpxtpx:TrackPointExtension>
       <gpxtpx:hr>127</gpxtpx:hr>
      </gpxtpx:TrackPointExtension>
     </extensions>
   </trkpt>
   <trkpt lat="-2.5737980" lon="-43.0894620">
    <ele>14.6</ele>
    <time>2026-06-17T13:05:05Z</time>
     <extensions>
      <gpxtpx:TrackPointExtension>
       <gpxtpx:hr>128</gpxtpx:hr>
      </gpxtpx:TrackPointExtension>
     </extensions>
   </trkpt>
   <trkpt lat="-2.5737640" lon="-43.0895020">
    <ele>14.6</ele>
    <time>2026-06-17T13:05:10Z</time>
     <extensions>
      <gpxtpx:TrackPointExtension>
       <gpxtpx:hr>128</gpxtpx:hr>
      </gpxtpx:TrackPointExtension>
     </extensions>
   </trkpt>
   <trkpt lat="-2.5737350" lon="-43.0895420">
    <ele>15.0</ele>
    <time>2026-06-17T13:05:15Z</time>
     <extensions>
      <gpxtpx:TrackPointExtension>
       <gpxtpx:hr>121</gpxtpx:hr>
      </gpxtpx:TrackPointExtension>
     </extensions>
   </trkpt>
   <trkpt lat="-2.5737060" lon="-43.0895810">
    <ele>15.4</ele>
    <time>2026-06-17T13:05:20Z</time>
     <extensions>
      <gpxtpx:TrackPointExtension>
       <gpxtpx:hr>123</gpxtpx:hr>
      </gpxtpx:TrackPointExtension>
     </extensions>
   </trkpt>
   <trkpt lat="-2.5736840" lon="-43.0896180">
    <ele>15.8</ele>
    <time>2026-06-17T13:05:25Z</time>
     <extensions>
      <gpxtpx:TrackPointExtension>
       <gpxtpx:hr>120</gpxtpx:hr>
      </gpxtpx:TrackPointExtension>
     </extensions>
   </trkpt>
   <trkpt lat="-2.5736490" lon="-43.0896600">
    <ele>16.0</ele>
    <time>2026-06-17T13:05:30Z</time>
     <extensions>
      <gpxtpx:TrackPointExtension>
       <gpxtpx:hr>120</gpxtpx:hr>
      </gpxtpx:TrackPointExtension>
     </extensions>
   </trkpt>
   <trkpt lat="-2.5736260" lon="-43.0896960">
    <ele>16.2</ele>
    <time>2026-06-17T13:05:35Z</time>
     <extensions>
      <gpxtpx:TrackPointExtension>
       <gpxtpx:hr>120</gpxtpx:hr>
      </gpxtpx:TrackPointExtension>
     </extensions>
   </trkpt>
   <trkpt lat="-2.5736160" lon="-43.0897400">
    <ele>16.4</ele>
    <time>2026-06-17T13:05:40Z</time>
     <extensions>
      <gpxtpx:TrackPointExtension>
       <gpxtpx:hr>121</gpxtpx:hr>
      </gpxtpx:TrackPointExtension>
     </extensions>
   </trkpt>
   <trkpt lat="-2.5736070" lon="-43.0897850">
    <ele>16.6</ele>
    <time>2026-06-17T13:05:45Z</time>
     <extensions>
      <gpxtpx:TrackPointExtension>
       <gpxtpx:hr>126</gpxtpx:hr>
      </gpxtpx:TrackPointExtension>
     </extensions>
   </trkpt>
   <trkpt lat="-2.5735970" lon="-43.0898190">
    <ele>16.6</ele>
    <time>2026-06-17T13:05:50Z</time>
     <extensions>
      <gpxtpx:TrackPointExtension>
       <gpxtpx:hr>126</gpxtpx:hr>
      </gpxtpx:TrackPointExtension>
     </extensions>
   </trkpt>
   <trkpt lat="-2.5736000" lon="-43.0898590">
    <ele>16.6</ele>
    <time>2026-06-17T13:05:55Z</time>
     <extensions>
      <gpxtpx:TrackPointExtension>
       <gpxtpx:hr>126</gpxtpx:hr>
      </gpxtpx:TrackPointExtension>
     </extensions>
   </trkpt>
   <trkpt lat="-2.5736110" lon="-43.0898980">
    <ele>16.8</ele>
    <time>2026-06-17T13:06:00Z</time>
     <extensions>
      <gpxtpx:TrackPointExtension>
       <gpxtpx:hr>126</gpxtpx:hr>
      </gpxtpx:TrackPointExtension>
     </extensions>
   </trkpt>
   <trkpt lat="-2.5736180" lon="-43.0899320">
    <ele>16.8</ele>
    <time>2026-06-17T13:06:05Z</time>
     <extensions>
      <gpxtpx:TrackPointExtension>
       <gpxtpx:hr>123</gpxtpx:hr>
      </gpxtpx:TrackPointExtension>
     </extensions>
   </trkpt>
   <trkpt lat="-2.5736200" lon="-43.0899730">
    <ele>16.8</ele>
    <time>2026-06-17T13:06:10Z</time>
     <extensions>
      <gpxtpx:TrackPointExtension>
       <gpxtpx:hr>119</gpxtpx:hr>
      </gpxtpx:TrackPointExtension>
     </extensions>
   </trkpt>
   <trkpt lat="-2.5736280" lon="-43.0900220">
    <ele>17.0</ele>
    <time>2026-06-17T13:06:15Z</time>
     <extensions>
      <gpxtpx:TrackPointExtension>
       <gpxtpx:hr>125</gpxtpx:hr>
      </gpxtpx:TrackPointExtension>
     </extensions>
   </trkpt>
   <trkpt lat="-2.5736370" lon="-43.0900600">
    <ele>17.0</ele>
    <time>2026-06-17T13:06:20Z</time>
     <extensions>
      <gpxtpx:TrackPointExtension>
       <gpxtpx:hr>123</gpxtpx:hr>
      </gpxtpx:TrackPointExtension>
     </extensions>
   </trkpt>
   <trkpt lat="-2.5736500" lon="-43.0900990">
    <ele>17.2</ele>
    <time>2026-06-17T13:06:25Z</time>
     <extensions>
      <gpxtpx:TrackPointExtension>
       <gpxtpx:hr>123</gpxtpx:hr>
      </gpxtpx:TrackPointExtension>
     </extensions>
   </trkpt>
   <trkpt lat="-2.5736650" lon="-43.0901270">
    <ele>17.2</ele>
    <time>2026-06-17T13:06:30Z</time>
     <extensions>
      <gpxtpx:TrackPointExtension>
       <gpxtpx:hr>129</gpxtpx:hr>
      </gpxtpx:TrackPointExtension>
     </extensions>
   </trkpt>
   <trkpt lat="-2.5736730" lon="-43.0901590">
    <ele>17.2</ele>
    <time>2026-06-17T13:06:35Z</time>
     <extensions>
      <gpxtpx:TrackPointExtension>
       <gpxtpx:hr>132</gpxtpx:hr>
      </gpxtpx:TrackPointExtension>
     </extensions>
   </trkpt>
   <trkpt lat="-2.5736750" lon="-43.0901910">
    <ele>17.2</ele>
    <time>2026-06-17T13:06:40Z</time>
     <extensions>
      <gpxtpx:TrackPointExtension>
       <gpxtpx:hr>135</gpxtpx:hr>
      </gpxtpx:TrackPointExtension>
     </extensions>
   </trkpt>
   <trkpt lat="-2.5736830" lon="-43.0902260">
    <ele>17.2</ele>
    <time>2026-06-17T13:06:45Z</time>
     <extensions>
      <gpxtpx:TrackPointExtension>
       <gpxtpx:hr>132</gpxtpx:hr>
      </gpxtpx:TrackPointExtension>
     </extensions>
   </trkpt>
   <trkpt lat="-2.5736900" lon="-43.0902650">
    <ele>17.2</ele>
    <time>2026-06-17T13:06:50Z</time>
     <extensions>
      <gpxtpx:TrackPointExtension>
       <gpxtpx:hr>132</gpxtpx:hr>
      </gpxtpx:TrackPointExtension>
     </extensions>
   </trkpt>
   <trkpt lat="-2.5736980" lon="-43.0903050">
    <ele>17.2</ele>
    <time>2026-06-17T13:06:55Z</time>
     <extensions>
      <gpxtpx:TrackPointExtension>
       <gpxtpx:hr>129</gpxtpx:hr>
      </gpxtpx:TrackPointExtension>
     </extensions>
   </trkpt>
   <trkpt lat="-2.5737090" lon="-43.0903320">
    <ele>17.0</ele>
    <time>2026-06-17T13:07:00Z</time>
     <extensions>
      <gpxtpx:TrackPointExtension>
       <gpxtpx:hr>127</gpxtpx:hr>
      </gpxtpx:TrackPointExtension>
     </extensions>
   </trkpt>
   <trkpt lat="-2.5737150" lon="-43.0903540">
    <ele>16.8</ele>
    <time>2026-06-17T13:07:05Z</time>
     <extensions>
      <gpxtpx:TrackPointExtension>
       <gpxtpx:hr>126</gpxtpx:hr>
      </gpxtpx:TrackPointExtension>
     </extensions>
   </trkpt>
   <trkpt lat="-2.5737210" lon="-43.0903820">
    <ele>16.4</ele>
    <time>2026-06-17T13:07:10Z</time>
     <extensions>
      <gpxtpx:TrackPointExtension>
       <gpxtpx:hr>126</gpxtpx:hr>
      </gpxtpx:TrackPointExtension>
     </extensions>
   </trkpt>
   <trkpt lat="-2.5737240" lon="-43.0904190">
    <ele>16.2</ele>
    <time>2026-06-17T13:07:15Z</time>
     <extensions>
      <gpxtpx:TrackPointExtension>
       <gpxtpx:hr>128</gpxtpx:hr>
      </gpxtpx:TrackPointExtension>
     </extensions>
   </trkpt>
   <trkpt lat="-2.5737280" lon="-43.0904590">
    <ele>15.8</ele>
    <time>2026-06-17T13:07:20Z</time>
     <extensions>
      <gpxtpx:TrackPointExtension>
       <gpxtpx:hr>129</gpxtpx:hr>
      </gpxtpx:TrackPointExtension>
     </extensions>
   </trkpt>
   <trkpt lat="-2.5737260" lon="-43.0905040">
    <ele>15.8</ele>
    <time>2026-06-17T13:07:25Z</time>
     <extensions>
      <gpxtpx:TrackPointExtension>
       <gpxtpx:hr>129</gpxtpx:hr>
      </gpxtpx:TrackPointExtension>
     </extensions>
   </trkpt>
   <trkpt lat="-2.5737180" lon="-43.0905500">
    <ele>15.8</ele>
    <time>2026-06-17T13:07:30Z</time>
     <extensions>
      <gpxtpx:TrackPointExtension>
       <gpxtpx:hr>131</gpxtpx:hr>
      </gpxtpx:TrackPointExtension>
     </extensions>
   </trkpt>
   <trkpt lat="-2.5737130" lon="-43.0905940">
    <ele>16.2</ele>
    <time>2026-06-17T13:07:35Z</time>
     <extensions>
      <gpxtpx:TrackPointExtension>
       <gpxtpx:hr>132</gpxtpx:hr>
      </gpxtpx:TrackPointExtension>
     </extensions>
   </trkpt>
   <trkpt lat="-2.5737090" lon="-43.0906370">
    <ele>16.4</ele>
    <time>2026-06-17T13:07:40Z</time>
     <extensions>
      <gpxtpx:TrackPointExtension>
       <gpxtpx:hr>133</gpxtpx:hr>
      </gpxtpx:TrackPointExtension>
     </extensions>
   </trkpt>
   <trkpt lat="-2.5737140" lon="-43.0906890">
    <ele>16.8</ele>
    <time>2026-06-17T13:07:45Z</time>
     <extensions>
      <gpxtpx:TrackPointExtension>
       <gpxtpx:hr>136</gpxtpx:hr>
      </gpxtpx:TrackPointExtension>
     </extensions>
   </trkpt>
   <trkpt lat="-2.5737240" lon="-43.0907370">
    <ele>17.4</ele>
    <time>2026-06-17T13:07:50Z</time>
     <extensions>
      <gpxtpx:TrackPointExtension>
       <gpxtpx:hr>136</gpxtpx:hr>
      </gpxtpx:TrackPointExtension>
     </extensions>
   </trkpt>
   <trkpt lat="-2.5737390" lon="-43.0907830">
    <ele>17.8</ele>
    <time>2026-06-17T13:07:55Z</time>
     <extensions>
      <gpxtpx:TrackPointExtension>
       <gpxtpx:hr>134</gpxtpx:hr>
      </gpxtpx:TrackPointExtension>
     </extensions>
   </trkpt>
   <trkpt lat="-2.5737540" lon="-43.0908310">
    <ele>18.0</ele>
    <time>2026-06-17T13:08:00Z</time>
     <extensions>
      <gpxtpx:TrackPointExtension>
       <gpxtpx:hr>140</gpxtpx:hr>
      </gpxtpx:TrackPointExtension>
     </extensions>
   </trkpt>
   <trkpt lat="-2.5737600" lon="-43.0908780">
    <ele>18.2</ele>
    <time>2026-06-17T13:08:05Z</time>
     <extensions>
      <gpxtpx:TrackPointExtension>
       <gpxtpx:hr>140</gpxtpx:hr>
      </gpxtpx:TrackPointExtension>
     </extensions>
   </trkpt>
   <trkpt lat="-2.5737670" lon="-43.0909260">
    <ele>18.4</ele>
    <time>2026-06-17T13:08:10Z</time>
     <extensions>
      <gpxtpx:TrackPointExtension>
       <gpxtpx:hr>135</gpxtpx:hr>
      </gpxtpx:TrackPointExtension>
     </extensions>
   </trkpt>
   <trkpt lat="-2.5737750" lon="-43.0909680">
    <ele>18.6</ele>
    <time>2026-06-17T13:08:15Z</time>
     <extensions>
      <gpxtpx:TrackPointExtension>
       <gpxtpx:hr>139</gpxtpx:hr>
      </gpxtpx:TrackPointExtension>
     </extensions>
   </trkpt>
   <trkpt lat="-2.5737770" lon="-43.0910090">
    <ele>18.6</ele>
    <time>2026-06-17T13:08:20Z</time>
     <extensions>
      <gpxtpx:TrackPointExtension>
       <gpxtpx:hr>136</gpxtpx:hr>
      </gpxtpx:TrackPointExtension>
     </extensions>
   </trkpt>
   <trkpt lat="-2.5737810" lon="-43.0910540">
    <ele>18.6</ele>
    <time>2026-06-17T13:08:25Z</time>
     <extensions>
      <gpxtpx:TrackPointExtension>
       <gpxtpx:hr>135</gpxtpx:hr>
      </gpxtpx:TrackPointExtension>
     </extensions>
   </trkpt>
   <trkpt lat="-2.5737860" lon="-43.0911010">
    <ele>18.4</ele>
    <time>2026-06-17T13:08:30Z</time>
     <extensions>
      <gpxtpx:TrackPointExtension>
       <gpxtpx:hr>128</gpxtpx:hr>
      </gpxtpx:TrackPointExtension>
     </extensions>
   </trkpt>
   <trkpt lat="-2.5737900" lon="-43.0911480">
    <ele>18.2</ele>
    <time>2026-06-17T13:08:35Z</time>
     <extensions>
      <gpxtpx:TrackPointExtension>
       <gpxtpx:hr>131</gpxtpx:hr>
      </gpxtpx:TrackPointExtension>
     </extensions>
   </trkpt>
   <trkpt lat="-2.5737900" lon="-43.0911990">
    <ele>17.8</ele>
    <time>2026-06-17T13:08:40Z</time>
     <extensions>
      <gpxtpx:TrackPointExtension>
       <gpxtpx:hr>125</gpxtpx:hr>
      </gpxtpx:TrackPointExtension>
     </extensions>
   </trkpt>
   <trkpt lat="-2.5737960" lon="-43.0912460">
    <ele>17.6</ele>
    <time>2026-06-17T13:08:45Z</time>
     <extensions>
      <gpxtpx:TrackPointExtension>
       <gpxtpx:hr>122</gpxtpx:hr>
      </gpxtpx:TrackPointExtension>
     </extensions>
   </trkpt>
   <trkpt lat="-2.5737990" lon="-43.0912830">
    <ele>17.4</ele>
    <time>2026-06-17T13:08:50Z</time>
     <extensions>
      <gpxtpx:TrackPointExtension>
       <gpxtpx:hr>123</gpxtpx:hr>
      </gpxtpx:TrackPointExtension>
     </extensions>
   </trkpt>
   <trkpt lat="-2.5738050" lon="-43.0913190">
    <ele>17.2</ele>
    <time>2026-06-17T13:08:55Z</time>
     <extensions>
      <gpxtpx:TrackPointExtension>
       <gpxtpx:hr>123</gpxtpx:hr>
      </gpxtpx:TrackPointExtension>
     </extensions>
   </trkpt>
   <trkpt lat="-2.5738140" lon="-43.0913500">
    <ele>17.0</ele>
    <time>2026-06-17T13:09:00Z</time>
     <extensions>
      <gpxtpx:TrackPointExtension>
       <gpxtpx:hr>118</gpxtpx:hr>
      </gpxtpx:TrackPointExtension>
     </extensions>
   </trkpt>
   <trkpt lat="-2.5738260" lon="-43.0913720">
    <ele>16.8</ele>
    <time>2026-06-17T13:09:05Z</time>
     <extensions>
      <gpxtpx:TrackPointExtension>
       <gpxtpx:hr>117</gpxtpx:hr>
      </gpxtpx:TrackPointExtension>
     </extensions>
   </trkpt>
   <trkpt lat="-2.5738420" lon="-43.0913920">
    <ele>16.6</ele>
    <time>2026-06-17T13:09:10Z</time>
     <extensions>
      <gpxtpx:TrackPointExtension>
       <gpxtpx:hr>117</gpxtpx:hr>
      </gpxtpx:TrackPointExtension>
     </extensions>
   </trkpt>
   <trkpt lat="-2.5738520" lon="-43.0913920">
    <ele>16.2</ele>
    <time>2026-06-17T13:09:15Z</time>
     <extensions>
      <gpxtpx:TrackPointExtension>
       <gpxtpx:hr>114</gpxtpx:hr>
      </gpxtpx:TrackPointExtension>
     </extensions>
   </trkpt>
   <trkpt lat="-2.5738610" lon="-43.0913950">
    <ele>15.8</ele>
    <time>2026-06-17T13:09:20Z</time>
     <extensions>
      <gpxtpx:TrackPointExtension>
       <gpxtpx:hr>112</gpxtpx:hr>
      </gpxtpx:TrackPointExtension>
     </extensions>
   </trkpt>
   <trkpt lat="-2.5738870" lon="-43.0914020">
    <ele>15.8</ele>
    <time>2026-06-17T13:09:25Z</time>
     <extensions>
      <gpxtpx:TrackPointExtension>
       <gpxtpx:hr>114</gpxtpx:hr>
      </gpxtpx:TrackPointExtension>
     </extensions>
   </trkpt>
   <trkpt lat="-2.5739020" lon="-43.0914130">
    <ele>15.8</ele>
    <time>2026-06-17T13:09:30Z</time>
     <extensions>
      <gpxtpx:TrackPointExtension>
       <gpxtpx:hr>114</gpxtpx:hr>
      </gpxtpx:TrackPointExtension>
     </extensions>
   </trkpt>
   <trkpt lat="-2.5739110" lon="-43.0914320">
    <ele>16.0</ele>
    <time>2026-06-17T13:09:35Z</time>
     <extensions>
      <gpxtpx:TrackPointExtension>
       <gpxtpx:hr>112</gpxtpx:hr>
      </gpxtpx:TrackPointExtension>
     </extensions>
   </trkpt>
   <trkpt lat="-2.5739180" lon="-43.0914500">
    <ele>16.2</ele>
    <time>2026-06-17T13:09:40Z</time>
     <extensions>
      <gpxtpx:TrackPointExtension>
       <gpxtpx:hr>110</gpxtpx:hr>
      </gpxtpx:TrackPointExtension>
     </extensions>
   </trkpt>
   <trkpt lat="-2.5739120" lon="-43.0914580">
    <ele>16.4</ele>
    <time>2026-06-17T13:09:45Z</time>
     <extensions>
      <gpxtpx:TrackPointExtension>
       <gpxtpx:hr>110</gpxtpx:hr>
      </gpxtpx:TrackPointExtension>
     </extensions>
   </trkpt>
   <trkpt lat="-2.5739090" lon="-43.0914590">
    <ele>16.6</ele>
    <time>2026-06-17T13:09:50Z</time>
     <extensions>
      <gpxtpx:TrackPointExtension>
       <gpxtpx:hr>103</gpxtpx:hr>
      </gpxtpx:TrackPointExtension>
     </extensions>
   </trkpt>
   <trkpt lat="-2.5739070" lon="-43.0914600">
    <ele>16.8</ele>
    <time>2026-06-17T13:09:55Z</time>
     <extensions>
      <gpxtpx:TrackPointExtension>
       <gpxtpx:hr>108</gpxtpx:hr>
      </gpxtpx:TrackPointExtension>
     </extensions>
   </trkpt>
   <trkpt lat="-2.5739050" lon="-43.0914600">
    <ele>16.8</ele>
    <time>2026-06-17T13:10:00Z</time>
     <extensions>
      <gpxtpx:TrackPointExtension>
       <gpxtpx:hr>105</gpxtpx:hr>
      </gpxtpx:TrackPointExtension>
     </extensions>
   </trkpt>
   <trkpt lat="-2.5739060" lon="-43.0914650">
    <ele>17.0</ele>
    <time>2026-06-17T13:10:05Z</time>
     <extensions>
      <gpxtpx:TrackPointExtension>
       <gpxtpx:hr>107</gpxtpx:hr>
      </gpxtpx:TrackPointExtension>
     </extensions>
   </trkpt>
   <trkpt lat="-2.5738930" lon="-43.0914700">
    <ele>17.0</ele>
    <time>2026-06-17T13:10:10Z</time>
     <extensions>
      <gpxtpx:TrackPointExtension>
       <gpxtpx:hr>103</gpxtpx:hr>
      </gpxtpx:TrackPointExtension>
     </extensions>
   </trkpt>
   <trkpt lat="-2.5738880" lon="-43.0914720">
    <ele>17.0</ele>
    <time>2026-06-17T13:10:15Z</time>
     <extensions>
      <gpxtpx:TrackPointExtension>
       <gpxtpx:hr>103</gpxtpx:hr>
      </gpxtpx:TrackPointExtension>
     </extensions>
   </trkpt>
   <trkpt lat="-2.5738600" lon="-43.0914570">
    <ele>16.8</ele>
    <time>2026-06-17T13:10:20Z</time>
     <extensions>
      <gpxtpx:TrackPointExtension>
       <gpxtpx:hr>103</gpxtpx:hr>
      </gpxtpx:TrackPointExtension>
     </extensions>
   </trkpt>
   <trkpt lat="-2.5738450" lon="-43.0914330">
    <ele>16.4</ele>
    <time>2026-06-17T13:10:25Z</time>
     <extensions>
      <gpxtpx:TrackPointExtension>
       <gpxtpx:hr>103</gpxtpx:hr>
      </gpxtpx:TrackPointExtension>
     </extensions>
   </trkpt>
   <trkpt lat="-2.5738570" lon="-43.0914300">
    <ele>16.2</ele>
    <time>2026-06-17T13:10:30Z</time>
     <extensions>
      <gpxtpx:TrackPointExtension>
       <gpxtpx:hr>113</gpxtpx:hr>
      </gpxtpx:TrackPointExtension>
     </extensions>
   </trkpt>
   <trkpt lat="-2.5738950" lon="-43.0914390">
    <ele>15.8</ele>
    <time>2026-06-17T13:10:35Z</time>
     <extensions>
      <gpxtpx:TrackPointExtension>
       <gpxtpx:hr>116</gpxtpx:hr>
      </gpxtpx:TrackPointExtension>
     </extensions>
   </trkpt>
   <trkpt lat="-2.5739420" lon="-43.0914430">
    <ele>15.6</ele>
    <time>2026-06-17T13:10:40Z</time>
     <extensions>
      <gpxtpx:TrackPointExtension>
       <gpxtpx:hr>116</gpxtpx:hr>
      </gpxtpx:TrackPointExtension>
     </extensions>
   </trkpt>
   <trkpt lat="-2.5739880" lon="-43.0914210">
    <ele>15.6</ele>
    <time>2026-06-17T13:10:45Z</time>
     <extensions>
      <gpxtpx:TrackPointExtension>
       <gpxtpx:hr>113</gpxtpx:hr>
      </gpxtpx:TrackPointExtension>
     </extensions>
   </trkpt>
   <trkpt lat="-2.5740280" lon="-43.0913940">
    <ele>15.6</ele>
    <time>2026-06-17T13:10:50Z</time>
     <extensions>
      <gpxtpx:TrackPointExtension>
       <gpxtpx:hr>121</gpxtpx:hr>
      </gpxtpx:TrackPointExtension>
     </extensions>
   </trkpt>
   <trkpt lat="-2.5740670" lon="-43.0913670">
    <ele>15.8</ele>
    <time>2026-06-17T13:10:55Z</time>
     <extensions>
      <gpxtpx:TrackPointExtension>
       <gpxtpx:hr>126</gpxtpx:hr>
      </gpxtpx:TrackPointExtension>
     </extensions>
   </trkpt>
   <trkpt lat="-2.5741010" lon="-43.0913310">
    <ele>15.8</ele>
    <time>2026-06-17T13:11:00Z</time>
     <extensions>
      <gpxtpx:TrackPointExtension>
       <gpxtpx:hr>126</gpxtpx:hr>
      </gpxtpx:TrackPointExtension>
     </extensions>
   </trkpt>
   <trkpt lat="-2.5741300" lon="-43.0912950">
    <ele>15.8</ele>
    <time>2026-06-17T13:11:05Z</time>
     <extensions>
      <gpxtpx:TrackPointExtension>
       <gpxtpx:hr>138</gpxtpx:hr>
      </gpxtpx:TrackPointExtension>
     </extensions>
   </trkpt>
   <trkpt lat="-2.5741660" lon="-43.0912660">
    <ele>15.8</ele>
    <time>2026-06-17T13:11:10Z</time>
     <extensions>
      <gpxtpx:TrackPointExtension>
       <gpxtpx:hr>139</gpxtpx:hr>
      </gpxtpx:TrackPointExtension>
     </extensions>
   </trkpt>
   <trkpt lat="-2.5741970" lon="-43.0912360">
    <ele>15.8</ele>
    <time>2026-06-17T13:11:15Z</time>
     <extensions>
      <gpxtpx:TrackPointExtension>
       <gpxtpx:hr>142</gpxtpx:hr>
      </gpxtpx:TrackPointExtension>
     </extensions>
   </trkpt>
   <trkpt lat="-2.5742260" lon="-43.0912140">
    <ele>16.0</ele>
    <time>2026-06-17T13:11:20Z</time>
     <extensions>
      <gpxtpx:TrackPointExtension>
       <gpxtpx:hr>142</gpxtpx:hr>
      </gpxtpx:TrackPointExtension>
     </extensions>
   </trkpt>
   <trkpt lat="-2.5742530" lon="-43.0911870">
    <ele>16.0</ele>
    <time>2026-06-17T13:11:25Z</time>
     <extensions>
      <gpxtpx:TrackPointExtension>
       <gpxtpx:hr>147</gpxtpx:hr>
      </gpxtpx:TrackPointExtension>
     </extensions>
   </trkpt>
   <trkpt lat="-2.5742860" lon="-43.0911500">
    <ele>16.4</ele>
    <time>2026-06-17T13:11:30Z</time>
     <extensions>
      <gpxtpx:TrackPointExtension>
       <gpxtpx:hr>147</gpxtpx:hr>
      </gpxtpx:TrackPointExtension>
     </extensions>
   </trkpt>
   <trkpt lat="-2.5743270" lon="-43.0911190">
    <ele>16.8</ele>
    <time>2026-06-17T13:11:35Z</time>
     <extensions>
      <gpxtpx:TrackPointExtension>
       <gpxtpx:hr>148</gpxtpx:hr>
      </gpxtpx:TrackPointExtension>
     </extensions>
   </trkpt>
   <trkpt lat="-2.5743710" lon="-43.0911010">
    <ele>17.2</ele>
    <time>2026-06-17T13:11:40Z</time>
     <extensions>
      <gpxtpx:TrackPointExtension>
       <gpxtpx:hr>148</gpxtpx:hr>
      </gpxtpx:TrackPointExtension>
     </extensions>
   </trkpt>
   <trkpt lat="-2.5744300" lon="-43.0910860">
    <ele>17.6</ele>
    <time>2026-06-17T13:11:45Z</time>
     <extensions>
      <gpxtpx:TrackPointExtension>
       <gpxtpx:hr>146</gpxtpx:hr>
      </gpxtpx:TrackPointExtension>
     </extensions>
   </trkpt>
   <trkpt lat="-2.5744740" lon="-43.0910670">
    <ele>17.8</ele>
    <time>2026-06-17T13:11:50Z</time>
     <extensions>
      <gpxtpx:TrackPointExtension>
       <gpxtpx:hr>145</gpxtpx:hr>
      </gpxtpx:TrackPointExtension>
     </extensions>
   </trkpt>
   <trkpt lat="-2.5745170" lon="-43.0910540">
    <ele>18.2</ele>
    <time>2026-06-17T13:11:56Z</time>
     <extensions>
      <gpxtpx:TrackPointExtension>
       <gpxtpx:hr>134</gpxtpx:hr>
      </gpxtpx:TrackPointExtension>
     </extensions>
   </trkpt>
   <trkpt lat="-2.5745550" lon="-43.0910420">
    <ele>18.4</ele>
    <time>2026-06-17T13:12:01Z</time>
     <extensions>
      <gpxtpx:TrackPointExtension>
       <gpxtpx:hr>132</gpxtpx:hr>
      </gpxtpx:TrackPointExtension>
     </extensions>
   </trkpt>
   <trkpt lat="-2.5745930" lon="-43.0910290">
    <ele>18.4</ele>
    <time>2026-06-17T13:12:06Z</time>
     <extensions>
      <gpxtpx:TrackPointExtension>
       <gpxtpx:hr>128</gpxtpx:hr>
      </gpxtpx:TrackPointExtension>
     </extensions>
   </trkpt>
   <trkpt lat="-2.5746370" lon="-43.0910190">
    <ele>18.2</ele>
    <time>2026-06-17T13:12:11Z</time>
     <extensions>
      <gpxtpx:TrackPointExtension>
       <gpxtpx:hr>127</gpxtpx:hr>
      </gpxtpx:TrackPointExtension>
     </extensions>
   </trkpt>
   <trkpt lat="-2.5746850" lon="-43.0910070">
    <ele>18.2</ele>
    <time>2026-06-17T13:12:16Z</time>
     <extensions>
      <gpxtpx:TrackPointExtension>
       <gpxtpx:hr>123</gpxtpx:hr>
      </gpxtpx:TrackPointExtension>
     </extensions>
   </trkpt>
   <trkpt lat="-2.5747330" lon="-43.0909980">
    <ele>18.0</ele>
    <time>2026-06-17T13:12:21Z</time>
     <extensions>
      <gpxtpx:TrackPointExtension>
       <gpxtpx:hr>115</gpxtpx:hr>
      </gpxtpx:TrackPointExtension>
     </extensions>
   </trkpt>
   <trkpt lat="-2.5747770" lon="-43.0909910">
    <ele>17.8</ele>
    <time>2026-06-17T13:12:26Z</time>
     <extensions>
      <gpxtpx:TrackPointExtension>
       <gpxtpx:hr>115</gpxtpx:hr>
      </gpxtpx:TrackPointExtension>
     </extensions>
   </trkpt>
   <trkpt lat="-2.5748260" lon="-43.0909830">
    <ele>17.6</ele>
    <time>2026-06-17T13:12:31Z</time>
     <extensions>
      <gpxtpx:TrackPointExtension>
       <gpxtpx:hr>115</gpxtpx:hr>
      </gpxtpx:TrackPointExtension>
     </extensions>
   </trkpt>
   <trkpt lat="-2.5748840" lon="-43.0909730">
    <ele>17.6</ele>
    <time>2026-06-17T13:12:36Z</time>
     <extensions>
      <gpxtpx:TrackPointExtension>
       <gpxtpx:hr>114</gpxtpx:hr>
      </gpxtpx:TrackPointExtension>
     </extensions>
   </trkpt>
   <trkpt lat="-2.5749350" lon="-43.0909730">
    <ele>17.4</ele>
    <time>2026-06-17T13:12:41Z</time>
     <extensions>
      <gpxtpx:TrackPointExtension>
       <gpxtpx:hr>114</gpxtpx:hr>
      </gpxtpx:TrackPointExtension>
     </extensions>
   </trkpt>
   <trkpt lat="-2.5749830" lon="-43.0909870">
    <ele>17.0</ele>
    <time>2026-06-17T13:12:46Z</time>
     <extensions>
      <gpxtpx:TrackPointExtension>
       <gpxtpx:hr>114</gpxtpx:hr>
      </gpxtpx:TrackPointExtension>
     </extensions>
   </trkpt>
   <trkpt lat="-2.5750360" lon="-43.0910090">
    <ele>16.8</ele>
    <time>2026-06-17T13:12:51Z</time>
     <extensions>
      <gpxtpx:TrackPointExtension>
       <gpxtpx:hr>111</gpxtpx:hr>
      </gpxtpx:TrackPointExtension>
     </extensions>
   </trkpt>
   <trkpt lat="-2.5750740" lon="-43.0910350">
    <ele>16.8</ele>
    <time>2026-06-17T13:12:56Z</time>
     <extensions>
      <gpxtpx:TrackPointExtension>
       <gpxtpx:hr>111</gpxtpx:hr>
      </gpxtpx:TrackPointExtension>
     </extensions>
   </trkpt>
   <trkpt lat="-2.5751030" lon="-43.0910840">
    <ele>16.6</ele>
    <time>2026-06-17T13:13:01Z</time>
     <extensions>
      <gpxtpx:TrackPointExtension>
       <gpxtpx:hr>111</gpxtpx:hr>
      </gpxtpx:TrackPointExtension>
     </extensions>
   </trkpt>
   <trkpt lat="-2.5751060" lon="-43.0911370">
    <ele>16.4</ele>
    <time>2026-06-17T13:13:06Z</time>
     <extensions>
      <gpxtpx:TrackPointExtension>
       <gpxtpx:hr>111</gpxtpx:hr>
      </gpxtpx:TrackPointExtension>
     </extensions>
   </trkpt>
   <trkpt lat="-2.5751050" lon="-43.0911500">
    <ele>16.4</ele>
    <time>2026-06-17T13:13:11Z</time>
     <extensions>
      <gpxtpx:TrackPointExtension>
       <gpxtpx:hr>112</gpxtpx:hr>
      </gpxtpx:TrackPointExtension>
     </extensions>
   </trkpt>
   <trkpt lat="-2.5751070" lon="-43.0911520">
    <ele>16.0</ele>
    <time>2026-06-17T13:13:16Z</time>
     <extensions>
      <gpxtpx:TrackPointExtension>
       <gpxtpx:hr>113</gpxtpx:hr>
      </gpxtpx:TrackPointExtension>
     </extensions>
   </trkpt>
   <trkpt lat="-2.5751070" lon="-43.0911540">
    <ele>14.8</ele>
    <time>2026-06-17T13:13:21Z</time>
     <extensions>
      <gpxtpx:TrackPointExtension>
       <gpxtpx:hr>121</gpxtpx:hr>
      </gpxtpx:TrackPointExtension>
     </extensions>
   </trkpt>
   <trkpt lat="-2.5751070" lon="-43.0911540">
    <ele>13.8</ele>
    <time>2026-06-17T13:13:26Z</time>
     <extensions>
      <gpxtpx:TrackPointExtension>
       <gpxtpx:hr>110</gpxtpx:hr>
      </gpxtpx:TrackPointExtension>
     </extensions>
   </trkpt>
   <trkpt lat="-2.5751110" lon="-43.0911560">
    <ele>13.2</ele>
    <time>2026-06-17T13:13:31Z</time>
     <extensions>
      <gpxtpx:TrackPointExtension>
       <gpxtpx:hr>113</gpxtpx:hr>
      </gpxtpx:TrackPointExtension>
     </extensions>
   </trkpt>
   <trkpt lat="-2.5751270" lon="-43.0911470">
    <ele>12.8</ele>
    <time>2026-06-17T13:13:36Z</time>
     <extensions>
      <gpxtpx:TrackPointExtension>
       <gpxtpx:hr>113</gpxtpx:hr>
      </gpxtpx:TrackPointExtension>
     </extensions>
   </trkpt>
   <trkpt lat="-2.5751270" lon="-43.0911490">
    <ele>13.0</ele>
    <time>2026-06-17T13:13:41Z</time>
     <extensions>
      <gpxtpx:TrackPointExtension>
       <gpxtpx:hr>115</gpxtpx:hr>
      </gpxtpx:TrackPointExtension>
     </extensions>
   </trkpt>
   <trkpt lat="-2.5751230" lon="-43.0911500">
    <ele>13.0</ele>
    <time>2026-06-17T13:13:46Z</time>
     <extensions>
      <gpxtpx:TrackPointExtension>
       <gpxtpx:hr>115</gpxtpx:hr>
      </gpxtpx:TrackPointExtension>
     </extensions>
   </trkpt>
   <trkpt lat="-2.5751190" lon="-43.0911480">
    <ele>13.4</ele>
    <time>2026-06-17T13:13:51Z</time>
     <extensions>
      <gpxtpx:TrackPointExtension>
       <gpxtpx:hr>121</gpxtpx:hr>
      </gpxtpx:TrackPointExtension>
     </extensions>
   </trkpt>
   <trkpt lat="-2.5751200" lon="-43.0911430">
    <ele>13.8</ele>
    <time>2026-06-17T13:13:56Z</time>
     <extensions>
      <gpxtpx:TrackPointExtension>
       <gpxtpx:hr>118</gpxtpx:hr>
      </gpxtpx:TrackPointExtension>
     </extensions>
   </trkpt>
   <trkpt lat="-2.5751230" lon="-43.0911400">
    <ele>14.2</ele>
    <time>2026-06-17T13:14:01Z</time>
     <extensions>
      <gpxtpx:TrackPointExtension>
       <gpxtpx:hr>116</gpxtpx:hr>
      </gpxtpx:TrackPointExtension>
     </extensions>
   </trkpt>
   <trkpt lat="-2.5751240" lon="-43.0911420">
    <ele>12.8</ele>
    <time>2026-06-17T13:14:06Z</time>
     <extensions>
      <gpxtpx:TrackPointExtension>
       <gpxtpx:hr>116</gpxtpx:hr>
      </gpxtpx:TrackPointExtension>
     </extensions>
   </trkpt>
   <trkpt lat="-2.5751320" lon="-43.0911570">
    <ele>13.6</ele>
    <time>2026-06-17T13:49:37Z</time>
     <extensions>
      <gpxtpx:TrackPointExtension>
       <gpxtpx:hr>116</gpxtpx:hr>
      </gpxtpx:TrackPointExtension>
     </extensions>
   </trkpt>
   <trkpt lat="-2.5751380" lon="-43.0911740">
    <ele>11.2</ele>
    <time>2026-06-17T13:49:42Z</time>
     <extensions>
      <gpxtpx:TrackPointExtension>
       <gpxtpx:hr>116</gpxtpx:hr>
      </gpxtpx:TrackPointExtension>
     </extensions>
   </trkpt>
   <trkpt lat="-2.5751340" lon="-43.0911950">
    <ele>10.6</ele>
    <time>2026-06-17T13:49:47Z</time>
     <extensions>
      <gpxtpx:TrackPointExtension>
       <gpxtpx:hr>116</gpxtpx:hr>
      </gpxtpx:TrackPointExtension>
     </extensions>
   </trkpt>
   <trkpt lat="-2.5751440" lon="-43.0912240">
    <ele>10.8</ele>
    <time>2026-06-17T13:49:53Z</time>
     <extensions>
      <gpxtpx:TrackPointExtension>
       <gpxtpx:hr>116</gpxtpx:hr>
      </gpxtpx:TrackPointExtension>
     </extensions>
   </trkpt>
   <trkpt lat="-2.5751460" lon="-43.0912440">
    <ele>11.0</ele>
    <time>2026-06-17T13:49:58Z</time>
     <extensions>
      <gpxtpx:TrackPointExtension>
       <gpxtpx:hr>116</gpxtpx:hr>
      </gpxtpx:TrackPointExtension>
     </extensions>
   </trkpt>
   <trkpt lat="-2.5751410" lon="-43.0912470">
    <ele>11.2</ele>
    <time>2026-06-17T13:50:03Z</time>
     <extensions>
      <gpxtpx:TrackPointExtension>
       <gpxtpx:hr>116</gpxtpx:hr>
      </gpxtpx:TrackPointExtension>
     </extensions>
   </trkpt>
   <trkpt lat="-2.5751400" lon="-43.0912470">
    <ele>11.8</ele>
    <time>2026-06-17T13:50:08Z</time>
     <extensions>
      <gpxtpx:TrackPointExtension>
       <gpxtpx:hr>120</gpxtpx:hr>
      </gpxtpx:TrackPointExtension>
     </extensions>
   </trkpt>
   <trkpt lat="-2.5751380" lon="-43.0912530">
    <ele>12.8</ele>
    <time>2026-06-17T13:50:13Z</time>
     <extensions>
      <gpxtpx:TrackPointExtension>
       <gpxtpx:hr>120</gpxtpx:hr>
      </gpxtpx:TrackPointExtension>
     </extensions>
   </trkpt>
   <trkpt lat="-2.5751370" lon="-43.0912760">
    <ele>13.6</ele>
    <time>2026-06-17T13:50:18Z</time>
     <extensions>
      <gpxtpx:TrackPointExtension>
       <gpxtpx:hr>115</gpxtpx:hr>
      </gpxtpx:TrackPointExtension>
     </extensions>
   </trkpt>
   <trkpt lat="-2.5751420" lon="-43.0913040">
    <ele>14.4</ele>
    <time>2026-06-17T13:50:23Z</time>
     <extensions>
      <gpxtpx:TrackPointExtension>
       <gpxtpx:hr>115</gpxtpx:hr>
      </gpxtpx:TrackPointExtension>
     </extensions>
   </trkpt>
   <trkpt lat="-2.5751430" lon="-43.0913340">
    <ele>14.8</ele>
    <time>2026-06-17T13:50:28Z</time>
     <extensions>
      <gpxtpx:TrackPointExtension>
       <gpxtpx:hr>115</gpxtpx:hr>
      </gpxtpx:TrackPointExtension>
     </extensions>
   </trkpt>
   <trkpt lat="-2.5751410" lon="-43.0913640">
    <ele>15.2</ele>
    <time>2026-06-17T13:50:33Z</time>
     <extensions>
      <gpxtpx:TrackPointExtension>
       <gpxtpx:hr>120</gpxtpx:hr>
      </gpxtpx:TrackPointExtension>
     </extensions>
   </trkpt>
   <trkpt lat="-2.5751380" lon="-43.0913900">
    <ele>15.4</ele>
    <time>2026-06-17T13:50:38Z</time>
     <extensions>
      <gpxtpx:TrackPointExtension>
       <gpxtpx:hr>110</gpxtpx:hr>
      </gpxtpx:TrackPointExtension>
     </extensions>
   </trkpt>
   <trkpt lat="-2.5751420" lon="-43.0914200">
    <ele>15.6</ele>
    <time>2026-06-17T13:50:43Z</time>
     <extensions>
      <gpxtpx:TrackPointExtension>
       <gpxtpx:hr>107</gpxtpx:hr>
      </gpxtpx:TrackPointExtension>
     </extensions>
   </trkpt>
   <trkpt lat="-2.5751490" lon="-43.0914460">
    <ele>15.6</ele>
    <time>2026-06-17T13:50:48Z</time>
     <extensions>
      <gpxtpx:TrackPointExtension>
       <gpxtpx:hr>105</gpxtpx:hr>
      </gpxtpx:TrackPointExtension>
     </extensions>
   </trkpt>
   <trkpt lat="-2.5751570" lon="-43.0914790">
    <ele>15.6</ele>
    <time>2026-06-17T13:50:53Z</time>
     <extensions>
      <gpxtpx:TrackPointExtension>
       <gpxtpx:hr>105</gpxtpx:hr>
      </gpxtpx:TrackPointExtension>
     </extensions>
   </trkpt>
   <trkpt lat="-2.5751610" lon="-43.0915150">
    <ele>15.6</ele>
    <time>2026-06-17T13:50:58Z</time>
     <extensions>
      <gpxtpx:TrackPointExtension>
       <gpxtpx:hr>105</gpxtpx:hr>
      </gpxtpx:TrackPointExtension>
     </extensions>
   </trkpt>
   <trkpt lat="-2.5751630" lon="-43.0915520">
    <ele>15.6</ele>
    <time>2026-06-17T13:51:03Z</time>
     <extensions>
      <gpxtpx:TrackPointExtension>
       <gpxtpx:hr>107</gpxtpx:hr>
      </gpxtpx:TrackPointExtension>
     </extensions>
   </trkpt>
   <trkpt lat="-2.5751600" lon="-43.0915950">
    <ele>15.6</ele>
    <time>2026-06-17T13:51:08Z</time>
     <extensions>
      <gpxtpx:TrackPointExtension>
       <gpxtpx:hr>106</gpxtpx:hr>
      </gpxtpx:TrackPointExtension>
     </extensions>
   </trkpt>
   <trkpt lat="-2.5751610" lon="-43.0916270">
    <ele>15.6</ele>
    <time>2026-06-17T13:51:13Z</time>
     <extensions>
      <gpxtpx:TrackPointExtension>
       <gpxtpx:hr>106</gpxtpx:hr>
      </gpxtpx:TrackPointExtension>
     </extensions>
   </trkpt>
   <trkpt lat="-2.5751630" lon="-43.0916580">
    <ele>15.8</ele>
    <time>2026-06-17T13:51:18Z</time>
     <extensions>
      <gpxtpx:TrackPointExtension>
       <gpxtpx:hr>110</gpxtpx:hr>
      </gpxtpx:TrackPointExtension>
     </extensions>
   </trkpt>
   <trkpt lat="-2.5751690" lon="-43.0916960">
    <ele>16.0</ele>
    <time>2026-06-17T13:51:23Z</time>
     <extensions>
      <gpxtpx:TrackPointExtension>
       <gpxtpx:hr>110</gpxtpx:hr>
      </gpxtpx:TrackPointExtension>
     </extensions>
   </trkpt>
   <trkpt lat="-2.5751740" lon="-43.0917260">
    <ele>16.2</ele>
    <time>2026-06-17T13:51:28Z</time>
     <extensions>
      <gpxtpx:TrackPointExtension>
       <gpxtpx:hr>112</gpxtpx:hr>
      </gpxtpx:TrackPointExtension>
     </extensions>
   </trkpt>
   <trkpt lat="-2.5751750" lon="-43.0917560">
    <ele>16.4</ele>
    <time>2026-06-17T13:51:33Z</time>
     <extensions>
      <gpxtpx:TrackPointExtension>
       <gpxtpx:hr>115</gpxtpx:hr>
      </gpxtpx:TrackPointExtension>
     </extensions>
   </trkpt>
   <trkpt lat="-2.5751810" lon="-43.0917930">
    <ele>16.6</ele>
    <time>2026-06-17T13:51:38Z</time>
     <extensions>
      <gpxtpx:TrackPointExtension>
       <gpxtpx:hr>115</gpxtpx:hr>
      </gpxtpx:TrackPointExtension>
     </extensions>
   </trkpt>
   <trkpt lat="-2.5751870" lon="-43.0918200">
    <ele>16.6</ele>
    <time>2026-06-17T13:51:43Z</time>
     <extensions>
      <gpxtpx:TrackPointExtension>
       <gpxtpx:hr>115</gpxtpx:hr>
      </gpxtpx:TrackPointExtension>
     </extensions>
   </trkpt>
   <trkpt lat="-2.5751890" lon="-43.0918270">
    <ele>16.6</ele>
    <time>2026-06-17T13:51:48Z</time>
     <extensions>
      <gpxtpx:TrackPointExtension>
       <gpxtpx:hr>121</gpxtpx:hr>
      </gpxtpx:TrackPointExtension>
     </extensions>
   </trkpt>
   <trkpt lat="-2.5751950" lon="-43.0918360">
    <ele>16.4</ele>
    <time>2026-06-17T13:51:53Z</time>
     <extensions>
      <gpxtpx:TrackPointExtension>
       <gpxtpx:hr>120</gpxtpx:hr>
      </gpxtpx:TrackPointExtension>
     </extensions>
   </trkpt>
   <trkpt lat="-2.5752160" lon="-43.0918750">
    <ele>16.4</ele>
    <time>2026-06-17T13:51:58Z</time>
     <extensions>
      <gpxtpx:TrackPointExtension>
       <gpxtpx:hr>123</gpxtpx:hr>
      </gpxtpx:TrackPointExtension>
     </extensions>
   </trkpt>
   <trkpt lat="-2.5752350" lon="-43.0919030">
    <ele>16.6</ele>
    <time>2026-06-17T13:52:03Z</time>
     <extensions>
      <gpxtpx:TrackPointExtension>
       <gpxtpx:hr>118</gpxtpx:hr>
      </gpxtpx:TrackPointExtension>
     </extensions>
   </trkpt>
   <trkpt lat="-2.5752550" lon="-43.0919380">
    <ele>16.8</ele>
    <time>2026-06-17T13:52:08Z</time>
     <extensions>
      <gpxtpx:TrackPointExtension>
       <gpxtpx:hr>118</gpxtpx:hr>
      </gpxtpx:TrackPointExtension>
     </extensions>
   </trkpt>
   <trkpt lat="-2.5752700" lon="-43.0919710">
    <ele>16.8</ele>
    <time>2026-06-17T13:52:13Z</time>
     <extensions>
      <gpxtpx:TrackPointExtension>
       <gpxtpx:hr>122</gpxtpx:hr>
      </gpxtpx:TrackPointExtension>
     </extensions>
   </trkpt>
   <trkpt lat="-2.5752900" lon="-43.0920070">
    <ele>16.6</ele>
    <time>2026-06-17T13:52:18Z</time>
     <extensions>
      <gpxtpx:TrackPointExtension>
       <gpxtpx:hr>122</gpxtpx:hr>
      </gpxtpx:TrackPointExtension>
     </extensions>
   </trkpt>
   <trkpt lat="-2.5753080" lon="-43.0920370">
    <ele>16.4</ele>
    <time>2026-06-17T13:52:23Z</time>
     <extensions>
      <gpxtpx:TrackPointExtension>
       <gpxtpx:hr>125</gpxtpx:hr>
      </gpxtpx:TrackPointExtension>
     </extensions>
   </trkpt>
   <trkpt lat="-2.5753220" lon="-43.0920660">
    <ele>16.4</ele>
    <time>2026-06-17T13:52:28Z</time>
     <extensions>
      <gpxtpx:TrackPointExtension>
       <gpxtpx:hr>131</gpxtpx:hr>
      </gpxtpx:TrackPointExtension>
     </extensions>
   </trkpt>
   <trkpt lat="-2.5753390" lon="-43.0920800">
    <ele>16.4</ele>
    <time>2026-06-17T13:52:33Z</time>
     <extensions>
      <gpxtpx:TrackPointExtension>
       <gpxtpx:hr>131</gpxtpx:hr>
      </gpxtpx:TrackPointExtension>
     </extensions>
   </trkpt>
   <trkpt lat="-2.5753650" lon="-43.0920720">
    <ele>16.6</ele>
    <time>2026-06-17T13:52:38Z</time>
     <extensions>
      <gpxtpx:TrackPointExtension>
       <gpxtpx:hr>125</gpxtpx:hr>
      </gpxtpx:TrackPointExtension>
     </extensions>
   </trkpt>
   <trkpt lat="-2.5753900" lon="-43.0920730">
    <ele>16.6</ele>
    <time>2026-06-17T13:52:43Z</time>
     <extensions>
      <gpxtpx:TrackPointExtension>
       <gpxtpx:hr>124</gpxtpx:hr>
      </gpxtpx:TrackPointExtension>
     </extensions>
   </trkpt>
   <trkpt lat="-2.5754020" lon="-43.0921080">
    <ele>16.6</ele>
    <time>2026-06-17T13:52:48Z</time>
     <extensions>
      <gpxtpx:TrackPointExtension>
       <gpxtpx:hr>124</gpxtpx:hr>
      </gpxtpx:TrackPointExtension>
     </extensions>
   </trkpt>
   <trkpt lat="-2.5754010" lon="-43.0921620">
    <ele>16.6</ele>
    <time>2026-06-17T13:52:53Z</time>
     <extensions>
      <gpxtpx:TrackPointExtension>
       <gpxtpx:hr>120</gpxtpx:hr>
      </gpxtpx:TrackPointExtension>
     </extensions>
   </trkpt>
   <trkpt lat="-2.5753950" lon="-43.0922070">
    <ele>16.6</ele>
    <time>2026-06-17T13:52:58Z</time>
     <extensions>
      <gpxtpx:TrackPointExtension>
       <gpxtpx:hr>120</gpxtpx:hr>
      </gpxtpx:TrackPointExtension>
     </extensions>
   </trkpt>
   <trkpt lat="-2.5753870" lon="-43.0922460">
    <ele>16.8</ele>
    <time>2026-06-17T13:53:03Z</time>
     <extensions>
      <gpxtpx:TrackPointExtension>
       <gpxtpx:hr>125</gpxtpx:hr>
      </gpxtpx:TrackPointExtension>
     </extensions>
   </trkpt>
   <trkpt lat="-2.5753870" lon="-43.0922860">
    <ele>16.8</ele>
    <time>2026-06-17T13:53:08Z</time>
     <extensions>
      <gpxtpx:TrackPointExtension>
       <gpxtpx:hr>116</gpxtpx:hr>
      </gpxtpx:TrackPointExtension>
     </extensions>
   </trkpt>
   <trkpt lat="-2.5753840" lon="-43.0923340">
    <ele>17.0</ele>
    <time>2026-06-17T13:53:13Z</time>
     <extensions>
      <gpxtpx:TrackPointExtension>
       <gpxtpx:hr>111</gpxtpx:hr>
      </gpxtpx:TrackPointExtension>
     </extensions>
   </trkpt>
   <trkpt lat="-2.5753820" lon="-43.0923780">
    <ele>17.0</ele>
    <time>2026-06-17T13:53:18Z</time>
     <extensions>
      <gpxtpx:TrackPointExtension>
       <gpxtpx:hr>114</gpxtpx:hr>
      </gpxtpx:TrackPointExtension>
     </extensions>
   </trkpt>
   <trkpt lat="-2.5753820" lon="-43.0924270">
    <ele>17.2</ele>
    <time>2026-06-17T13:53:23Z</time>
     <extensions>
      <gpxtpx:TrackPointExtension>
       <gpxtpx:hr>114</gpxtpx:hr>
      </gpxtpx:TrackPointExtension>
     </extensions>
   </trkpt>
   <trkpt lat="-2.5753800" lon="-43.0924670">
    <ele>17.2</ele>
    <time>2026-06-17T13:53:28Z</time>
     <extensions>
      <gpxtpx:TrackPointExtension>
       <gpxtpx:hr>115</gpxtpx:hr>
      </gpxtpx:TrackPointExtension>
     </extensions>
   </trkpt>
   <trkpt lat="-2.5753790" lon="-43.0925030">
    <ele>17.4</ele>
    <time>2026-06-17T13:53:33Z</time>
     <extensions>
      <gpxtpx:TrackPointExtension>
       <gpxtpx:hr>115</gpxtpx:hr>
      </gpxtpx:TrackPointExtension>
     </extensions>
   </trkpt>
   <trkpt lat="-2.5753870" lon="-43.0925450">
    <ele>17.2</ele>
    <time>2026-06-17T13:53:38Z</time>
     <extensions>
      <gpxtpx:TrackPointExtension>
       <gpxtpx:hr>116</gpxtpx:hr>
      </gpxtpx:TrackPointExtension>
     </extensions>
   </trkpt>
   <trkpt lat="-2.5753910" lon="-43.0925920">
    <ele>17.0</ele>
    <time>2026-06-17T13:53:43Z</time>
     <extensions>
      <gpxtpx:TrackPointExtension>
       <gpxtpx:hr>117</gpxtpx:hr>
      </gpxtpx:TrackPointExtension>
     </extensions>
   </trkpt>
   <trkpt lat="-2.5754040" lon="-43.0926420">
    <ele>16.6</ele>
    <time>2026-06-17T13:53:48Z</time>
     <extensions>
      <gpxtpx:TrackPointExtension>
       <gpxtpx:hr>116</gpxtpx:hr>
      </gpxtpx:TrackPointExtension>
     </extensions>
   </trkpt>
   <trkpt lat="-2.5754210" lon="-43.0926860">
    <ele>16.2</ele>
    <time>2026-06-17T13:53:53Z</time>
     <extensions>
      <gpxtpx:TrackPointExtension>
       <gpxtpx:hr>114</gpxtpx:hr>
      </gpxtpx:TrackPointExtension>
     </extensions>
   </trkpt>
   <trkpt lat="-2.5754360" lon="-43.0927280">
    <ele>15.8</ele>
    <time>2026-06-17T13:53:58Z</time>
     <extensions>
      <gpxtpx:TrackPointExtension>
       <gpxtpx:hr>111</gpxtpx:hr>
      </gpxtpx:TrackPointExtension>
     </extensions>
   </trkpt>
   <trkpt lat="-2.5754370" lon="-43.0927690">
    <ele>15.6</ele>
    <time>2026-06-17T13:54:03Z</time>
     <extensions>
      <gpxtpx:TrackPointExtension>
       <gpxtpx:hr>110</gpxtpx:hr>
      </gpxtpx:TrackPointExtension>
     </extensions>
   </trkpt>
   <trkpt lat="-2.5754480" lon="-43.0928160">
    <ele>15.4</ele>
    <time>2026-06-17T13:54:08Z</time>
     <extensions>
      <gpxtpx:TrackPointExtension>
       <gpxtpx:hr>103</gpxtpx:hr>
      </gpxtpx:TrackPointExtension>
     </extensions>
   </trkpt>
   <trkpt lat="-2.5754650" lon="-43.0928620">
    <ele>15.2</ele>
    <time>2026-06-17T13:54:13Z</time>
     <extensions>
      <gpxtpx:TrackPointExtension>
       <gpxtpx:hr>102</gpxtpx:hr>
      </gpxtpx:TrackPointExtension>
     </extensions>
   </trkpt>
   <trkpt lat="-2.5754840" lon="-43.0929040">
    <ele>15.2</ele>
    <time>2026-06-17T13:54:18Z</time>
     <extensions>
      <gpxtpx:TrackPointExtension>
       <gpxtpx:hr>102</gpxtpx:hr>
      </gpxtpx:TrackPointExtension>
     </extensions>
   </trkpt>
   <trkpt lat="-2.5755060" lon="-43.0929400">
    <ele>15.2</ele>
    <time>2026-06-17T13:54:23Z</time>
     <extensions>
      <gpxtpx:TrackPointExtension>
       <gpxtpx:hr>101</gpxtpx:hr>
      </gpxtpx:TrackPointExtension>
     </extensions>
   </trkpt>
   <trkpt lat="-2.5755260" lon="-43.0929710">
    <ele>15.2</ele>
    <time>2026-06-17T13:54:28Z</time>
     <extensions>
      <gpxtpx:TrackPointExtension>
       <gpxtpx:hr>98</gpxtpx:hr>
      </gpxtpx:TrackPointExtension>
     </extensions>
   </trkpt>
   <trkpt lat="-2.5755470" lon="-43.0930060">
    <ele>15.2</ele>
    <time>2026-06-17T13:54:33Z</time>
     <extensions>
      <gpxtpx:TrackPointExtension>
       <gpxtpx:hr>101</gpxtpx:hr>
      </gpxtpx:TrackPointExtension>
     </extensions>
   </trkpt>
   <trkpt lat="-2.5755710" lon="-43.0930480">
    <ele>15.4</ele>
    <time>2026-06-17T13:54:38Z</time>
     <extensions>
      <gpxtpx:TrackPointExtension>
       <gpxtpx:hr>106</gpxtpx:hr>
      </gpxtpx:TrackPointExtension>
     </extensions>
   </trkpt>
   <trkpt lat="-2.5755910" lon="-43.0930950">
    <ele>15.4</ele>
    <time>2026-06-17T13:54:43Z</time>
     <extensions>
      <gpxtpx:TrackPointExtension>
       <gpxtpx:hr>113</gpxtpx:hr>
      </gpxtpx:TrackPointExtension>
     </extensions>
   </trkpt>
   <trkpt lat="-2.5756120" lon="-43.0931380">
    <ele>15.4</ele>
    <time>2026-06-17T13:54:48Z</time>
     <extensions>
      <gpxtpx:TrackPointExtension>
       <gpxtpx:hr>114</gpxtpx:hr>
      </gpxtpx:TrackPointExtension>
     </extensions>
   </trkpt>
   <trkpt lat="-2.5756380" lon="-43.0931740">
    <ele>15.4</ele>
    <time>2026-06-17T13:54:53Z</time>
     <extensions>
      <gpxtpx:TrackPointExtension>
       <gpxtpx:hr>122</gpxtpx:hr>
      </gpxtpx:TrackPointExtension>
     </extensions>
   </trkpt>
   <trkpt lat="-2.5756630" lon="-43.0932060">
    <ele>15.4</ele>
    <time>2026-06-17T13:54:58Z</time>
     <extensions>
      <gpxtpx:TrackPointExtension>
       <gpxtpx:hr>123</gpxtpx:hr>
      </gpxtpx:TrackPointExtension>
     </extensions>
   </trkpt>
   <trkpt lat="-2.5756770" lon="-43.0932390">
    <ele>15.6</ele>
    <time>2026-06-17T13:55:03Z</time>
     <extensions>
      <gpxtpx:TrackPointExtension>
       <gpxtpx:hr>124</gpxtpx:hr>
      </gpxtpx:TrackPointExtension>
     </extensions>
   </trkpt>
   <trkpt lat="-2.5756860" lon="-43.0932780">
    <ele>15.8</ele>
    <time>2026-06-17T13:55:08Z</time>
     <extensions>
      <gpxtpx:TrackPointExtension>
       <gpxtpx:hr>123</gpxtpx:hr>
      </gpxtpx:TrackPointExtension>
     </extensions>
   </trkpt>
   <trkpt lat="-2.5756960" lon="-43.0933180">
    <ele>16.0</ele>
    <time>2026-06-17T13:55:13Z</time>
     <extensions>
      <gpxtpx:TrackPointExtension>
       <gpxtpx:hr>121</gpxtpx:hr>
      </gpxtpx:TrackPointExtension>
     </extensions>
   </trkpt>
   <trkpt lat="-2.5756990" lon="-43.0933690">
    <ele>16.2</ele>
    <time>2026-06-17T13:55:18Z</time>
     <extensions>
      <gpxtpx:TrackPointExtension>
       <gpxtpx:hr>122</gpxtpx:hr>
      </gpxtpx:TrackPointExtension>
     </extensions>
   </trkpt>
   <trkpt lat="-2.5756990" lon="-43.0934200">
    <ele>16.6</ele>
    <time>2026-06-17T13:55:23Z</time>
     <extensions>
      <gpxtpx:TrackPointExtension>
       <gpxtpx:hr>123</gpxtpx:hr>
      </gpxtpx:TrackPointExtension>
     </extensions>
   </trkpt>
   <trkpt lat="-2.5757000" lon="-43.0934790">
    <ele>16.8</ele>
    <time>2026-06-17T13:55:28Z</time>
     <extensions>
      <gpxtpx:TrackPointExtension>
       <gpxtpx:hr>123</gpxtpx:hr>
      </gpxtpx:TrackPointExtension>
     </extensions>
   </trkpt>
   <trkpt lat="-2.5756870" lon="-43.0935290">
    <ele>17.0</ele>
    <time>2026-06-17T13:55:33Z</time>
     <extensions>
      <gpxtpx:TrackPointExtension>
       <gpxtpx:hr>124</gpxtpx:hr>
      </gpxtpx:TrackPointExtension>
     </extensions>
   </trkpt>
   <trkpt lat="-2.5756600" lon="-43.0935750">
    <ele>17.2</ele>
    <time>2026-06-17T13:55:38Z</time>
     <extensions>
      <gpxtpx:TrackPointExtension>
       <gpxtpx:hr>120</gpxtpx:hr>
      </gpxtpx:TrackPointExtension>
     </extensions>
   </trkpt>
   <trkpt lat="-2.5756270" lon="-43.0936100">
    <ele>17.2</ele>
    <time>2026-06-17T13:55:43Z</time>
     <extensions>
      <gpxtpx:TrackPointExtension>
       <gpxtpx:hr>115</gpxtpx:hr>
      </gpxtpx:TrackPointExtension>
     </extensions>
   </trkpt>
   <trkpt lat="-2.5755940" lon="-43.0936280">
    <ele>17.2</ele>
    <time>2026-06-17T13:55:48Z</time>
     <extensions>
      <gpxtpx:TrackPointExtension>
       <gpxtpx:hr>116</gpxtpx:hr>
      </gpxtpx:TrackPointExtension>
     </extensions>
   </trkpt>
   <trkpt lat="-2.5755610" lon="-43.0936370">
    <ele>17.2</ele>
    <time>2026-06-17T13:55:53Z</time>
     <extensions>
      <gpxtpx:TrackPointExtension>
       <gpxtpx:hr>116</gpxtpx:hr>
      </gpxtpx:TrackPointExtension>
     </extensions>
   </trkpt>
   <trkpt lat="-2.5755230" lon="-43.0936630">
    <ele>17.2</ele>
    <time>2026-06-17T13:55:58Z</time>
     <extensions>
      <gpxtpx:TrackPointExtension>
       <gpxtpx:hr>115</gpxtpx:hr>
      </gpxtpx:TrackPointExtension>
     </extensions>
   </trkpt>
   <trkpt lat="-2.5754820" lon="-43.0936860">
    <ele>17.2</ele>
    <time>2026-06-17T13:56:03Z</time>
     <extensions>
      <gpxtpx:TrackPointExtension>
       <gpxtpx:hr>113</gpxtpx:hr>
      </gpxtpx:TrackPointExtension>
     </extensions>
   </trkpt>
   <trkpt lat="-2.5754440" lon="-43.0937140">
    <ele>17.0</ele>
    <time>2026-06-17T13:56:08Z</time>
     <extensions>
      <gpxtpx:TrackPointExtension>
       <gpxtpx:hr>116</gpxtpx:hr>
      </gpxtpx:TrackPointExtension>
     </extensions>
   </trkpt>
   <trkpt lat="-2.5754110" lon="-43.0937420">
    <ele>16.8</ele>
    <time>2026-06-17T13:56:13Z</time>
     <extensions>
      <gpxtpx:TrackPointExtension>
       <gpxtpx:hr>119</gpxtpx:hr>
      </gpxtpx:TrackPointExtension>
     </extensions>
   </trkpt>
   <trkpt lat="-2.5753810" lon="-43.0937700">
    <ele>16.6</ele>
    <time>2026-06-17T13:56:18Z</time>
     <extensions>
      <gpxtpx:TrackPointExtension>
       <gpxtpx:hr>123</gpxtpx:hr>
      </gpxtpx:TrackPointExtension>
     </extensions>
   </trkpt>
   <trkpt lat="-2.5753590" lon="-43.0937920">
    <ele>16.4</ele>
    <time>2026-06-17T13:56:23Z</time>
     <extensions>
      <gpxtpx:TrackPointExtension>
       <gpxtpx:hr>120</gpxtpx:hr>
      </gpxtpx:TrackPointExtension>
     </extensions>
   </trkpt>
   <trkpt lat="-2.5753550" lon="-43.0938150">
    <ele>16.4</ele>
    <time>2026-06-17T13:56:28Z</time>
     <extensions>
      <gpxtpx:TrackPointExtension>
       <gpxtpx:hr>116</gpxtpx:hr>
      </gpxtpx:TrackPointExtension>
     </extensions>
   </trkpt>
   <trkpt lat="-2.5753680" lon="-43.0938430">
    <ele>16.4</ele>
    <time>2026-06-17T13:56:33Z</time>
     <extensions>
      <gpxtpx:TrackPointExtension>
       <gpxtpx:hr>117</gpxtpx:hr>
      </gpxtpx:TrackPointExtension>
     </extensions>
   </trkpt>
   <trkpt lat="-2.5753750" lon="-43.0938620">
    <ele>16.2</ele>
    <time>2026-06-17T13:56:38Z</time>
     <extensions>
      <gpxtpx:TrackPointExtension>
       <gpxtpx:hr>114</gpxtpx:hr>
      </gpxtpx:TrackPointExtension>
     </extensions>
   </trkpt>
   <trkpt lat="-2.5753750" lon="-43.0938790">
    <ele>16.0</ele>
    <time>2026-06-17T13:56:43Z</time>
     <extensions>
      <gpxtpx:TrackPointExtension>
       <gpxtpx:hr>114</gpxtpx:hr>
      </gpxtpx:TrackPointExtension>
     </extensions>
   </trkpt>
   <trkpt lat="-2.5753740" lon="-43.0939000">
    <ele>15.8</ele>
    <time>2026-06-17T13:56:48Z</time>
     <extensions>
      <gpxtpx:TrackPointExtension>
       <gpxtpx:hr>126</gpxtpx:hr>
      </gpxtpx:TrackPointExtension>
     </extensions>
   </trkpt>
   <trkpt lat="-2.5753770" lon="-43.0939270">
    <ele>15.8</ele>
    <time>2026-06-17T13:56:53Z</time>
     <extensions>
      <gpxtpx:TrackPointExtension>
       <gpxtpx:hr>126</gpxtpx:hr>
      </gpxtpx:TrackPointExtension>
     </extensions>
   </trkpt>
   <trkpt lat="-2.5753800" lon="-43.0939880">
    <ele>15.8</ele>
    <time>2026-06-17T13:56:58Z</time>
     <extensions>
      <gpxtpx:TrackPointExtension>
       <gpxtpx:hr>135</gpxtpx:hr>
      </gpxtpx:TrackPointExtension>
     </extensions>
   </trkpt>
   <trkpt lat="-2.5753900" lon="-43.0940580">
    <ele>15.8</ele>
    <time>2026-06-17T13:57:03Z</time>
     <extensions>
      <gpxtpx:TrackPointExtension>
       <gpxtpx:hr>135</gpxtpx:hr>
      </gpxtpx:TrackPointExtension>
     </extensions>
   </trkpt>
   <trkpt lat="-2.5754010" lon="-43.0941220">
    <ele>15.8</ele>
    <time>2026-06-17T13:57:08Z</time>
     <extensions>
      <gpxtpx:TrackPointExtension>
       <gpxtpx:hr>131</gpxtpx:hr>
      </gpxtpx:TrackPointExtension>
     </extensions>
   </trkpt>
   <trkpt lat="-2.5754160" lon="-43.0941830">
    <ele>16.0</ele>
    <time>2026-06-17T13:57:13Z</time>
     <extensions>
      <gpxtpx:TrackPointExtension>
       <gpxtpx:hr>131</gpxtpx:hr>
      </gpxtpx:TrackPointExtension>
     </extensions>
   </trkpt>
   <trkpt lat="-2.5754390" lon="-43.0942370">
    <ele>16.2</ele>
    <time>2026-06-17T13:57:18Z</time>
     <extensions>
      <gpxtpx:TrackPointExtension>
       <gpxtpx:hr>126</gpxtpx:hr>
      </gpxtpx:TrackPointExtension>
     </extensions>
   </trkpt>
   <trkpt lat="-2.5754640" lon="-43.0942750">
    <ele>16.2</ele>
    <time>2026-06-17T13:57:23Z</time>
     <extensions>
      <gpxtpx:TrackPointExtension>
       <gpxtpx:hr>125</gpxtpx:hr>
      </gpxtpx:TrackPointExtension>
     </extensions>
   </trkpt>
   <trkpt lat="-2.5754860" lon="-43.0943170">
    <ele>16.4</ele>
    <time>2026-06-17T13:57:28Z</time>
     <extensions>
      <gpxtpx:TrackPointExtension>
       <gpxtpx:hr>124</gpxtpx:hr>
      </gpxtpx:TrackPointExtension>
     </extensions>
   </trkpt>
   <trkpt lat="-2.5755130" lon="-43.0943480">
    <ele>16.6</ele>
    <time>2026-06-17T13:57:33Z</time>
     <extensions>
      <gpxtpx:TrackPointExtension>
       <gpxtpx:hr>119</gpxtpx:hr>
      </gpxtpx:TrackPointExtension>
     </extensions>
   </trkpt>
   <trkpt lat="-2.5755350" lon="-43.0943900">
    <ele>17.0</ele>
    <time>2026-06-17T13:57:38Z</time>
     <extensions>
      <gpxtpx:TrackPointExtension>
       <gpxtpx:hr>118</gpxtpx:hr>
      </gpxtpx:TrackPointExtension>
     </extensions>
   </trkpt>
   <trkpt lat="-2.5755620" lon="-43.0944210">
    <ele>17.4</ele>
    <time>2026-06-17T13:57:43Z</time>
     <extensions>
      <gpxtpx:TrackPointExtension>
       <gpxtpx:hr>119</gpxtpx:hr>
      </gpxtpx:TrackPointExtension>
     </extensions>
   </trkpt>
   <trkpt lat="-2.5755880" lon="-43.0944630">
    <ele>17.8</ele>
    <time>2026-06-17T13:57:48Z</time>
     <extensions>
      <gpxtpx:TrackPointExtension>
       <gpxtpx:hr>118</gpxtpx:hr>
      </gpxtpx:TrackPointExtension>
     </extensions>
   </trkpt>
   <trkpt lat="-2.5756130" lon="-43.0945020">
    <ele>18.2</ele>
    <time>2026-06-17T13:57:53Z</time>
     <extensions>
      <gpxtpx:TrackPointExtension>
       <gpxtpx:hr>123</gpxtpx:hr>
      </gpxtpx:TrackPointExtension>
     </extensions>
   </trkpt>
   <trkpt lat="-2.5756370" lon="-43.0945370">
    <ele>18.6</ele>
    <time>2026-06-17T13:57:58Z</time>
     <extensions>
      <gpxtpx:TrackPointExtension>
       <gpxtpx:hr>124</gpxtpx:hr>
      </gpxtpx:TrackPointExtension>
     </extensions>
   </trkpt>
   <trkpt lat="-2.5756620" lon="-43.0945630">
    <ele>19.0</ele>
    <time>2026-06-17T13:58:03Z</time>
     <extensions>
      <gpxtpx:TrackPointExtension>
       <gpxtpx:hr>124</gpxtpx:hr>
      </gpxtpx:TrackPointExtension>
     </extensions>
   </trkpt>
   <trkpt lat="-2.5756830" lon="-43.0945880">
    <ele>19.4</ele>
    <time>2026-06-17T13:58:08Z</time>
     <extensions>
      <gpxtpx:TrackPointExtension>
       <gpxtpx:hr>121</gpxtpx:hr>
      </gpxtpx:TrackPointExtension>
     </extensions>
   </trkpt>
   <trkpt lat="-2.5757020" lon="-43.0946150">
    <ele>19.6</ele>
    <time>2026-06-17T13:58:13Z</time>
     <extensions>
      <gpxtpx:TrackPointExtension>
       <gpxtpx:hr>114</gpxtpx:hr>
      </gpxtpx:TrackPointExtension>
     </extensions>
   </trkpt>
   <trkpt lat="-2.5757200" lon="-43.0946400">
    <ele>20.2</ele>
    <time>2026-06-17T13:58:18Z</time>
     <extensions>
      <gpxtpx:TrackPointExtension>
       <gpxtpx:hr>115</gpxtpx:hr>
      </gpxtpx:TrackPointExtension>
     </extensions>
   </trkpt>
   <trkpt lat="-2.5757430" lon="-43.0946630">
    <ele>20.8</ele>
    <time>2026-06-17T13:58:23Z</time>
     <extensions>
      <gpxtpx:TrackPointExtension>
       <gpxtpx:hr>116</gpxtpx:hr>
      </gpxtpx:TrackPointExtension>
     </extensions>
   </trkpt>
   <trkpt lat="-2.5757790" lon="-43.0946870">
    <ele>21.4</ele>
    <time>2026-06-17T13:58:28Z</time>
     <extensions>
      <gpxtpx:TrackPointExtension>
       <gpxtpx:hr>116</gpxtpx:hr>
      </gpxtpx:TrackPointExtension>
     </extensions>
   </trkpt>
   <trkpt lat="-2.5758220" lon="-43.0947110">
    <ele>22.2</ele>
    <time>2026-06-17T13:58:33Z</time>
     <extensions>
      <gpxtpx:TrackPointExtension>
       <gpxtpx:hr>119</gpxtpx:hr>
      </gpxtpx:TrackPointExtension>
     </extensions>
   </trkpt>
   <trkpt lat="-2.5758590" lon="-43.0947440">
    <ele>23.0</ele>
    <time>2026-06-17T13:58:38Z</time>
     <extensions>
      <gpxtpx:TrackPointExtension>
       <gpxtpx:hr>117</gpxtpx:hr>
      </gpxtpx:TrackPointExtension>
     </extensions>
   </trkpt>
   <trkpt lat="-2.5759010" lon="-43.0947820">
    <ele>23.4</ele>
    <time>2026-06-17T13:58:43Z</time>
     <extensions>
      <gpxtpx:TrackPointExtension>
       <gpxtpx:hr>118</gpxtpx:hr>
      </gpxtpx:TrackPointExtension>
     </extensions>
   </trkpt>
   <trkpt lat="-2.5759420" lon="-43.0948250">
    <ele>23.8</ele>
    <time>2026-06-17T13:58:48Z</time>
     <extensions>
      <gpxtpx:TrackPointExtension>
       <gpxtpx:hr>121</gpxtpx:hr>
      </gpxtpx:TrackPointExtension>
     </extensions>
   </trkpt>
   <trkpt lat="-2.5759780" lon="-43.0948660">
    <ele>24.0</ele>
    <time>2026-06-17T13:58:53Z</time>
     <extensions>
      <gpxtpx:TrackPointExtension>
       <gpxtpx:hr>123</gpxtpx:hr>
      </gpxtpx:TrackPointExtension>
     </extensions>
   </trkpt>
   <trkpt lat="-2.5760070" lon="-43.0949070">
    <ele>24.0</ele>
    <time>2026-06-17T13:58:58Z</time>
     <extensions>
      <gpxtpx:TrackPointExtension>
       <gpxtpx:hr>121</gpxtpx:hr>
      </gpxtpx:TrackPointExtension>
     </extensions>
   </trkpt>
   <trkpt lat="-2.5760390" lon="-43.0949410">
    <ele>23.8</ele>
    <time>2026-06-17T13:59:03Z</time>
     <extensions>
      <gpxtpx:TrackPointExtension>
       <gpxtpx:hr>126</gpxtpx:hr>
      </gpxtpx:TrackPointExtension>
     </extensions>
   </trkpt>
   <trkpt lat="-2.5760800" lon="-43.0949700">
    <ele>23.4</ele>
    <time>2026-06-17T13:59:08Z</time>
     <extensions>
      <gpxtpx:TrackPointExtension>
       <gpxtpx:hr>117</gpxtpx:hr>
      </gpxtpx:TrackPointExtension>
     </extensions>
   </trkpt>
   <trkpt lat="-2.5761160" lon="-43.0949980">
    <ele>23.0</ele>
    <time>2026-06-17T13:59:13Z</time>
     <extensions>
      <gpxtpx:TrackPointExtension>
       <gpxtpx:hr>122</gpxtpx:hr>
      </gpxtpx:TrackPointExtension>
     </extensions>
   </trkpt>
   <trkpt lat="-2.5761460" lon="-43.0950240">
    <ele>22.4</ele>
    <time>2026-06-17T13:59:18Z</time>
     <extensions>
      <gpxtpx:TrackPointExtension>
       <gpxtpx:hr>123</gpxtpx:hr>
      </gpxtpx:TrackPointExtension>
     </extensions>
   </trkpt>
   <trkpt lat="-2.5761580" lon="-43.0950680">
    <ele>21.8</ele>
    <time>2026-06-17T13:59:23Z</time>
     <extensions>
      <gpxtpx:TrackPointExtension>
       <gpxtpx:hr>123</gpxtpx:hr>
      </gpxtpx:TrackPointExtension>
     </extensions>
   </trkpt>
   <trkpt lat="-2.5761710" lon="-43.0951140">
    <ele>21.2</ele>
    <time>2026-06-17T13:59:28Z</time>
     <extensions>
      <gpxtpx:TrackPointExtension>
       <gpxtpx:hr>123</gpxtpx:hr>
      </gpxtpx:TrackPointExtension>
     </extensions>
   </trkpt>
   <trkpt lat="-2.5761820" lon="-43.0951590">
    <ele>20.6</ele>
    <time>2026-06-17T13:59:33Z</time>
     <extensions>
      <gpxtpx:TrackPointExtension>
       <gpxtpx:hr>127</gpxtpx:hr>
      </gpxtpx:TrackPointExtension>
     </extensions>
   </trkpt>
   <trkpt lat="-2.5761970" lon="-43.0952030">
    <ele>20.0</ele>
    <time>2026-06-17T13:59:38Z</time>
     <extensions>
      <gpxtpx:TrackPointExtension>
       <gpxtpx:hr>124</gpxtpx:hr>
      </gpxtpx:TrackPointExtension>
     </extensions>
   </trkpt>
   <trkpt lat="-2.5762060" lon="-43.0952530">
    <ele>19.6</ele>
    <time>2026-06-17T13:59:43Z</time>
     <extensions>
      <gpxtpx:TrackPointExtension>
       <gpxtpx:hr>120</gpxtpx:hr>
      </gpxtpx:TrackPointExtension>
     </extensions>
   </trkpt>
   <trkpt lat="-2.5762210" lon="-43.0953080">
    <ele>19.2</ele>
    <time>2026-06-17T13:59:48Z</time>
     <extensions>
      <gpxtpx:TrackPointExtension>
       <gpxtpx:hr>115</gpxtpx:hr>
      </gpxtpx:TrackPointExtension>
     </extensions>
   </trkpt>
   <trkpt lat="-2.5762300" lon="-43.0953650">
    <ele>18.6</ele>
    <time>2026-06-17T13:59:53Z</time>
     <extensions>
      <gpxtpx:TrackPointExtension>
       <gpxtpx:hr>116</gpxtpx:hr>
      </gpxtpx:TrackPointExtension>
     </extensions>
   </trkpt>
   <trkpt lat="-2.5762370" lon="-43.0954160">
    <ele>18.2</ele>
    <time>2026-06-17T13:59:58Z</time>
     <extensions>
      <gpxtpx:TrackPointExtension>
       <gpxtpx:hr>117</gpxtpx:hr>
      </gpxtpx:TrackPointExtension>
     </extensions>
   </trkpt>
   <trkpt lat="-2.5762470" lon="-43.0954710">
    <ele>17.8</ele>
    <time>2026-06-17T14:00:03Z</time>
     <extensions>
      <gpxtpx:TrackPointExtension>
       <gpxtpx:hr>110</gpxtpx:hr>
      </gpxtpx:TrackPointExtension>
     </extensions>
   </trkpt>
   <trkpt lat="-2.5762520" lon="-43.0955260">
    <ele>17.6</ele>
    <time>2026-06-17T14:00:08Z</time>
     <extensions>
      <gpxtpx:TrackPointExtension>
       <gpxtpx:hr>109</gpxtpx:hr>
      </gpxtpx:TrackPointExtension>
     </extensions>
   </trkpt>
   <trkpt lat="-2.5762620" lon="-43.0955930">
    <ele>17.2</ele>
    <time>2026-06-17T14:00:13Z</time>
     <extensions>
      <gpxtpx:TrackPointExtension>
       <gpxtpx:hr>107</gpxtpx:hr>
      </gpxtpx:TrackPointExtension>
     </extensions>
   </trkpt>
   <trkpt lat="-2.5762750" lon="-43.0956420">
    <ele>16.8</ele>
    <time>2026-06-17T14:00:18Z</time>
     <extensions>
      <gpxtpx:TrackPointExtension>
       <gpxtpx:hr>103</gpxtpx:hr>
      </gpxtpx:TrackPointExtension>
     </extensions>
   </trkpt>
   <trkpt lat="-2.5762970" lon="-43.0956940">
    <ele>16.6</ele>
    <time>2026-06-17T14:00:23Z</time>
     <extensions>
      <gpxtpx:TrackPointExtension>
       <gpxtpx:hr>102</gpxtpx:hr>
      </gpxtpx:TrackPointExtension>
     </extensions>
   </trkpt>
   <trkpt lat="-2.5763150" lon="-43.0957450">
    <ele>16.4</ele>
    <time>2026-06-17T14:00:28Z</time>
     <extensions>
      <gpxtpx:TrackPointExtension>
       <gpxtpx:hr>103</gpxtpx:hr>
      </gpxtpx:TrackPointExtension>
     </extensions>
   </trkpt>
   <trkpt lat="-2.5763500" lon="-43.0957860">
    <ele>16.2</ele>
    <time>2026-06-17T14:00:33Z</time>
     <extensions>
      <gpxtpx:TrackPointExtension>
       <gpxtpx:hr>105</gpxtpx:hr>
      </gpxtpx:TrackPointExtension>
     </extensions>
   </trkpt>
   <trkpt lat="-2.5763930" lon="-43.0958270">
    <ele>16.2</ele>
    <time>2026-06-17T14:00:38Z</time>
     <extensions>
      <gpxtpx:TrackPointExtension>
       <gpxtpx:hr>106</gpxtpx:hr>
      </gpxtpx:TrackPointExtension>
     </extensions>
   </trkpt>
   <trkpt lat="-2.5764410" lon="-43.0958610">
    <ele>16.0</ele>
    <time>2026-06-17T14:00:43Z</time>
     <extensions>
      <gpxtpx:TrackPointExtension>
       <gpxtpx:hr>109</gpxtpx:hr>
      </gpxtpx:TrackPointExtension>
     </extensions>
   </trkpt>
   <trkpt lat="-2.5764910" lon="-43.0958920">
    <ele>16.0</ele>
    <time>2026-06-17T14:00:48Z</time>
     <extensions>
      <gpxtpx:TrackPointExtension>
       <gpxtpx:hr>111</gpxtpx:hr>
      </gpxtpx:TrackPointExtension>
     </extensions>
   </trkpt>
   <trkpt lat="-2.5765320" lon="-43.0959140">
    <ele>16.0</ele>
    <time>2026-06-17T14:00:53Z</time>
     <extensions>
      <gpxtpx:TrackPointExtension>
       <gpxtpx:hr>110</gpxtpx:hr>
      </gpxtpx:TrackPointExtension>
     </extensions>
   </trkpt>
   <trkpt lat="-2.5765720" lon="-43.0959400">
    <ele>16.2</ele>
    <time>2026-06-17T14:00:58Z</time>
     <extensions>
      <gpxtpx:TrackPointExtension>
       <gpxtpx:hr>110</gpxtpx:hr>
      </gpxtpx:TrackPointExtension>
     </extensions>
   </trkpt>
   <trkpt lat="-2.5766110" lon="-43.0959640">
    <ele>16.2</ele>
    <time>2026-06-17T14:01:03Z</time>
     <extensions>
      <gpxtpx:TrackPointExtension>
       <gpxtpx:hr>110</gpxtpx:hr>
      </gpxtpx:TrackPointExtension>
     </extensions>
   </trkpt>
   <trkpt lat="-2.5766550" lon="-43.0959890">
    <ele>16.4</ele>
    <time>2026-06-17T14:01:08Z</time>
     <extensions>
      <gpxtpx:TrackPointExtension>
       <gpxtpx:hr>115</gpxtpx:hr>
      </gpxtpx:TrackPointExtension>
     </extensions>
   </trkpt>
   <trkpt lat="-2.5766880" lon="-43.0960210">
    <ele>16.6</ele>
    <time>2026-06-17T14:01:13Z</time>
     <extensions>
      <gpxtpx:TrackPointExtension>
       <gpxtpx:hr>116</gpxtpx:hr>
      </gpxtpx:TrackPointExtension>
     </extensions>
   </trkpt>
   <trkpt lat="-2.5767220" lon="-43.0960700">
    <ele>16.8</ele>
    <time>2026-06-17T14:01:18Z</time>
     <extensions>
      <gpxtpx:TrackPointExtension>
       <gpxtpx:hr>115</gpxtpx:hr>
      </gpxtpx:TrackPointExtension>
     </extensions>
   </trkpt>
   <trkpt lat="-2.5767440" lon="-43.0961090">
    <ele>16.8</ele>
    <time>2026-06-17T14:01:23Z</time>
     <extensions>
      <gpxtpx:TrackPointExtension>
       <gpxtpx:hr>116</gpxtpx:hr>
      </gpxtpx:TrackPointExtension>
     </extensions>
   </trkpt>
   <trkpt lat="-2.5767730" lon="-43.0961540">
    <ele>16.6</ele>
    <time>2026-06-17T14:01:28Z</time>
     <extensions>
      <gpxtpx:TrackPointExtension>
       <gpxtpx:hr>111</gpxtpx:hr>
      </gpxtpx:TrackPointExtension>
     </extensions>
   </trkpt>
   <trkpt lat="-2.5767950" lon="-43.0961970">
    <ele>16.6</ele>
    <time>2026-06-17T14:01:33Z</time>
     <extensions>
      <gpxtpx:TrackPointExtension>
       <gpxtpx:hr>112</gpxtpx:hr>
      </gpxtpx:TrackPointExtension>
     </extensions>
   </trkpt>
   <trkpt lat="-2.5768180" lon="-43.0962460">
    <ele>16.4</ele>
    <time>2026-06-17T14:01:38Z</time>
     <extensions>
      <gpxtpx:TrackPointExtension>
       <gpxtpx:hr>111</gpxtpx:hr>
      </gpxtpx:TrackPointExtension>
     </extensions>
   </trkpt>
   <trkpt lat="-2.5768500" lon="-43.0962910">
    <ele>16.4</ele>
    <time>2026-06-17T14:01:43Z</time>
     <extensions>
      <gpxtpx:TrackPointExtension>
       <gpxtpx:hr>110</gpxtpx:hr>
      </gpxtpx:TrackPointExtension>
     </extensions>
   </trkpt>
   <trkpt lat="-2.5768780" lon="-43.0963290">
    <ele>16.2</ele>
    <time>2026-06-17T14:01:48Z</time>
     <extensions>
      <gpxtpx:TrackPointExtension>
       <gpxtpx:hr>112</gpxtpx:hr>
      </gpxtpx:TrackPointExtension>
     </extensions>
   </trkpt>
   <trkpt lat="-2.5768980" lon="-43.0963760">
    <ele>16.0</ele>
    <time>2026-06-17T14:01:53Z</time>
     <extensions>
      <gpxtpx:TrackPointExtension>
       <gpxtpx:hr>109</gpxtpx:hr>
      </gpxtpx:TrackPointExtension>
     </extensions>
   </trkpt>
   <trkpt lat="-2.5769130" lon="-43.0964060">
    <ele>15.8</ele>
    <time>2026-06-17T14:01:58Z</time>
     <extensions>
      <gpxtpx:TrackPointExtension>
       <gpxtpx:hr>109</gpxtpx:hr>
      </gpxtpx:TrackPointExtension>
     </extensions>
   </trkpt>
   <trkpt lat="-2.5769350" lon="-43.0964520">
    <ele>15.6</ele>
    <time>2026-06-17T14:02:03Z</time>
     <extensions>
      <gpxtpx:TrackPointExtension>
       <gpxtpx:hr>114</gpxtpx:hr>
      </gpxtpx:TrackPointExtension>
     </extensions>
   </trkpt>
   <trkpt lat="-2.5769640" lon="-43.0964980">
    <ele>15.6</ele>
    <time>2026-06-17T14:02:08Z</time>
     <extensions>
      <gpxtpx:TrackPointExtension>
       <gpxtpx:hr>115</gpxtpx:hr>
      </gpxtpx:TrackPointExtension>
     </extensions>
   </trkpt>
   <trkpt lat="-2.5769910" lon="-43.0965440">
    <ele>15.4</ele>
    <time>2026-06-17T14:02:13Z</time>
     <extensions>
      <gpxtpx:TrackPointExtension>
       <gpxtpx:hr>115</gpxtpx:hr>
      </gpxtpx:TrackPointExtension>
     </extensions>
   </trkpt>
   <trkpt lat="-2.5770110" lon="-43.0965880">
    <ele>15.2</ele>
    <time>2026-06-17T14:02:18Z</time>
     <extensions>
      <gpxtpx:TrackPointExtension>
       <gpxtpx:hr>115</gpxtpx:hr>
      </gpxtpx:TrackPointExtension>
     </extensions>
   </trkpt>
   <trkpt lat="-2.5770320" lon="-43.0966280">
    <ele>15.0</ele>
    <time>2026-06-17T14:02:23Z</time>
     <extensions>
      <gpxtpx:TrackPointExtension>
       <gpxtpx:hr>114</gpxtpx:hr>
      </gpxtpx:TrackPointExtension>
     </extensions>
   </trkpt>
   <trkpt lat="-2.5770610" lon="-43.0966670">
    <ele>14.8</ele>
    <time>2026-06-17T14:02:28Z</time>
     <extensions>
      <gpxtpx:TrackPointExtension>
       <gpxtpx:hr>116</gpxtpx:hr>
      </gpxtpx:TrackPointExtension>
     </extensions>
   </trkpt>
   <trkpt lat="-2.5770980" lon="-43.0967030">
    <ele>14.6</ele>
    <time>2026-06-17T14:02:34Z</time>
     <extensions>
      <gpxtpx:TrackPointExtension>
       <gpxtpx:hr>116</gpxtpx:hr>
      </gpxtpx:TrackPointExtension>
     </extensions>
   </trkpt>
   <trkpt lat="-2.5771320" lon="-43.0967380">
    <ele>14.4</ele>
    <time>2026-06-17T14:02:39Z</time>
     <extensions>
      <gpxtpx:TrackPointExtension>
       <gpxtpx:hr>116</gpxtpx:hr>
      </gpxtpx:TrackPointExtension>
     </extensions>
   </trkpt>
   <trkpt lat="-2.5771660" lon="-43.0967720">
    <ele>14.2</ele>
    <time>2026-06-17T14:02:44Z</time>
     <extensions>
      <gpxtpx:TrackPointExtension>
       <gpxtpx:hr>116</gpxtpx:hr>
      </gpxtpx:TrackPointExtension>
     </extensions>
   </trkpt>
   <trkpt lat="-2.5772030" lon="-43.0968030">
    <ele>14.0</ele>
    <time>2026-06-17T14:02:49Z</time>
     <extensions>
      <gpxtpx:TrackPointExtension>
       <gpxtpx:hr>115</gpxtpx:hr>
      </gpxtpx:TrackPointExtension>
     </extensions>
   </trkpt>
   <trkpt lat="-2.5772390" lon="-43.0968300">
    <ele>14.0</ele>
    <time>2026-06-17T14:02:54Z</time>
     <extensions>
      <gpxtpx:TrackPointExtension>
       <gpxtpx:hr>107</gpxtpx:hr>
      </gpxtpx:TrackPointExtension>
     </extensions>
   </trkpt>
   <trkpt lat="-2.5772800" lon="-43.0968570">
    <ele>13.8</ele>
    <time>2026-06-17T14:02:59Z</time>
     <extensions>
      <gpxtpx:TrackPointExtension>
       <gpxtpx:hr>108</gpxtpx:hr>
      </gpxtpx:TrackPointExtension>
     </extensions>
   </trkpt>
   <trkpt lat="-2.5773310" lon="-43.0968740">
    <ele>13.8</ele>
    <time>2026-06-17T14:03:04Z</time>
     <extensions>
      <gpxtpx:TrackPointExtension>
       <gpxtpx:hr>112</gpxtpx:hr>
      </gpxtpx:TrackPointExtension>
     </extensions>
   </trkpt>
   <trkpt lat="-2.5773830" lon="-43.0968850">
    <ele>13.8</ele>
    <time>2026-06-17T14:03:09Z</time>
     <extensions>
      <gpxtpx:TrackPointExtension>
       <gpxtpx:hr>114</gpxtpx:hr>
      </gpxtpx:TrackPointExtension>
     </extensions>
   </trkpt>
   <trkpt lat="-2.5774310" lon="-43.0968930">
    <ele>13.8</ele>
    <time>2026-06-17T14:03:14Z</time>
     <extensions>
      <gpxtpx:TrackPointExtension>
       <gpxtpx:hr>111</gpxtpx:hr>
      </gpxtpx:TrackPointExtension>
     </extensions>
   </trkpt>
   <trkpt lat="-2.5774790" lon="-43.0968970">
    <ele>13.8</ele>
    <time>2026-06-17T14:03:19Z</time>
     <extensions>
      <gpxtpx:TrackPointExtension>
       <gpxtpx:hr>112</gpxtpx:hr>
      </gpxtpx:TrackPointExtension>
     </extensions>
   </trkpt>
   <trkpt lat="-2.5775210" lon="-43.0969050">
    <ele>13.8</ele>
    <time>2026-06-17T14:03:24Z</time>
     <extensions>
      <gpxtpx:TrackPointExtension>
       <gpxtpx:hr>110</gpxtpx:hr>
      </gpxtpx:TrackPointExtension>
     </extensions>
   </trkpt>
   <trkpt lat="-2.5775660" lon="-43.0969130">
    <ele>13.6</ele>
    <time>2026-06-17T14:03:29Z</time>
     <extensions>
      <gpxtpx:TrackPointExtension>
       <gpxtpx:hr>110</gpxtpx:hr>
      </gpxtpx:TrackPointExtension>
     </extensions>
   </trkpt>
   <trkpt lat="-2.5776150" lon="-43.0969210">
    <ele>13.8</ele>
    <time>2026-06-17T14:03:34Z</time>
     <extensions>
      <gpxtpx:TrackPointExtension>
       <gpxtpx:hr>106</gpxtpx:hr>
      </gpxtpx:TrackPointExtension>
     </extensions>
   </trkpt>
   <trkpt lat="-2.5776640" lon="-43.0969280">
    <ele>13.8</ele>
    <time>2026-06-17T14:03:39Z</time>
     <extensions>
      <gpxtpx:TrackPointExtension>
       <gpxtpx:hr>106</gpxtpx:hr>
      </gpxtpx:TrackPointExtension>
     </extensions>
   </trkpt>
   <trkpt lat="-2.5777100" lon="-43.0969390">
    <ele>13.8</ele>
    <time>2026-06-17T14:03:44Z</time>
     <extensions>
      <gpxtpx:TrackPointExtension>
       <gpxtpx:hr>113</gpxtpx:hr>
      </gpxtpx:TrackPointExtension>
     </extensions>
   </trkpt>
   <trkpt lat="-2.5777580" lon="-43.0969520">
    <ele>14.0</ele>
    <time>2026-06-17T14:03:49Z</time>
     <extensions>
      <gpxtpx:TrackPointExtension>
       <gpxtpx:hr>109</gpxtpx:hr>
      </gpxtpx:TrackPointExtension>
     </extensions>
   </trkpt>
   <trkpt lat="-2.5778080" lon="-43.0969650">
    <ele>14.2</ele>
    <time>2026-06-17T14:03:54Z</time>
     <extensions>
      <gpxtpx:TrackPointExtension>
       <gpxtpx:hr>115</gpxtpx:hr>
      </gpxtpx:TrackPointExtension>
     </extensions>
   </trkpt>
   <trkpt lat="-2.5778560" lon="-43.0969820">
    <ele>14.4</ele>
    <time>2026-06-17T14:03:59Z</time>
     <extensions>
      <gpxtpx:TrackPointExtension>
       <gpxtpx:hr>115</gpxtpx:hr>
      </gpxtpx:TrackPointExtension>
     </extensions>
   </trkpt>
   <trkpt lat="-2.5779050" lon="-43.0969970">
    <ele>14.8</ele>
    <time>2026-06-17T14:04:04Z</time>
     <extensions>
      <gpxtpx:TrackPointExtension>
       <gpxtpx:hr>116</gpxtpx:hr>
      </gpxtpx:TrackPointExtension>
     </extensions>
   </trkpt>
   <trkpt lat="-2.5779560" lon="-43.0970110">
    <ele>15.2</ele>
    <time>2026-06-17T14:04:09Z</time>
     <extensions>
      <gpxtpx:TrackPointExtension>
       <gpxtpx:hr>115</gpxtpx:hr>
      </gpxtpx:TrackPointExtension>
     </extensions>
   </trkpt>
   <trkpt lat="-2.5780070" lon="-43.0970260">
    <ele>15.6</ele>
    <time>2026-06-17T14:04:14Z</time>
     <extensions>
      <gpxtpx:TrackPointExtension>
       <gpxtpx:hr>114</gpxtpx:hr>
      </gpxtpx:TrackPointExtension>
     </extensions>
   </trkpt>
   <trkpt lat="-2.5780550" lon="-43.0970420">
    <ele>15.8</ele>
    <time>2026-06-17T14:04:19Z</time>
     <extensions>
      <gpxtpx:TrackPointExtension>
       <gpxtpx:hr>114</gpxtpx:hr>
      </gpxtpx:TrackPointExtension>
     </extensions>
   </trkpt>
   <trkpt lat="-2.5781040" lon="-43.0970580">
    <ele>16.2</ele>
    <time>2026-06-17T14:04:24Z</time>
     <extensions>
      <gpxtpx:TrackPointExtension>
       <gpxtpx:hr>111</gpxtpx:hr>
      </gpxtpx:TrackPointExtension>
     </extensions>
   </trkpt>
   <trkpt lat="-2.5781550" lon="-43.0970710">
    <ele>16.6</ele>
    <time>2026-06-17T14:04:29Z</time>
     <extensions>
      <gpxtpx:TrackPointExtension>
       <gpxtpx:hr>111</gpxtpx:hr>
      </gpxtpx:TrackPointExtension>
     </extensions>
   </trkpt>
   <trkpt lat="-2.5782050" lon="-43.0970860">
    <ele>17.0</ele>
    <time>2026-06-17T14:04:34Z</time>
     <extensions>
      <gpxtpx:TrackPointExtension>
       <gpxtpx:hr>116</gpxtpx:hr>
      </gpxtpx:TrackPointExtension>
     </extensions>
   </trkpt>
   <trkpt lat="-2.5782590" lon="-43.0971080">
    <ele>17.4</ele>
    <time>2026-06-17T14:04:39Z</time>
     <extensions>
      <gpxtpx:TrackPointExtension>
       <gpxtpx:hr>121</gpxtpx:hr>
      </gpxtpx:TrackPointExtension>
     </extensions>
   </trkpt>
   <trkpt lat="-2.5783040" lon="-43.0971250">
    <ele>18.0</ele>
    <time>2026-06-17T14:04:44Z</time>
     <extensions>
      <gpxtpx:TrackPointExtension>
       <gpxtpx:hr>121</gpxtpx:hr>
      </gpxtpx:TrackPointExtension>
     </extensions>
   </trkpt>
   <trkpt lat="-2.5783540" lon="-43.0971410">
    <ele>18.6</ele>
    <time>2026-06-17T14:04:49Z</time>
     <extensions>
      <gpxtpx:TrackPointExtension>
       <gpxtpx:hr>119</gpxtpx:hr>
      </gpxtpx:TrackPointExtension>
     </extensions>
   </trkpt>
   <trkpt lat="-2.5784030" lon="-43.0971620">
    <ele>19.2</ele>
    <time>2026-06-17T14:04:54Z</time>
     <extensions>
      <gpxtpx:TrackPointExtension>
       <gpxtpx:hr>117</gpxtpx:hr>
      </gpxtpx:TrackPointExtension>
     </extensions>
   </trkpt>
   <trkpt lat="-2.5784490" lon="-43.0971720">
    <ele>19.8</ele>
    <time>2026-06-17T14:04:59Z</time>
     <extensions>
      <gpxtpx:TrackPointExtension>
       <gpxtpx:hr>119</gpxtpx:hr>
      </gpxtpx:TrackPointExtension>
     </extensions>
   </trkpt>
   <trkpt lat="-2.5785030" lon="-43.0971920">
    <ele>20.6</ele>
    <time>2026-06-17T14:05:04Z</time>
     <extensions>
      <gpxtpx:TrackPointExtension>
       <gpxtpx:hr>113</gpxtpx:hr>
      </gpxtpx:TrackPointExtension>
     </extensions>
   </trkpt>
   <trkpt lat="-2.5785540" lon="-43.0972020">
    <ele>21.4</ele>
    <time>2026-06-17T14:05:09Z</time>
     <extensions>
      <gpxtpx:TrackPointExtension>
       <gpxtpx:hr>113</gpxtpx:hr>
      </gpxtpx:TrackPointExtension>
     </extensions>
   </trkpt>
   <trkpt lat="-2.5786010" lon="-43.0972180">
    <ele>22.2</ele>
    <time>2026-06-17T14:05:14Z</time>
     <extensions>
      <gpxtpx:TrackPointExtension>
       <gpxtpx:hr>117</gpxtpx:hr>
      </gpxtpx:TrackPointExtension>
     </extensions>
   </trkpt>
   <trkpt lat="-2.5786500" lon="-43.0972390">
    <ele>22.8</ele>
    <time>2026-06-17T14:05:19Z</time>
     <extensions>
      <gpxtpx:TrackPointExtension>
       <gpxtpx:hr>116</gpxtpx:hr>
      </gpxtpx:TrackPointExtension>
     </extensions>
   </trkpt>
   <trkpt lat="-2.5786890" lon="-43.0972610">
    <ele>23.4</ele>
    <time>2026-06-17T14:05:24Z</time>
     <extensions>
      <gpxtpx:TrackPointExtension>
       <gpxtpx:hr>117</gpxtpx:hr>
      </gpxtpx:TrackPointExtension>
     </extensions>
   </trkpt>
   <trkpt lat="-2.5787310" lon="-43.0972840">
    <ele>24.0</ele>
    <time>2026-06-17T14:05:29Z</time>
     <extensions>
      <gpxtpx:TrackPointExtension>
       <gpxtpx:hr>117</gpxtpx:hr>
      </gpxtpx:TrackPointExtension>
     </extensions>
   </trkpt>
   <trkpt lat="-2.5787730" lon="-43.0973130">
    <ele>24.4</ele>
    <time>2026-06-17T14:05:34Z</time>
     <extensions>
      <gpxtpx:TrackPointExtension>
       <gpxtpx:hr>124</gpxtpx:hr>
      </gpxtpx:TrackPointExtension>
     </extensions>
   </trkpt>
   <trkpt lat="-2.5788140" lon="-43.0973440">
    <ele>24.8</ele>
    <time>2026-06-17T14:05:39Z</time>
     <extensions>
      <gpxtpx:TrackPointExtension>
       <gpxtpx:hr>124</gpxtpx:hr>
      </gpxtpx:TrackPointExtension>
     </extensions>
   </trkpt>
   <trkpt lat="-2.5788370" lon="-43.0973860">
    <ele>25.0</ele>
    <time>2026-06-17T14:05:44Z</time>
     <extensions>
      <gpxtpx:TrackPointExtension>
       <gpxtpx:hr>125</gpxtpx:hr>
      </gpxtpx:TrackPointExtension>
     </extensions>
   </trkpt>
   <trkpt lat="-2.5788550" lon="-43.0974270">
    <ele>25.2</ele>
    <time>2026-06-17T14:05:49Z</time>
     <extensions>
      <gpxtpx:TrackPointExtension>
       <gpxtpx:hr>125</gpxtpx:hr>
      </gpxtpx:TrackPointExtension>
     </extensions>
   </trkpt>
   <trkpt lat="-2.5788700" lon="-43.0974580">
    <ele>25.4</ele>
    <time>2026-06-17T14:05:54Z</time>
     <extensions>
      <gpxtpx:TrackPointExtension>
       <gpxtpx:hr>129</gpxtpx:hr>
      </gpxtpx:TrackPointExtension>
     </extensions>
   </trkpt>
   <trkpt lat="-2.5788760" lon="-43.0975050">
    <ele>25.2</ele>
    <time>2026-06-17T14:05:59Z</time>
     <extensions>
      <gpxtpx:TrackPointExtension>
       <gpxtpx:hr>131</gpxtpx:hr>
      </gpxtpx:TrackPointExtension>
     </extensions>
   </trkpt>
   <trkpt lat="-2.5788850" lon="-43.0975390">
    <ele>25.0</ele>
    <time>2026-06-17T14:06:04Z</time>
     <extensions>
      <gpxtpx:TrackPointExtension>
       <gpxtpx:hr>131</gpxtpx:hr>
      </gpxtpx:TrackPointExtension>
     </extensions>
   </trkpt>
   <trkpt lat="-2.5788970" lon="-43.0975730">
    <ele>24.8</ele>
    <time>2026-06-17T14:06:09Z</time>
     <extensions>
      <gpxtpx:TrackPointExtension>
       <gpxtpx:hr>133</gpxtpx:hr>
      </gpxtpx:TrackPointExtension>
     </extensions>
   </trkpt>
   <trkpt lat="-2.5789050" lon="-43.0976080">
    <ele>24.4</ele>
    <time>2026-06-17T14:06:14Z</time>
     <extensions>
      <gpxtpx:TrackPointExtension>
       <gpxtpx:hr>132</gpxtpx:hr>
      </gpxtpx:TrackPointExtension>
     </extensions>
   </trkpt>
   <trkpt lat="-2.5789080" lon="-43.0976190">
    <ele>24.2</ele>
    <time>2026-06-17T14:06:19Z</time>
     <extensions>
      <gpxtpx:TrackPointExtension>
       <gpxtpx:hr>135</gpxtpx:hr>
      </gpxtpx:TrackPointExtension>
     </extensions>
   </trkpt>
   <trkpt lat="-2.5789100" lon="-43.0976250">
    <ele>23.8</ele>
    <time>2026-06-17T14:06:24Z</time>
     <extensions>
      <gpxtpx:TrackPointExtension>
       <gpxtpx:hr>133</gpxtpx:hr>
      </gpxtpx:TrackPointExtension>
     </extensions>
   </trkpt>
   <trkpt lat="-2.5789190" lon="-43.0976450">
    <ele>23.8</ele>
    <time>2026-06-17T14:06:29Z</time>
     <extensions>
      <gpxtpx:TrackPointExtension>
       <gpxtpx:hr>134</gpxtpx:hr>
      </gpxtpx:TrackPointExtension>
     </extensions>
   </trkpt>
   <trkpt lat="-2.5789190" lon="-43.0976580">
    <ele>23.6</ele>
    <time>2026-06-17T14:06:34Z</time>
     <extensions>
      <gpxtpx:TrackPointExtension>
       <gpxtpx:hr>137</gpxtpx:hr>
      </gpxtpx:TrackPointExtension>
     </extensions>
   </trkpt>
   <trkpt lat="-2.5789160" lon="-43.0976590">
    <ele>23.6</ele>
    <time>2026-06-17T14:06:39Z</time>
     <extensions>
      <gpxtpx:TrackPointExtension>
       <gpxtpx:hr>126</gpxtpx:hr>
      </gpxtpx:TrackPointExtension>
     </extensions>
   </trkpt>
   <trkpt lat="-2.5789150" lon="-43.0976600">
    <ele>23.6</ele>
    <time>2026-06-17T14:06:44Z</time>
     <extensions>
      <gpxtpx:TrackPointExtension>
       <gpxtpx:hr>132</gpxtpx:hr>
      </gpxtpx:TrackPointExtension>
     </extensions>
   </trkpt>
   <trkpt lat="-2.5789150" lon="-43.0976590">
    <ele>23.8</ele>
    <time>2026-06-17T14:06:49Z</time>
     <extensions>
      <gpxtpx:TrackPointExtension>
       <gpxtpx:hr>132</gpxtpx:hr>
      </gpxtpx:TrackPointExtension>
     </extensions>
   </trkpt>
   <trkpt lat="-2.5789170" lon="-43.0976580">
    <ele>23.8</ele>
    <time>2026-06-17T14:06:54Z</time>
     <extensions>
      <gpxtpx:TrackPointExtension>
       <gpxtpx:hr>120</gpxtpx:hr>
      </gpxtpx:TrackPointExtension>
     </extensions>
   </trkpt>
   <trkpt lat="-2.5789320" lon="-43.0976750">
    <ele>24.2</ele>
    <time>2026-06-17T14:06:59Z</time>
     <extensions>
      <gpxtpx:TrackPointExtension>
       <gpxtpx:hr>117</gpxtpx:hr>
      </gpxtpx:TrackPointExtension>
     </extensions>
   </trkpt>
   <trkpt lat="-2.5789390" lon="-43.0977220">
    <ele>24.4</ele>
    <time>2026-06-17T14:07:04Z</time>
     <extensions>
      <gpxtpx:TrackPointExtension>
       <gpxtpx:hr>114</gpxtpx:hr>
      </gpxtpx:TrackPointExtension>
     </extensions>
   </trkpt>
   <trkpt lat="-2.5789440" lon="-43.0977610">
    <ele>24.8</ele>
    <time>2026-06-17T14:07:09Z</time>
     <extensions>
      <gpxtpx:TrackPointExtension>
       <gpxtpx:hr>117</gpxtpx:hr>
      </gpxtpx:TrackPointExtension>
     </extensions>
   </trkpt>
   <trkpt lat="-2.5789570" lon="-43.0977910">
    <ele>25.0</ele>
    <time>2026-06-17T14:07:14Z</time>
     <extensions>
      <gpxtpx:TrackPointExtension>
       <gpxtpx:hr>117</gpxtpx:hr>
      </gpxtpx:TrackPointExtension>
     </extensions>
   </trkpt>
   <trkpt lat="-2.5789740" lon="-43.0978350">
    <ele>25.2</ele>
    <time>2026-06-17T14:07:19Z</time>
     <extensions>
      <gpxtpx:TrackPointExtension>
       <gpxtpx:hr>116</gpxtpx:hr>
      </gpxtpx:TrackPointExtension>
     </extensions>
   </trkpt>
   <trkpt lat="-2.5789800" lon="-43.0978710">
    <ele>25.6</ele>
    <time>2026-06-17T14:07:24Z</time>
     <extensions>
      <gpxtpx:TrackPointExtension>
       <gpxtpx:hr>121</gpxtpx:hr>
      </gpxtpx:TrackPointExtension>
     </extensions>
   </trkpt>
   <trkpt lat="-2.5789860" lon="-43.0979140">
    <ele>25.8</ele>
    <time>2026-06-17T14:07:29Z</time>
     <extensions>
      <gpxtpx:TrackPointExtension>
       <gpxtpx:hr>122</gpxtpx:hr>
      </gpxtpx:TrackPointExtension>
     </extensions>
   </trkpt>
   <trkpt lat="-2.5789930" lon="-43.0979560">
    <ele>25.8</ele>
    <time>2026-06-17T14:07:34Z</time>
     <extensions>
      <gpxtpx:TrackPointExtension>
       <gpxtpx:hr>121</gpxtpx:hr>
      </gpxtpx:TrackPointExtension>
     </extensions>
   </trkpt>
   <trkpt lat="-2.5790210" lon="-43.0979980">
    <ele>25.8</ele>
    <time>2026-06-17T14:07:39Z</time>
     <extensions>
      <gpxtpx:TrackPointExtension>
       <gpxtpx:hr>121</gpxtpx:hr>
      </gpxtpx:TrackPointExtension>
     </extensions>
   </trkpt>
   <trkpt lat="-2.5790510" lon="-43.0980290">
    <ele>25.8</ele>
    <time>2026-06-17T14:07:44Z</time>
     <extensions>
      <gpxtpx:TrackPointExtension>
       <gpxtpx:hr>124</gpxtpx:hr>
      </gpxtpx:TrackPointExtension>
     </extensions>
   </trkpt>
   <trkpt lat="-2.5790840" lon="-43.0980670">
    <ele>25.4</ele>
    <time>2026-06-17T14:07:49Z</time>
     <extensions>
      <gpxtpx:TrackPointExtension>
       <gpxtpx:hr>124</gpxtpx:hr>
      </gpxtpx:TrackPointExtension>
     </extensions>
   </trkpt>
   <trkpt lat="-2.5791180" lon="-43.0981100">
    <ele>25.2</ele>
    <time>2026-06-17T14:07:54Z</time>
     <extensions>
      <gpxtpx:TrackPointExtension>
       <gpxtpx:hr>122</gpxtpx:hr>
      </gpxtpx:TrackPointExtension>
     </extensions>
   </trkpt>
   <trkpt lat="-2.5791400" lon="-43.0981410">
    <ele>25.0</ele>
    <time>2026-06-17T14:07:59Z</time>
     <extensions>
      <gpxtpx:TrackPointExtension>
       <gpxtpx:hr>122</gpxtpx:hr>
      </gpxtpx:TrackPointExtension>
     </extensions>
   </trkpt>
   <trkpt lat="-2.5791660" lon="-43.0981750">
    <ele>24.8</ele>
    <time>2026-06-17T14:08:04Z</time>
     <extensions>
      <gpxtpx:TrackPointExtension>
       <gpxtpx:hr>119</gpxtpx:hr>
      </gpxtpx:TrackPointExtension>
     </extensions>
   </trkpt>
   <trkpt lat="-2.5791830" lon="-43.0982200">
    <ele>24.4</ele>
    <time>2026-06-17T14:08:09Z</time>
     <extensions>
      <gpxtpx:TrackPointExtension>
       <gpxtpx:hr>119</gpxtpx:hr>
      </gpxtpx:TrackPointExtension>
     </extensions>
   </trkpt>
   <trkpt lat="-2.5791990" lon="-43.0982590">
    <ele>24.2</ele>
    <time>2026-06-17T14:08:14Z</time>
     <extensions>
      <gpxtpx:TrackPointExtension>
       <gpxtpx:hr>119</gpxtpx:hr>
      </gpxtpx:TrackPointExtension>
     </extensions>
   </trkpt>
   <trkpt lat="-2.5792140" lon="-43.0983150">
    <ele>24.2</ele>
    <time>2026-06-17T14:08:19Z</time>
     <extensions>
      <gpxtpx:TrackPointExtension>
       <gpxtpx:hr>127</gpxtpx:hr>
      </gpxtpx:TrackPointExtension>
     </extensions>
   </trkpt>
   <trkpt lat="-2.5792270" lon="-43.0983540">
    <ele>24.4</ele>
    <time>2026-06-17T14:08:24Z</time>
     <extensions>
      <gpxtpx:TrackPointExtension>
       <gpxtpx:hr>124</gpxtpx:hr>
      </gpxtpx:TrackPointExtension>
     </extensions>
   </trkpt>
   <trkpt lat="-2.5792390" lon="-43.0984000">
    <ele>24.6</ele>
    <time>2026-06-17T14:08:29Z</time>
     <extensions>
      <gpxtpx:TrackPointExtension>
       <gpxtpx:hr>124</gpxtpx:hr>
      </gpxtpx:TrackPointExtension>
     </extensions>
   </trkpt>
   <trkpt lat="-2.5792550" lon="-43.0984520">
    <ele>24.8</ele>
    <time>2026-06-17T14:08:34Z</time>
     <extensions>
      <gpxtpx:TrackPointExtension>
       <gpxtpx:hr>123</gpxtpx:hr>
      </gpxtpx:TrackPointExtension>
     </extensions>
   </trkpt>
   <trkpt lat="-2.5792680" lon="-43.0984980">
    <ele>24.8</ele>
    <time>2026-06-17T14:08:39Z</time>
     <extensions>
      <gpxtpx:TrackPointExtension>
       <gpxtpx:hr>129</gpxtpx:hr>
      </gpxtpx:TrackPointExtension>
     </extensions>
   </trkpt>
   <trkpt lat="-2.5792810" lon="-43.0985480">
    <ele>25.0</ele>
    <time>2026-06-17T14:08:44Z</time>
     <extensions>
      <gpxtpx:TrackPointExtension>
       <gpxtpx:hr>129</gpxtpx:hr>
      </gpxtpx:TrackPointExtension>
     </extensions>
   </trkpt>
   <trkpt lat="-2.5792940" lon="-43.0985820">
    <ele>25.0</ele>
    <time>2026-06-17T14:08:49Z</time>
     <extensions>
      <gpxtpx:TrackPointExtension>
       <gpxtpx:hr>129</gpxtpx:hr>
      </gpxtpx:TrackPointExtension>
     </extensions>
   </trkpt>
   <trkpt lat="-2.5793140" lon="-43.0986240">
    <ele>25.0</ele>
    <time>2026-06-17T14:08:54Z</time>
     <extensions>
      <gpxtpx:TrackPointExtension>
       <gpxtpx:hr>131</gpxtpx:hr>
      </gpxtpx:TrackPointExtension>
     </extensions>
   </trkpt>
   <trkpt lat="-2.5793440" lon="-43.0986690">
    <ele>25.0</ele>
    <time>2026-06-17T14:08:59Z</time>
     <extensions>
      <gpxtpx:TrackPointExtension>
       <gpxtpx:hr>135</gpxtpx:hr>
      </gpxtpx:TrackPointExtension>
     </extensions>
   </trkpt>
   <trkpt lat="-2.5793690" lon="-43.0987100">
    <ele>25.2</ele>
    <time>2026-06-17T14:09:04Z</time>
     <extensions>
      <gpxtpx:TrackPointExtension>
       <gpxtpx:hr>134</gpxtpx:hr>
      </gpxtpx:TrackPointExtension>
     </extensions>
   </trkpt>
   <trkpt lat="-2.5793920" lon="-43.0987390">
    <ele>25.2</ele>
    <time>2026-06-17T14:09:09Z</time>
     <extensions>
      <gpxtpx:TrackPointExtension>
       <gpxtpx:hr>132</gpxtpx:hr>
      </gpxtpx:TrackPointExtension>
     </extensions>
   </trkpt>
   <trkpt lat="-2.5794270" lon="-43.0987760">
    <ele>25.4</ele>
    <time>2026-06-17T14:09:14Z</time>
     <extensions>
      <gpxtpx:TrackPointExtension>
       <gpxtpx:hr>134</gpxtpx:hr>
      </gpxtpx:TrackPointExtension>
     </extensions>
   </trkpt>
   <trkpt lat="-2.5794660" lon="-43.0988120">
    <ele>25.6</ele>
    <time>2026-06-17T14:09:19Z</time>
     <extensions>
      <gpxtpx:TrackPointExtension>
       <gpxtpx:hr>134</gpxtpx:hr>
      </gpxtpx:TrackPointExtension>
     </extensions>
   </trkpt>
   <trkpt lat="-2.5795020" lon="-43.0988380">
    <ele>25.6</ele>
    <time>2026-06-17T14:09:24Z</time>
     <extensions>
      <gpxtpx:TrackPointExtension>
       <gpxtpx:hr>134</gpxtpx:hr>
      </gpxtpx:TrackPointExtension>
     </extensions>
   </trkpt>
   <trkpt lat="-2.5795450" lon="-43.0988840">
    <ele>25.6</ele>
    <time>2026-06-17T14:09:29Z</time>
     <extensions>
      <gpxtpx:TrackPointExtension>
       <gpxtpx:hr>132</gpxtpx:hr>
      </gpxtpx:TrackPointExtension>
     </extensions>
   </trkpt>
   <trkpt lat="-2.5795930" lon="-43.0989150">
    <ele>25.6</ele>
    <time>2026-06-17T14:09:34Z</time>
     <extensions>
      <gpxtpx:TrackPointExtension>
       <gpxtpx:hr>132</gpxtpx:hr>
      </gpxtpx:TrackPointExtension>
     </extensions>
   </trkpt>
   <trkpt lat="-2.5796290" lon="-43.0989570">
    <ele>25.6</ele>
    <time>2026-06-17T14:09:39Z</time>
     <extensions>
      <gpxtpx:TrackPointExtension>
       <gpxtpx:hr>125</gpxtpx:hr>
      </gpxtpx:TrackPointExtension>
     </extensions>
   </trkpt>
   <trkpt lat="-2.5796530" lon="-43.0990080">
    <ele>25.6</ele>
    <time>2026-06-17T14:09:44Z</time>
     <extensions>
      <gpxtpx:TrackPointExtension>
       <gpxtpx:hr>125</gpxtpx:hr>
      </gpxtpx:TrackPointExtension>
     </extensions>
   </trkpt>
   <trkpt lat="-2.5796630" lon="-43.0990700">
    <ele>25.6</ele>
    <time>2026-06-17T14:09:49Z</time>
     <extensions>
      <gpxtpx:TrackPointExtension>
       <gpxtpx:hr>126</gpxtpx:hr>
      </gpxtpx:TrackPointExtension>
     </extensions>
   </trkpt>
   <trkpt lat="-2.5796720" lon="-43.0991240">
    <ele>25.6</ele>
    <time>2026-06-17T14:09:54Z</time>
     <extensions>
      <gpxtpx:TrackPointExtension>
       <gpxtpx:hr>126</gpxtpx:hr>
      </gpxtpx:TrackPointExtension>
     </extensions>
   </trkpt>
   <trkpt lat="-2.5796880" lon="-43.0991780">
    <ele>25.6</ele>
    <time>2026-06-17T14:09:59Z</time>
     <extensions>
      <gpxtpx:TrackPointExtension>
       <gpxtpx:hr>125</gpxtpx:hr>
      </gpxtpx:TrackPointExtension>
     </extensions>
   </trkpt>
   <trkpt lat="-2.5796920" lon="-43.0992400">
    <ele>25.6</ele>
    <time>2026-06-17T14:10:04Z</time>
     <extensions>
      <gpxtpx:TrackPointExtension>
       <gpxtpx:hr>125</gpxtpx:hr>
      </gpxtpx:TrackPointExtension>
     </extensions>
   </trkpt>
   <trkpt lat="-2.5796890" lon="-43.0993020">
    <ele>25.6</ele>
    <time>2026-06-17T14:10:09Z</time>
     <extensions>
      <gpxtpx:TrackPointExtension>
       <gpxtpx:hr>125</gpxtpx:hr>
      </gpxtpx:TrackPointExtension>
     </extensions>
   </trkpt>
   <trkpt lat="-2.5796960" lon="-43.0993520">
    <ele>25.6</ele>
    <time>2026-06-17T14:10:14Z</time>
     <extensions>
      <gpxtpx:TrackPointExtension>
       <gpxtpx:hr>125</gpxtpx:hr>
      </gpxtpx:TrackPointExtension>
     </extensions>
   </trkpt>
   <trkpt lat="-2.5796940" lon="-43.0994080">
    <ele>25.6</ele>
    <time>2026-06-17T14:10:19Z</time>
     <extensions>
      <gpxtpx:TrackPointExtension>
       <gpxtpx:hr>122</gpxtpx:hr>
      </gpxtpx:TrackPointExtension>
     </extensions>
   </trkpt>
   <trkpt lat="-2.5796880" lon="-43.0994670">
    <ele>25.6</ele>
    <time>2026-06-17T14:10:24Z</time>
     <extensions>
      <gpxtpx:TrackPointExtension>
       <gpxtpx:hr>118</gpxtpx:hr>
      </gpxtpx:TrackPointExtension>
     </extensions>
   </trkpt>
   <trkpt lat="-2.5796900" lon="-43.0995180">
    <ele>25.6</ele>
    <time>2026-06-17T14:10:29Z</time>
     <extensions>
      <gpxtpx:TrackPointExtension>
       <gpxtpx:hr>118</gpxtpx:hr>
      </gpxtpx:TrackPointExtension>
     </extensions>
   </trkpt>
   <trkpt lat="-2.5796960" lon="-43.0995580">
    <ele>25.6</ele>
    <time>2026-06-17T14:10:34Z</time>
     <extensions>
      <gpxtpx:TrackPointExtension>
       <gpxtpx:hr>120</gpxtpx:hr>
      </gpxtpx:TrackPointExtension>
     </extensions>
   </trkpt>
   <trkpt lat="-2.5796980" lon="-43.0996070">
    <ele>25.4</ele>
    <time>2026-06-17T14:10:39Z</time>
     <extensions>
      <gpxtpx:TrackPointExtension>
       <gpxtpx:hr>120</gpxtpx:hr>
      </gpxtpx:TrackPointExtension>
     </extensions>
   </trkpt>
   <trkpt lat="-2.5796890" lon="-43.0996590">
    <ele>25.4</ele>
    <time>2026-06-17T14:10:44Z</time>
     <extensions>
      <gpxtpx:TrackPointExtension>
       <gpxtpx:hr>119</gpxtpx:hr>
      </gpxtpx:TrackPointExtension>
     </extensions>
   </trkpt>
   <trkpt lat="-2.5796970" lon="-43.0997090">
    <ele>25.4</ele>
    <time>2026-06-17T14:10:49Z</time>
     <extensions>
      <gpxtpx:TrackPointExtension>
       <gpxtpx:hr>119</gpxtpx:hr>
      </gpxtpx:TrackPointExtension>
     </extensions>
   </trkpt>
   <trkpt lat="-2.5797330" lon="-43.0997520">
    <ele>25.4</ele>
    <time>2026-06-17T14:10:54Z</time>
     <extensions>
      <gpxtpx:TrackPointExtension>
       <gpxtpx:hr>118</gpxtpx:hr>
      </gpxtpx:TrackPointExtension>
     </extensions>
   </trkpt>
   <trkpt lat="-2.5797810" lon="-43.0997900">
    <ele>25.2</ele>
    <time>2026-06-17T14:10:59Z</time>
     <extensions>
      <gpxtpx:TrackPointExtension>
       <gpxtpx:hr>118</gpxtpx:hr>
      </gpxtpx:TrackPointExtension>
     </extensions>
   </trkpt>
   <trkpt lat="-2.5798220" lon="-43.0998320">
    <ele>25.2</ele>
    <time>2026-06-17T14:11:04Z</time>
     <extensions>
      <gpxtpx:TrackPointExtension>
       <gpxtpx:hr>115</gpxtpx:hr>
      </gpxtpx:TrackPointExtension>
     </extensions>
   </trkpt>
   <trkpt lat="-2.5798420" lon="-43.0998830">
    <ele>25.0</ele>
    <time>2026-06-17T14:11:09Z</time>
     <extensions>
      <gpxtpx:TrackPointExtension>
       <gpxtpx:hr>115</gpxtpx:hr>
      </gpxtpx:TrackPointExtension>
     </extensions>
   </trkpt>
   <trkpt lat="-2.5798610" lon="-43.0999340">
    <ele>24.8</ele>
    <time>2026-06-17T14:11:14Z</time>
     <extensions>
      <gpxtpx:TrackPointExtension>
       <gpxtpx:hr>121</gpxtpx:hr>
      </gpxtpx:TrackPointExtension>
     </extensions>
   </trkpt>
   <trkpt lat="-2.5798750" lon="-43.0999820">
    <ele>24.6</ele>
    <time>2026-06-17T14:11:19Z</time>
     <extensions>
      <gpxtpx:TrackPointExtension>
       <gpxtpx:hr>125</gpxtpx:hr>
      </gpxtpx:TrackPointExtension>
     </extensions>
   </trkpt>
   <trkpt lat="-2.5798820" lon="-43.1000350">
    <ele>24.6</ele>
    <time>2026-06-17T14:11:24Z</time>
     <extensions>
      <gpxtpx:TrackPointExtension>
       <gpxtpx:hr>125</gpxtpx:hr>
      </gpxtpx:TrackPointExtension>
     </extensions>
   </trkpt>
   <trkpt lat="-2.5798760" lon="-43.1000840">
    <ele>24.8</ele>
    <time>2026-06-17T14:11:29Z</time>
     <extensions>
      <gpxtpx:TrackPointExtension>
       <gpxtpx:hr>120</gpxtpx:hr>
      </gpxtpx:TrackPointExtension>
     </extensions>
   </trkpt>
   <trkpt lat="-2.5798570" lon="-43.1001290">
    <ele>24.8</ele>
    <time>2026-06-17T14:11:34Z</time>
     <extensions>
      <gpxtpx:TrackPointExtension>
       <gpxtpx:hr>129</gpxtpx:hr>
      </gpxtpx:TrackPointExtension>
     </extensions>
   </trkpt>
   <trkpt lat="-2.5798380" lon="-43.1001710">
    <ele>25.0</ele>
    <time>2026-06-17T14:11:39Z</time>
     <extensions>
      <gpxtpx:TrackPointExtension>
       <gpxtpx:hr>138</gpxtpx:hr>
      </gpxtpx:TrackPointExtension>
     </extensions>
   </trkpt>
   <trkpt lat="-2.5798340" lon="-43.1002170">
    <ele>25.2</ele>
    <time>2026-06-17T14:11:44Z</time>
     <extensions>
      <gpxtpx:TrackPointExtension>
       <gpxtpx:hr>138</gpxtpx:hr>
      </gpxtpx:TrackPointExtension>
     </extensions>
   </trkpt>
   <trkpt lat="-2.5798510" lon="-43.1002620">
    <ele>25.2</ele>
    <time>2026-06-17T14:11:49Z</time>
     <extensions>
      <gpxtpx:TrackPointExtension>
       <gpxtpx:hr>146</gpxtpx:hr>
      </gpxtpx:TrackPointExtension>
     </extensions>
   </trkpt>
   <trkpt lat="-2.5798800" lon="-43.1003010">
    <ele>25.4</ele>
    <time>2026-06-17T14:11:54Z</time>
     <extensions>
      <gpxtpx:TrackPointExtension>
       <gpxtpx:hr>149</gpxtpx:hr>
      </gpxtpx:TrackPointExtension>
     </extensions>
   </trkpt>
   <trkpt lat="-2.5799050" lon="-43.1003480">
    <ele>25.4</ele>
    <time>2026-06-17T14:11:59Z</time>
     <extensions>
      <gpxtpx:TrackPointExtension>
       <gpxtpx:hr>147</gpxtpx:hr>
      </gpxtpx:TrackPointExtension>
     </extensions>
   </trkpt>
   <trkpt lat="-2.5799250" lon="-43.1003940">
    <ele>25.2</ele>
    <time>2026-06-17T14:12:04Z</time>
     <extensions>
      <gpxtpx:TrackPointExtension>
       <gpxtpx:hr>147</gpxtpx:hr>
      </gpxtpx:TrackPointExtension>
     </extensions>
   </trkpt>
   <trkpt lat="-2.5799510" lon="-43.1004370">
    <ele>25.2</ele>
    <time>2026-06-17T14:12:09Z</time>
     <extensions>
      <gpxtpx:TrackPointExtension>
       <gpxtpx:hr>147</gpxtpx:hr>
      </gpxtpx:TrackPointExtension>
     </extensions>
   </trkpt>
   <trkpt lat="-2.5799720" lon="-43.1004850">
    <ele>25.0</ele>
    <time>2026-06-17T14:12:14Z</time>
     <extensions>
      <gpxtpx:TrackPointExtension>
       <gpxtpx:hr>143</gpxtpx:hr>
      </gpxtpx:TrackPointExtension>
     </extensions>
   </trkpt>
   <trkpt lat="-2.5799950" lon="-43.1005300">
    <ele>25.0</ele>
    <time>2026-06-17T14:12:19Z</time>
     <extensions>
      <gpxtpx:TrackPointExtension>
       <gpxtpx:hr>143</gpxtpx:hr>
      </gpxtpx:TrackPointExtension>
     </extensions>
   </trkpt>
   <trkpt lat="-2.5800230" lon="-43.1005730">
    <ele>25.0</ele>
    <time>2026-06-17T14:12:24Z</time>
     <extensions>
      <gpxtpx:TrackPointExtension>
       <gpxtpx:hr>139</gpxtpx:hr>
      </gpxtpx:TrackPointExtension>
     </extensions>
   </trkpt>
   <trkpt lat="-2.5800480" lon="-43.1006190">
    <ele>25.0</ele>
    <time>2026-06-17T14:12:29Z</time>
     <extensions>
      <gpxtpx:TrackPointExtension>
       <gpxtpx:hr>139</gpxtpx:hr>
      </gpxtpx:TrackPointExtension>
     </extensions>
   </trkpt>
   <trkpt lat="-2.5800700" lon="-43.1006610">
    <ele>25.2</ele>
    <time>2026-06-17T14:12:34Z</time>
     <extensions>
      <gpxtpx:TrackPointExtension>
       <gpxtpx:hr>136</gpxtpx:hr>
      </gpxtpx:TrackPointExtension>
     </extensions>
   </trkpt>
   <trkpt lat="-2.5800930" lon="-43.1007040">
    <ele>25.4</ele>
    <time>2026-06-17T14:12:39Z</time>
     <extensions>
      <gpxtpx:TrackPointExtension>
       <gpxtpx:hr>135</gpxtpx:hr>
      </gpxtpx:TrackPointExtension>
     </extensions>
   </trkpt>
   <trkpt lat="-2.5801140" lon="-43.1007370">
    <ele>25.4</ele>
    <time>2026-06-17T14:12:44Z</time>
     <extensions>
      <gpxtpx:TrackPointExtension>
       <gpxtpx:hr>139</gpxtpx:hr>
      </gpxtpx:TrackPointExtension>
     </extensions>
   </trkpt>
   <trkpt lat="-2.5801260" lon="-43.1007840">
    <ele>25.4</ele>
    <time>2026-06-17T14:12:49Z</time>
     <extensions>
      <gpxtpx:TrackPointExtension>
       <gpxtpx:hr>139</gpxtpx:hr>
      </gpxtpx:TrackPointExtension>
     </extensions>
   </trkpt>
   <trkpt lat="-2.5800940" lon="-43.1008530">
    <ele>25.4</ele>
    <time>2026-06-17T14:12:54Z</time>
     <extensions>
      <gpxtpx:TrackPointExtension>
       <gpxtpx:hr>136</gpxtpx:hr>
      </gpxtpx:TrackPointExtension>
     </extensions>
   </trkpt>
   <trkpt lat="-2.5800530" lon="-43.1009040">
    <ele>25.4</ele>
    <time>2026-06-17T14:13:00Z</time>
     <extensions>
      <gpxtpx:TrackPointExtension>
       <gpxtpx:hr>136</gpxtpx:hr>
      </gpxtpx:TrackPointExtension>
     </extensions>
   </trkpt>
   <trkpt lat="-2.5800190" lon="-43.1009570">
    <ele>25.2</ele>
    <time>2026-06-17T14:13:05Z</time>
     <extensions>
      <gpxtpx:TrackPointExtension>
       <gpxtpx:hr>134</gpxtpx:hr>
      </gpxtpx:TrackPointExtension>
     </extensions>
   </trkpt>
   <trkpt lat="-2.5799860" lon="-43.1010160">
    <ele>24.8</ele>
    <time>2026-06-17T14:13:10Z</time>
     <extensions>
      <gpxtpx:TrackPointExtension>
       <gpxtpx:hr>135</gpxtpx:hr>
      </gpxtpx:TrackPointExtension>
     </extensions>
   </trkpt>
   <trkpt lat="-2.5799430" lon="-43.1010460">
    <ele>24.4</ele>
    <time>2026-06-17T14:13:15Z</time>
     <extensions>
      <gpxtpx:TrackPointExtension>
       <gpxtpx:hr>135</gpxtpx:hr>
      </gpxtpx:TrackPointExtension>
     </extensions>
   </trkpt>
   <trkpt lat="-2.5798920" lon="-43.1010780">
    <ele>24.0</ele>
    <time>2026-06-17T14:13:20Z</time>
     <extensions>
      <gpxtpx:TrackPointExtension>
       <gpxtpx:hr>127</gpxtpx:hr>
      </gpxtpx:TrackPointExtension>
     </extensions>
   </trkpt>
   <trkpt lat="-2.5798500" lon="-43.1011220">
    <ele>23.8</ele>
    <time>2026-06-17T14:13:25Z</time>
     <extensions>
      <gpxtpx:TrackPointExtension>
       <gpxtpx:hr>127</gpxtpx:hr>
      </gpxtpx:TrackPointExtension>
     </extensions>
   </trkpt>
   <trkpt lat="-2.5798050" lon="-43.1011520">
    <ele>23.6</ele>
    <time>2026-06-17T14:13:30Z</time>
     <extensions>
      <gpxtpx:TrackPointExtension>
       <gpxtpx:hr>127</gpxtpx:hr>
      </gpxtpx:TrackPointExtension>
     </extensions>
   </trkpt>
   <trkpt lat="-2.5797570" lon="-43.1011710">
    <ele>23.6</ele>
    <time>2026-06-17T14:13:35Z</time>
     <extensions>
      <gpxtpx:TrackPointExtension>
       <gpxtpx:hr>127</gpxtpx:hr>
      </gpxtpx:TrackPointExtension>
     </extensions>
   </trkpt>
   <trkpt lat="-2.5797040" lon="-43.1011760">
    <ele>23.8</ele>
    <time>2026-06-17T14:13:40Z</time>
     <extensions>
      <gpxtpx:TrackPointExtension>
       <gpxtpx:hr>122</gpxtpx:hr>
      </gpxtpx:TrackPointExtension>
     </extensions>
   </trkpt>
   <trkpt lat="-2.5796620" lon="-43.1011760">
    <ele>24.2</ele>
    <time>2026-06-17T14:13:45Z</time>
     <extensions>
      <gpxtpx:TrackPointExtension>
       <gpxtpx:hr>123</gpxtpx:hr>
      </gpxtpx:TrackPointExtension>
     </extensions>
   </trkpt>
   <trkpt lat="-2.5796100" lon="-43.1011810">
    <ele>24.6</ele>
    <time>2026-06-17T14:13:50Z</time>
     <extensions>
      <gpxtpx:TrackPointExtension>
       <gpxtpx:hr>124</gpxtpx:hr>
      </gpxtpx:TrackPointExtension>
     </extensions>
   </trkpt>
   <trkpt lat="-2.5795640" lon="-43.1011960">
    <ele>25.0</ele>
    <time>2026-06-17T14:13:55Z</time>
     <extensions>
      <gpxtpx:TrackPointExtension>
       <gpxtpx:hr>126</gpxtpx:hr>
      </gpxtpx:TrackPointExtension>
     </extensions>
   </trkpt>
   <trkpt lat="-2.5795420" lon="-43.1012120">
    <ele>25.4</ele>
    <time>2026-06-17T14:14:00Z</time>
     <extensions>
      <gpxtpx:TrackPointExtension>
       <gpxtpx:hr>127</gpxtpx:hr>
      </gpxtpx:TrackPointExtension>
     </extensions>
   </trkpt>
   <trkpt lat="-2.5795170" lon="-43.1012400">
    <ele>25.6</ele>
    <time>2026-06-17T14:14:05Z</time>
     <extensions>
      <gpxtpx:TrackPointExtension>
       <gpxtpx:hr>124</gpxtpx:hr>
      </gpxtpx:TrackPointExtension>
     </extensions>
   </trkpt>
   <trkpt lat="-2.5795000" lon="-43.1012740">
    <ele>26.0</ele>
    <time>2026-06-17T14:14:10Z</time>
     <extensions>
      <gpxtpx:TrackPointExtension>
       <gpxtpx:hr>130</gpxtpx:hr>
      </gpxtpx:TrackPointExtension>
     </extensions>
   </trkpt>
   <trkpt lat="-2.5794870" lon="-43.1013070">
    <ele>26.0</ele>
    <time>2026-06-17T14:14:15Z</time>
     <extensions>
      <gpxtpx:TrackPointExtension>
       <gpxtpx:hr>130</gpxtpx:hr>
      </gpxtpx:TrackPointExtension>
     </extensions>
   </trkpt>
   <trkpt lat="-2.5795180" lon="-43.1013440">
    <ele>25.8</ele>
    <time>2026-06-17T14:14:20Z</time>
     <extensions>
      <gpxtpx:TrackPointExtension>
       <gpxtpx:hr>135</gpxtpx:hr>
      </gpxtpx:TrackPointExtension>
     </extensions>
   </trkpt>
   <trkpt lat="-2.5795480" lon="-43.1013810">
    <ele>25.6</ele>
    <time>2026-06-17T14:14:25Z</time>
     <extensions>
      <gpxtpx:TrackPointExtension>
       <gpxtpx:hr>138</gpxtpx:hr>
      </gpxtpx:TrackPointExtension>
     </extensions>
   </trkpt>
   <trkpt lat="-2.5795830" lon="-43.1014100">
    <ele>25.4</ele>
    <time>2026-06-17T14:14:30Z</time>
     <extensions>
      <gpxtpx:TrackPointExtension>
       <gpxtpx:hr>139</gpxtpx:hr>
      </gpxtpx:TrackPointExtension>
     </extensions>
   </trkpt>
   <trkpt lat="-2.5796180" lon="-43.1014510">
    <ele>25.2</ele>
    <time>2026-06-17T14:14:35Z</time>
     <extensions>
      <gpxtpx:TrackPointExtension>
       <gpxtpx:hr>139</gpxtpx:hr>
      </gpxtpx:TrackPointExtension>
     </extensions>
   </trkpt>
   <trkpt lat="-2.5796550" lon="-43.1014930">
    <ele>25.0</ele>
    <time>2026-06-17T14:14:40Z</time>
     <extensions>
      <gpxtpx:TrackPointExtension>
       <gpxtpx:hr>134</gpxtpx:hr>
      </gpxtpx:TrackPointExtension>
     </extensions>
   </trkpt>
   <trkpt lat="-2.5796870" lon="-43.1015450">
    <ele>24.8</ele>
    <time>2026-06-17T14:14:45Z</time>
     <extensions>
      <gpxtpx:TrackPointExtension>
       <gpxtpx:hr>130</gpxtpx:hr>
      </gpxtpx:TrackPointExtension>
     </extensions>
   </trkpt>
   <trkpt lat="-2.5797280" lon="-43.1015850">
    <ele>24.8</ele>
    <time>2026-06-17T14:14:50Z</time>
     <extensions>
      <gpxtpx:TrackPointExtension>
       <gpxtpx:hr>132</gpxtpx:hr>
      </gpxtpx:TrackPointExtension>
     </extensions>
   </trkpt>
   <trkpt lat="-2.5797750" lon="-43.1016190">
    <ele>24.6</ele>
    <time>2026-06-17T14:14:56Z</time>
     <extensions>
      <gpxtpx:TrackPointExtension>
       <gpxtpx:hr>132</gpxtpx:hr>
      </gpxtpx:TrackPointExtension>
     </extensions>
   </trkpt>
   <trkpt lat="-2.5798150" lon="-43.1016560">
    <ele>24.8</ele>
    <time>2026-06-17T14:15:01Z</time>
     <extensions>
      <gpxtpx:TrackPointExtension>
       <gpxtpx:hr>128</gpxtpx:hr>
      </gpxtpx:TrackPointExtension>
     </extensions>
   </trkpt>
   <trkpt lat="-2.5798500" lon="-43.1016920">
    <ele>24.8</ele>
    <time>2026-06-17T14:15:06Z</time>
     <extensions>
      <gpxtpx:TrackPointExtension>
       <gpxtpx:hr>124</gpxtpx:hr>
      </gpxtpx:TrackPointExtension>
     </extensions>
   </trkpt>
   <trkpt lat="-2.5798880" lon="-43.1017140">
    <ele>24.6</ele>
    <time>2026-06-17T14:15:11Z</time>
     <extensions>
      <gpxtpx:TrackPointExtension>
       <gpxtpx:hr>124</gpxtpx:hr>
      </gpxtpx:TrackPointExtension>
     </extensions>
   </trkpt>
   <trkpt lat="-2.5799230" lon="-43.1017330">
    <ele>24.4</ele>
    <time>2026-06-17T14:15:16Z</time>
     <extensions>
      <gpxtpx:TrackPointExtension>
       <gpxtpx:hr>124</gpxtpx:hr>
      </gpxtpx:TrackPointExtension>
     </extensions>
   </trkpt>
   <trkpt lat="-2.5799600" lon="-43.1017540">
    <ele>24.2</ele>
    <time>2026-06-17T14:15:21Z</time>
     <extensions>
      <gpxtpx:TrackPointExtension>
       <gpxtpx:hr>124</gpxtpx:hr>
      </gpxtpx:TrackPointExtension>
     </extensions>
   </trkpt>
   <trkpt lat="-2.5799630" lon="-43.1017860">
    <ele>24.0</ele>
    <time>2026-06-17T14:15:26Z</time>
     <extensions>
      <gpxtpx:TrackPointExtension>
       <gpxtpx:hr>124</gpxtpx:hr>
      </gpxtpx:TrackPointExtension>
     </extensions>
   </trkpt>
   <trkpt lat="-2.5799720" lon="-43.1018280">
    <ele>24.0</ele>
    <time>2026-06-17T14:15:31Z</time>
     <extensions>
      <gpxtpx:TrackPointExtension>
       <gpxtpx:hr>124</gpxtpx:hr>
      </gpxtpx:TrackPointExtension>
     </extensions>
   </trkpt>
   <trkpt lat="-2.5799810" lon="-43.1018750">
    <ele>23.8</ele>
    <time>2026-06-17T14:15:36Z</time>
     <extensions>
      <gpxtpx:TrackPointExtension>
       <gpxtpx:hr>131</gpxtpx:hr>
      </gpxtpx:TrackPointExtension>
     </extensions>
   </trkpt>
   <trkpt lat="-2.5799760" lon="-43.1019170">
    <ele>23.8</ele>
    <time>2026-06-17T14:15:41Z</time>
     <extensions>
      <gpxtpx:TrackPointExtension>
       <gpxtpx:hr>131</gpxtpx:hr>
      </gpxtpx:TrackPointExtension>
     </extensions>
   </trkpt>
   <trkpt lat="-2.5799900" lon="-43.1019520">
    <ele>24.0</ele>
    <time>2026-06-17T14:15:46Z</time>
     <extensions>
      <gpxtpx:TrackPointExtension>
       <gpxtpx:hr>134</gpxtpx:hr>
      </gpxtpx:TrackPointExtension>
     </extensions>
   </trkpt>
   <trkpt lat="-2.5800210" lon="-43.1019950">
    <ele>24.2</ele>
    <time>2026-06-17T14:15:51Z</time>
     <extensions>
      <gpxtpx:TrackPointExtension>
       <gpxtpx:hr>138</gpxtpx:hr>
      </gpxtpx:TrackPointExtension>
     </extensions>
   </trkpt>
   <trkpt lat="-2.5800470" lon="-43.1020330">
    <ele>24.2</ele>
    <time>2026-06-17T14:15:56Z</time>
     <extensions>
      <gpxtpx:TrackPointExtension>
       <gpxtpx:hr>141</gpxtpx:hr>
      </gpxtpx:TrackPointExtension>
     </extensions>
   </trkpt>
   <trkpt lat="-2.5800800" lon="-43.1020840">
    <ele>24.2</ele>
    <time>2026-06-17T14:16:01Z</time>
     <extensions>
      <gpxtpx:TrackPointExtension>
       <gpxtpx:hr>141</gpxtpx:hr>
      </gpxtpx:TrackPointExtension>
     </extensions>
   </trkpt>
   <trkpt lat="-2.5801190" lon="-43.1021260">
    <ele>24.4</ele>
    <time>2026-06-17T14:16:06Z</time>
     <extensions>
      <gpxtpx:TrackPointExtension>
       <gpxtpx:hr>143</gpxtpx:hr>
      </gpxtpx:TrackPointExtension>
     </extensions>
   </trkpt>
   <trkpt lat="-2.5801590" lon="-43.1021610">
    <ele>24.4</ele>
    <time>2026-06-17T14:16:11Z</time>
     <extensions>
      <gpxtpx:TrackPointExtension>
       <gpxtpx:hr>140</gpxtpx:hr>
      </gpxtpx:TrackPointExtension>
     </extensions>
   </trkpt>
   <trkpt lat="-2.5802000" lon="-43.1021870">
    <ele>24.6</ele>
    <time>2026-06-17T14:16:16Z</time>
     <extensions>
      <gpxtpx:TrackPointExtension>
       <gpxtpx:hr>136</gpxtpx:hr>
      </gpxtpx:TrackPointExtension>
     </extensions>
   </trkpt>
   <trkpt lat="-2.5802430" lon="-43.1022130">
    <ele>24.8</ele>
    <time>2026-06-17T14:16:21Z</time>
     <extensions>
      <gpxtpx:TrackPointExtension>
       <gpxtpx:hr>132</gpxtpx:hr>
      </gpxtpx:TrackPointExtension>
     </extensions>
   </trkpt>
   <trkpt lat="-2.5802730" lon="-43.1022420">
    <ele>25.0</ele>
    <time>2026-06-17T14:16:26Z</time>
     <extensions>
      <gpxtpx:TrackPointExtension>
       <gpxtpx:hr>132</gpxtpx:hr>
      </gpxtpx:TrackPointExtension>
     </extensions>
   </trkpt>
   <trkpt lat="-2.5803020" lon="-43.1022820">
    <ele>25.4</ele>
    <time>2026-06-17T14:16:31Z</time>
     <extensions>
      <gpxtpx:TrackPointExtension>
       <gpxtpx:hr>125</gpxtpx:hr>
      </gpxtpx:TrackPointExtension>
     </extensions>
   </trkpt>
   <trkpt lat="-2.5803240" lon="-43.1023350">
    <ele>25.6</ele>
    <time>2026-06-17T14:16:36Z</time>
     <extensions>
      <gpxtpx:TrackPointExtension>
       <gpxtpx:hr>125</gpxtpx:hr>
      </gpxtpx:TrackPointExtension>
     </extensions>
   </trkpt>
   <trkpt lat="-2.5803590" lon="-43.1023760">
    <ele>25.8</ele>
    <time>2026-06-17T14:16:41Z</time>
     <extensions>
      <gpxtpx:TrackPointExtension>
       <gpxtpx:hr>125</gpxtpx:hr>
      </gpxtpx:TrackPointExtension>
     </extensions>
   </trkpt>
   <trkpt lat="-2.5803940" lon="-43.1024180">
    <ele>25.6</ele>
    <time>2026-06-17T14:16:46Z</time>
     <extensions>
      <gpxtpx:TrackPointExtension>
       <gpxtpx:hr>125</gpxtpx:hr>
      </gpxtpx:TrackPointExtension>
     </extensions>
   </trkpt>
   <trkpt lat="-2.5804380" lon="-43.1024490">
    <ele>25.4</ele>
    <time>2026-06-17T14:16:51Z</time>
     <extensions>
      <gpxtpx:TrackPointExtension>
       <gpxtpx:hr>125</gpxtpx:hr>
      </gpxtpx:TrackPointExtension>
     </extensions>
   </trkpt>
   <trkpt lat="-2.5804770" lon="-43.1024670">
    <ele>25.2</ele>
    <time>2026-06-17T14:16:56Z</time>
     <extensions>
      <gpxtpx:TrackPointExtension>
       <gpxtpx:hr>121</gpxtpx:hr>
      </gpxtpx:TrackPointExtension>
     </extensions>
   </trkpt>
   <trkpt lat="-2.5805290" lon="-43.1024800">
    <ele>25.2</ele>
    <time>2026-06-17T14:17:01Z</time>
     <extensions>
      <gpxtpx:TrackPointExtension>
       <gpxtpx:hr>121</gpxtpx:hr>
      </gpxtpx:TrackPointExtension>
     </extensions>
   </trkpt>
   <trkpt lat="-2.5805880" lon="-43.1025030">
    <ele>25.2</ele>
    <time>2026-06-17T14:17:06Z</time>
     <extensions>
      <gpxtpx:TrackPointExtension>
       <gpxtpx:hr>121</gpxtpx:hr>
      </gpxtpx:TrackPointExtension>
     </extensions>
   </trkpt>
   <trkpt lat="-2.5806430" lon="-43.1025240">
    <ele>25.4</ele>
    <time>2026-06-17T14:17:11Z</time>
     <extensions>
      <gpxtpx:TrackPointExtension>
       <gpxtpx:hr>133</gpxtpx:hr>
      </gpxtpx:TrackPointExtension>
     </extensions>
   </trkpt>
   <trkpt lat="-2.5806860" lon="-43.1025340">
    <ele>25.6</ele>
    <time>2026-06-17T14:17:16Z</time>
     <extensions>
      <gpxtpx:TrackPointExtension>
       <gpxtpx:hr>136</gpxtpx:hr>
      </gpxtpx:TrackPointExtension>
     </extensions>
   </trkpt>
   <trkpt lat="-2.5807340" lon="-43.1025530">
    <ele>25.4</ele>
    <time>2026-06-17T14:17:21Z</time>
     <extensions>
      <gpxtpx:TrackPointExtension>
       <gpxtpx:hr>136</gpxtpx:hr>
      </gpxtpx:TrackPointExtension>
     </extensions>
   </trkpt>
   <trkpt lat="-2.5807880" lon="-43.1025850">
    <ele>25.4</ele>
    <time>2026-06-17T14:17:26Z</time>
     <extensions>
      <gpxtpx:TrackPointExtension>
       <gpxtpx:hr>137</gpxtpx:hr>
      </gpxtpx:TrackPointExtension>
     </extensions>
   </trkpt>
   <trkpt lat="-2.5808130" lon="-43.1026390">
    <ele>25.4</ele>
    <time>2026-06-17T14:17:31Z</time>
     <extensions>
      <gpxtpx:TrackPointExtension>
       <gpxtpx:hr>134</gpxtpx:hr>
      </gpxtpx:TrackPointExtension>
     </extensions>
   </trkpt>
   <trkpt lat="-2.5808290" lon="-43.1026850">
    <ele>25.6</ele>
    <time>2026-06-17T14:17:36Z</time>
     <extensions>
      <gpxtpx:TrackPointExtension>
       <gpxtpx:hr>134</gpxtpx:hr>
      </gpxtpx:TrackPointExtension>
     </extensions>
   </trkpt>
   <trkpt lat="-2.5808370" lon="-43.1027380">
    <ele>25.6</ele>
    <time>2026-06-17T14:17:41Z</time>
     <extensions>
      <gpxtpx:TrackPointExtension>
       <gpxtpx:hr>134</gpxtpx:hr>
      </gpxtpx:TrackPointExtension>
     </extensions>
   </trkpt>
   <trkpt lat="-2.5808660" lon="-43.1027830">
    <ele>26.0</ele>
    <time>2026-06-17T14:17:46Z</time>
     <extensions>
      <gpxtpx:TrackPointExtension>
       <gpxtpx:hr>134</gpxtpx:hr>
      </gpxtpx:TrackPointExtension>
     </extensions>
   </trkpt>
   <trkpt lat="-2.5809050" lon="-43.1028190">
    <ele>26.0</ele>
    <time>2026-06-17T14:17:51Z</time>
     <extensions>
      <gpxtpx:TrackPointExtension>
       <gpxtpx:hr>139</gpxtpx:hr>
      </gpxtpx:TrackPointExtension>
     </extensions>
   </trkpt>
   <trkpt lat="-2.5809410" lon="-43.1028640">
    <ele>26.0</ele>
    <time>2026-06-17T14:17:56Z</time>
     <extensions>
      <gpxtpx:TrackPointExtension>
       <gpxtpx:hr>140</gpxtpx:hr>
      </gpxtpx:TrackPointExtension>
     </extensions>
   </trkpt>
   <trkpt lat="-2.5809650" lon="-43.1029030">
    <ele>26.0</ele>
    <time>2026-06-17T14:18:01Z</time>
     <extensions>
      <gpxtpx:TrackPointExtension>
       <gpxtpx:hr>141</gpxtpx:hr>
      </gpxtpx:TrackPointExtension>
     </extensions>
   </trkpt>
   <trkpt lat="-2.5810030" lon="-43.1029520">
    <ele>26.0</ele>
    <time>2026-06-17T14:18:06Z</time>
     <extensions>
      <gpxtpx:TrackPointExtension>
       <gpxtpx:hr>141</gpxtpx:hr>
      </gpxtpx:TrackPointExtension>
     </extensions>
   </trkpt>
   <trkpt lat="-2.5810520" lon="-43.1030020">
    <ele>26.0</ele>
    <time>2026-06-17T14:18:11Z</time>
     <extensions>
      <gpxtpx:TrackPointExtension>
       <gpxtpx:hr>142</gpxtpx:hr>
      </gpxtpx:TrackPointExtension>
     </extensions>
   </trkpt>
   <trkpt lat="-2.5810850" lon="-43.1030520">
    <ele>26.0</ele>
    <time>2026-06-17T14:18:16Z</time>
     <extensions>
      <gpxtpx:TrackPointExtension>
       <gpxtpx:hr>149</gpxtpx:hr>
      </gpxtpx:TrackPointExtension>
     </extensions>
   </trkpt>
   <trkpt lat="-2.5811000" lon="-43.1031040">
    <ele>26.2</ele>
    <time>2026-06-17T14:18:21Z</time>
     <extensions>
      <gpxtpx:TrackPointExtension>
       <gpxtpx:hr>149</gpxtpx:hr>
      </gpxtpx:TrackPointExtension>
     </extensions>
   </trkpt>
   <trkpt lat="-2.5810990" lon="-43.1031520">
    <ele>26.4</ele>
    <time>2026-06-17T14:18:26Z</time>
     <extensions>
      <gpxtpx:TrackPointExtension>
       <gpxtpx:hr>149</gpxtpx:hr>
      </gpxtpx:TrackPointExtension>
     </extensions>
   </trkpt>
   <trkpt lat="-2.5810890" lon="-43.1031900">
    <ele>26.6</ele>
    <time>2026-06-17T14:18:31Z</time>
     <extensions>
      <gpxtpx:TrackPointExtension>
       <gpxtpx:hr>146</gpxtpx:hr>
      </gpxtpx:TrackPointExtension>
     </extensions>
   </trkpt>
   <trkpt lat="-2.5810830" lon="-43.1032000">
    <ele>26.8</ele>
    <time>2026-06-17T14:18:36Z</time>
     <extensions>
      <gpxtpx:TrackPointExtension>
       <gpxtpx:hr>146</gpxtpx:hr>
      </gpxtpx:TrackPointExtension>
     </extensions>
   </trkpt>
   <trkpt lat="-2.5810790" lon="-43.1032080">
    <ele>27.0</ele>
    <time>2026-06-17T14:18:41Z</time>
     <extensions>
      <gpxtpx:TrackPointExtension>
       <gpxtpx:hr>146</gpxtpx:hr>
      </gpxtpx:TrackPointExtension>
     </extensions>
   </trkpt>
   <trkpt lat="-2.5810700" lon="-43.1032350">
    <ele>27.0</ele>
    <time>2026-06-17T14:18:46Z</time>
     <extensions>
      <gpxtpx:TrackPointExtension>
       <gpxtpx:hr>146</gpxtpx:hr>
      </gpxtpx:TrackPointExtension>
     </extensions>
   </trkpt>
   <trkpt lat="-2.5810690" lon="-43.1032410">
    <ele>27.2</ele>
    <time>2026-06-17T14:18:51Z</time>
     <extensions>
      <gpxtpx:TrackPointExtension>
       <gpxtpx:hr>141</gpxtpx:hr>
      </gpxtpx:TrackPointExtension>
     </extensions>
   </trkpt>
   <trkpt lat="-2.5810630" lon="-43.1032570">
    <ele>27.2</ele>
    <time>2026-06-17T14:18:56Z</time>
     <extensions>
      <gpxtpx:TrackPointExtension>
       <gpxtpx:hr>141</gpxtpx:hr>
      </gpxtpx:TrackPointExtension>
     </extensions>
   </trkpt>
   <trkpt lat="-2.5810460" lon="-43.1033000">
    <ele>27.0</ele>
    <time>2026-06-17T14:19:01Z</time>
     <extensions>
      <gpxtpx:TrackPointExtension>
       <gpxtpx:hr>146</gpxtpx:hr>
      </gpxtpx:TrackPointExtension>
     </extensions>
   </trkpt>
   <trkpt lat="-2.5810220" lon="-43.1033450">
    <ele>27.0</ele>
    <time>2026-06-17T14:19:06Z</time>
     <extensions>
      <gpxtpx:TrackPointExtension>
       <gpxtpx:hr>146</gpxtpx:hr>
      </gpxtpx:TrackPointExtension>
     </extensions>
   </trkpt>
   <trkpt lat="-2.5809950" lon="-43.1034090">
    <ele>26.8</ele>
    <time>2026-06-17T14:19:11Z</time>
     <extensions>
      <gpxtpx:TrackPointExtension>
       <gpxtpx:hr>137</gpxtpx:hr>
      </gpxtpx:TrackPointExtension>
     </extensions>
   </trkpt>
   <trkpt lat="-2.5809810" lon="-43.1034670">
    <ele>26.8</ele>
    <time>2026-06-17T14:19:16Z</time>
     <extensions>
      <gpxtpx:TrackPointExtension>
       <gpxtpx:hr>132</gpxtpx:hr>
      </gpxtpx:TrackPointExtension>
     </extensions>
   </trkpt>
   <trkpt lat="-2.5809600" lon="-43.1035200">
    <ele>26.6</ele>
    <time>2026-06-17T14:19:21Z</time>
     <extensions>
      <gpxtpx:TrackPointExtension>
       <gpxtpx:hr>132</gpxtpx:hr>
      </gpxtpx:TrackPointExtension>
     </extensions>
   </trkpt>
   <trkpt lat="-2.5809240" lon="-43.1035570">
    <ele>26.6</ele>
    <time>2026-06-17T14:19:26Z</time>
     <extensions>
      <gpxtpx:TrackPointExtension>
       <gpxtpx:hr>127</gpxtpx:hr>
      </gpxtpx:TrackPointExtension>
     </extensions>
   </trkpt>
   <trkpt lat="-2.5808790" lon="-43.1035890">
    <ele>26.4</ele>
    <time>2026-06-17T14:19:31Z</time>
     <extensions>
      <gpxtpx:TrackPointExtension>
       <gpxtpx:hr>127</gpxtpx:hr>
      </gpxtpx:TrackPointExtension>
     </extensions>
   </trkpt>
   <trkpt lat="-2.5808460" lon="-43.1036240">
    <ele>26.4</ele>
    <time>2026-06-17T14:19:36Z</time>
     <extensions>
      <gpxtpx:TrackPointExtension>
       <gpxtpx:hr>121</gpxtpx:hr>
      </gpxtpx:TrackPointExtension>
     </extensions>
   </trkpt>
   <trkpt lat="-2.5808290" lon="-43.1036750">
    <ele>26.4</ele>
    <time>2026-06-17T14:19:41Z</time>
     <extensions>
      <gpxtpx:TrackPointExtension>
       <gpxtpx:hr>121</gpxtpx:hr>
      </gpxtpx:TrackPointExtension>
     </extensions>
   </trkpt>
   <trkpt lat="-2.5808340" lon="-43.1037130">
    <ele>26.4</ele>
    <time>2026-06-17T14:19:46Z</time>
     <extensions>
      <gpxtpx:TrackPointExtension>
       <gpxtpx:hr>124</gpxtpx:hr>
      </gpxtpx:TrackPointExtension>
     </extensions>
   </trkpt>
   <trkpt lat="-2.5808630" lon="-43.1037670">
    <ele>26.6</ele>
    <time>2026-06-17T14:19:51Z</time>
     <extensions>
      <gpxtpx:TrackPointExtension>
       <gpxtpx:hr>124</gpxtpx:hr>
      </gpxtpx:TrackPointExtension>
     </extensions>
   </trkpt>
   <trkpt lat="-2.5808970" lon="-43.1038220">
    <ele>26.6</ele>
    <time>2026-06-17T14:19:56Z</time>
     <extensions>
      <gpxtpx:TrackPointExtension>
       <gpxtpx:hr>131</gpxtpx:hr>
      </gpxtpx:TrackPointExtension>
     </extensions>
   </trkpt>
   <trkpt lat="-2.5809220" lon="-43.1038760">
    <ele>26.6</ele>
    <time>2026-06-17T14:20:01Z</time>
     <extensions>
      <gpxtpx:TrackPointExtension>
       <gpxtpx:hr>126</gpxtpx:hr>
      </gpxtpx:TrackPointExtension>
     </extensions>
   </trkpt>
   <trkpt lat="-2.5809380" lon="-43.1039170">
    <ele>26.6</ele>
    <time>2026-06-17T14:20:06Z</time>
     <extensions>
      <gpxtpx:TrackPointExtension>
       <gpxtpx:hr>129</gpxtpx:hr>
      </gpxtpx:TrackPointExtension>
     </extensions>
   </trkpt>
   <trkpt lat="-2.5809460" lon="-43.1039760">
    <ele>26.6</ele>
    <time>2026-06-17T14:20:11Z</time>
     <extensions>
      <gpxtpx:TrackPointExtension>
       <gpxtpx:hr>133</gpxtpx:hr>
      </gpxtpx:TrackPointExtension>
     </extensions>
   </trkpt>
   <trkpt lat="-2.5809480" lon="-43.1040300">
    <ele>26.6</ele>
    <time>2026-06-17T14:20:16Z</time>
     <extensions>
      <gpxtpx:TrackPointExtension>
       <gpxtpx:hr>137</gpxtpx:hr>
      </gpxtpx:TrackPointExtension>
     </extensions>
   </trkpt>
   <trkpt lat="-2.5809440" lon="-43.1040850">
    <ele>26.4</ele>
    <time>2026-06-17T14:20:21Z</time>
     <extensions>
      <gpxtpx:TrackPointExtension>
       <gpxtpx:hr>142</gpxtpx:hr>
      </gpxtpx:TrackPointExtension>
     </extensions>
   </trkpt>
   <trkpt lat="-2.5809390" lon="-43.1041430">
    <ele>26.4</ele>
    <time>2026-06-17T14:20:26Z</time>
     <extensions>
      <gpxtpx:TrackPointExtension>
       <gpxtpx:hr>142</gpxtpx:hr>
      </gpxtpx:TrackPointExtension>
     </extensions>
   </trkpt>
   <trkpt lat="-2.5809630" lon="-43.1041940">
    <ele>26.4</ele>
    <time>2026-06-17T14:20:31Z</time>
     <extensions>
      <gpxtpx:TrackPointExtension>
       <gpxtpx:hr>141</gpxtpx:hr>
      </gpxtpx:TrackPointExtension>
     </extensions>
   </trkpt>
   <trkpt lat="-2.5809640" lon="-43.1042260">
    <ele>26.6</ele>
    <time>2026-06-17T14:20:36Z</time>
     <extensions>
      <gpxtpx:TrackPointExtension>
       <gpxtpx:hr>141</gpxtpx:hr>
      </gpxtpx:TrackPointExtension>
     </extensions>
   </trkpt>
   <trkpt lat="-2.5809640" lon="-43.1042360">
    <ele>26.6</ele>
    <time>2026-06-17T14:20:41Z</time>
     <extensions>
      <gpxtpx:TrackPointExtension>
       <gpxtpx:hr>145</gpxtpx:hr>
      </gpxtpx:TrackPointExtension>
     </extensions>
   </trkpt>
   <trkpt lat="-2.5809690" lon="-43.1042690">
    <ele>26.6</ele>
    <time>2026-06-17T14:20:46Z</time>
     <extensions>
      <gpxtpx:TrackPointExtension>
       <gpxtpx:hr>144</gpxtpx:hr>
      </gpxtpx:TrackPointExtension>
     </extensions>
   </trkpt>
   <trkpt lat="-2.5809680" lon="-43.1043140">
    <ele>26.4</ele>
    <time>2026-06-17T14:20:51Z</time>
     <extensions>
      <gpxtpx:TrackPointExtension>
       <gpxtpx:hr>144</gpxtpx:hr>
      </gpxtpx:TrackPointExtension>
     </extensions>
   </trkpt>
   <trkpt lat="-2.5809490" lon="-43.1043700">
    <ele>26.4</ele>
    <time>2026-06-17T14:20:56Z</time>
     <extensions>
      <gpxtpx:TrackPointExtension>
       <gpxtpx:hr>141</gpxtpx:hr>
      </gpxtpx:TrackPointExtension>
     </extensions>
   </trkpt>
   <trkpt lat="-2.5809260" lon="-43.1044250">
    <ele>26.2</ele>
    <time>2026-06-17T14:21:01Z</time>
     <extensions>
      <gpxtpx:TrackPointExtension>
       <gpxtpx:hr>137</gpxtpx:hr>
      </gpxtpx:TrackPointExtension>
     </extensions>
   </trkpt>
   <trkpt lat="-2.5809180" lon="-43.1044670">
    <ele>26.2</ele>
    <time>2026-06-17T14:21:06Z</time>
     <extensions>
      <gpxtpx:TrackPointExtension>
       <gpxtpx:hr>137</gpxtpx:hr>
      </gpxtpx:TrackPointExtension>
     </extensions>
   </trkpt>
   <trkpt lat="-2.5809220" lon="-43.1045010">
    <ele>26.2</ele>
    <time>2026-06-17T14:21:11Z</time>
     <extensions>
      <gpxtpx:TrackPointExtension>
       <gpxtpx:hr>147</gpxtpx:hr>
      </gpxtpx:TrackPointExtension>
     </extensions>
   </trkpt>
   <trkpt lat="-2.5809250" lon="-43.1045610">
    <ele>26.0</ele>
    <time>2026-06-17T14:21:17Z</time>
     <extensions>
      <gpxtpx:TrackPointExtension>
       <gpxtpx:hr>147</gpxtpx:hr>
      </gpxtpx:TrackPointExtension>
     </extensions>
   </trkpt>
   <trkpt lat="-2.5809340" lon="-43.1046200">
    <ele>25.8</ele>
    <time>2026-06-17T14:21:22Z</time>
     <extensions>
      <gpxtpx:TrackPointExtension>
       <gpxtpx:hr>145</gpxtpx:hr>
      </gpxtpx:TrackPointExtension>
     </extensions>
   </trkpt>
   <trkpt lat="-2.5809430" lon="-43.1046710">
    <ele>25.4</ele>
    <time>2026-06-17T14:21:27Z</time>
     <extensions>
      <gpxtpx:TrackPointExtension>
       <gpxtpx:hr>147</gpxtpx:hr>
      </gpxtpx:TrackPointExtension>
     </extensions>
   </trkpt>
   <trkpt lat="-2.5809500" lon="-43.1047100">
    <ele>25.0</ele>
    <time>2026-06-17T14:21:32Z</time>
     <extensions>
      <gpxtpx:TrackPointExtension>
       <gpxtpx:hr>147</gpxtpx:hr>
      </gpxtpx:TrackPointExtension>
     </extensions>
   </trkpt>
   <trkpt lat="-2.5809690" lon="-43.1047570">
    <ele>24.8</ele>
    <time>2026-06-17T14:21:37Z</time>
     <extensions>
      <gpxtpx:TrackPointExtension>
       <gpxtpx:hr>148</gpxtpx:hr>
      </gpxtpx:TrackPointExtension>
     </extensions>
   </trkpt>
   <trkpt lat="-2.5809810" lon="-43.1048220">
    <ele>24.8</ele>
    <time>2026-06-17T14:21:42Z</time>
     <extensions>
      <gpxtpx:TrackPointExtension>
       <gpxtpx:hr>148</gpxtpx:hr>
      </gpxtpx:TrackPointExtension>
     </extensions>
   </trkpt>
   <trkpt lat="-2.5809950" lon="-43.1048780">
    <ele>24.8</ele>
    <time>2026-06-17T14:21:47Z</time>
     <extensions>
      <gpxtpx:TrackPointExtension>
       <gpxtpx:hr>149</gpxtpx:hr>
      </gpxtpx:TrackPointExtension>
     </extensions>
   </trkpt>
   <trkpt lat="-2.5809930" lon="-43.1049400">
    <ele>24.6</ele>
    <time>2026-06-17T14:21:52Z</time>
     <extensions>
      <gpxtpx:TrackPointExtension>
       <gpxtpx:hr>149</gpxtpx:hr>
      </gpxtpx:TrackPointExtension>
     </extensions>
   </trkpt>
   <trkpt lat="-2.5809780" lon="-43.1049930">
    <ele>24.6</ele>
    <time>2026-06-17T14:21:57Z</time>
     <extensions>
      <gpxtpx:TrackPointExtension>
       <gpxtpx:hr>148</gpxtpx:hr>
      </gpxtpx:TrackPointExtension>
     </extensions>
   </trkpt>
   <trkpt lat="-2.5809600" lon="-43.1050170">
    <ele>24.4</ele>
    <time>2026-06-17T14:22:02Z</time>
     <extensions>
      <gpxtpx:TrackPointExtension>
       <gpxtpx:hr>144</gpxtpx:hr>
      </gpxtpx:TrackPointExtension>
     </extensions>
   </trkpt>
   <trkpt lat="-2.5809240" lon="-43.1050690">
    <ele>24.2</ele>
    <time>2026-06-17T14:22:07Z</time>
     <extensions>
      <gpxtpx:TrackPointExtension>
       <gpxtpx:hr>144</gpxtpx:hr>
      </gpxtpx:TrackPointExtension>
     </extensions>
   </trkpt>
   <trkpt lat="-2.5808780" lon="-43.1051010">
    <ele>24.0</ele>
    <time>2026-06-17T14:22:12Z</time>
     <extensions>
      <gpxtpx:TrackPointExtension>
       <gpxtpx:hr>142</gpxtpx:hr>
      </gpxtpx:TrackPointExtension>
     </extensions>
   </trkpt>
   <trkpt lat="-2.5808240" lon="-43.1051340">
    <ele>24.0</ele>
    <time>2026-06-17T14:22:17Z</time>
     <extensions>
      <gpxtpx:TrackPointExtension>
       <gpxtpx:hr>142</gpxtpx:hr>
      </gpxtpx:TrackPointExtension>
     </extensions>
   </trkpt>
   <trkpt lat="-2.5807920" lon="-43.1051740">
    <ele>24.2</ele>
    <time>2026-06-17T14:22:22Z</time>
     <extensions>
      <gpxtpx:TrackPointExtension>
       <gpxtpx:hr>140</gpxtpx:hr>
      </gpxtpx:TrackPointExtension>
     </extensions>
   </trkpt>
   <trkpt lat="-2.5807740" lon="-43.1052170">
    <ele>24.2</ele>
    <time>2026-06-17T14:22:27Z</time>
     <extensions>
      <gpxtpx:TrackPointExtension>
       <gpxtpx:hr>137</gpxtpx:hr>
      </gpxtpx:TrackPointExtension>
     </extensions>
   </trkpt>
   <trkpt lat="-2.5807750" lon="-43.1052700">
    <ele>24.2</ele>
    <time>2026-06-17T14:22:32Z</time>
     <extensions>
      <gpxtpx:TrackPointExtension>
       <gpxtpx:hr>137</gpxtpx:hr>
      </gpxtpx:TrackPointExtension>
     </extensions>
   </trkpt>
   <trkpt lat="-2.5807730" lon="-43.1053120">
    <ele>24.2</ele>
    <time>2026-06-17T14:22:37Z</time>
     <extensions>
      <gpxtpx:TrackPointExtension>
       <gpxtpx:hr>133</gpxtpx:hr>
      </gpxtpx:TrackPointExtension>
     </extensions>
   </trkpt>
   <trkpt lat="-2.5807750" lon="-43.1053560">
    <ele>24.2</ele>
    <time>2026-06-17T14:22:42Z</time>
     <extensions>
      <gpxtpx:TrackPointExtension>
       <gpxtpx:hr>126</gpxtpx:hr>
      </gpxtpx:TrackPointExtension>
     </extensions>
   </trkpt>
   <trkpt lat="-2.5807670" lon="-43.1054070">
    <ele>24.4</ele>
    <time>2026-06-17T14:22:47Z</time>
     <extensions>
      <gpxtpx:TrackPointExtension>
       <gpxtpx:hr>127</gpxtpx:hr>
      </gpxtpx:TrackPointExtension>
     </extensions>
   </trkpt>
   <trkpt lat="-2.5807720" lon="-43.1054590">
    <ele>24.4</ele>
    <time>2026-06-17T14:22:52Z</time>
     <extensions>
      <gpxtpx:TrackPointExtension>
       <gpxtpx:hr>129</gpxtpx:hr>
      </gpxtpx:TrackPointExtension>
     </extensions>
   </trkpt>
   <trkpt lat="-2.5807900" lon="-43.1055150">
    <ele>24.6</ele>
    <time>2026-06-17T14:22:57Z</time>
     <extensions>
      <gpxtpx:TrackPointExtension>
       <gpxtpx:hr>125</gpxtpx:hr>
      </gpxtpx:TrackPointExtension>
     </extensions>
   </trkpt>
   <trkpt lat="-2.5808140" lon="-43.1055660">
    <ele>24.8</ele>
    <time>2026-06-17T14:23:02Z</time>
     <extensions>
      <gpxtpx:TrackPointExtension>
       <gpxtpx:hr>129</gpxtpx:hr>
      </gpxtpx:TrackPointExtension>
     </extensions>
   </trkpt>
   <trkpt lat="-2.5808290" lon="-43.1056060">
    <ele>24.8</ele>
    <time>2026-06-17T14:23:07Z</time>
     <extensions>
      <gpxtpx:TrackPointExtension>
       <gpxtpx:hr>132</gpxtpx:hr>
      </gpxtpx:TrackPointExtension>
     </extensions>
   </trkpt>
   <trkpt lat="-2.5808150" lon="-43.1056120">
    <ele>24.8</ele>
    <time>2026-06-17T14:23:12Z</time>
     <extensions>
      <gpxtpx:TrackPointExtension>
       <gpxtpx:hr>120</gpxtpx:hr>
      </gpxtpx:TrackPointExtension>
     </extensions>
   </trkpt>
   <trkpt lat="-2.5807900" lon="-43.1056400">
    <ele>24.8</ele>
    <time>2026-06-17T14:23:17Z</time>
     <extensions>
      <gpxtpx:TrackPointExtension>
       <gpxtpx:hr>122</gpxtpx:hr>
      </gpxtpx:TrackPointExtension>
     </extensions>
   </trkpt>
   <trkpt lat="-2.5807810" lon="-43.1056750">
    <ele>24.8</ele>
    <time>2026-06-17T14:23:22Z</time>
     <extensions>
      <gpxtpx:TrackPointExtension>
       <gpxtpx:hr>117</gpxtpx:hr>
      </gpxtpx:TrackPointExtension>
     </extensions>
   </trkpt>
   <trkpt lat="-2.5807770" lon="-43.1057220">
    <ele>24.8</ele>
    <time>2026-06-17T14:23:27Z</time>
     <extensions>
      <gpxtpx:TrackPointExtension>
       <gpxtpx:hr>124</gpxtpx:hr>
      </gpxtpx:TrackPointExtension>
     </extensions>
   </trkpt>
   <trkpt lat="-2.5807830" lon="-43.1057730">
    <ele>24.8</ele>
    <time>2026-06-17T14:23:32Z</time>
     <extensions>
      <gpxtpx:TrackPointExtension>
       <gpxtpx:hr>124</gpxtpx:hr>
      </gpxtpx:TrackPointExtension>
     </extensions>
   </trkpt>
   <trkpt lat="-2.5807780" lon="-43.1057930">
    <ele>24.8</ele>
    <time>2026-06-17T14:23:37Z</time>
     <extensions>
      <gpxtpx:TrackPointExtension>
       <gpxtpx:hr>128</gpxtpx:hr>
      </gpxtpx:TrackPointExtension>
     </extensions>
   </trkpt>
   <trkpt lat="-2.5807800" lon="-43.1058320">
    <ele>24.8</ele>
    <time>2026-06-17T14:23:42Z</time>
     <extensions>
      <gpxtpx:TrackPointExtension>
       <gpxtpx:hr>125</gpxtpx:hr>
      </gpxtpx:TrackPointExtension>
     </extensions>
   </trkpt>
   <trkpt lat="-2.5807910" lon="-43.1058840">
    <ele>24.8</ele>
    <time>2026-06-17T14:23:47Z</time>
     <extensions>
      <gpxtpx:TrackPointExtension>
       <gpxtpx:hr>133</gpxtpx:hr>
      </gpxtpx:TrackPointExtension>
     </extensions>
   </trkpt>
   <trkpt lat="-2.5807990" lon="-43.1059340">
    <ele>24.8</ele>
    <time>2026-06-17T14:23:52Z</time>
     <extensions>
      <gpxtpx:TrackPointExtension>
       <gpxtpx:hr>125</gpxtpx:hr>
      </gpxtpx:TrackPointExtension>
     </extensions>
   </trkpt>
   <trkpt lat="-2.5808360" lon="-43.1059830">
    <ele>24.8</ele>
    <time>2026-06-17T14:23:57Z</time>
     <extensions>
      <gpxtpx:TrackPointExtension>
       <gpxtpx:hr>130</gpxtpx:hr>
      </gpxtpx:TrackPointExtension>
     </extensions>
   </trkpt>
   <trkpt lat="-2.5808640" lon="-43.1060270">
    <ele>24.8</ele>
    <time>2026-06-17T14:24:02Z</time>
     <extensions>
      <gpxtpx:TrackPointExtension>
       <gpxtpx:hr>130</gpxtpx:hr>
      </gpxtpx:TrackPointExtension>
     </extensions>
   </trkpt>
   <trkpt lat="-2.5808970" lon="-43.1060670">
    <ele>24.8</ele>
    <time>2026-06-17T14:24:07Z</time>
     <extensions>
      <gpxtpx:TrackPointExtension>
       <gpxtpx:hr>122</gpxtpx:hr>
      </gpxtpx:TrackPointExtension>
     </extensions>
   </trkpt>
   <trkpt lat="-2.5809370" lon="-43.1061090">
    <ele>24.8</ele>
    <time>2026-06-17T14:24:12Z</time>
     <extensions>
      <gpxtpx:TrackPointExtension>
       <gpxtpx:hr>119</gpxtpx:hr>
      </gpxtpx:TrackPointExtension>
     </extensions>
   </trkpt>
   <trkpt lat="-2.5809690" lon="-43.1061560">
    <ele>25.0</ele>
    <time>2026-06-17T14:24:17Z</time>
     <extensions>
      <gpxtpx:TrackPointExtension>
       <gpxtpx:hr>122</gpxtpx:hr>
      </gpxtpx:TrackPointExtension>
     </extensions>
   </trkpt>
   <trkpt lat="-2.5809960" lon="-43.1062050">
    <ele>25.0</ele>
    <time>2026-06-17T14:24:22Z</time>
     <extensions>
      <gpxtpx:TrackPointExtension>
       <gpxtpx:hr>125</gpxtpx:hr>
      </gpxtpx:TrackPointExtension>
     </extensions>
   </trkpt>
   <trkpt lat="-2.5810120" lon="-43.1062520">
    <ele>25.0</ele>
    <time>2026-06-17T14:24:27Z</time>
     <extensions>
      <gpxtpx:TrackPointExtension>
       <gpxtpx:hr>127</gpxtpx:hr>
      </gpxtpx:TrackPointExtension>
     </extensions>
   </trkpt>
   <trkpt lat="-2.5810540" lon="-43.1062930">
    <ele>25.0</ele>
    <time>2026-06-17T14:24:32Z</time>
     <extensions>
      <gpxtpx:TrackPointExtension>
       <gpxtpx:hr>127</gpxtpx:hr>
      </gpxtpx:TrackPointExtension>
     </extensions>
   </trkpt>
   <trkpt lat="-2.5810980" lon="-43.1063390">
    <ele>25.2</ele>
    <time>2026-06-17T14:24:37Z</time>
     <extensions>
      <gpxtpx:TrackPointExtension>
       <gpxtpx:hr>128</gpxtpx:hr>
      </gpxtpx:TrackPointExtension>
     </extensions>
   </trkpt>
   <trkpt lat="-2.5811200" lon="-43.1064010">
    <ele>25.4</ele>
    <time>2026-06-17T14:24:42Z</time>
     <extensions>
      <gpxtpx:TrackPointExtension>
       <gpxtpx:hr>128</gpxtpx:hr>
      </gpxtpx:TrackPointExtension>
     </extensions>
   </trkpt>
   <trkpt lat="-2.5811360" lon="-43.1064640">
    <ele>25.4</ele>
    <time>2026-06-17T14:24:47Z</time>
     <extensions>
      <gpxtpx:TrackPointExtension>
       <gpxtpx:hr>130</gpxtpx:hr>
      </gpxtpx:TrackPointExtension>
     </extensions>
   </trkpt>
   <trkpt lat="-2.5811340" lon="-43.1064980">
    <ele>25.2</ele>
    <time>2026-06-17T14:24:52Z</time>
     <extensions>
      <gpxtpx:TrackPointExtension>
       <gpxtpx:hr>126</gpxtpx:hr>
      </gpxtpx:TrackPointExtension>
     </extensions>
   </trkpt>
   <trkpt lat="-2.5811360" lon="-43.1065060">
    <ele>24.8</ele>
    <time>2026-06-17T14:24:57Z</time>
     <extensions>
      <gpxtpx:TrackPointExtension>
       <gpxtpx:hr>126</gpxtpx:hr>
      </gpxtpx:TrackPointExtension>
     </extensions>
   </trkpt>
   <trkpt lat="-2.5811450" lon="-43.1065560">
    <ele>24.6</ele>
    <time>2026-06-17T14:25:02Z</time>
     <extensions>
      <gpxtpx:TrackPointExtension>
       <gpxtpx:hr>128</gpxtpx:hr>
      </gpxtpx:TrackPointExtension>
     </extensions>
   </trkpt>
   <trkpt lat="-2.5811500" lon="-43.1066060">
    <ele>24.6</ele>
    <time>2026-06-17T14:25:07Z</time>
     <extensions>
      <gpxtpx:TrackPointExtension>
       <gpxtpx:hr>120</gpxtpx:hr>
      </gpxtpx:TrackPointExtension>
     </extensions>
   </trkpt>
   <trkpt lat="-2.5811520" lon="-43.1066570">
    <ele>24.6</ele>
    <time>2026-06-17T14:25:12Z</time>
     <extensions>
      <gpxtpx:TrackPointExtension>
       <gpxtpx:hr>123</gpxtpx:hr>
      </gpxtpx:TrackPointExtension>
     </extensions>
   </trkpt>
   <trkpt lat="-2.5811510" lon="-43.1067180">
    <ele>24.8</ele>
    <time>2026-06-17T14:25:17Z</time>
     <extensions>
      <gpxtpx:TrackPointExtension>
       <gpxtpx:hr>123</gpxtpx:hr>
      </gpxtpx:TrackPointExtension>
     </extensions>
   </trkpt>
   <trkpt lat="-2.5811550" lon="-43.1067710">
    <ele>25.0</ele>
    <time>2026-06-17T14:25:22Z</time>
     <extensions>
      <gpxtpx:TrackPointExtension>
       <gpxtpx:hr>125</gpxtpx:hr>
      </gpxtpx:TrackPointExtension>
     </extensions>
   </trkpt>
   <trkpt lat="-2.5811580" lon="-43.1068210">
    <ele>25.2</ele>
    <time>2026-06-17T14:25:27Z</time>
     <extensions>
      <gpxtpx:TrackPointExtension>
       <gpxtpx:hr>125</gpxtpx:hr>
      </gpxtpx:TrackPointExtension>
     </extensions>
   </trkpt>
   <trkpt lat="-2.5811510" lon="-43.1068740">
    <ele>25.4</ele>
    <time>2026-06-17T14:25:32Z</time>
     <extensions>
      <gpxtpx:TrackPointExtension>
       <gpxtpx:hr>124</gpxtpx:hr>
      </gpxtpx:TrackPointExtension>
     </extensions>
   </trkpt>
   <trkpt lat="-2.5811430" lon="-43.1069180">
    <ele>25.4</ele>
    <time>2026-06-17T14:25:37Z</time>
     <extensions>
      <gpxtpx:TrackPointExtension>
       <gpxtpx:hr>124</gpxtpx:hr>
      </gpxtpx:TrackPointExtension>
     </extensions>
   </trkpt>
   <trkpt lat="-2.5811240" lon="-43.1069560">
    <ele>25.6</ele>
    <time>2026-06-17T14:25:42Z</time>
     <extensions>
      <gpxtpx:TrackPointExtension>
       <gpxtpx:hr>128</gpxtpx:hr>
      </gpxtpx:TrackPointExtension>
     </extensions>
   </trkpt>
   <trkpt lat="-2.5810890" lon="-43.1069970">
    <ele>25.6</ele>
    <time>2026-06-17T14:25:47Z</time>
     <extensions>
      <gpxtpx:TrackPointExtension>
       <gpxtpx:hr>131</gpxtpx:hr>
      </gpxtpx:TrackPointExtension>
     </extensions>
   </trkpt>
   <trkpt lat="-2.5810560" lon="-43.1070300">
    <ele>25.6</ele>
    <time>2026-06-17T14:25:52Z</time>
     <extensions>
      <gpxtpx:TrackPointExtension>
       <gpxtpx:hr>133</gpxtpx:hr>
      </gpxtpx:TrackPointExtension>
     </extensions>
   </trkpt>
   <trkpt lat="-2.5810250" lon="-43.1070710">
    <ele>25.6</ele>
    <time>2026-06-17T14:25:57Z</time>
     <extensions>
      <gpxtpx:TrackPointExtension>
       <gpxtpx:hr>137</gpxtpx:hr>
      </gpxtpx:TrackPointExtension>
     </extensions>
   </trkpt>
   <trkpt lat="-2.5810060" lon="-43.1071300">
    <ele>25.4</ele>
    <time>2026-06-17T14:26:02Z</time>
     <extensions>
      <gpxtpx:TrackPointExtension>
       <gpxtpx:hr>139</gpxtpx:hr>
      </gpxtpx:TrackPointExtension>
     </extensions>
   </trkpt>
   <trkpt lat="-2.5809830" lon="-43.1071630">
    <ele>25.4</ele>
    <time>2026-06-17T14:26:07Z</time>
     <extensions>
      <gpxtpx:TrackPointExtension>
       <gpxtpx:hr>150</gpxtpx:hr>
      </gpxtpx:TrackPointExtension>
     </extensions>
   </trkpt>
   <trkpt lat="-2.5809690" lon="-43.1072000">
    <ele>25.4</ele>
    <time>2026-06-17T14:26:12Z</time>
     <extensions>
      <gpxtpx:TrackPointExtension>
       <gpxtpx:hr>154</gpxtpx:hr>
      </gpxtpx:TrackPointExtension>
     </extensions>
   </trkpt>
   <trkpt lat="-2.5809640" lon="-43.1072250">
    <ele>25.6</ele>
    <time>2026-06-17T14:26:17Z</time>
     <extensions>
      <gpxtpx:TrackPointExtension>
       <gpxtpx:hr>154</gpxtpx:hr>
      </gpxtpx:TrackPointExtension>
     </extensions>
   </trkpt>
   <trkpt lat="-2.5809550" lon="-43.1072390">
    <ele>25.8</ele>
    <time>2026-06-17T14:26:22Z</time>
     <extensions>
      <gpxtpx:TrackPointExtension>
       <gpxtpx:hr>159</gpxtpx:hr>
      </gpxtpx:TrackPointExtension>
     </extensions>
   </trkpt>
   <trkpt lat="-2.5809470" lon="-43.1072460">
    <ele>25.8</ele>
    <time>2026-06-17T14:26:27Z</time>
     <extensions>
      <gpxtpx:TrackPointExtension>
       <gpxtpx:hr>162</gpxtpx:hr>
      </gpxtpx:TrackPointExtension>
     </extensions>
   </trkpt>
   <trkpt lat="-2.5809490" lon="-43.1072430">
    <ele>26.0</ele>
    <time>2026-06-17T14:26:32Z</time>
     <extensions>
      <gpxtpx:TrackPointExtension>
       <gpxtpx:hr>162</gpxtpx:hr>
      </gpxtpx:TrackPointExtension>
     </extensions>
   </trkpt>
   <trkpt lat="-2.5809420" lon="-43.1072380">
    <ele>26.0</ele>
    <time>2026-06-17T14:26:37Z</time>
     <extensions>
      <gpxtpx:TrackPointExtension>
       <gpxtpx:hr>163</gpxtpx:hr>
      </gpxtpx:TrackPointExtension>
     </extensions>
   </trkpt>
   <trkpt lat="-2.5809050" lon="-43.1072310">
    <ele>26.4</ele>
    <time>2026-06-17T14:26:42Z</time>
     <extensions>
      <gpxtpx:TrackPointExtension>
       <gpxtpx:hr>158</gpxtpx:hr>
      </gpxtpx:TrackPointExtension>
     </extensions>
   </trkpt>
   <trkpt lat="-2.5808430" lon="-43.1072110">
    <ele>26.6</ele>
    <time>2026-06-17T14:26:47Z</time>
     <extensions>
      <gpxtpx:TrackPointExtension>
       <gpxtpx:hr>156</gpxtpx:hr>
      </gpxtpx:TrackPointExtension>
     </extensions>
   </trkpt>
   <trkpt lat="-2.5808020" lon="-43.1071900">
    <ele>26.8</ele>
    <time>2026-06-17T14:26:52Z</time>
     <extensions>
      <gpxtpx:TrackPointExtension>
       <gpxtpx:hr>156</gpxtpx:hr>
      </gpxtpx:TrackPointExtension>
     </extensions>
   </trkpt>
   <trkpt lat="-2.5807490" lon="-43.1071690">
    <ele>27.2</ele>
    <time>2026-06-17T14:26:57Z</time>
     <extensions>
      <gpxtpx:TrackPointExtension>
       <gpxtpx:hr>139</gpxtpx:hr>
      </gpxtpx:TrackPointExtension>
     </extensions>
   </trkpt>
   <trkpt lat="-2.5806960" lon="-43.1071440">
    <ele>27.4</ele>
    <time>2026-06-17T14:27:02Z</time>
     <extensions>
      <gpxtpx:TrackPointExtension>
       <gpxtpx:hr>139</gpxtpx:hr>
      </gpxtpx:TrackPointExtension>
     </extensions>
   </trkpt>
   <trkpt lat="-2.5806500" lon="-43.1071150">
    <ele>27.6</ele>
    <time>2026-06-17T14:27:07Z</time>
     <extensions>
      <gpxtpx:TrackPointExtension>
       <gpxtpx:hr>141</gpxtpx:hr>
      </gpxtpx:TrackPointExtension>
     </extensions>
   </trkpt>
   <trkpt lat="-2.5806130" lon="-43.1070980">
    <ele>27.8</ele>
    <time>2026-06-17T14:27:12Z</time>
     <extensions>
      <gpxtpx:TrackPointExtension>
       <gpxtpx:hr>143</gpxtpx:hr>
      </gpxtpx:TrackPointExtension>
     </extensions>
   </trkpt>
   <trkpt lat="-2.5805790" lon="-43.1070760">
    <ele>27.8</ele>
    <time>2026-06-17T14:27:17Z</time>
     <extensions>
      <gpxtpx:TrackPointExtension>
       <gpxtpx:hr>143</gpxtpx:hr>
      </gpxtpx:TrackPointExtension>
     </extensions>
   </trkpt>
   <trkpt lat="-2.5805680" lon="-43.1070760">
    <ele>27.8</ele>
    <time>2026-06-17T14:27:22Z</time>
     <extensions>
      <gpxtpx:TrackPointExtension>
       <gpxtpx:hr>143</gpxtpx:hr>
      </gpxtpx:TrackPointExtension>
     </extensions>
   </trkpt>
   <trkpt lat="-2.5805640" lon="-43.1070860">
    <ele>27.8</ele>
    <time>2026-06-17T14:27:27Z</time>
     <extensions>
      <gpxtpx:TrackPointExtension>
       <gpxtpx:hr>148</gpxtpx:hr>
      </gpxtpx:TrackPointExtension>
     </extensions>
   </trkpt>
   <trkpt lat="-2.5805580" lon="-43.1070890">
    <ele>27.8</ele>
    <time>2026-06-17T14:27:32Z</time>
     <extensions>
      <gpxtpx:TrackPointExtension>
       <gpxtpx:hr>147</gpxtpx:hr>
      </gpxtpx:TrackPointExtension>
     </extensions>
   </trkpt>
   <trkpt lat="-2.5805490" lon="-43.1070920">
    <ele>27.8</ele>
    <time>2026-06-17T14:27:37Z</time>
     <extensions>
      <gpxtpx:TrackPointExtension>
       <gpxtpx:hr>143</gpxtpx:hr>
      </gpxtpx:TrackPointExtension>
     </extensions>
   </trkpt>
   <trkpt lat="-2.5805440" lon="-43.1070930">
    <ele>28.0</ele>
    <time>2026-06-17T14:27:42Z</time>
     <extensions>
      <gpxtpx:TrackPointExtension>
       <gpxtpx:hr>143</gpxtpx:hr>
      </gpxtpx:TrackPointExtension>
     </extensions>
   </trkpt>
   <trkpt lat="-2.5805510" lon="-43.1070860">
    <ele>28.2</ele>
    <time>2026-06-17T14:27:47Z</time>
     <extensions>
      <gpxtpx:TrackPointExtension>
       <gpxtpx:hr>154</gpxtpx:hr>
      </gpxtpx:TrackPointExtension>
     </extensions>
   </trkpt>
   <trkpt lat="-2.5805600" lon="-43.1070860">
    <ele>28.2</ele>
    <time>2026-06-17T14:27:52Z</time>
     <extensions>
      <gpxtpx:TrackPointExtension>
       <gpxtpx:hr>152</gpxtpx:hr>
      </gpxtpx:TrackPointExtension>
     </extensions>
   </trkpt>
   <trkpt lat="-2.5805640" lon="-43.1070940">
    <ele>28.4</ele>
    <time>2026-06-17T14:27:57Z</time>
     <extensions>
      <gpxtpx:TrackPointExtension>
       <gpxtpx:hr>150</gpxtpx:hr>
      </gpxtpx:TrackPointExtension>
     </extensions>
   </trkpt>
   <trkpt lat="-2.5805660" lon="-43.1071040">
    <ele>28.6</ele>
    <time>2026-06-17T14:28:02Z</time>
     <extensions>
      <gpxtpx:TrackPointExtension>
       <gpxtpx:hr>144</gpxtpx:hr>
      </gpxtpx:TrackPointExtension>
     </extensions>
   </trkpt>
   <trkpt lat="-2.5805720" lon="-43.1071130">
    <ele>28.6</ele>
    <time>2026-06-17T14:28:07Z</time>
     <extensions>
      <gpxtpx:TrackPointExtension>
       <gpxtpx:hr>139</gpxtpx:hr>
      </gpxtpx:TrackPointExtension>
     </extensions>
   </trkpt>
   <trkpt lat="-2.5805730" lon="-43.1071140">
    <ele>28.6</ele>
    <time>2026-06-17T14:28:12Z</time>
     <extensions>
      <gpxtpx:TrackPointExtension>
       <gpxtpx:hr>139</gpxtpx:hr>
      </gpxtpx:TrackPointExtension>
     </extensions>
   </trkpt>
   <trkpt lat="-2.5805650" lon="-43.1071130">
    <ele>28.6</ele>
    <time>2026-06-17T14:28:17Z</time>
     <extensions>
      <gpxtpx:TrackPointExtension>
       <gpxtpx:hr>136</gpxtpx:hr>
      </gpxtpx:TrackPointExtension>
     </extensions>
   </trkpt>
   <trkpt lat="-2.5805570" lon="-43.1071160">
    <ele>27.8</ele>
    <time>2026-06-17T14:28:22Z</time>
     <extensions>
      <gpxtpx:TrackPointExtension>
       <gpxtpx:hr>133</gpxtpx:hr>
      </gpxtpx:TrackPointExtension>
     </extensions>
   </trkpt>
   <trkpt lat="-2.5805610" lon="-43.1071150">
    <ele>25.2</ele>
    <time>2026-06-17T14:28:27Z</time>
     <extensions>
      <gpxtpx:TrackPointExtension>
       <gpxtpx:hr>133</gpxtpx:hr>
      </gpxtpx:TrackPointExtension>
     </extensions>
   </trkpt>
  </trkseg>
 </trk>
</gpx>
